# source: pilot_structured_rules/Carrier_Rules_Pilot_6_Carriers_v3.xlsx (sheet Rules), exported as Carrier_Rules_Pilot_6_Carriers_v3_rules.csv; version 3 (adds the round 24 flags: PRO-018, SWY-018 INFO_ONLY; PRO-038 a CONDITION on replaced plumbing; ALL-067 IGNORE_INSPECTION); copied into the repo 2026-10-04; the .xlsx stays untracked. Edits to the rows are made in the workbook, never here.
Rule ID,Carrier,Topic,State,Effect,Plain rule,Check type,Value,Unit,Applies when,Exceptions / cure,Verbatim quote from guide,PDF page,Quote in PDF text,Confidence,Review note,Source file,Tool handling,Also topic,Quote in app stored text,Quote check note
ALL-001,Allied Trust HO3,OCCUPANCY,RULE,DECLINES,Primary residences must be owner-occupied at least 9 months per year.,MIN,9,months per year,Primary residence,,Primary Residences must be owner-occupied at least nine months per year.,13.0,PASS,HIGH,,Allied_Trust_HO3.pdf,EVALUATE,,PASS,
ALL-002,Allied Trust HO3,OCCUPANCY,RULE,CONDITION,Secondary/seasonal residences must be occupied at least 3 months per year with no rental exposure to be acceptable.,MIN,3,months per year,Secondary/seasonal residence,"Water damage is limited to $10,000 combined (see separate row); any rental exposure must go to the Dwelling Property program.",Secondary/Seasonal Residences occupied on an inconsistent or non-continuous basis for a total of at least 3 months per year with no rental exposure are acceptable.,13.0,PASS,HIGH,,Allied_Trust_HO3.pdf,EVALUATE,,PASS,
ALL-003,Allied Trust HO3,OCCUPANCY,RULE,COVERAGE_ONLY,"Water damage on secondary/seasonal residences is limited to $10,000 for Coverages A, B, C and D combined.",MAX,10000,USD,Secondary/seasonal residence,,"Water damage is limited to $10,000 for Coverage ADwelling",13.0,PASS,HIGH,,Allied_Trust_HO3.pdf,NOT_ELIGIBILITY,,PASS,
ALL-004,Allied Trust HO3,OCCUPANCY,RULE,DECLINES,Applicants must occupy the home as a primary or secondary/seasonal residence.,YES_NO,,,,,Must occupy the home as either a primary or secondary/seasonal residence.,7.0,PASS,HIGH,,Allied_Trust_HO3.pdf,EVALUATE,,PASS,
ALL-005,Allied Trust HO3,OCCUPANCY,RULE,DECLINES,Homes not occupied by the named insured are ineligible.,YES_NO,,,,,Homes not occupied by the named insured.,14.0,PASS,HIGH,,Allied_Trust_HO3.pdf,EVALUATE,,PASS,
ALL-006,Allied Trust HO3,OCCUPANCY,RULE,DECLINES,"Vacant homes (lacking amenities, furnishings or utilities to permit occupancy) are ineligible.",YES_NO,,,,,"Vacant – home lacks the necessary amenities, adequate furnishings or utilities and services to permit occupancy of the home as a residence.",14.0,PASS,HIGH,,Allied_Trust_HO3.pdf,EVALUATE,,PASS,
ALL-007,Allied Trust HO3,OCCUPANCY,RULE,DECLINES,Unoccupied homes are ineligible; secondary/seasonal homes are not considered unoccupied.,YES_NO,,,,Secondary/seasonal homes are not considered unoccupied.,Unoccupied – home is not being inhabited as a residence; secondary/seasonal homes are not considered unoccupied.,14.0,PASS,HIGH,,Allied_Trust_HO3.pdf,EVALUATE,,PASS,
ALL-008,Allied Trust HO3,OCCUPANCY,RULE,DECLINES,Leased or rent-to-own homes are ineligible.,YES_NO,,,,,Leased or rent to own homes are ineligible.,6.0,PASS,HIGH,,Allied_Trust_HO3.pdf,EVALUATE,,PASS,
ALL-009,Allied Trust HO3,OCCUPANCY,RULE,DECLINES,Rental exposure of any kind is ineligible except one rented Other Structure.,YES_NO,,,,One Other Structure Rented is permitted.,Rental exposure of any kind except for one Other Structure Rented.,14.0,PASS,HIGH,,Allied_Trust_HO3.pdf,EVALUATE,,PASS,
ALL-010,Allied Trust HO3,OCCUPANCY,RULE,DECLINES,Secondary/seasonal residences with any rental exposure are ineligible.,YES_NO,,,Secondary/seasonal residence,Such risks must be written in the company's Dwelling Property program.,Secondary/Seasonal residences with any rental exposure,14.0,PASS,HIGH,,Allied_Trust_HO3.pdf,EVALUATE,,PASS,
ALL-011,Allied Trust HO3,OCCUPANCY,RULE,CONDITION,A rented Other Structure requires the main dwelling to be owner-occupied as a primary residence.,YES_NO,,,Other Structure Rented,,Main dwelling must be occupied by owner as a primary residence,13.0,PASS,HIGH,,Allied_Trust_HO3.pdf,EVALUATE,,PASS,
ALL-012,Allied Trust HO3,OCCUPANCY,RULE,CONDITION,"Only one Other Structure may be rented, and it must be on the residence premises.",MAX,1,rented Other Structure,Other Structure Rented,,Only one rented Other Structure permitted,13.0,PASS,HIGH,,Allied_Trust_HO3.pdf,EVALUATE,,PASS,
ALL-013,Allied Trust HO3,OCCUPANCY,RULE,DECLINES,Risks used primarily for non-habitational purposes are ineligible.,YES_NO,,,,,Risks used primarily for non-habitational purposes.,14.0,PASS,HIGH,,Allied_Trust_HO3.pdf,EVALUATE,,PASS,
ALL-014,Allied Trust HO3,OWNERSHIP,RULE,DECLINES,Applicant must hold title to the property.,YES_NO,,,,,Must hold title to the property.,7.0,PASS,HIGH,,Allied_Trust_HO3.pdf,EVALUATE,,PASS,
ALL-015,Allied Trust HO3,OWNERSHIP,RULE,CONDITION,Trust-owned homes are eligible only if the grantor(s) still reside in the dwelling and are the named insured(s).,YES_NO,,,Property owned in the name of a trust,The Trust may not be a named or additional insured; mandatory Trust Endorsement HO 06 12 applies.,Properties owned in the name of a trust are eligible if the grantor(s) are still residing in the dwelling.,7.0,PASS,HIGH,,Allied_Trust_HO3.pdf,EVALUATE,,PASS,
ALL-016,Allied Trust HO3,OWNERSHIP,RULE,REFERS_TO_UW,Homes held in a trust must be submitted for approval with trust documents.,YES_NO,,,Residence held in trust,,Residence Held in Trust Submit for Approval with Trust documents,3.0,PASS,HIGH,"Quick-overview table says submit for approval; section 8 says trust homes are eligible if grantor resides. Read together, not conflicting.",Allied_Trust_HO3.pdf,EVALUATE,,PASS,
ALL-017,Allied Trust HO3,OWNERSHIP,RULE,DECLINES,"Homes owned by a business, corporation, LLC, partnership, estate or land trust are ineligible.",DISALLOWED_LIST,Business; Corporation; LLC; Partnership; Estate; Land trust,,,,"Properties owned by a business, corporation, LLC, partnership, estates or land trusts etc., are NOT eligible for coverage.",7.0,PASS,HIGH,,Allied_Trust_HO3.pdf,EVALUATE,,PASS,
ALL-018,Allied Trust HO3,OWNERSHIP,RULE,DECLINES,"A business, corporation, LLC, partnership, estate or land trust may not be a named or additional insured.",YES_NO,,,,,may NOT be listed as a named insured or an additional insured.,7.0,PASS,HIGH,,Allied_Trust_HO3.pdf,EVALUATE,,PASS,
ALL-019,Allied Trust HO3,DWELLING_TYPE,RULE,CONDITION,Only well-maintained single-family dwellings or single townhouse units may be bound.,ALLOWED_LIST,Single-family dwelling; Single townhouse unit,,,,Coverage may be bound for well-maintained single-family dwellings or single townhouse units.,6.0,PASS,HIGH,,Allied_Trust_HO3.pdf,EVALUATE,,PASS,
ALL-020,Allied Trust HO3,DWELLING_TYPE,RULE,DECLINES,Multi-family structures and any building other than a single-family dwelling or single townhouse unit are ineligible.,YES_NO,,,,,"Multi-family structures, any building other than a single-family dwelling or single townhouse unit are not eligible.",15.0,PASS,HIGH,,Allied_Trust_HO3.pdf,EVALUATE,,PASS,
ALL-021,Allied Trust HO3,DWELLING_TYPE,RULE,DECLINES,"Mobile, manufactured, chassis-built, modular, kit and prefabricated homes are ineligible.",DISALLOWED_LIST,Mobile homes; Manufactured homes; Homes built on a chassis; Modular homes; Kit homes; Prefabricated homes,,,,"Mobile Homes, any type of manufactured home, homes built on a chassis, modular homes, Kit homes, prefabricated homes,",15.0,PASS,HIGH,,Allied_Trust_HO3.pdf,EVALUATE,,PASS,
ALL-022,Allied Trust HO3,DWELLING_TYPE,RULE,DECLINES,Boat houses and floating homes are ineligible.,DISALLOWED_LIST,Boat houses; Floating homes,,,,"boat houses or floating homes, or homes of unique construction.",15.0,PASS,HIGH,,Allied_Trust_HO3.pdf,EVALUATE,,PASS,
ALL-023,Allied Trust HO3,DWELLING_TYPE,RULE,DECLINES,"Homes originally designed for non-habitational purposes (converted commercial buildings, warehouses, barns, hotels, motels) are ineligible.",YES_NO,,,,,"Homes originally designed for non-habitational purposes, including but not limited to converted commercial buildings, warehouses, barns, hotels, motels, etc.",15.0,PASS,HIGH,,Allied_Trust_HO3.pdf,EVALUATE,,PASS,
ALL-024,Allied Trust HO3,DWELLING_TYPE,RULE,DECLINES,Homes with more than 3 stories of living area are ineligible.,MAX,3,stories,,,Homes may not have more than 3 stories of living area.,15.0,PASS,HIGH,,Allied_Trust_HO3.pdf,EVALUATE,,PASS,
ALL-025,Allied Trust HO3,DWELLING_TYPE,RULE,DECLINES,"Dwellings under 1,000 sq ft are ineligible.",MIN,1000,sq ft,,Underwriting may approve.,"Dwellings less than 1000 sq. feet, unless approved by underwriting.",15.0,PASS,HIGH,,Allied_Trust_HO3.pdf,EVALUATE,,PASS,
ALL-026,Allied Trust HO3,DWELLING_TYPE,RULE,CONDITION,"Townhouse units must be separated by parapet walls or masonry firewalls rated at least 2 hours, extending from the base floor to the roof sheathing.",MIN,2,hour fire rating,Townhouse/rowhouse,Wall must extend through the attic to the roof sheathing; firewalls must exist between each unit.,Acceptable units must have a minimum of 2-hour occupancy suppression wall (firewall) which extends from the base floor to the roof sheathing.,18.0,PASS,HIGH,,Allied_Trust_HO3.pdf,EVALUATE,,PASS,
ALL-027,Allied Trust HO3,HOME_AGE,RULE,INFO_ONLY,Homes of all ages are accepted subject to the age-based requirements in section 12.,TEXT,,,,,Age of Home All ages with requirements,3.0,PASS,HIGH,,Allied_Trust_HO3.pdf,NOT_ELIGIBILITY,,PASS,
ALL-028,Allied Trust HO3,HOME_AGE,RULE,DECLINES,"Homes 40-75 years old whose electrical, heating/AC and plumbing systems have not been updated to the listed requirements are ineligible.",TEXT,,,Homes 40-75 years old,Older systems may be acceptable with a service inspection showing good condition and 5+ years of life expectancy (heating/AC and plumbing).,Homes that have not had these systems updated to meet the following requirements are not eligible:,9.0,PASS,HIGH,,Allied_Trust_HO3.pdf,EVALUATE_CURE_IS_INSPECTION,,PASS,
ALL-029,Allied Trust HO3,HOME_AGE,RULE,CONDITION,Homes 76 years and older must be completely renovated and meet all listed update requirements and are subject to Functional Replacement Cost.,MIN,76,years,Homes 76 years and older,,"Subject to Functional Replacement Cost, must be completely renovated and must meet all the requirements listed below.",10.0,PASS,HIGH,,Allied_Trust_HO3.pdf,EVALUATE,,PASS,
ALL-030,Allied Trust HO3,HOME_AGE,RULE,REFERS_TO_UW,"Homes 76 years and older require proof of updates (4-point inspection and/or receipts, photos of each side and each room) submitted to underwriting before binding.",TEXT,,,Homes 76 years and older,,Proof of the following updates should be submitted to underwriting prior to binding coverage.,10.0,PASS,HIGH,,Allied_Trust_HO3.pdf,IGNORE_INSPECTION,,PASS,
ALL-031,Allied Trust HO3,HOME_AGE,RULE,CONDITION,Updates/replacements on homes 76 years and older should be less than 20 years old unless stated otherwise.,MAX,20,years,Homes 76 years and older,,All updates/replacements should be less than 20 years unless stated otherwise.,10.0,PASS,MEDIUM,"Wording is 'should', not 'must'; underwriting evaluates the whole risk history.",Allied_Trust_HO3.pdf,EVALUATE,,PASS,
ALL-032,Allied Trust HO3,HOME_AGE,RULE,COVERAGE_ONLY,Functional Replacement Cost (HO 32 50) applies to Coverage A if the home is 76 years or older.,MIN,76,years,Homes 76 years or older,,*Functional Replacement Cost applies if the home is 76 years or older - HO 32 50,6.0,PASS,HIGH,,Allied_Trust_HO3.pdf,NOT_ELIGIBILITY,,PASS,
ALL-033,Allied Trust HO3,HOME_AGE,RULE,COVERAGE_ONLY,Homes 76 years and older get Limited Water Damage Coverage unless completely re-plumbed above the slab within the last 20 years.,MAX,20,years since re-plumb,Homes 76 years and older,Complete re-plumb above the slab within 20 years removes the limitation.,Homes 76 years and older are subject to Limited Water Damage Coverage unless they have been completely re-plumbed above the slab within the last 20 years,10.0,PASS,HIGH,,Allied_Trust_HO3.pdf,NOT_ELIGIBILITY,,PASS,
ALL-034,Allied Trust HO3,ROOF_ELIG,RULE,DECLINES,Roofs with less than 5 years of useful life expectancy are ineligible.,MIN,5,years,,,Roofs with less than 5 years of useful life expectancy.,16.0,PASS,HIGH,,Allied_Trust_HO3.pdf,EVALUATE,,PASS,
ALL-035,Allied Trust HO3,ROOF_ELIG,RULE,DECLINES,Roofing must be in good condition and acceptable to underwriting at inspection.,YES_NO,,,,,Roofing must be in good condition and deemed acceptable by Underwriting at the time of inspection.,16.0,PASS,HIGH,,Allied_Trust_HO3.pdf,CONDITION_STANDARD,,PASS,
ALL-036,Allied Trust HO3,ROOF_ELIG,RULE,DECLINES,"Roofs with more than one overlay of roof surfacing, or any overlay over wood shingles or shakes, are ineligible.",MAX,1,overlay,,,Roofs with more than one overlay of roof surfacing material or any overlay over wood shingles or shakes.,16.0,PASS,HIGH,,Allied_Trust_HO3.pdf,EVALUATE,,PASS,
ALL-037,Allied Trust HO3,ROOF_ELIG,RULE,DECLINES,"T-lock shingles, slate, corrugated metal, copper, tin, rubber membrane, rolled tar paper, built-up tar and gravel and wood shingle or shake roofs are ineligible.",DISALLOWED_LIST,T-lock shingles; Slate; Corrugated metal; Copper; Tin; Rubber membrane; Rolled tar paper; Built up tar and gravel; Wood shingles or shakes,,,,"T-lock shingles, slate, corrugated metal, copper, tin, rubber membrane, rolled tar paper, built up tar and gravel, solar roof system and roofs with any type of wood shingles or shakes",16.0,PASS,HIGH,,Allied_Trust_HO3.pdf,EVALUATE,,PASS,
ALL-038,Allied Trust HO3,ROOF_ELIG,RULE,DECLINES,"Flat roofs are ineligible unless made of poured, reinforced concrete.",ALLOWED_LIST,Poured reinforced concrete,,Flat roofs,,"Flat roofs are NOT eligible unless they are made of poured, reinforced concrete",16.0,PASS,HIGH,,Allied_Trust_HO3.pdf,EVALUATE,,PASS,
ALL-039,Allied Trust HO3,ROOF_ELIG,RULE,DECLINES,"Roofs without properly installed, solid roof decking are ineligible.",YES_NO,,,,,"Roofs without properly installed, solid roof decking",16.0,PASS,HIGH,,Allied_Trust_HO3.pdf,EVALUATE,,PASS,
ALL-040,Allied Trust HO3,ROOF_ELIG,RULE,DECLINES,Green or living roofs are ineligible.,YES_NO,,,,,Green or living roofs,16.0,PASS,HIGH,,Allied_Trust_HO3.pdf,EVALUATE,,PASS,
ALL-041,Allied Trust HO3,ROOF_ELIG,RULE,DECLINES,"Roofs with missing, loose, damaged, lifting or curling shingles or tiles, granular loss, or damaged fascia/soffits are ineligible.",YES_NO,,,,,"Roofs with missing shingles or tiles, shingles or tiles exhibiting granular loss or which are loose, damaged, lifting, curling, to include fascia and soffits, or deemed by underwriting to be in poor condition are NOT eligible.",16.0,PASS,HIGH,,Allied_Trust_HO3.pdf,EVALUATE,,PASS,
ALL-042,Allied Trust HO3,ROOF_ELIG,RULE,DECLINES,Unique or uncommon roof materials or coverings (including slate and solar panel tiles) are ineligible.,YES_NO,,,,,"Solar panel tiles, slate, unique/uncommon roof material and/or covering.",16.0,PASS,HIGH,,Allied_Trust_HO3.pdf,EVALUATE,,PASS,
ALL-043,Allied Trust HO3,ROOF_ELIG,UNCLEAR,INFO_ONLY,Composite/architectural shingle roofs should be replaced before reaching 21 years and are subject to inspection to decide on renewal.,TEXT,,,Composite or architectural shingle roofs,,All Composite or Architectural Shingle roofs should be completely replaced before the roof becomes 21 years old based on national statistics,16.0,PASS,LOW,Soft 'should' language with a 21-year reference; no explicit decline or hard age cutoff is stated. Consequence is an inspection at renewal.,Allied_Trust_HO3.pdf,NOT_ELIGIBILITY,,PASS,
ALL-044,Allied Trust HO3,ROOF_ELIG,UNCLEAR,INFO_ONLY,Tile or metal roofs over 25 years old should be replaced and are subject to inspection to decide on renewal.,TEXT,,,Tile or metal roofs,,Tile or metal roofs over 25 years old should be completely replaced based on national statistics,16.0,PASS,LOW,Soft 'should' language with a 25-year reference; no hard age cutoff is stated.,Allied_Trust_HO3.pdf,NOT_ELIGIBILITY,,PASS,
ALL-045,Allied Trust HO3,ROOF_SETTLEMENT,RULE,COVERAGE_ONLY,Composite or architectural shingle roofs should have 3/4 of life expectancy remaining at new business to qualify for replacement cost coverage.,MIN,75,% of life expectancy remaining,"Composite or architectural shingle roofs, new business",,Composite or Architectural Shingle Roofs should have ¾ of its life expectancy at the time of new business to qualify for replacement cost coverage.,16.0,PASS,HIGH,,Allied_Trust_HO3.pdf,NOT_ELIGIBILITY,,PASS,
ALL-046,Allied Trust HO3,ROOF_SETTLEMENT,RULE,CONDITION,"Composite or architectural shingle roofs may require the Limited Loss Settlement for Windstorm or Hail Losses to Roof Surfacing endorsement to be eligible, based on condition, location or roof year.",YES_NO,,,Composite or architectural shingle roofs,,Composite or Architectural Shingle Roofs are subject to require a Limited Loss Settlement for Windstorm or Hail Losses to Roofing Surfacing endorsement to be eligible for New and Renewal Business,16.0,PASS,MEDIUM,'Subject to require' is permissive; no age/location trigger is given. The endorsement limits loss settlement.,Allied_Trust_HO3.pdf,EVALUATE,,PASS,
ALL-047,Allied Trust HO3,ROOF_SETTLEMENT,RULE,COVERAGE_ONLY,Tile and metal roofs should be 20 years old or newer at new business to qualify for replacement cost coverage.,MAX,20,years,"Tile and metal roofs, new business",,Tile and metal roofs should be 20 years of age or newer at the time of new business to qualify for replacement cost coverage.,16.0,PASS,HIGH,,Allied_Trust_HO3.pdf,NOT_ELIGIBILITY,,PASS,
ALL-048,Allied Trust HO3,ROOF_SETTLEMENT,RULE,COVERAGE_ONLY,Tile and metal roofs over 21 years old require the Limited Loss Settlement for Windstorm or Hail Losses to Roof Surfacing endorsement.,MIN,21,years,Tile and metal roofs,,Tile and metal roofs that are over 21 years old will require the Limited Loss Settlement for Windstorm or Hail Losses to Roof Surfacing endorsement.,16.0,PASS,MEDIUM,Replacement cost threshold is 20 years but endorsement trigger is 'over 21 years'; treatment of roofs aged exactly 20-21 is not stated.,Allied_Trust_HO3.pdf,NOT_ELIGIBILITY,,PASS,
ALL-049,Allied Trust HO3,ROOF_SETTLEMENT,RULE,COVERAGE_ONLY,Minimum wind/hail deductible is 3% for all metal roofs.,MIN,3,% of Coverage A,Metal roofs,,The minimum wind/hail deductible is 3% for all metal roofs.,9.0,PASS,HIGH,Deductible base (Coverage A) not stated in the guide.,Allied_Trust_HO3.pdf,NOT_ELIGIBILITY,,PASS,
ALL-050,Allied Trust HO3,CONSTRUCTION,RULE,DECLINES,"Asbestos, wood shake, Masonite, metal siding, EIFS, Dryvit and untreated unpainted wood siding are ineligible.",DISALLOWED_LIST,Asbestos; Wood shake; Masonite; Metal siding; EIFS; Dryvit; Untreated unpainted wood,,,,"Asbestos, Wood Shake, Masonite, Metal Siding, EIFS, Dryvit, or untreated unpainted wood.",17.0,PASS,HIGH,,Allied_Trust_HO3.pdf,EVALUATE,,PASS,
ALL-051,Allied Trust HO3,CONSTRUCTION,RULE,DECLINES,"Homes with missing, damaged or rotted siding, or siding in poor condition, are ineligible.",YES_NO,,,,,"Homes with siding which is missing, damaged, rotted or deemed by Underwriting to be in poor condition.",17.0,PASS,HIGH,,Allied_Trust_HO3.pdf,CONDITION_STANDARD,,PASS,
ALL-052,Allied Trust HO3,CONSTRUCTION,RULE,DECLINES,Homes with metal siding or not built by a licensed contractor are ineligible.,YES_NO,,,,,"homes with metal siding, homes not built by a licensed contractor,",15.0,PASS,HIGH,,Allied_Trust_HO3.pdf,EVALUATE,,PASS,
ALL-053,Allied Trust HO3,CONSTRUCTION,RULE,DECLINES,Homes designated as Green Homes or of unique construction are ineligible.,YES_NO,,,,,"homes designated as “Green Homes”, boat houses or floating homes, or homes of unique construction.",15.0,PASS,HIGH,,Allied_Trust_HO3.pdf,EVALUATE,,PASS,
ALL-054,Allied Trust HO3,CONSTRUCTION,RULE,DECLINES,"Homes with obsolete, unconventional, do-it-yourself, unusual or irreplaceable construction or materials (log, dome, shell, earth, cave, straw bale) are ineligible.",DISALLOWED_LIST,Log homes; Domes; Shell; Earth homes; Cave homes; Straw or straw bale homes,,,,"unusual or irreplaceable construction or construction materials, including but not limited to log homes, domes,",15.0,PASS,HIGH,,Allied_Trust_HO3.pdf,EVALUATE,,PASS,
ALL-055,Allied Trust HO3,CONSTRUCTION,RULE,DECLINES,Homes of historical significance or located in historic districts are ineligible.,YES_NO,,,,,"Homes of historical significance, located in historic districts,",15.0,PASS,HIGH,,Allied_Trust_HO3.pdf,EVALUATE,,PASS,
ALL-056,Allied Trust HO3,CONSTRUCTION,SILENT,,Guide does not address frame versus masonry/brick wall construction as an eligibility factor.,,,,,,,,,HIGH,"Grepped for frame, masonry, brick, stucco; masonry/brick appear only in townhouse firewall and foundation enclosure context.",Allied_Trust_HO3.pdf,SILENT,,,
ALL-057,Allied Trust HO3,PLUMBING,RULE,DECLINES,"Homes with polybutylene, Pre-2011 PEX, galvanized or lead plumbing are ineligible.",DISALLOWED_LIST,Polybutylene; Pre-2011 PEX; Galvanized; Lead,,,"Section 12 says older systems may be acceptable with a service inspection showing 5+ years of life, which may conflict.","Homes with polybutylene, Pre-2011 PEX, galvanized or lead plumbing.",9.0,PASS,MEDIUM,Conflict: p.9 lists galvanized/polybutylene/pre-2011 PEX/lead plumbing as ineligible with no cure; section 12 (p.10) says older systems may be acceptable with a service inspection. Unclear whether that cure reaches galvanized pipes.,Allied_Trust_HO3.pdf,EVALUATE,,PASS,
ALL-058,Allied Trust HO3,PLUMBING,RULE,DECLINES,"Homes 40-75 years old with galvanized, cast iron supply lines, polybutylene or Pre-2011 PEX plumbing are not accepted.",DISALLOWED_LIST,Galvanized; Cast iron supply lines; Polybutylene; Pre-2011 PEX,,Homes 40-75 years old,Older systems may be acceptable with a service inspection showing good condition and 5+ years of life expectancy.,"Allied Trust does NOT accept galvanized, cast iron supply lines, polybutylene or Pre-2011 PEX plumbing.",10.0,PASS,MEDIUM,Same sentence block permits older systems with a service inspection; interaction with the listed materials is ambiguous.,Allied_Trust_HO3.pdf,EVALUATE_CURE_IS_INSPECTION,,PASS,
ALL-059,Allied Trust HO3,PLUMBING,RULE,CONDITION,Visible plumbing must be updated and in good condition on homes 40-75 years old.,YES_NO,,,Homes 40-75 years old,Service inspection may show older systems are acceptable (5+ years of life).,Visible plumbing must be updated and in good condition.,10.0,PASS,HIGH,,Allied_Trust_HO3.pdf,CONDITION_STANDARD,,PASS,
ALL-060,Allied Trust HO3,PLUMBING,RULE,DECLINES,"Homes 76 years and older do not accept polybutylene, Pre-2011 PEX, cast iron or galvanized plumbing.",DISALLOWED_LIST,Polybutylene; Pre-2011 PEX; Cast iron; Galvanized,,Homes 76 years and older,Older systems may be acceptable with a service inspection showing good condition and 5+ years of life expectancy.,"Allied Trust does NOT accept polybutylene, Pre-2011 PEX, cast iron or galvanized plumbing systems.",10.0,PASS,MEDIUM,Same ambiguity as above regarding the service-inspection exception.,Allied_Trust_HO3.pdf,EVALUATE_CURE_IS_INSPECTION,,PASS,
ALL-061,Allied Trust HO3,PLUMBING,RULE,CONDITION,Re-plumbing of homes 76 years and older requires copper tubing or PVC plumbing.,ALLOWED_LIST,Copper tubing; PVC,,Homes 76 years and older,,Copper tubing or PVC plumbing is required.,10.0,PASS,MEDIUM,"Appears to describe the complete re-plumb needed to avoid Limited Water Damage Coverage, but is worded as a general requirement.",Allied_Trust_HO3.pdf,EVALUATE,,PASS,
ALL-062,Allied Trust HO3,ELECTRICAL,RULE,DECLINES,Homes must have circuit breakers and at least 150-amp service.,MIN,150,amps,,125-amp service is acceptable with underwriting approval.,"Must have circuit breakers and at least 150-amp service, 125-amp with UW approval",3.0,PASS,HIGH,,Allied_Trust_HO3.pdf,EVALUATE,,PASS,
ALL-063,Allied Trust HO3,ELECTRICAL,RULE,DECLINES,"Homes with single-strand or branch aluminum wiring (even if remediated), cloth wiring, knob and tube, fuses or fusible pullouts are ineligible.",DISALLOWED_LIST,Single-strand aluminum wiring; Branch aluminum wiring; Cloth wiring; Knob and tube; Fuses; Fusible pullouts,,,,"Homes with single-strand aluminum wiring or branch aluminum wiring even if remediated, cloth wiring, knob and tube, fuses, fusible pullouts",8.0,PASS,HIGH,,Allied_Trust_HO3.pdf,EVALUATE,,PASS,
ALL-064,Allied Trust HO3,ELECTRICAL,RULE,DECLINES,"Homes with Federal Pacific, Stab-Lok, Zinsco, Sylvania or Challenger panels, or any recalled breaker panel, are ineligible even if not the main panel.",DISALLOWED_LIST,Federal Pacific; Stab-Lok; Zinsco; Sylvania; Challenger; Any recalled circuit breaker panel,,,,"Homes with Federal Pacific, Stab-Lok, Zinsco, Sylvania or Challenger circuit breaker panels or any other type or brand of circuit breakers which has been recalled, even if the ineligible panel is not the main panel.",9.0,PASS,HIGH,,Allied_Trust_HO3.pdf,EVALUATE,,PASS,
ALL-065,Allied Trust HO3,ELECTRICAL,RULE,DECLINES,"On homes 40-75 years old, service panels must be updated or less than 40 years old.",MAX,40,years,Homes 40-75 years old,,Service panels must be updated or less than 40 years old.,9.0,PASS,HIGH,,Allied_Trust_HO3.pdf,EVALUATE,,PASS,
ALL-066,Allied Trust HO3,ELECTRICAL,RULE,DECLINES,"On homes 40-75 years old, breakers must be updated and less than 40 years old.",MAX,40,years,Homes 40-75 years old,,Breakers must be updated and less than 40 years old,9.0,PASS,HIGH,,Allied_Trust_HO3.pdf,EVALUATE,,PASS,
ALL-067,Allied Trust HO3,ELECTRICAL,RULE,CONDITION,"On homes 40 years and older, photos of all opened circuit breaker boxes are required.",YES_NO,,,Homes 40-75 years old and homes 76 years and older,,Photos of all opened circuit breaker boxes required.,9.0,PASS,HIGH,,Allied_Trust_HO3.pdf,IGNORE_INSPECTION,,PASS,
ALL-068,Allied Trust HO3,ELECTRICAL,RULE,CONDITION,"Homes 76 years and older must be completely re-wired with new breakers, fixtures, receptacles and Romex or BX cable.",YES_NO,,,Homes 76 years and older,125-amp service may be acceptable with underwriting approval.,"Home must have been completely re-wired including Installation of new approved circuit breakers, fixtures, receptacles, and replacement of all wiring with Romex or BX cable",10.0,PASS,HIGH,,Allied_Trust_HO3.pdf,EVALUATE,,PASS,
ALL-069,Allied Trust HO3,ELECTRICAL,RULE,DECLINES,Electrical systems deemed by underwriting to be in poor condition are ineligible.,YES_NO,,,,,Electrical systems deemed by Underwriting to be in poor condition are not eligible.,9.0,PASS,HIGH,,Allied_Trust_HO3.pdf,CONDITION_STANDARD,,PASS,
ALL-070,Allied Trust HO3,OTHER_SYSTEMS,RULE,DECLINES,"Homes without a professionally installed, permanent, thermostatically controlled heat source are ineligible.",YES_NO,,,,,"Homes without a professionally installed, permanent, thermostatically controlled heat source.",11.0,PASS,HIGH,,Allied_Trust_HO3.pdf,EVALUATE,,PASS,
ALL-071,Allied Trust HO3,OTHER_SYSTEMS,RULE,DECLINES,Homes with a furnace or burner older than 40 years are ineligible.,MAX,40,years,,Section 12 allows furnaces 40+ years old with a service inspection (5+ years of life).,Homes with a furnace or burner older than 40 years.,11.0,PASS,MEDIUM,"Conflicts with section 12, which requires a service inspection for furnaces 40 or more years old rather than declining them.",Allied_Trust_HO3.pdf,EVALUATE_CURE_IS_INSPECTION,,PASS,
ALL-072,Allied Trust HO3,OTHER_SYSTEMS,RULE,DECLINES,Homes with heat/AC older than 25 years are ineligible.,MAX,25,years,,Underwriting may approve.,"Homes with Heat/AC older than 25 years, unless approved by underwriting.",11.0,PASS,MEDIUM,"Conflicts with section 12, which allows 25+ year old compressors and heat pumps with a service inspection.",Allied_Trust_HO3.pdf,EVALUATE,,PASS,
ALL-073,Allied Trust HO3,OTHER_SYSTEMS,RULE,CONDITION,"Older heating/AC systems on homes 40-75 years old need a service inspection showing good condition and 5+ years of life: furnaces 40+, A/C compressors 25+, heat pumps 25+, air handlers 40+ years.",TEXT,,,Homes 40-75 years old,,Older systems may be acceptable with a service inspection showing the system is in good condition and the life expectancy is 5 or more years.,9.0,PASS,MEDIUM,Conflicts with section 14 which declares furnaces over 40 and heat/AC over 25 years ineligible.,Allied_Trust_HO3.pdf,IGNORE_INSPECTION,,PASS,
ALL-074,Allied Trust HO3,OTHER_SYSTEMS,RULE,CONDITION,"On homes 76 years and older, furnaces must be under 40 years old and heat pumps, A/C compressors and air handlers under 25 years old.",MAX,"40 (furnace); 25 (heat pump, A/C compressor, air handler)",years,Homes 76 years and older,Older systems may be acceptable with a service inspection showing good condition and 5+ years of life.,Furnaces must be less than 40 years old,10.0,PASS,MEDIUM,Air handler limit is 25 years here but 40 years in the 40-75 year section.,Allied_Trust_HO3.pdf,EVALUATE_CURE_IS_INSPECTION,,PASS,
ALL-075,Allied Trust HO3,OTHER_SYSTEMS,RULE,DECLINES,Homes using space heaters or portable heaters are ineligible.,YES_NO,,,,,Homes utilizing any type of space heaters or portable heaters.,11.0,PASS,HIGH,,Allied_Trust_HO3.pdf,EVALUATE,,PASS,
ALL-076,Allied Trust HO3,OTHER_SYSTEMS,RULE,DECLINES,Homes with wood or solid fuel stoves or fireplaces as the primary heat source are ineligible.,YES_NO,,,,,Homes with wood/solid fuel burning stoves or fireplaces as the primary source of heat.,11.0,PASS,HIGH,,Allied_Trust_HO3.pdf,EVALUATE,,PASS,
ALL-077,Allied Trust HO3,OTHER_SYSTEMS,RULE,DECLINES,Homes with a wood stove that is not factory or professionally installed are ineligible.,YES_NO,,,,,Homes with a wood stove that is not factory or professionally installed.,11.0,PASS,HIGH,,Allied_Trust_HO3.pdf,EVALUATE,,PASS,
ALL-078,Allied Trust HO3,OTHER_SYSTEMS,RULE,DECLINES,Homes with evaporative cooling are ineligible unless underwriting approves; swamp coolers are ineligible.,YES_NO,,,,Underwriting may approve evaporative cooling (not swamp coolers).,Homes with evaporative cooling systems unless approved by Underwriting; swamp coolers are NOT eligible.,11.0,PASS,MEDIUM,Wording is internally awkward: approval exception vs. swamp coolers (a type of evaporative cooler) being flatly ineligible.,Allied_Trust_HO3.pdf,EVALUATE,,PASS,
ALL-079,Allied Trust HO3,OTHER_SYSTEMS,RULE,DECLINES,Homes with kerosene or coal heating are ineligible.,YES_NO,,,,,Homes with Kerosene and/or coal heating.,11.0,PASS,HIGH,,Allied_Trust_HO3.pdf,EVALUATE,,PASS,
ALL-080,Allied Trust HO3,OTHER_SYSTEMS,RULE,DECLINES,Homes without central or ductless A/C are ineligible.,YES_NO,,,,,Homes without central or ductless A/C.,11.0,PASS,HIGH,,Allied_Trust_HO3.pdf,EVALUATE,,PASS,
ALL-081,Allied Trust HO3,OTHER_SYSTEMS,RULE,REFERS_TO_UW,Water heaters 10 years or older require inspection and referral to underwriting.,MAX,10,years,Interior/standard water heaters,,Water heaters 10 years of age or older will require inspection and will be referred to underwriting.,12.0,PASS,HIGH,,Allied_Trust_HO3.pdf,EVALUATE,,PASS,
ALL-082,Allied Trust HO3,OTHER_SYSTEMS,NO_RESTRICTION,ALLOWS,Exterior water heaters have no age restriction but should be in acceptable condition.,TEXT,,,Exterior water heater,,Exterior- No age restrictions but should be in acceptable condition,12.0,PASS,HIGH,,Allied_Trust_HO3.pdf,ALLOWS,,PASS,
ALL-083,Allied Trust HO3,OTHER_SYSTEMS,NO_RESTRICTION,ALLOWS,Tankless water heaters have no age restriction but should be in acceptable condition.,TEXT,,,Tankless water heater,,Tankless Unit- No age restrictions but should be in acceptable condition,12.0,PASS,HIGH,,Allied_Trust_HO3.pdf,ALLOWS,,PASS,
ALL-084,Allied Trust HO3,OTHER_SYSTEMS,RULE,DECLINES,Risks with elevators must provide proof of annual inspection or a service agreement; otherwise ineligible.,YES_NO,,,Homes with elevators,Elevator replacement value must be included in Coverage A.,Risks that contain elevators without proof of annual inspection or service agreement contract are NOT eligible.,12.0,PASS,HIGH,,Allied_Trust_HO3.pdf,IGNORE_INSPECTION,,PASS,
ALL-085,Allied Trust HO3,FOUNDATION,RULE,DECLINES,Homes with basements are ineligible.,YES_NO,,,,,Basements: Homes with basements are NOT eligible.,11.0,PASS,HIGH,,Allied_Trust_HO3.pdf,EVALUATE,,PASS,
ALL-086,Allied Trust HO3,FOUNDATION,NO_RESTRICTION,ALLOWS,Homes on concrete slabs are eligible.,TEXT,,,Concrete slab,,Concrete Slab: Homes constructed on concrete slabs are eligible.,11.0,PASS,HIGH,,Allied_Trust_HO3.pdf,ALLOWS,,PASS,
ALL-087,Allied Trust HO3,FOUNDATION,RULE,REFERS_TO_UW,"Open or partially open pier and beam foundations must be submitted to underwriting before binding with four photos, one of each side.",YES_NO,,,Open pier and beam,,"Homes with open or partially open foundations must be submitted to Underwriting prior to binding along with four photos, one of each side of the dwelling.",11.0,PASS,HIGH,,Allied_Trust_HO3.pdf,EVALUATE,,PASS,
ALL-088,Allied Trust HO3,FOUNDATION,RULE,COVERAGE_ONLY,Open foundations carry a 10% surcharge.,MIN,10,% surcharge,Open pier and beam,,Risks with open foundations are subject to a 10% surcharge.,11.0,PASS,HIGH,,Allied_Trust_HO3.pdf,NOT_ELIGIBILITY,,PASS,
ALL-089,Allied Trust HO3,FOUNDATION,RULE,INFO_ONLY,Foundations partially enclosed or enclosed with lattice or similar material do not qualify as permanently enclosed pier and beam.,TEXT,,,Pier and beam,,Open foundations which are partially enclosed or enclosed with lattice or similar material do NOT qualify as permanently enclosed pier & beam foundations.,11.0,PASS,HIGH,,Allied_Trust_HO3.pdf,NOT_ELIGIBILITY,,PASS,
ALL-090,Allied Trust HO3,FOUNDATION,NO_RESTRICTION,ALLOWS,Permanently enclosed pier and beam foundations are eligible.,TEXT,,,Permanently enclosed pier and beam,,"The foundation is enclosed with a permanent material such as block, brick, siding, etc.",11.0,PASS,MEDIUM,Section header says pier and beam foundations are eligible; permanently enclosed variant has no listed restriction.,Allied_Trust_HO3.pdf,ALLOWS,,PASS,
ALL-091,Allied Trust HO3,FOUNDATION,RULE,DECLINES,Homes on piers or pilings over 50 years old are ineligible.,MAX,50,years,Piers or pilings,,Homes on piers or pilings over 50 years old are NOT eligible.,11.0,PASS,HIGH,,Allied_Trust_HO3.pdf,EVALUATE,,PASS,
ALL-092,Allied Trust HO3,FOUNDATION,RULE,DECLINES,Homes on piers or pilings without a continuous concrete or chain wall foundation are ineligible.,YES_NO,,,Piers or pilings,,Homes on piers or pilings without a continuous concrete foundation or chain wall foundation are NOT eligible.,11.0,PASS,HIGH,,Allied_Trust_HO3.pdf,EVALUATE,,PASS,
ALL-093,Allied Trust HO3,POOL,RULE,CONDITION,Swimming pools and ponds must have a fence at least 4 ft high with a locking gate or an underwriting-approved alternate enclosure.,MIN,4,feet,Swimming pools and ponds,Underwriting-approved alternate enclosure.,Swimming pools and ponds must be protected by a fence at least 4-foot-high with a locking gate or an underwriting approved alternate enclosure,18.0,PASS,HIGH,,Allied_Trust_HO3.pdf,EVALUATE,,PASS,
ALL-094,Allied Trust HO3,POOL,RULE,DECLINES,Properties with pools or ponds not completely protected by a 4 ft fence with a locking gate are ineligible.,MIN,4,feet,Swimming pools and ponds,Underwriting may approve (see preceding bullet).,Properties with swimming pools or ponds not completely protected by a fence at least 4-feet-high with a locking gate are ineligible.,18.0,PASS,MEDIUM,Earlier bullet allows underwriting approval of alternatives; this bullet is flatly ineligible.,Allied_Trust_HO3.pdf,EVALUATE,,PASS,
ALL-095,Allied Trust HO3,POOL,RULE,CONDITION,Hot tubs must have a secure locking cover or a 4 ft fence with a locking gate or approved alternate enclosure.,MIN,4,feet,Hot tubs,Underwriting may approve other protection.,"Hot tubs must have a secure, locking cover or be protected by at least a 4-foot-high fence with locking gate or an alternate approved enclosure",18.0,PASS,HIGH,,Allied_Trust_HO3.pdf,EVALUATE,,PASS,
ALL-096,Allied Trust HO3,POOL,RULE,CONDITION,"Pools, hot tubs and ponds must be in good condition and maintained in good working order.",YES_NO,,,,,Must be in good condition and maintained in good working order.,18.0,PASS,HIGH,,Allied_Trust_HO3.pdf,CONDITION_STANDARD,,PASS,
ALL-097,Allied Trust HO3,POOL,SILENT,,"Guide does not address slides, diving boards or pool enclosures specifically.",,,,,,,,,HIGH,"Grepped for slide, diving, enclosure; only 'slide' appears in an unrelated context.",Allied_Trust_HO3.pdf,SILENT,,,
ALL-098,Allied Trust HO3,LIABILITY_HAZARDS,RULE,DECLINES,"Properties with excessive or unusual liability exposure (dirt bike tracks, bicycle or skateboard ramps, aircraft) are ineligible.",TEXT,,,,,"Properties with excessive or unusual liability exposure, (examples include, but are not limited to, tracks for dirt biking, bicycle or skateboard ramps, aircraft, etc.).",8.0,PASS,HIGH,,Allied_Trust_HO3.pdf,EVALUATE,,PASS,
ALL-099,Allied Trust HO3,LIABILITY_HAZARDS,RULE,DECLINES,"Risks with buried oil or fuel tanks, or any fuel tank underwriting deems a liability hazard, are ineligible.",YES_NO,,,,,Risks with buried oil or fuel tanks or any fuel tank deemed by Underwriting to be a liability hazard.,8.0,PASS,HIGH,,Allied_Trust_HO3.pdf,EVALUATE,,PASS,
ALL-100,Allied Trust HO3,LIABILITY_HAZARDS,RULE,DECLINES,"Properties with debris, clutter, inoperable vehicles, trash, unused appliances, construction materials, brush piles or other liability hazards are ineligible.",YES_NO,,,,,"Properties with debris, clutter, inoperable vehicles, trash, unused appliance, unused construction materials, brush piles or other liability hazards on the premises.",8.0,PASS,HIGH,,Allied_Trust_HO3.pdf,CONDITION_STANDARD,,PASS,
ALL-101,Allied Trust HO3,LIABILITY_HAZARDS,SILENT,,Guide does not address trampolines or playground equipment.,,,,,,,,,HIGH,"Grepped for trampoline, playground, swing; no hits.",Allied_Trust_HO3.pdf,SILENT,,,
ALL-102,Allied Trust HO3,ANIMALS,RULE,DECLINES,Animals with dangerous propensities or unusual liability exposure are ineligible.,YES_NO,,,,,The following are ineligible: Any animal with dangerous propensities or which present unusual liability exposure.,7.0,PASS,HIGH,,Allied_Trust_HO3.pdf,EVALUATE,,PASS,
ALL-103,Allied Trust HO3,ANIMALS,RULE,DECLINES,"Animals with a prior history of biting or attacking persons, property or other animals, or deemed ineligible by underwriting, are ineligible.",YES_NO,,,,,"Any animal with a prior history of biting or attacking persons, property or other animals known to the insured,",7.0,PASS,HIGH,,Allied_Trust_HO3.pdf,EVALUATE,,PASS,
ALL-104,Allied Trust HO3,ANIMALS,RULE,DECLINES,"Farm animals, livestock, saddle animals and hooved animals are ineligible.",YES_NO,,,,Underwriting may approve.,"Any type of farm animal or livestock, saddle animals, hooved animals unless approved by Underwriting.",7.0,PASS,HIGH,,Allied_Trust_HO3.pdf,EVALUATE,,PASS,
ALL-105,Allied Trust HO3,ANIMALS,RULE,DECLINES,"Exotic pets (wild or zoo animals, primates, non-domestic cats, reptiles over 12 inches, any animal requiring a permit) are ineligible.",TEXT,,,,,"Any type exotic pets, including wild or zoo animals, primates, non-domestic cats, reptiles over 12 inches in length, any animal that requires a permit.",7.0,PASS,HIGH,,Allied_Trust_HO3.pdf,EVALUATE,,PASS,
ALL-106,Allied Trust HO3,ANIMALS,RULE,DECLINES,Prohibited dog breeds are ineligible.,DISALLOWED_LIST,"Akita; Alaskan Malamute; American Bulldog; Belgian Malinois; Bull Mastiff; Cane Corso; Chow; Doberman Pinscher; German Shepherd; Great Dane; Guard or Attack Dogs; Police or Military Dogs; Husky, Siberian Husky, Husky Type; Pit Bull, American Pit Bull Terrier, Pit Bull Terrier; Presa Canario; Rottweiler; Staffordshire Terrier, American Staffordshire Terrier; Wild Dogs; Wolf or Wolf Hybrids",,,,THE FOLLOWING PROHIBITED BREEDS OF DOGS ARE NOT ELIGIBLE RISK,7.0,PASS,HIGH,List reconstructed from multi-column layout; verify against the PDF page 7.,Allied_Trust_HO3.pdf,EVALUATE,,PASS,
ALL-107,Allied Trust HO3,ANIMALS,RULE,DECLINES,Mixes of the prohibited dog breeds are ineligible.,YES_NO,,,,,Any mixes of the breeds listed,7.0,PASS,HIGH,,Allied_Trust_HO3.pdf,EVALUATE,,PASS,
ALL-108,Allied Trust HO3,ANIMALS,RULE,DECLINES,Boarding or breeding animals on the premises is ineligible.,YES_NO,,,,,Applicants and/or tenants may not board or breed animals on the premises.,9.0,PASS,HIGH,,Allied_Trust_HO3.pdf,EVALUATE,,PASS,
ALL-109,Allied Trust HO3,SOLAR,RULE,DECLINES,Solar roof systems are ineligible.,YES_NO,,,,,solar roof system and roofs with any type of wood shingles or shakes,16.0,PASS,HIGH,,Allied_Trust_HO3.pdf,EVALUATE,,PASS,
ALL-110,Allied Trust HO3,SOLAR,RULE,DECLINES,Solar panel tiles are ineligible.,YES_NO,,,,,"Solar panel tiles, slate, unique/uncommon roof material and/or covering.",16.0,PASS,HIGH,,Allied_Trust_HO3.pdf,EVALUATE,,PASS,
ALL-111,Allied Trust HO3,SOLAR,SILENT,,Guide does not address add-on (non-roof-system) rooftop or ground-mounted solar panels.,,,,,,,,,HIGH,Only solar roof systems and solar panel tiles are mentioned; ordinary panels are not addressed.,Allied_Trust_HO3.pdf,SILENT,,,
ALL-112,Allied Trust HO3,PROTECTION_CLASS,RULE,DECLINES,Protection classes 1-9 are eligible.,RANGE,1-9,PPC,,,Protection Class 1-9,3.0,PASS,HIGH,,Allied_Trust_HO3.pdf,EVALUATE,,PASS,
ALL-113,Allied Trust HO3,PROTECTION_CLASS,RULE,DECLINES,Protection class 10 is ineligible unless the dwelling and Other Structures are 3 years old or less and the risk qualifies for the Protected Subdivision Rule.,DISALLOWED_LIST,10,PPC,Protection Class 10,Dwelling and Other Structures 3 years old or less and qualify for the Protected Subdivision Rule.,Risks in Protection Class 10 unless the dwelling and Other Structures are 3 years old or less and the risk qualifies for the Protected Subdivision Rule.,15.0,PASS,MEDIUM,The Protected Subdivision Rule is not defined in this guide.,Allied_Trust_HO3.pdf,EVALUATE,,PASS,
ALL-114,Allied Trust HO3,PROTECTION_CLASS,SILENT,,Guide does not state a maximum distance to a fire station or hydrant for standard (non-acreage) homes.,,,,,,,,,HIGH,"Grepped for fire station, hydrant, miles; hydrant appears only in acreage rules.",Allied_Trust_HO3.pdf,SILENT,,,
ALL-115,Allied Trust HO3,LOCATION,RULE,DECLINES,"Homes must be on a paved road with a paved driveway, visible to neighbors and easily accessible to emergency vehicles year-round.",YES_NO,,,,,"Properties must be located on a paved road with a paved driveway, visible to neighboring homes and easily accessible to emergency vehicles year-round.",15.0,PASS,HIGH,,Allied_Trust_HO3.pdf,EVALUATE,,PASS,
ALL-116,Allied Trust HO3,LOCATION,RULE,DECLINES,"Homes not on paved roads, without a paved driveway, not visible from the road and neighbors, or isolated are ineligible.",YES_NO,,,,,"Homes not located on paved roads; homes without a paved driveway; homes not clearly visible from the road and neighboring homes, isolated homes.",15.0,PASS,HIGH,,Allied_Trust_HO3.pdf,EVALUATE,,PASS,
ALL-117,Allied Trust HO3,LOCATION,RULE,REFERS_TO_UW,Properties in a commercially zoned neighborhood or adjacent to a commercial property must be submitted to underwriting for prior approval.,YES_NO,,,,,Properties located in a commercially zoned neighborhood or adjacent to a commercial property must be submitted to underwriting for prior approval.,15.0,PASS,HIGH,,Allied_Trust_HO3.pdf,EVALUATE,,PASS,
ALL-118,Allied Trust HO3,LOCATION,RULE,DECLINES,Homes within 0.5 mile of hydraulic fracturing activity are ineligible.,MIN,0.5,miles,,,Homes within ½ mile of any Hydraulic Fracturing (Fracking) activities.,15.0,PASS,HIGH,,Allied_Trust_HO3.pdf,EVALUATE,,PASS,
ALL-119,Allied Trust HO3,LOCATION,RULE,DECLINES,"Properties in known sinkhole, salt mine, pollution, landslide or cave-in areas are ineligible.",YES_NO,,,,,"Properties located in known sinkhole locations, salt mine, pollution, landslide or cave-in areas.",15.0,PASS,HIGH,,Allied_Trust_HO3.pdf,EVALUATE,,PASS,
ALL-120,Allied Trust HO3,LOCATION,RULE,DECLINES,"Homes or Other Structures partly or wholly over water are ineligible, other than boat docks not structurally connected.",YES_NO,,,,Boat docks not structurally connected to the dwelling or Other Structure.,"Homes or Other Structures located partially or entirely over water, other than boat docks which are not structurally connected to the dwelling or Other Structure.",15.0,PASS,HIGH,,Allied_Trust_HO3.pdf,EVALUATE,,PASS,
ALL-121,Allied Trust HO3,LOCATION,RULE,DECLINES,Properties accessible by boat only are ineligible.,YES_NO,,,,,Properties accessible by boat only.,15.0,PASS,HIGH,,Allied_Trust_HO3.pdf,EVALUATE,,PASS,
ALL-122,Allied Trust HO3,LOCATION,RULE,DECLINES,"Homes in or within 1,500 feet of an area with a history of brush fires or the Wildland Urban Interface are ineligible.",MIN,1500,feet,,,Homes located in or within 1500 feet of an area with a history of brush fires or the Wildland Urban Interface.,15.0,PASS,HIGH,,Allied_Trust_HO3.pdf,EVALUATE,,PASS,
ALL-123,Allied Trust HO3,LOCATION,RULE,DECLINES,Properties not readily accessible year-round to fire and emergency services are ineligible.,YES_NO,,,,,Properties not readily accessible year-round to fire and emergency services.,16.0,PASS,HIGH,,Allied_Trust_HO3.pdf,EVALUATE,,PASS,
ALL-124,Allied Trust HO3,LOCATION,RULE,DECLINES,Properties on barrier islands not connected by roadways to the mainland or without adequate fire service are ineligible.,YES_NO,,,,,Properties located on barrier islands not connected by roadways to the mainland or without adequate fire service.,16.0,PASS,HIGH,,Allied_Trust_HO3.pdf,EVALUATE,,PASS,
ALL-125,Allied Trust HO3,LOCATION,RULE,DECLINES,Residences where the adjacent property is in poor condition are ineligible.,YES_NO,,,,,Any residence where the adjacent property is in poor condition.,16.0,PASS,HIGH,,Allied_Trust_HO3.pdf,CONDITION_STANDARD,,PASS,
ALL-126,Allied Trust HO3,LOCATION,RULE,DECLINES,Homes in fly-in/airpark communities or with an airplane on the premises are ineligible.,YES_NO,,,,,Homes located in fly-in-fly-out/ airpark communities or properties with an airplane on the premises.,16.0,PASS,HIGH,,Allied_Trust_HO3.pdf,EVALUATE,,PASS,
ALL-127,Allied Trust HO3,LOCATION,RULE,DECLINES,"Risks on landfills, in condemned areas or areas scheduled to be condemned for urban renewal or highway construction are ineligible.",YES_NO,,,,,"Risks located on landfills, in areas condemned due to condition or in an area scheduled to be condemned for urban renewal or highway construction",16.0,PASS,HIGH,,Allied_Trust_HO3.pdf,EVALUATE,,PASS,
ALL-128,Allied Trust HO3,LOCATION,RULE,DECLINES,"Risks on mountainsides, cliffs, bluffs or slopes greater than 30 degrees are ineligible.",MAX,30,degrees,,,"Risks on mountainsides, cliffs, bluffs or slope/elevation greater than 30°.",16.0,PASS,HIGH,,Allied_Trust_HO3.pdf,EVALUATE,,PASS,
ALL-129,Allied Trust HO3,LOCATION,RULE,DECLINES,"Inaccessible properties, including those that cannot be inspected or where the owner refuses inspection, are ineligible.",YES_NO,,,,,"Inaccessible properties, including properties that are unable to be inspected either because the inspector is unable to locate or access property; or the homeowner/resident refuses the inspection.",16.0,PASS,HIGH,,Allied_Trust_HO3.pdf,EVALUATE,,PASS,
ALL-130,Allied Trust HO3,LOCATION,NO_RESTRICTION,ALLOWS,No designated wind pool areas are closed for wind coverage.,TEXT,,,Designated wind pool areas,,Wind Coverage in Designated Wind Pool Areas No areas closed for coverage,3.0,PASS,HIGH,,Allied_Trust_HO3.pdf,ALLOWS,,PASS,
ALL-131,Allied Trust HO3,LOCATION,RULE,COVERAGE_ONLY,Policies excluding wind coverage must have and maintain a separate wind policy with matching limits.,YES_NO,,,Wind exclusion,,Policies excluding wind coverage must have and maintain a separate wind policy with matching limits.,6.0,PASS,HIGH,,Allied_Trust_HO3.pdf,NOT_ELIGIBILITY,,PASS,
ALL-132,Allied Trust HO3,LOCATION,RULE,INFO_ONLY,"The company may restrict binding of new business in certain zip codes, counties or territories.",TEXT,,,,,"The Company reserves the right to restrict certain zip-codes, counties, territories, or policies with other negative risk characteristics from writing new business policies.",18.0,PASS,MEDIUM,No specific restricted areas are listed.,Allied_Trust_HO3.pdf,NOT_ELIGIBILITY,,PASS,
ALL-133,Allied Trust HO3,DWELLING_LIMITS,RULE,DECLINES,"Coverage A minimum is $200,000.",MIN,200000,USD,,,"Coverage A $200,000 to $1,250,000",6.0,PASS,HIGH,,Allied_Trust_HO3.pdf,EVALUATE,,PASS,
ALL-134,Allied Trust HO3,DWELLING_LIMITS,RULE,REFERS_TO_UW,"Coverage A over $1,250,000 must be submitted to underwriting.",MAX,1250000,USD,,,"(Over $1,250,000 must be submitted to Underwriting)",6.0,PASS,HIGH,,Allied_Trust_HO3.pdf,EVALUATE,,PASS,
ALL-135,Allied Trust HO3,DWELLING_LIMITS,RULE,DECLINES,"Total insured value (Coverages A, B, C, D, Additional Coverage A and scheduled personal property) must be $3,000,000 or less.",MAX,3000000,USD,,,Policies with a Total Insured Value (TIV) of $3 Million or less.,6.0,PASS,MEDIUM,Phrased as an eligible-policy description rather than an explicit decline.,Allied_Trust_HO3.pdf,EVALUATE,,PASS,
ALL-136,Allied Trust HO3,DWELLING_LIMITS,RULE,CONDITION,Dwellings must be insured for at least 100% of replacement cost.,MIN,100,% of replacement cost,,,All dwellings must be insured for at least 100% of replacement cost.,6.0,PASS,HIGH,,Allied_Trust_HO3.pdf,EVALUATE,,PASS,
ALL-137,Allied Trust HO3,DWELLING_LIMITS,RULE,COVERAGE_ONLY,Coverage B limit is 0% to 50% of Coverage A.,RANGE,0-50,% of Coverage A,,,Coverage B 0% to 50% of Coverage A,6.0,PASS,HIGH,,Allied_Trust_HO3.pdf,NOT_ELIGIBILITY,,PASS,
ALL-138,Allied Trust HO3,DWELLING_LIMITS,RULE,COVERAGE_ONLY,Coverage C limit is 25% to 75% of Coverage A.,RANGE,25-75,% of Coverage A,,,Coverage C 25% to 75% of Coverage A,6.0,PASS,HIGH,,Allied_Trust_HO3.pdf,NOT_ELIGIBILITY,,PASS,
ALL-139,Allied Trust HO3,DWELLING_LIMITS,RULE,COVERAGE_ONLY,Coverage D limit is 10% to 30% of Coverage A.,RANGE,10-30,% of Coverage A,,,Coverage D 10% to 30% of Coverage A,6.0,PASS,HIGH,,Allied_Trust_HO3.pdf,NOT_ELIGIBILITY,,PASS,
ALL-140,Allied Trust HO3,DWELLING_LIMITS,RULE,COVERAGE_ONLY,"Coverage E limit options are $100,000, $300,000 or $500,000.",ALLOWED_LIST,100000; 300000; 500000,USD,,,"Coverage E $100,000, $300,000 or $500,000",6.0,PASS,HIGH,,Allied_Trust_HO3.pdf,NOT_ELIGIBILITY,,PASS,
ALL-141,Allied Trust HO3,DWELLING_LIMITS,RULE,COVERAGE_ONLY,"Coverage F limit options are $1,000, $2,000, $3,000, $4,000, $5,000 or $10,000.",ALLOWED_LIST,1000; 2000; 3000; 4000; 5000; 10000,USD,,,"Coverage F $1,000, $2,000, $3,000, $4,000, $5,000 or $10,000",6.0,PASS,HIGH,,Allied_Trust_HO3.pdf,NOT_ELIGIBILITY,,PASS,
ALL-142,Allied Trust HO3,LOSS_HISTORY,RULE,DECLINES,Any liability claim in the last 5 years is ineligible at new business.,MAX,0,liability claims in 5 years,New business,,Any Liability Claim in last 5 years Ineligible,3.0,PASS,MEDIUM,Overview table says Ineligible; section 19 says agent may not bind without prior underwriting approval (refer). Treated as conflicting.,Allied_Trust_HO3.pdf,EVALUATE,,PASS,
ALL-143,Allied Trust HO3,LOSS_HISTORY,RULE,DECLINES,Any fire claim in the last 5 years is ineligible at new business.,MAX,0,fire claims in 5 years,New business,,Any Fire Claim in last 5 years Ineligible,3.0,PASS,MEDIUM,Overview table says Ineligible; section 19 says fire or smoke claims need prior underwriting approval. Treated as conflicting.,Allied_Trust_HO3.pdf,EVALUATE,,PASS,
ALL-144,Allied Trust HO3,LOSS_HISTORY,RULE,DECLINES,3 or more claims in the last 3 years is ineligible at new business.,MAX,2,claims in 3 years,New business,,3 or more claims in the last 3 years Ineligible,3.0,PASS,MEDIUM,"Section 19 uses a different threshold (2 or more losses in 5 years, excluding natural causes) and says refer to underwriting.",Allied_Trust_HO3.pdf,EVALUATE,,PASS,
ALL-145,Allied Trust HO3,LOSS_HISTORY,RULE,REFERS_TO_UW,Any liability claim within the previous 5 years may not be bound without prior underwriting approval.,MAX,0,liability claims in 5 years,,,Risks/Insureds with any Liability claim within the previous 5 years,13.0,PASS,MEDIUM,"Conflicts with overview table, which lists the same claim as Ineligible.",Allied_Trust_HO3.pdf,EVALUATE,,PASS,
ALL-146,Allied Trust HO3,LOSS_HISTORY,RULE,REFERS_TO_UW,Any fire or smoke claim within the previous 5 years may not be bound without prior underwriting approval.,MAX,0,fire/smoke claims in 5 years,,,Risks/Insureds with any Fire or Smoke claim within the previous 5 years,13.0,PASS,MEDIUM,"Conflicts with overview table, which lists fire claims as Ineligible.",Allied_Trust_HO3.pdf,EVALUATE,,PASS,
ALL-147,Allied Trust HO3,LOSS_HISTORY,RULE,REFERS_TO_UW,2 or more losses within the previous 5 years (excluding natural causes) may not be bound without underwriting approval.,MAX,1,losses in 5 years,Excludes losses caused by natural causes,,Risks/Insureds with 2 or more losses within the previous 5 years (excluding losses caused by natural causes),13.0,PASS,HIGH,,Allied_Trust_HO3.pdf,EVALUATE,,PASS,
ALL-148,Allied Trust HO3,LOSS_HISTORY,RULE,REFERS_TO_UW,"Any open, pending or unresolved claim may not be bound without underwriting approval.",YES_NO,,,,,"Risks/Insureds with any open, pending or unresolved claims",13.0,PASS,HIGH,,Allied_Trust_HO3.pdf,EVALUATE,,PASS,
ALL-149,Allied Trust HO3,LOSS_HISTORY,RULE,REFERS_TO_UW,Any unrepaired damage may not be bound without underwriting approval.,YES_NO,,,,,Risks/Insureds with any unrepaired damage,13.0,PASS,MEDIUM,Section 10 lists prior unrepaired damage as flatly ineligible; here it is a refer item.,Allied_Trust_HO3.pdf,CONDITION_STANDARD,,PASS,
ALL-150,Allied Trust HO3,LOSS_HISTORY,RULE,REFERS_TO_UW,More than 1 theft and/or vandalism claim in the previous 5 years may not be bound without underwriting approval.,MAX,1,theft/vandalism claims in 5 years,,,Risks/Insureds with more than 1 Theft and/or Vandalism claim within the previous 5 years,13.0,PASS,HIGH,,Allied_Trust_HO3.pdf,EVALUATE,,PASS,
ALL-151,Allied Trust HO3,LOSS_HISTORY,RULE,REFERS_TO_UW,"Any non-weather loss paying $20,000 or more in the previous 3 years may not be bound without underwriting approval.",MAX,20000,USD,"Excludes water, mold and appliance-related claims; previous 3 years",,"Risks/Insureds with any Non-Weather loss with a payout of $20,000 or more within the previous 3 years, excluding water, mold and appliance-related claims.",13.0,PASS,HIGH,,Allied_Trust_HO3.pdf,EVALUATE,,PASS,
ALL-152,Allied Trust HO3,LOSS_HISTORY,RULE,REFERS_TO_UW,3 or more paid appliance-related claims in 3 years (or on one property) may not be bound without underwriting approval.,MAX,2,appliance claims in 3 years,,,Risks/Insureds with 3 or more appliance-related claims within a 3 year period in which they received payment,13.0,PASS,HIGH,,Allied_Trust_HO3.pdf,EVALUATE,,PASS,
ALL-153,Allied Trust HO3,LOSS_HISTORY,RULE,REFERS_TO_UW,Risks previously canceled or non-renewed by another insurer must be referred to underwriting before binding.,YES_NO,,,,,Risks previously canceled or non-renewed by another insurer must be referred to underwriting prior to binding.,14.0,PASS,HIGH,,Allied_Trust_HO3.pdf,EVALUATE,,PASS,
ALL-154,Allied Trust HO3,LOSS_HISTORY,RULE,DECLINES,Risks with no prior coverage or a lapse in coverage (other than a new purchase) are ineligible.,YES_NO,,,Other than a new home purchase,Underwriting may approve.,"Risks with no prior coverage or a lapse in coverage, other than a new purchase, are not eligible unless approved by Underwriting.",14.0,PASS,HIGH,,Allied_Trust_HO3.pdf,EVALUATE,,PASS,
ALL-155,Allied Trust HO3,LOSS_HISTORY,RULE,CONDITION,Applicants must document continuous voluntary prior coverage; force-placed or lender-placed insurance does not count.,YES_NO,,,Except home purchase,,applicants must provide documentation verifying continuous voluntary coverage for the property.,7.0,PASS,HIGH,,Allied_Trust_HO3.pdf,EVALUATE,,PASS,
ALL-156,Allied Trust HO3,LOSS_HISTORY,RULE,INFO_ONLY,Claims with prior water damage losses are evaluated under Texas Insurance Code Art. 5.35-4 and 28 TAC 21.1007.,TEXT,,,,,"Claims with prior water damage losses are evaluated in accordance with Subchapter C, Chapter 5, Article 5.35-4 of the Texas Insurance Code",13.0,PASS,HIGH,,Allied_Trust_HO3.pdf,NOT_ELIGIBILITY,,PASS,
ALL-157,Allied Trust HO3,ACREAGE,RULE,CONDITION,Homes on more than 1 acre up to 5 acres are eligible if they meet the acreage guidelines.,RANGE,1-5,acres,More than 1 up to 5 acres,,Homes on more than 1 acre up to 5 acres are eligible if they meet the following guidelines:,11.0,PASS,HIGH,,Allied_Trust_HO3.pdf,EVALUATE,,PASS,
ALL-158,Allied Trust HO3,ACREAGE,RULE,CONDITION,Dwelling and all Other Structures must be accessible year-round for fire service.,YES_NO,,,More than 1 acre,,The dwelling and all Other Structures must be accessible year-round for fire service.,11.0,PASS,HIGH,,Allied_Trust_HO3.pdf,EVALUATE,,PASS,
ALL-159,Allied Trust HO3,ACREAGE,RULE,CONDITION,"A hydrant or credible water source must be within 1,000 feet, or the fire department must be able to transport at least 5,000 gallons of water.",MAX,1000,feet,More than 1 acre,"Alternative: responding fire department can transport at least 5,000 gallons.","Must have a hydrant or credible water source within 1,000 feet of the home and Other Structures or responding fire department must be able to transport at least 5,000 gallons of water.",11.0,PASS,HIGH,,Allied_Trust_HO3.pdf,EVALUATE,,PASS,
ALL-160,Allied Trust HO3,ACREAGE,RULE,CONDITION,"Smoke detectors are required near all cooking, laundry, circuit breaker and sleeping areas.",YES_NO,,,More than 1 acre,,"Must have smoke detectors in close proximity of all cooking, laundry, circuit breakers and sleeping areas.",11.0,PASS,HIGH,,Allied_Trust_HO3.pdf,EVALUATE,,PASS,
ALL-161,Allied Trust HO3,ACREAGE,RULE,CONDITION,"Fire extinguishers are required for each cooking area, each room with a fireplace and each additional floor.",YES_NO,,,More than 1 acre,,Must have individual fire extinguishers for each cooking area and each room containing a fireplace.,11.0,PASS,HIGH,,Allied_Trust_HO3.pdf,EVALUATE,,PASS,
ALL-162,Allied Trust HO3,ACREAGE,RULE,CONDITION,A paved driveway at least 12 feet wide that can accommodate large firefighting apparatus is required.,MIN,12,feet,More than 1 acre,,Must have a paved driveway at least 12 feet wide designed to accommodate large firefighting apparatus.,12.0,PASS,HIGH,,Allied_Trust_HO3.pdf,EVALUATE,,PASS,
ALL-163,Allied Trust HO3,ACREAGE,RULE,CONDITION,Gated properties need inward or sideways opening gates with an entrance 2 feet wider than the driveway and at least 30 feet from the road.,MIN,30,feet from road,More than 1 acre; property gated,,"Must have inward or sideways opening gates and have an entrance at least two feet wider than the driveway and be at least 30 feet from the road, (if property is gated).",12.0,PASS,HIGH,,Allied_Trust_HO3.pdf,EVALUATE,,PASS,
ALL-164,Allied Trust HO3,ACREAGE,RULE,CONDITION,A fire-department-approved key box is required if the gate is secured.,YES_NO,,,More than 1 acre; gate secured,,Must have a key box of a type approved by local fire department if the gate is secured.,12.0,PASS,HIGH,,Allied_Trust_HO3.pdf,EVALUATE,,PASS,
ALL-165,Allied Trust HO3,ACREAGE,RULE,CONDITION,Well-maintained landscaping must surround all structures.,YES_NO,,,More than 1 acre,,Must have well-maintained landscaping surrounding all structures.,12.0,PASS,HIGH,,Allied_Trust_HO3.pdf,CONDITION_STANDARD,,PASS,
ALL-166,Allied Trust HO3,ACREAGE,RULE,DECLINES,"Barbed-wire fences, or fencing in poor condition or presenting a liability hazard, are ineligible.",YES_NO,,,More than 1 acre,,"Barbed-wire fences, or any fencing deemed to be in poor condition or present a liability hazard are NOT eligible",12.0,PASS,HIGH,,Allied_Trust_HO3.pdf,CONDITION_STANDARD,,PASS,
ALL-167,Allied Trust HO3,ACREAGE,RULE,REFERS_TO_UW,Homes on more than 5 and up to 10 acres must meet all above requirements and be referred to underwriting with a signed supplemental application and color photos before binding.,RANGE,5-10,acres,More than 5 and up to 10 acres,,Must be referred to underwriting prior to binding with the following documentation:,12.0,PASS,HIGH,,Allied_Trust_HO3.pdf,EVALUATE,,PASS,
ALL-168,Allied Trust HO3,ACREAGE,UNCLEAR,UNKNOWN,Properties over 10 acres are not addressed beyond the table note that the range extends up to 10 acres.,MAX,10,acres,,,Located on more than 5 acres (up to 10 acres),3.0,PASS,LOW,"Guide never says whether over 10 acres is ineligible or simply not covered. Also, farms, ranches, orchards and groves are ineligible per section 9.",Allied_Trust_HO3.pdf,EVALUATE,,PASS,
ALL-169,Allied Trust HO3,FLOOD,RULE,CONDITION,Homes in a Special Flood Hazard Area (Zone A or V) must have a Federal flood policy with matching building and contents limits or the maximum available.,YES_NO,,,Flood zone A or V,Maximum available limit if matching limits are not available.,Homes located in a Special Flood Hazard Area (Zone A or V as designated by the Federal Flood Insurance Plan) must be covered by a Federal Flood insurance policy,6.0,PASS,HIGH,,Allied_Trust_HO3.pdf,EVALUATE,,PASS,
ALL-170,Allied Trust HO3,FLOOD,RULE,DECLINES,Properties with unrepaired flood damage are ineligible.,YES_NO,,,,,"Properties with any prior unrepaired damage, including any unrepaired wind, hail, hurricane or flood damage or any unrepaired building code violation.",8.0,PASS,HIGH,,Allied_Trust_HO3.pdf,CONDITION_STANDARD,,PASS,
ALL-171,Allied Trust HO3,INSPECTIONS,RULE,CONDITION,Homes 0-39 years old require a routine exterior inspection; the insured need not be present.,MAX,39,years,Homes 0-39 years old,,Requires a routine exterior inspection. Insured does not have to be present.,9.0,PASS,HIGH,,Allied_Trust_HO3.pdf,IGNORE_INSPECTION,,PASS,
ALL-172,Allied Trust HO3,INSPECTIONS,RULE,CONDITION,"Homes 40-75 years old require an exterior inspection plus electrical, heat/AC and visible plumbing inspection, completed within 30 days of inception with the insured present.",MAX,30,days from inception,Homes 40-75 years old,"If not completed, the policy is subject to cancellation.",The inspection must be completed within 30 days from the inception of the policy.,9.0,PASS,HIGH,,Allied_Trust_HO3.pdf,IGNORE_INSPECTION,,PASS,
ALL-173,Allied Trust HO3,INSPECTIONS,RULE,REFERS_TO_UW,"Homes 76 years and older require a four-point inspection and/or receipts, plus photos of each side and each room, submitted to underwriting before binding.",TEXT,,,Homes 76 years and older,,"We will require a four-point inspection, and/or receipts of work completed, and photos of each side of the home and photos of each room in the home.",10.0,PASS,HIGH,,Allied_Trust_HO3.pdf,IGNORE_INSPECTION,,PASS,
ALL-174,Allied Trust HO3,INSPECTIONS,RULE,CONDITION,A home inspection is performed on all risks after binding and payment unless waived by underwriting.,YES_NO,,,,Underwriting may waive.,A home inspection will be performed on all risks after coverage is bound and paid unless waived by Underwriting.,12.0,PASS,HIGH,,Allied_Trust_HO3.pdf,IGNORE_INSPECTION,,PASS,
ALL-175,Allied Trust HO3,INSPECTIONS,RULE,CONDITION,"Inspection findings in the first 60 days may lead to policy amendments, corrections or cancellation; after 60 days, to correction at renewal or non-renewal.",MAX,60,days,,,Within the first 60 days of the new business policy:,12.0,PASS,HIGH,,Allied_Trust_HO3.pdf,IGNORE_INSPECTION,,PASS,
ALL-176,Allied Trust HO3,INSPECTIONS,RULE,CONDITION,"Pre-binding inspections and/or photos may be required if the applicant, home or property do not meet eligibility requirements.",YES_NO,,,,,"Pre-binding inspections and/or photos may be required in cases where the applicant, home or property do not meet eligibility requirements.",13.0,PASS,HIGH,,Allied_Trust_HO3.pdf,IGNORE_INSPECTION,,PASS,
ALL-177,Allied Trust HO3,INSPECTIONS,RULE,CONDITION,"On homes 40-75 years old, service inspections are required for furnaces 40+ years, A/C compressors 25+, heat pumps 25+ and air handlers 40+ years old.",TEXT,"40 (furnace, air handler); 25 (A/C compressor, heat pump)",years,Homes 40-75 years old,,Service inspections will be required for:,9.0,PASS,MEDIUM,"Conflicts with section 14, which declares furnaces over 40 and heat/AC over 25 years ineligible.",Allied_Trust_HO3.pdf,IGNORE_INSPECTION,,PASS,
ALL-178,Allied Trust HO3,INSPECTIONS,RULE,REFERS_TO_UW,Foreclosure or short-sale purchases require underwriting approval before binding with the pre-closing inspection and photos.,YES_NO,,,Foreclosure or short sale purchase,,Properties purchased as a result of a foreclosure or short sale require Underwriting approval prior to binding.,14.0,PASS,HIGH,,Allied_Trust_HO3.pdf,EVALUATE,,PASS,
ALL-179,Allied Trust HO3,PRODUCT_STATUS,RULE,INFO_ONLY,Manual is effective 7/01/2025 for new business and 9/01/2025 for renewal business.,TEXT,,,,,7/01/2025 New Business 9/01/2025 Renewal Business,3.0,PASS,HIGH,,Allied_Trust_HO3.pdf,NOT_ELIGIBILITY,,PASS,
ALL-180,Allied Trust HO3,PRODUCT_STATUS,RULE,INFO_ONLY,All guidelines apply to new and renewal business unless otherwise specified.,TEXT,,,,,"All guidelines apply to new and renewal business, unless otherwise specified.",6.0,PASS,HIGH,,Allied_Trust_HO3.pdf,NOT_ELIGIBILITY,,PASS,
ALL-181,Allied Trust HO3,PRODUCT_STATUS,RULE,INFO_ONLY,"The company may cancel or non-renew if it discovers ineligible conditions, whether or not disclosed.",TEXT,,,,,"If the company discovers conditions of the property that make it ineligible, whether or not disclosed on the application, the risk may be canceled",6.0,PASS,HIGH,,Allied_Trust_HO3.pdf,NOT_ELIGIBILITY,,PASS,
ALL-182,Allied Trust HO3,PRODUCT_STATUS,RULE,INFO_ONLY,"Binding may be restricted when a hurricane, tropical storm or other named weather system is approaching a Texas area.",TEXT,,,Imminent named storm in Texas,,"binding may be restricted when there is an imminent Hurricane, Tropical Storm, or other named weather system heading towards an area within the state of Texas.",19.0,PASS,HIGH,,Allied_Trust_HO3.pdf,NOT_ELIGIBILITY,,PASS,
ALL-183,Allied Trust HO3,PRODUCT_STATUS,RULE,INFO_ONLY,"Binding of new business may be restricted in certain zip codes, counties or territories for spread of risk.",TEXT,,,,,In order to ensure that the Company has an adequate spread of risk it may be necessary from time to time to restrict binding of new business or new exposures.,18.0,PASS,MEDIUM,No specific restrictions are listed in this guide.,Allied_Trust_HO3.pdf,NOT_ELIGIBILITY,,PASS,
ALL-184,Allied Trust HO3,OTHER,RULE,DECLINES,"Business occupancy, including any day care exposure, is ineligible.",YES_NO,,,,,"Any business occupancy, including any day care exposure.",8.0,PASS,HIGH,,Allied_Trust_HO3.pdf,EVALUATE,,PASS,
ALL-185,Allied Trust HO3,OTHER,RULE,DECLINES,"Farms, ranches, orchards, groves and any risk with animal breeding or boarding are ineligible.",YES_NO,,,,,"Any farm, ranch, orchard or grove, or any risk where animal breeding/boarding activities take place.",8.0,PASS,HIGH,,Allied_Trust_HO3.pdf,EVALUATE,,PASS,
ALL-186,Allied Trust HO3,OTHER,RULE,DECLINES,"College housing, fraternity or sorority houses and similar arrangements are ineligible.",YES_NO,,,,,"College housing, Fraternity or Sorority houses or any similar arrangement.",8.0,PASS,HIGH,,Allied_Trust_HO3.pdf,EVALUATE,,PASS,
ALL-187,Allied Trust HO3,OTHER,RULE,DECLINES,"Assisted living, nursing homes, group homes and similar housing are ineligible.",YES_NO,,,,,"Assisted living, nursing home, group home or any similar housing arrangement.",8.0,PASS,HIGH,,Allied_Trust_HO3.pdf,EVALUATE,,PASS,
ALL-188,Allied Trust HO3,OTHER,RULE,CONDITION,Only a Permitted Incidental Office with no client or employee traffic is allowed; homes must otherwise be residential only.,YES_NO,,,,,"Incidental Office Only, no client or employee traffic",3.0,PASS,HIGH,,Allied_Trust_HO3.pdf,EVALUATE,,PASS,
ALL-189,Allied Trust HO3,OTHER,RULE,DECLINES,Any incidental occupancy with employee or customer/client traffic is ineligible.,YES_NO,,,,,Any Incidental Occupancy with Employee or Customer/Client traffic is NOT eligible for coverage.,14.0,PASS,HIGH,,Allied_Trust_HO3.pdf,EVALUATE,,PASS,
ALL-190,Allied Trust HO3,OTHER,RULE,DECLINES,"Applicants or households with a conviction for insurance fraud, arson or material misrepresentation are ineligible.",YES_NO,,,,,"Applicants or risks where any household member has been convicted of insurance fraud, arson or material misrepresentation are ineligible for coverage.",7.0,PASS,HIGH,,Allied_Trust_HO3.pdf,EVALUATE,,PASS,
ALL-191,Allied Trust HO3,OTHER,RULE,DECLINES,"Mortgages held by individuals, deeds of trust or bonds for deed are not acceptable; mortgage must be through an acceptable financial institution.",YES_NO,,,Property with a mortgage,,applicants must have a mortgage through an acceptable financial institution.,8.0,PASS,HIGH,,Allied_Trust_HO3.pdf,EVALUATE,,PASS,
ALL-192,Allied Trust HO3,OTHER,RULE,DECLINES,Dwellings under construction or undergoing renovation are ineligible; renovation means unoccupied and/or a budget of 10% or more of Coverage A.,MIN,10,% of Coverage A,Renovation,,Dwellings under construction or undergoing renovation are not eligible.,6.0,PASS,HIGH,,Allied_Trust_HO3.pdf,EVALUATE,,PASS,
ALL-193,Allied Trust HO3,OTHER,RULE,DECLINES,"Properties in disrepair, lacking maintenance, condemned or due to be condemned are ineligible.",YES_NO,,,,,Properties in a state of disrepair or poor condition reflecting a lack of maintenance,8.0,PASS,HIGH,,Allied_Trust_HO3.pdf,CONDITION_STANDARD,,PASS,
ALL-194,Allied Trust HO3,OTHER,RULE,DECLINES,Properties with any unrepaired damage or unrepaired building code violation are ineligible.,YES_NO,,,,,"Properties with any prior unrepaired damage, including any unrepaired wind, hail, hurricane or flood damage or any unrepaired building code violation.",8.0,PASS,MEDIUM,Section 19 treats unrepaired damage as a refer-to-underwriting item.,Allied_Trust_HO3.pdf,CONDITION_STANDARD,,PASS,
ALL-195,Allied Trust HO3,OTHER,RULE,DECLINES,Homes that do not meet building or fire codes are ineligible.,YES_NO,,,,,Homes that do not meet building or fire codes.,8.0,PASS,HIGH,,Allied_Trust_HO3.pdf,EVALUATE,,PASS,
ALL-196,Allied Trust HO3,OTHER,RULE,DECLINES,"Other Structures, retaining walls, walkways or boat docks deemed in poor condition are ineligible.",YES_NO,,,,,"Properties with retaining walls, walkways or boat docks deemed to be in poor condition.",8.0,PASS,HIGH,,Allied_Trust_HO3.pdf,CONDITION_STANDARD,,PASS,
ALL-197,Allied Trust HO3,OTHER,UNCLEAR,CONDITION,Stairways of 3+ steps and porches or decks over 3 feet high (section 10) need handrails; section 23 uses a 2 foot height.,MIN,3 (or 2),feet,Porches/decks with 3 or more steps,Underwriting may approve.,"Properties with stairways of three or more steps, or porches and decks more than three feet off the ground or with three or more steps leading to them, without properly installed safety and handrails unless approved by Underwriting.",8.0,PASS,LOW,Section 10 says more than 3 feet; section 23 says more than 2 feet. Conflicting thresholds.,Allied_Trust_HO3.pdf,CONDITION_STANDARD,,PASS,
ALL-198,Allied Trust HO3,OTHER,UNCLEAR,CONDITION,Stairways of 3+ steps and porches or decks over 2 feet high (section 23) must have handrails; section 10 uses 3 feet.,MIN,2 (or 3),feet,Porches/decks with 3 or more steps,Underwriting may approve.,"Properties with stairways of three or more steps, or porches or decks more than two (2) feet off the ground or with three (3) or more steps leading to them must be protected with properly installed handrails unless approved by underwriting.",14.0,PASS,LOW,Conflicts with section 10 (3 feet).,Allied_Trust_HO3.pdf,CONDITION_STANDARD,,PASS,
ALL-199,Allied Trust HO3,OTHER,RULE,DECLINES,"Upper story landings, balconies, porches or decks that are missing safety rails or in poor condition are ineligible.",YES_NO,,,,,"Upper story landings, balconies, porches or decks which are missing or missing safety rails or deemed by Underwriting to be in poor condition are NOT eligible.",8.0,PASS,HIGH,,Allied_Trust_HO3.pdf,CONDITION_STANDARD,,PASS,
ALL-200,Allied Trust HO3,OTHER,RULE,DECLINES,"Homes with trees overhanging the roof or in dangerous proximity, or dead or damaged trees, may be ineligible.",YES_NO,,,,,"Homes with trees overhanging the roof or deemed by the company to be in dangerous proximity to the home, may be ineligible for coverage.",14.0,PASS,MEDIUM,'May be ineligible' is discretionary; section 10 states overhanging trees flatly as ineligible.,Allied_Trust_HO3.pdf,EVALUATE,,PASS,
ALL-201,Allied Trust HO3,OTHER,RULE,DECLINES,Properties with dead or damaged trees are ineligible.,YES_NO,,,,,Properties with dead or damaged trees are a liability hazard and are ineligible for coverage.,14.0,PASS,HIGH,,Allied_Trust_HO3.pdf,EVALUATE,,PASS,
ALL-202,Allied Trust HO3,OTHER,RULE,DECLINES,"Homes with vegetation growing on roof, gutters, siding, porches or decks are ineligible.",YES_NO,,,,,"Homes with vegetation growing on roof, guttering, siding, porches or decks.",8.0,PASS,HIGH,,Allied_Trust_HO3.pdf,EVALUATE,,PASS,
ALL-203,Allied Trust HO3,OTHER,RULE,DECLINES,Properties with overgrown or unmaintained landscaping are ineligible.,YES_NO,,,,,Properties with overgrown landscaping or landscaping which is not maintained.,8.0,PASS,HIGH,,Allied_Trust_HO3.pdf,EVALUATE,,PASS,
ALL-204,Allied Trust HO3,OTHER,RULE,DECLINES,Risks with barbed wire or other hazardous fencing are ineligible.,YES_NO,,,,,Risks with barbed wire or other hazardous fencing material.,8.0,PASS,HIGH,,Allied_Trust_HO3.pdf,EVALUATE,,PASS,
ALL-205,Allied Trust HO3,OTHER,RULE,DECLINES,Risks with burglar bars of any type are ineligible.,YES_NO,,,,,Risks with burglar bars of any type.,8.0,PASS,HIGH,,Allied_Trust_HO3.pdf,EVALUATE,,PASS,
ALL-206,Allied Trust HO3,OTHER,RULE,CONDITION,"Homes must have smoke detectors near the kitchen, laundry, garage, circuit breakers and all sleeping areas.",YES_NO,,,,,"Home must be protected with smoke detectors in close proximity of kitchen, laundry, garage, circuit breaker and all sleeping areas.",14.0,PASS,HIGH,,Allied_Trust_HO3.pdf,EVALUATE,,PASS,
ALL-207,Allied Trust HO3,OTHER,RULE,CONDITION,"Properties must be well maintained and free of debris, clutter, trash, unused appliances and inoperable autos.",YES_NO,,,,,"Properties must be free of debris, clutter, trash, unused appliances, unused/ inoperable autos, brush piles, etc.",14.0,PASS,HIGH,,Allied_Trust_HO3.pdf,CONDITION_STANDARD,,PASS,
ALL-208,Allied Trust HO3,OTHER,RULE,DECLINES,Property address changes are not permitted except typographical corrections or USPS-stipulated changes.,YES_NO,,,,"Typographical corrections or USPS-stipulated changes, with written request and USPS documentation.","Changes to the property address are NOT permitted, except for corrections as a result of typographical errors",14.0,PASS,HIGH,,Allied_Trust_HO3.pdf,EVALUATE,,PASS,
ALL-209,Allied Trust HO3,OTHER,RULE,CONDITION,Insurance score is required.,YES_NO,,,,,Insurance Score Required,3.0,PASS,MEDIUM,Only the overview table mentions this; no minimum score is given.,Allied_Trust_HO3.pdf,EVALUATE,,PASS,
ALL-210,Allied Trust HO3,OTHER,RULE,COVERAGE_ONLY,Minimum wind/hail deductible is 2% on all HO3 policies.,MIN,2,% of Coverage A,,,The minimum wind/hail deductible is 2% on all HO3 policies.,9.0,PASS,HIGH,Deductible base is not stated in the guide.,Allied_Trust_HO3.pdf,NOT_ELIGIBILITY,,PASS,
ALL-211,Allied Trust HO3,OTHER,RULE,COVERAGE_ONLY,Minimum all other perils deductible is 1%.,MIN,1,%,,,Minimum All Other Perils deductible is 1%.,9.0,PASS,HIGH,,Allied_Trust_HO3.pdf,NOT_ELIGIBILITY,,PASS,
ALL-212,Allied Trust HO3,OTHER,RULE,COVERAGE_ONLY,"Scheduled personal property is available for owner-occupied primary homes only, not secondary/seasonal homes.",YES_NO,,,Scheduled personal property,,Owner occupied primary homes only; no seasonal/secondary homes,17.0,PASS,HIGH,,Allied_Trust_HO3.pdf,NOT_ELIGIBILITY,,PASS,
ALL-213,Allied Trust HO3,OTHER,RULE,REFERS_TO_UW,"Any single scheduled item of $5,000 or more, or total schedules over $20,000, must be referred to underwriting with photos and appraisal before binding.",MAX,5000 (item); 20000 (total),USD,Scheduled personal property,,"Any single item valued at $5,000 or greater must be referred to underwriting for approval",17.0,PASS,HIGH,,Allied_Trust_HO3.pdf,EVALUATE,,PASS,
ALL-214,Allied Trust HO3,OTHER,RULE,CONDITION,"A central station burglar alarm is required for scheduled personal property schedules over $50,000.",MAX,50000,USD,Scheduled personal property,,"Central Station Burglar Alarms must be installed for schedules over $50,000",17.0,PASS,HIGH,,Allied_Trust_HO3.pdf,EVALUATE,,PASS,
SAG-001,Sage Auros HO3,OCCUPANCY,RULE,DECLINES,Homes must be owner occupied.,YES_NO,yes,,,"Residence held in trust is eligible if occupied by the trustee, grantor or beneficiary.",Dwellings must be owner occupied:,2.0,PASS,HIGH,,Sage_-_Auros_HO3.pdf,EVALUATE,,PASS,
SAG-002,Sage Auros HO3,OCCUPANCY,RULE,DECLINES,Residences continuously unoccupied for 3 or more consecutive months are ineligible.,MAX,3,months,Primary occupancy and seasonal or secondary residences,,Residence not continuously unoccupied 3 or more consecutive months.,2.0,PASS,HIGH,Value is the threshold at which the home becomes ineligible (3 or more months).,Sage_-_Auros_HO3.pdf,EVALUATE,,PASS,
SAG-003,Sage Auros HO3,OCCUPANCY,RULE,DECLINES,Seasonal or secondary residences must be single family.,YES_NO,single family,,Seasonal or secondary residence,,Seasonal or Secondary Residence eligible if:  Single family.,2.0,PASS,HIGH,,Sage_-_Auros_HO3.pdf,EVALUATE,,PASS,
SAG-004,Sage Auros HO3,OCCUPANCY,RULE,CONDITION,Seasonal or secondary residences require arrangements for the property to be checked at least once per month while the owner is away.,MIN,1,checks per month,Seasonal or secondary residence,,The owner has made arrangements to have the property checked at least once per month while the owner is away.,2.0,PASS,HIGH,,Sage_-_Auros_HO3.pdf,EVALUATE,,PASS,
SAG-005,Sage Auros HO3,OCCUPANCY,RULE,DECLINES,"Vacant, unoccupied or for-sale properties are ineligible.",YES_NO,no,,,,"The following are ineligible: • Vacant, unoccupied or for sale properties.",3.0,PASS,HIGH,,Sage_-_Auros_HO3.pdf,EVALUATE,,PASS,
SAG-006,Sage Auros HO3,OCCUPANCY,RULE,REFERS_TO_UW,Owner-occupied primary residences with a mailing address different from the premises or a PO box are investigated by an underwriter.,TEXT,,,"Mailing address differs from residence premises address, or PO box address",,These will be investigated by an underwriter to determine that the separate mailing address and/or post office box is for convenience of mail delivery/pick up,3.0,PASS,MEDIUM,Wording says 'investigated by an underwriter' rather than 'refer'; treated as an underwriting review.,Sage_-_Auros_HO3.pdf,EVALUATE,,PASS,
SAG-007,Sage Auros HO3,OCCUPANCY,RULE,REFERS_TO_UW,New home purchases not occupied within 30 days of purchase must be referred to underwriting with the reason for delayed occupancy.,MAX,30,days,New home purchase,,New home purchase not to be occupied within 30 days of purchase must be referred to underwriting with the reason(s) for the delayed occupancy date,3.0,PASS,HIGH,,Sage_-_Auros_HO3.pdf,EVALUATE,,PASS,
SAG-008,Sage Auros HO3,OCCUPANCY,RULE,DECLINES,"Risks with tenants, roomers or boarders on short-term rentals such as vacation-only or weekly rentals are ineligible.",YES_NO,no,,"Includes entire-home rentals, other rental units of a multi-family dwelling, and rented other structures",,"Risks with any tenants, roomers or boarders renting on a short-term basis, such as vacation-only or weekly rentals.",3.0,PASS,HIGH,,Sage_-_Auros_HO3.pdf,EVALUATE,,PASS,
SAG-009,Sage Auros HO3,OCCUPANCY,RULE,DECLINES,Rental or home sharing of the entire owner-occupied primary residence is limited to 2 weeks.,MAX,2,weeks,"Primary residence, entire-home rental or home sharing",For multi-family homes only the insured's own primary unit cannot be rented more than 2 weeks; other units are eligible subject to the other rental guidelines.,Rental/home sharing of the entire owner-occupied residence: Primary – up to 2 weeks,3.0,PASS,HIGH,,Sage_-_Auros_HO3.pdf,EVALUATE,,PASS,
SAG-010,Sage Auros HO3,OCCUPANCY,RULE,DECLINES,"Rental or home sharing of an entire seasonal or secondary residence is limited to 6 months, and the owner must occupy it at least 6 months of the year.",MAX,6,months,"Seasonal or secondary residence, entire-home rental or home sharing",,Seasonal or Secondary – up to 6 months (home must be owner occupied at least 6 months of the year).,3.0,PASS,HIGH,,Sage_-_Auros_HO3.pdf,EVALUATE,,PASS,
SAG-011,Sage Auros HO3,OCCUPANCY,RULE,CONDITION,"Room rental or home sharing within the owner-occupied residence, including other structures, is limited to up to 3 bedrooms.",MAX,3,bedrooms,Room rental/home sharing within owner-occupied residence,Rental of 3 or more bedrooms at the same time is treated as rental of the entire home.,Room rental/home sharing within the owner-occupied residence including other structures of up to 3 bedrooms.,3.0,PASS,HIGH,,Sage_-_Auros_HO3.pdf,EVALUATE,,PASS,
SAG-012,Sage Auros HO3,OCCUPANCY,RULE,DECLINES,There is a total limit of 3 full-time rentals of two-to-four family units or other structures rented for dwelling purposes.,MAX,3,full-time rentals,Two to four family dwelling where insured occupies one unit; other structures rented to others for dwelling purposes only,,These rental occupancies are eligible. There is a total limit of three full time rentals of any of the following:,3.0,PASS,HIGH,,Sage_-_Auros_HO3.pdf,EVALUATE,,PASS,
SAG-013,Sage Auros HO3,OCCUPANCY,RULE,DECLINES,Properties rented to full-time students are ineligible.,YES_NO,no,,Rental occupancy,,Properties rented to full-time students.,4.0,PASS,HIGH,,Sage_-_Auros_HO3.pdf,EVALUATE,,PASS,
SAG-014,Sage Auros HO3,OCCUPANCY,RULE,DECLINES,More than 2 unrelated tenants per unit are ineligible.,MAX,2,unrelated tenants per unit,Rental occupancy,"For multi-family homes, each family unit (2-4) can have 2 unrelated tenants each.",More than 2 unrelated tenants per unit.,4.0,PASS,HIGH,,Sage_-_Auros_HO3.pdf,EVALUATE,,PASS,
SAG-015,Sage Auros HO3,OCCUPANCY,RULE,CONDITION,"If more than 1 unit is a rental, all units must have a full-time renter.",TEXT,,,3-4 family home with more than 1 rental unit,A unit without a tenant is acceptable if it is available or held for rental to a long-term renter (6 months or more).,If more than 1 unit is a rental (ex: 3-4 family home) then all units must have a full-time renter to be eligible.,4.0,PASS,HIGH,,Sage_-_Auros_HO3.pdf,EVALUATE,,PASS,
SAG-016,Sage Auros HO3,OCCUPANCY,RULE,INFO_ONLY,A residence rented or held for rental for more than 2 weeks annually is considered a rental.,MIN,2,weeks,Rating and underwriting definition,,"For rating and underwriting purposes, any residence rented or held for rental for more than two weeks on an annual basis, is considered to be a rental.",4.0,PASS,HIGH,,Sage_-_Auros_HO3.pdf,NOT_ELIGIBILITY,,PASS,
SAG-017,Sage Auros HO3,OWNERSHIP,RULE,DECLINES,"Corporate, business, LLC, association, partnership or other non-individual owned properties are ineligible.",DISALLOWED_LIST,Corporate/business; LLC; association; partnership; other non-individual,,,,"Corporate / Business, LLC, association, partnership or other non-individual owned properties are ineligible.",2.0,PASS,HIGH,,Sage_-_Auros_HO3.pdf,EVALUATE,,PASS,
SAG-018,Sage Auros HO3,OWNERSHIP,RULE,DECLINES,Homes must be owned by one individual or by two individuals with at least one occupying the residence.,TEXT,,,,A married couple is considered one individual.,"Dwelling properties must be individually owned and occupied, or owned together by two individuals as long as one of the individuals occupies the residence.",2.0,PASS,HIGH,,Sage_-_Auros_HO3.pdf,EVALUATE,,PASS,
SAG-019,Sage Auros HO3,OWNERSHIP,RULE,CONDITION,"A residence held in trust is eligible if occupied by the trustee, the grantor or the beneficiary of the trust.",TEXT,,,Residence held in trust,,"Residence Held in Trust if the residence is occupied by the trustee, the grantor of the trust, or the beneficiary of the trust.",2.0,PASS,HIGH,,Sage_-_Auros_HO3.pdf,EVALUATE,,PASS,
SAG-020,Sage Auros HO3,DWELLING_TYPE,RULE,DECLINES,Homes must be one-to-four family dwellings.,MAX,4,families,,,"Owner occupant of a one, two, three or four family dwelling.",2.0,PASS,MEDIUM,"Maximum of 4 units is implied by who the policy 'may be issued to', not stated as an exclusion.",Sage_-_Auros_HO3.pdf,EVALUATE,,PASS,
SAG-021,Sage Auros HO3,DWELLING_TYPE,RULE,DECLINES,"Mobile homes, manufactured homes and motor homes used as a residence are ineligible.",YES_NO,no,,Primary home or other structures on the property; not used only for recreational purposes,Modular homes constructed at the home site on a permanent foundation are eligible. Presence of a foundation or removal of wheels does not make them eligible. They cannot be excluded to make the policy eligible.,"Mobile Homes, Manufactured Homes, or Motor Homes being used as a residence on the property and not used only for recreational purposes (primary home or other structures) are ineligible.",4.0,PASS,HIGH,,Sage_-_Auros_HO3.pdf,EVALUATE,,PASS,
SAG-022,Sage Auros HO3,DWELLING_TYPE,RULE,CONDITION,To be eligible the home must be a permanent dwelling on a permanent foundation with final construction at the home site.,TEXT,,,Homes that could be mobile-type construction,Modular homes constructed at the home site are eligible.,To be eligible the home must be a permanent dwelling on a permanent foundation with the final construction occurring at the home site,4.0,PASS,HIGH,,Sage_-_Auros_HO3.pdf,EVALUATE,,PASS,
SAG-023,Sage Auros HO3,DWELLING_TYPE,RULE,DECLINES,Dwellings originally built for other than private residence occupancy are ineligible.,YES_NO,no,,,,Dwellings originally built for other than private residence occupancy.,3.0,PASS,HIGH,,Sage_-_Auros_HO3.pdf,EVALUATE,,PASS,
SAG-024,Sage Auros HO3,DWELLING_TYPE,SILENT,,"The guide does not address condos or townhomes (searched for condo, townhome).",,,,,,,,,HIGH,,Sage_-_Auros_HO3.pdf,SILENT,,,
SAG-025,Sage Auros HO3,HOME_AGE,NO_RESTRICTION,ALLOWS,"All years of construction are allowed, subject to all other eligibility criteria.",,,,,,"All years are allowed, subject to all other eligibility criteria.",2.0,PASS,HIGH,,Sage_-_Auros_HO3.pdf,ALLOWS,,PASS,
SAG-026,Sage Auros HO3,HOME_AGE,RULE,CONDITION,Rentals built before 1980 are eligible with a signed acknowledgement of the lead exclusion.,TEXT,,,Rental occupancies,,"Lead exposure is excluded, so potential lead exposures (rentals built prior to 1980) are eligible with signed acknowledgement of the exclusion.",3.0,PASS,HIGH,,Sage_-_Auros_HO3.pdf,EVALUATE,,PASS,
SAG-027,Sage Auros HO3,HOME_AGE,RULE,COVERAGE_ONLY,Homes built before 1940 receive replacement cost through the Functional Replacement Cost Loss Settlement Endorsement HO 05 30 at a lower replacement cost factor; full like kind and quality requires accepting the full factor.,TEXT,,,Homes built prior to 1940,,Replacement cost is provided via the Functional Replacement Cost Loss Settlement Endorsement HO 05 30. A lower replacement cost factor is used.,9.0,PASS,HIGH,,Sage_-_Auros_HO3.pdf,NOT_ELIGIBILITY,,PASS,
SAG-028,Sage Auros HO3,ROOF_ELIG,RULE,CONDITION,3-tab asphalt shingle or other non-permanent roofs over 15 years old require a roofer's statement that the roof is in good condition and does not need replacement.,MAX,15,years,"3 tab asphalt shingles or other non-permanent roofing materials (asphalt shingles, wood shingle/shakes, rubber, etc.), except Architectural shingles",Statement must be on the Roof Condition Form or roofer's own letterhead with license number (if available) and signature.,over 15 years old – for 3 tab asphalt singles or other non-permanent materials (except Architectural shingles),12.0,PASS,HIGH,,Sage_-_Auros_HO3.pdf,IGNORE_INSPECTION,,PASS,
SAG-029,Sage Auros HO3,ROOF_ELIG,RULE,CONDITION,Architectural shingle roofs over 25 years old require a roofer's statement that the roof is in good condition and does not need replacement.,MAX,25,years,Architectural shingles,Statement must be on the Roof Condition Form or roofer's own letterhead with license number (if available) and signature.,over 25 years old – for Architectural shingles,12.0,PASS,HIGH,,Sage_-_Auros_HO3.pdf,IGNORE_INSPECTION,,PASS,
SAG-030,Sage Auros HO3,ROOF_ELIG,RULE,DECLINES,"Roofs showing signs of advanced age such as patching, leaks, lifting, curling or broken shingles are ineligible.",YES_NO,no,,,,"Roofs showing signs of advanced age including patching, evidence of leaks, lifting, curling or broken shingles.",12.0,PASS,HIGH,,Sage_-_Auros_HO3.pdf,EVALUATE,,PASS,
SAG-031,Sage Auros HO3,ROOF_ELIG,RULE,DECLINES,Roofs with unrepaired damage or accumulated debris including excess moss growth are ineligible.,YES_NO,no,,,,"Roofs with unrepaired damage, or accumulated debris including excess moss growth.",12.0,PASS,HIGH,,Sage_-_Auros_HO3.pdf,CONDITION_STANDARD,,PASS,
SAG-032,Sage Auros HO3,ROOF_ELIG,RULE,DECLINES,Flat roofs that have not been fully renovated are ineligible with a prior roof-related wind or water loss.,YES_NO,no,,Flat roof not fully renovated with a prior roof-related wind or water loss,The guide says to refer to underwriting with a prior wind or water loss.,Flat roofs that have not been fully renovated are ineligible with a prior roof-related wind or water loss. Refer to underwriting with a prior wind or water loss.,12.0,PASS,MEDIUM,The sentence both declares ineligibility and says to refer; effect could be read as REFERS_TO_UW.,Sage_-_Auros_HO3.pdf,EVALUATE,,PASS,
SAG-033,Sage Auros HO3,ROOF_ELIG,RULE,DECLINES,"Metal roofs on the primary dwelling other than steel (such as aluminum or tin, or steel lighter than 29 gauge) are ineligible.",MIN,29,gauge,Metal roofs on the primary dwelling,Steel roofs must be a minimum 29 gauge and properly installed and maintained per manufacturer specifications and local codes. Patio covers and other structures with metal roofs are eligible.,"Metal roofs on the primary dwelling, other than steel (e.g., aluminum or tin of any gauge or light weight steel less than 29 gauge).",12.0,PASS,MEDIUM,"'Minimum 29 gauge' as written; gauge numbers run opposite to thickness, so confirm the intended direction with the carrier.",Sage_-_Auros_HO3.pdf,EVALUATE,,PASS,
SAG-034,Sage Auros HO3,ROOF_ELIG,RULE,DECLINES,Roofs with more than 2 layers of shingles or roofing materials are ineligible.,MAX,2,layers,Includes flat roofs,,More than two layers of shingles or roofing materials (includes flat roofs).,12.0,PASS,HIGH,,Sage_-_Auros_HO3.pdf,EVALUATE,,PASS,
SAG-035,Sage Auros HO3,ROOF_ELIG,RULE,DECLINES,Roofs of T-Lock or inter-locking shingles are ineligible.,DISALLOWED_LIST,T-Lock shingles; inter-locking shingles,,,,Roofs with/of T-Lock or inter-locking shingles.,12.0,PASS,HIGH,,Sage_-_Auros_HO3.pdf,EVALUATE,,PASS,
SAG-036,Sage Auros HO3,ROOF_SETTLEMENT,RULE,COVERAGE_ONLY,"All policies exclude cosmetic marring due to hail on all roof types, and a signed acknowledgement is required.",TEXT,,,All roof types,Cosmetic marring due to hail to other property under Coverage A and B is subject to a cap of 2% of the applicable coverage limit.,All policies will automatically include an exclusion for Cosmetic Marring due to hail to all roof types.,12.0,PASS,HIGH,,Sage_-_Auros_HO3.pdf,NOT_ELIGIBILITY,,PASS,
SAG-037,Sage Auros HO3,CONSTRUCTION,RULE,DECLINES,"Dwellings with EIFS, DEFS or Dryvit are ineligible unless used only as trim or a minimal portion of the siding.",YES_NO,no,,"EIFS, DEFS and Dryvit exterior materials",Eligible if used as trim or comprising only a minimal portion of total siding.,"Dwellings with Exterior Insulation and Finish Systems (EIFS), Direct Applied Exterior Finish Systems (DEFS) and Dryvit construction materials are ineligible unless used as trim or comprising only a minimal portion of total siding.",5.0,PASS,HIGH,,Sage_-_Auros_HO3.pdf,EVALUATE,,PASS,
SAG-038,Sage Auros HO3,CONSTRUCTION,RULE,DECLINES,Primary dwellings that are metal buildings are ineligible.,YES_NO,no,,Primary dwelling,,Primary dwellings that are metal buildings are ineligible.,4.0,PASS,HIGH,,Sage_-_Auros_HO3.pdf,EVALUATE,,PASS,
SAG-039,Sage Auros HO3,CONSTRUCTION,RULE,REFERS_TO_UW,"Large metal other structures over 750 square feet are eligible by referral if in good condition, solidly constructed, for personal use only and the overall risk is above average.",MAX,750,square feet,"Metal other structures (barn, shed, pool house, guest house, workshop, boat house)",Referral required for those over 750 sq ft.,"Large metal other structures (over 750 square feet) (e.g., barn, shed, pool house, guest house, workshop, boat house) are eligible by referral if they are:",4.0,PASS,HIGH,,Sage_-_Auros_HO3.pdf,EVALUATE,,PASS,
SAG-040,Sage Auros HO3,CONSTRUCTION,RULE,DECLINES,"Log, earth, underground, do-it-yourself, geodesic dome, A-frame or other unconventional construction main dwellings are ineligible.",DISALLOWED_LIST,Log; earth; underground; do it yourself; Geodesic dome; A-Frame; other unconventional construction,,Main dwelling; also additions or other structures on the premises,Other structures can be referred to the underwriter and will be considered if they meet building codes and pass local building and occupancy inspections.,The main dwelling is always ineligible. Other structures can be referred to the underwriter for consideration.,5.0,PASS,HIGH,,Sage_-_Auros_HO3.pdf,EVALUATE_CURE_IS_INSPECTION,,PASS,
SAG-041,Sage Auros HO3,CONSTRUCTION,RULE,CONDITION,An ineligible other structure can be excluded using Coverage B Other Structures Exclusion HC045141 or Specified Other Structure(s) Exclusion HC175142 so an otherwise eligible primary residence can be written.,TEXT,,,Primary residence otherwise completely eligible with an ineligible or unconventional other structure,The underwriter must be satisfied that the primary structure is otherwise completely eligible.,Note: An otherwise eligible primary residence with an ineligible other structure could be eligible if the ineligible other structure is excluded via the Coverage B,5.0,PASS,HIGH,,Sage_-_Auros_HO3.pdf,EVALUATE,,PASS,
SAG-042,Sage Auros HO3,PLUMBING,RULE,DECLINES,Homes with polybutylene pipes are ineligible.,DISALLOWED_LIST,Polybutylene,,,,Homes with Polybutylene pipes are ineligible.,11.0,PASS,HIGH,,Sage_-_Auros_HO3.pdf,EVALUATE,,PASS,
SAG-043,Sage Auros HO3,PLUMBING,RULE,CONDITION,All pipes and fixtures must be maintained and updated in good working order.,TEXT,,,,,All pipes and fixtures must have been maintained and updated in good working order.,11.0,PASS,HIGH,,Sage_-_Auros_HO3.pdf,CONDITION_STANDARD,,PASS,
SAG-044,Sage Auros HO3,ELECTRICAL,RULE,DECLINES,Electrical service of less than 100 amps is ineligible.,MIN,100,amps,,,Electrical systems for dwellings are ineligible if they have: • Less than 100 amp service.,11.0,PASS,HIGH,,Sage_-_Auros_HO3.pdf,EVALUATE,,PASS,
SAG-045,Sage Auros HO3,ELECTRICAL,RULE,DECLINES,"Aluminum wiring, knob and tube wiring or fuses are ineligible.",DISALLOWED_LIST,Aluminum wiring; knob and tube wiring; fuses,,,,"Any aluminum wiring, knob and tube wiring or fuses.",11.0,PASS,HIGH,,Sage_-_Auros_HO3.pdf,EVALUATE,,PASS,
SAG-046,Sage Auros HO3,ELECTRICAL,RULE,DECLINES,"Federal Pacific, Zinsco, Challenger or Sylvania FPE Stab Lok circuit breakers or electrical panels are ineligible.",DISALLOWED_LIST,Federal Pacific; Zinsco; Challenger; Sylvania; FPE Stab Lok,,,,"Federal Pacific, Zinsco Challenger or Sylvania FPE Stab Lok Circuit Breaker or electrical panels.",11.0,PASS,MEDIUM,Brand list punctuation is ambiguous (Zinsco Challenger vs Zinsco and Challenger).,Sage_-_Auros_HO3.pdf,EVALUATE,,PASS,
SAG-047,Sage Auros HO3,OTHER_SYSTEMS,RULE,DECLINES,Dwellings must have a thermostatically controlled central heating system.,YES_NO,yes,,,,The dwelling must have the following in order to be eligible: • A thermostatically controlled central heating system.,12.0,PASS,HIGH,,Sage_-_Auros_HO3.pdf,EVALUATE,,PASS,
SAG-048,Sage Auros HO3,OTHER_SYSTEMS,RULE,CONDITION,Furnaces or burners must have been replaced within 30 years unless a licensed HVAC contractor's letter attests to mechanical soundness.,MAX,30,years,Furnace or burner,Contractor's written letter on own letterhead reviewed by underwriting prior to binding.,"Furnace or burner must have been replaced within the past 30 years, unless inspected by a licensed HVAC contractor attesting to its mechanical soundness.",12.0,PASS,HIGH,,Sage_-_Auros_HO3.pdf,EVALUATE,,PASS,
SAG-049,Sage Auros HO3,OTHER_SYSTEMS,RULE,DECLINES,"Dwellings with wood, wood pellet or coal stoves are ineligible.",DISALLOWED_LIST,Wood stoves; wood pellet stoves; coal stoves,,,,"Dwellings with wood, wood pellet and coal stoves are ineligible.",12.0,PASS,HIGH,,Sage_-_Auros_HO3.pdf,EVALUATE,,PASS,
SAG-050,Sage Auros HO3,OTHER_SYSTEMS,SILENT,,"The guide does not address water heaters or cooling/air-conditioning systems (searched for water heater, air condition, HVAC).",,,,,,,,,HIGH,,Sage_-_Auros_HO3.pdf,SILENT,,,
SAG-051,Sage Auros HO3,FOUNDATION,NO_RESTRICTION,ALLOWS,"Dwellings with open foundations, including pilings, piers, pillars or posts, are eligible.",,,,,,"Dwellings with open foundations, including pilings, piers, pillars or posts are eligible.",5.0,PASS,HIGH,,Sage_-_Auros_HO3.pdf,ALLOWS,,PASS,
SAG-052,Sage Auros HO3,FOUNDATION,RULE,DECLINES,Dwellings not on a permanent foundation are ineligible.,YES_NO,permanent foundation,,,,Dwellings not on a permanent foundation are ineligible.,5.0,PASS,HIGH,,Sage_-_Auros_HO3.pdf,EVALUATE,,PASS,
SAG-053,Sage Auros HO3,FOUNDATION,RULE,DECLINES,Properties with any prior slab or sinkhole damage or evidence of settling (cracks) in the structure are ineligible.,YES_NO,no,,,,"Properties with any prior slab, sinkhole damage or evidence of settling (cracks) in the structure, or located in area with sinkhole activity in the general vicinity, are ineligible.",7.0,PASS,HIGH,,Sage_-_Auros_HO3.pdf,EVALUATE,,PASS,
SAG-054,Sage Auros HO3,FOUNDATION,RULE,COVERAGE_ONLY,"Foundation coverage limit options are $5,000, $10,000, $15,000 or $25,000.",ALLOWED_LIST,5000; 10000; 15000; 25000,USD,,,"Foundation coverage limit options of $5,000, $10,000, $15,000 or $25,000 are available.",7.0,PASS,HIGH,,Sage_-_Auros_HO3.pdf,NOT_ELIGIBILITY,,PASS,
SAG-055,Sage Auros HO3,POOL,RULE,DECLINES,"In-ground pools must be completely surrounded by a permanent fence or wall at least 4 ft high with a combination, padlocked or self-locking/self-latching gate.",MIN,4,feet,In ground pools,,"Unfenced or unwalled in ground pools, or fenced/walled without a combination or padlocked gate or self-locking or self-latching mechanism.",6.0,PASS,HIGH,,Sage_-_Auros_HO3.pdf,EVALUATE,,PASS,
SAG-056,Sage Auros HO3,POOL,RULE,DECLINES,"Above-ground pools under 4 ft high need a separate fence of 4 ft or higher with a combination, padlocked or self-locking/self-latching gate.",MIN,4,feet,Above ground pools less than 4 feet in height,,"Above ground pools, less than 4 feet in height without a separate fence (4 feet or higher) or fenced without a combination or padlocked gate",6.0,PASS,HIGH,,Sage_-_Auros_HO3.pdf,EVALUATE,,PASS,
SAG-057,Sage Auros HO3,POOL,RULE,DECLINES,Above-ground pools 4 ft or higher with immovable ladders are ineligible.,YES_NO,no,,Above ground pools 4 feet or higher,,Above ground pools 4 feet or higher that have immovable ladders.,6.0,PASS,HIGH,,Sage_-_Auros_HO3.pdf,EVALUATE,,PASS,
SAG-058,Sage Auros HO3,POOL,RULE,DECLINES,"Pools attached to decking without locked gates (combination, padlocked or self-locking/self-latching) are ineligible.",YES_NO,locked gate,,Pools attached to decking,,Pools attached to decking that don’t have locked gates (combination or padlocked gate or self-locking or self-latching mechanism).,6.0,PASS,HIGH,,Sage_-_Auros_HO3.pdf,EVALUATE,,PASS,
SAG-059,Sage Auros HO3,POOL,RULE,DECLINES,Unfilled pools not completely and securely covered are ineligible.,YES_NO,no,,Unfilled swimming pools,A cinder block anchored cover is not sufficient; permanently anchored tarpaulin is given as an example of an acceptable cover.,"Unfilled swimming pools that are not completely and securely covered (e.g., permanently anchored tarpaulin).",6.0,PASS,HIGH,,Sage_-_Auros_HO3.pdf,EVALUATE,,PASS,
SAG-060,Sage Auros HO3,POOL,RULE,CONDITION,Pools with slides or diving boards are eligible with a signed acknowledgement of the exclusion.,YES_NO,signed acknowledgement,,Pools with slides or diving boards,Diving boards and pool slides are automatically excluded.,Pools with slides or diving boards are eligible with a signed acknowledgement of the exclusion.,6.0,PASS,HIGH,,Sage_-_Auros_HO3.pdf,EVALUATE,,PASS,
SAG-061,Sage Auros HO3,POOL,RULE,DECLINES,"Short-term rentals with pools of less than 6 month lease, including day/party rentals such as Swimply, are ineligible.",MIN,6,months lease,Short-term rentals with pools,,Short-term rentals with pools of less than 6 month lease and including any day/party rentals such as Swimply:,4.0,PASS,HIGH,,Sage_-_Auros_HO3.pdf,EVALUATE,,PASS,
SAG-062,Sage Auros HO3,POOL,RULE,COVERAGE_ONLY,"Windstorm and hail coverage is excluded for pool roof covers, pool cages, patio covers and aluminum carports via mandatory endorsement HC1753301; limited coverage up to $50,000 can be added for an additional premium.",MAX,50000,USD,Swimming pool or patio enclosures,The exclusion does not apply to a patio enclosure or carport fully covered by the roof of the main dwelling.,Mandatory endorsement Swimming Pool And/Or Patio Enclosure Exclusion And Limited Coverage endorsement HC1753301 excludes windstorm and hail coverage for:,5.0,PASS,HIGH,,Sage_-_Auros_HO3.pdf,NOT_ELIGIBILITY,,PASS,
SAG-063,Sage Auros HO3,LIABILITY_HAZARDS,RULE,CONDITION,Properties with a trampoline are eligible with a signed acknowledgement of the liability exclusion.,YES_NO,signed acknowledgement,,Trampolines with or without netting,Liability coverage for trampolines is excluded via the Special Provisions.,properties with a trampoline are eligible with signed acknowledgement of the exclusion.,6.0,PASS,HIGH,,Sage_-_Auros_HO3.pdf,EVALUATE,,PASS,
SAG-064,Sage Auros HO3,LIABILITY_HAZARDS,RULE,DECLINES,"Properties with skateboard ramps, bicycle jumps, treehouses, batting cages, zip lines or other attractive nuisances (except trampolines) are ineligible.",DISALLOWED_LIST,Skateboard ramps; bicycle jumps; treehouses; batting cages; zip lines; other attractive nuisances,,,Trampolines are excepted (eligible with signed acknowledgement).,"Properties with skateboard ramps and bicycle jumps, treehouses, batting cages, zip lines, and any other attractive nuisance (except trampolines) are ineligible.",6.0,PASS,HIGH,,Sage_-_Auros_HO3.pdf,EVALUATE,,PASS,
SAG-065,Sage Auros HO3,LIABILITY_HAZARDS,RULE,DECLINES,Insured-owned ponds visible from the main road and not enclosed by a fence or wall of at least 4 ft are ineligible.,MIN,4,feet,"Ponds owned by the insured, including joint ownership, visible from the main road","Unfenced ponds are eligible if owned by an association or other entity, or if owned by the insured but not visible from the main road.",Ponds on the property owned by the insured (including ponds with joint ownership by multiple homeowner units) that are visible from the main road and not completely enclosed with a minimum 4 foot fence or wall are ineligible.,6.0,PASS,HIGH,,Sage_-_Auros_HO3.pdf,EVALUATE,,PASS,
SAG-066,Sage Auros HO3,LIABILITY_HAZARDS,RULE,CONDITION,Underground fuel tanks (active or inactive) are eligible with a signed acknowledgement of the escaped liquid fuel exclusion.,YES_NO,signed acknowledgement,,Fuel tanks,,Underground Fuel Tanks (active or inactive) are eligible with signed acknowledgement of the exclusion.,5.0,PASS,HIGH,,Sage_-_Auros_HO3.pdf,EVALUATE,,PASS,
SAG-067,Sage Auros HO3,ANIMALS,RULE,CONDITION,Homes with a specified dog breed are eligible with a signed acknowledgement of the liability exclusion.,DISALLOWED_LIST,"Akita; Alaskan Malamute; American Staffordshire Terrier; Boxer; Bull Terrier; Bull Mastiff; Chow Chow; Giant Schnauzer; Great Dane; Mastiff; Neapolitan Mastiff; Ovtcharka; Pit Bull; Presa Canario; Rhodesian Ridgeback; Rottweiler; Siberian Husky; Staffordshire Bull Terrier; Wolf or Wolf Hybrid; guard dog breeds such as Doberman Pinscher, German Shepherd; mixes of these breeds",,Specified dog breeds on the endorsement list,Dogs not meeting the specified-breed definition are eligible with automatic liability coverage and no special endorsement.,Homes with a “Specified Dog Breed” are eligible with a signed acknowledgement of the exclusion.,6.0,PASS,HIGH,,Sage_-_Auros_HO3.pdf,EVALUATE,,PASS,
SAG-068,Sage Auros HO3,ANIMALS,RULE,CONDITION,"Homes with a dog known to have attacked or bitten a person (vicious canine, any breed) are eligible only with a signed acknowledgement of the liability exclusion.",YES_NO,signed acknowledgement,,"Vicious canine regardless of breed that any insured knows or should have known has attacked, bitten or caused bodily injury",,"Vicious canine regardless of breed, that any “insured” knows or should have known has attacked, bitten, or otherwise caused “bodily injury” to any person; or",7.0,PASS,MEDIUM,"Listed within the definition of Specified Breed of Dog, so the acknowledgement route is inferred from page 6.",Sage_-_Auros_HO3.pdf,EVALUATE,,PASS,
SAG-069,Sage Auros HO3,ANIMALS,RULE,CONDITION,Homes with prohibited wild or exotic animals are eligible with a signed acknowledgement of the exclusion.,YES_NO,signed acknowledgement,,Wild and exotic animals,,Homes with a prohibited wild and exotic animal are eligible with a signed acknowledgement of the exclusion.,7.0,PASS,HIGH,,Sage_-_Auros_HO3.pdf,EVALUATE,,PASS,
SAG-070,Sage Auros HO3,ANIMALS,RULE,CONDITION,"Homes with farm, saddle or hooved animals are eligible with a signed acknowledgement of the exclusion.",YES_NO,signed acknowledgement,,"Farm, saddle or hooved animals",,"Homes with farm, saddle or hooved animals are eligible with a signed acknowledgement of the exclusion.",7.0,PASS,HIGH,,Sage_-_Auros_HO3.pdf,EVALUATE,,PASS,
SAG-071,Sage Auros HO3,SOLAR,SILENT,,"The guide does not address solar panels (searched for solar, photovoltaic).",,,,,,,,,HIGH,,Sage_-_Auros_HO3.pdf,SILENT,,,
SAG-072,Sage Auros HO3,PROTECTION_CLASS,NO_RESTRICTION,ALLOWS,"Any protection class is eligible when the fire station is 5 miles or less by driving distance and a hydrant is within 1,000 feet.",TEXT,,,"FPC any value; driving distance to fire station 5 miles or less; hydrant within 1,000 feet",,"• FPC is any value, and • Driving distance to fire station is 5 miles or less, and • Hydrant is within 1,000 feet.",9.0,PASS,HIGH,,Sage_-_Auros_HO3.pdf,ALLOWS,,PASS,
SAG-073,Sage Auros HO3,PROTECTION_CLASS,RULE,CONDITION,"Protection class 1-3 with a station within 5 miles but no hydrant within 1,000 feet is eligible only if visible from the main public road, has a central station fire alarm, and has year-round fire equipment access on a roadway at least 10 feet wide.",TEXT,,,"FPC 1-3; station 5 miles or less; hydrant greater than 1,000 feet or no hydrant",,"FPC is 1 – 3, and • Driving distance to fire station is 5 miles or less, and • Hydrant is greater than 1,000 feet / no hydrant.",10.0,PASS,MEDIUM,Matching of table rows to eligibility cells taken from layout.txt alignment (first condition set sits beside the two FPC 1-3 rows).,Sage_-_Auros_HO3.pdf,EVALUATE,,PASS,
SAG-074,Sage Auros HO3,PROTECTION_CLASS,RULE,CONDITION,"Protection class 1-3 with a station more than 5 miles away is eligible only if visible from the main public road, has a central station fire alarm, and has year-round fire equipment access on a roadway at least 10 feet wide.",TEXT,,,FPC 1-3; station more than 5 miles; any hydrant,,"FPC is 1 – 3, and • Driving distance to fire station is greater than 5 miles, and • Regardless of the presence or distance to fire hydrant.",10.0,PASS,MEDIUM,Matching of table rows to eligibility cells taken from layout.txt alignment.,Sage_-_Auros_HO3.pdf,EVALUATE,,PASS,
SAG-075,Sage Auros HO3,PROTECTION_CLASS,RULE,CONDITION,"Protection class 4-10 with a station within 5 miles but no hydrant within 1,000 feet is eligible only if visible from the public road, has a central station fire alarm, has year-round access 10 feet wide, the home is under 25 years old, primary occupancy only, no rentals and no prior fire losses.",TEXT,,,"FPC 4-10; station 5 miles or less; hydrant greater than 1,000 feet or no hydrant",,"FPC is 4 – 10, and • Driving distance to fire station is 5 miles or less, and • Hydrant is greater than 1,000 feet / no hydrant.",10.0,PASS,MEDIUM,"Matching of table rows to eligibility cells taken from layout.txt alignment (second, longer condition set sits beside FPC 4-10 and FPC 4-8 rows).",Sage_-_Auros_HO3.pdf,EVALUATE,,FAIL,Multi-column table or bullet layout is interleaved differently in the app's stored text. Check the PDF page.
SAG-076,Sage Auros HO3,PROTECTION_CLASS,RULE,CONDITION,"Protection class 4-8 with a station more than 5 miles away is eligible only if visible from the public road, has a central station fire alarm, has year-round access 10 feet wide, the home is under 25 years old, primary occupancy only, no rentals and no prior fire losses.",TEXT,,,FPC 4-8; station more than 5 miles; any hydrant,,"FPC is 4 – 8, and • Driving distance to fire station is greater than 5 miles, and • Regardless of the presence or distance to fire hydrant.",10.0,PASS,MEDIUM,Matching of table rows to eligibility cells taken from layout.txt alignment.,Sage_-_Auros_HO3.pdf,EVALUATE,,PASS,
SAG-077,Sage Auros HO3,PROTECTION_CLASS,RULE,DECLINES,Protection class 9 or greater with a station more than 5 miles away is ineligible.,MIN,9,PPC,FPC 9 or greater; driving distance to fire station greater than 5 miles; any hydrant,,"FPC is 9 or greater, and • Driving distance to fire station is greater than 5 miles, and • Regardless of the presence or distance to fire hydrant.",10.0,PASS,HIGH,,Sage_-_Auros_HO3.pdf,EVALUATE,,PASS,
SAG-078,Sage Auros HO3,HOME_AGE,RULE,CONDITION,"Homes in the higher-risk fire protection rows (PPC 4-10 with no close hydrant, or PPC 4-8 beyond 5 miles) must be less than 25 years old.",MAX,25,years,FPC 4-10 / 4-8 table rows requiring the extended criteria,Strictly less than 25 years.,"• Age of Home must be less than 25 years, and • Primary occupancy dwellings only, and • No rental exposures allowed, and • No prior fire losses.",10.0,PASS,MEDIUM,Applies only to specific protection-class table rows.,Sage_-_Auros_HO3.pdf,EVALUATE,,PASS,
SAG-079,Sage Auros HO3,OCCUPANCY,RULE,CONDITION,Homes in the higher-risk fire protection rows must be primary occupancy only with no rental exposures.,TEXT,,,FPC 4-10 / 4-8 table rows requiring the extended criteria,,"• Age of Home must be less than 25 years, and • Primary occupancy dwellings only, and • No rental exposures allowed, and • No prior fire losses.",10.0,PASS,MEDIUM,Applies only to specific protection-class table rows.,Sage_-_Auros_HO3.pdf,EVALUATE,,PASS,
SAG-080,Sage Auros HO3,LOSS_HISTORY,RULE,CONDITION,Homes in the higher-risk fire protection rows must have no prior fire losses.,TEXT,,,FPC 4-10 / 4-8 table rows requiring the extended criteria,,"• Age of Home must be less than 25 years, and • Primary occupancy dwellings only, and • No rental exposures allowed, and • No prior fire losses.",10.0,PASS,MEDIUM,Applies only to specific protection-class table rows.,Sage_-_Auros_HO3.pdf,EVALUATE,,PASS,
SAG-081,Sage Auros HO3,LOCATION,RULE,DECLINES,"Property must be in South Texas, meaning a county located entirely south of 31 degrees North, or in one of the listed East Texas counties.",TEXT,,,,Nueces county is excluded from South Texas; East Texas counties are listed separately.,"South Texas (meaning a county located entirely south of 31 degrees North) except Nueces county, or",2.0,PASS,MEDIUM,"County list for South Texas is a geographic definition, not an enumerated list; verify by county latitude.",Sage_-_Auros_HO3.pdf,EVALUATE,,PASS,
SAG-082,Sage Auros HO3,LOCATION,RULE,DECLINES,Nueces county is ineligible.,DISALLOWED_LIST,Nueces,,,,"South Texas (meaning a county located entirely south of 31 degrees North) except Nueces county, or",2.0,PASS,HIGH,,Sage_-_Auros_HO3.pdf,EVALUATE,,PASS,
SAG-083,Sage Auros HO3,LOCATION,RULE,DECLINES,"The only eligible East Texas counties are Bell, Falls, Robertson, Leon, Madison, Houston, Trinity and Polk.",ALLOWED_LIST,Bell; Falls; Robertson; Leon; Madison; Houston; Trinity; Polk,,East Texas,,"One of the following counties in East Texas: Bell, Falls, Robertson, Leon, Madison, Houston, Trinity, and Polk.",2.0,PASS,HIGH,,Sage_-_Auros_HO3.pdf,EVALUATE,,PASS,
SAG-084,Sage Auros HO3,LOCATION,RULE,DECLINES,Main residences built over water or only accessible by water are ineligible.,YES_NO,no,,Main residence with all or any part built over water,"Other structures built over water such as a boat house are eligible, even if connected by a dock, walkway or fence.",Any main residence with all or any part of residence built over water or only accessible by water.,2.0,PASS,HIGH,,Sage_-_Auros_HO3.pdf,EVALUATE,,PASS,
SAG-085,Sage Auros HO3,LOCATION,RULE,DECLINES,Residences constructed in a condemned area or area scheduled to be condemned are ineligible.,YES_NO,no,,"Condemnation due to urban renewal, highway construction or other public project",,"Residence constructed in a condemned area or area scheduled to be condemned due to urban renewal, highway construction or other public project.",2.0,PASS,HIGH,,Sage_-_Auros_HO3.pdf,EVALUATE,,PASS,
SAG-086,Sage Auros HO3,LOCATION,RULE,DECLINES,Dwellings with a wildfire score over 80 and within 250 feet of wildland are ineligible.,TEXT,,,Wildfire score greater than 80 and distance to wildland 250 feet or less,,Dwellings with a wildfire score in excess of 80 and within 250 feet of wildland are ineligible.,5.0,PASS,HIGH,,Sage_-_Auros_HO3.pdf,EVALUATE,,PASS,
SAG-087,Sage Auros HO3,LOCATION,RULE,DECLINES,"Properties in sinkhole activity areas are ineligible, and zip codes may be added when sinkholes are identified.",YES_NO,no,,Located in area with sinkhole activity in the general vicinity,,"Properties with any prior slab, sinkhole damage or evidence of settling (cracks) in the structure, or located in area with sinkhole activity in the general vicinity, are ineligible.",7.0,PASS,HIGH,,Sage_-_Auros_HO3.pdf,EVALUATE,,PASS,
SAG-088,Sage Auros HO3,LOCATION,RULE,DECLINES,Extreme hazard coastal locations are ineligible.,YES_NO,no,,Extreme Hazard Locations,,Extreme Hazard Location properties are Ineligible.,14.0,PASS,HIGH,,Sage_-_Auros_HO3.pdf,EVALUATE,,PASS,
SAG-089,Sage Auros HO3,LOCATION,UNCLEAR,DECLINES,"Extreme hazard locations include barrier islands, Bolivar/Matagorda peninsulas, and areas within set distances of designated shorelines depending on county tier.",TEXT,,,Within 3 miles of primary shoreline in a tier 1 county; within 0.1 miles in a tier 2 county; within 0.04 miles of inner shoreline; front row of dwellings,,• Within 3 miles of the designated primary shoreline in a tier 1 county • Within 0.1 miles of the designated primary shoreline in a tier 2 county,14.0,PASS,LOW,Tier 1 and tier 2 counties and the designated shorelines are not defined in the text provided; cannot be applied without the carrier's tier or shoreline maps.,Sage_-_Auros_HO3.pdf,EVALUATE,,PASS,
SAG-090,Sage Auros HO3,LOCATION,RULE,COVERAGE_ONLY,"Very High Hazard locations (Galveston, Brazoria or Chambers county) are eligible with a 3% or higher Wind and Hail deductible, or a 3% or higher Hurricane deductible and a 1.5% AOP deductible.",MIN,3,% deductible,Very High Hazard location,Not applicable if the policy carries a wind exclusion HO 04 70 with TWIA wind coverage.,"Very High Hazard Location properties are eligible with a: • 3% or higher Wind and Hail Deductible, or • 3% or higher Hurricane Deductible and a 1.5% AOP Deductible",14.0,PASS,HIGH,,Sage_-_Auros_HO3.pdf,NOT_ELIGIBILITY,,PASS,
SAG-091,Sage Auros HO3,LOCATION,RULE,INFO_ONLY,"Very High Hazard locations are those not Extreme and located in Galveston, Brazoria or Chambers county.",ALLOWED_LIST,Galveston; Brazoria; Chambers,,Very High Hazard location definition,,"located: • In Galveston, Brazoria or Chambers county.",15.0,PASS,MEDIUM,The sentence beginning the definition is on page 14 and continues here.,Sage_-_Auros_HO3.pdf,NOT_ELIGIBILITY,,PASS,
SAG-092,Sage Auros HO3,LOCATION,RULE,COVERAGE_ONLY,"High Hazard locations (Harris county within 5 miles of the designated primary shoreline) are eligible with a 2% or higher Wind and Hail deductible, or a 2% or higher Hurricane deductible and a 1.5% AOP deductible.",MIN,2,% deductible,High Hazard location,Not applicable if the policy carries a wind exclusion HO 04 70 with TWIA wind coverage.,"High Hazard Location properties are eligible with a: • 2% or higher Wind and Hail Deductible, or • 2% or higher Hurricane Deductible and a 1.5% AOP Deductible",15.0,PASS,HIGH,,Sage_-_Auros_HO3.pdf,NOT_ELIGIBILITY,,PASS,
SAG-093,Sage Auros HO3,LOCATION,RULE,COVERAGE_ONLY,"Moderate Hazard locations (Harris or Fort Bend county) are eligible with a 2% or higher Wind and Hail deductible, or a 2% or higher Hurricane deductible and a 1.5% AOP deductible.",MIN,2,% deductible,Moderate Hazard location,Not applicable if the policy carries a wind exclusion HO 04 70 with TWIA wind coverage.,"Moderate Hazard Location properties are eligible with a: • 2% or higher Wind and Hail deductible, or • 2% or higher Hurricane Deductible and a 1.5% AOP Deductible",15.0,PASS,HIGH,,Sage_-_Auros_HO3.pdf,NOT_ELIGIBILITY,,PASS,
SAG-094,Sage Auros HO3,LOCATION,RULE,COVERAGE_ONLY,Low Hazard locations are eligible with a 1.5% or higher Wind and Hail deductible and no Hurricane deductible is available.,MIN,1.5,% deductible,"Low Hazard location (any location not Extreme, Very High, High or Moderate)",Not applicable if the policy carries a wind exclusion HO 04 70 with TWIA wind coverage.,Low Hazard Location properties are eligible with a: • 1.5% or higher Wind and Hail Deductible (a Hurricane deductible is not available),15.0,PASS,HIGH,,Sage_-_Auros_HO3.pdf,NOT_ELIGIBILITY,,PASS,
SAG-095,Sage Auros HO3,LOCATION,RULE,INFO_ONLY,Coastal guideline does not apply to policies with a Windstorm or Hail Exclusion HO 04 70 when wind coverage is provided through TWIA.,TEXT,,,Wind coverage exclusion with TWIA wind coverage,"Before binding the applicant must sign, date and submit endorsement HO 04 70 and affirm TWIA wind and hail coverage (no policy number or copy of TWIA policy required).",The Coastal guideline does not apply for policies written with a wind coverage exclusion (HO 04 70) with wind coverage provided through TWIA.,15.0,PASS,HIGH,,Sage_-_Auros_HO3.pdf,NOT_ELIGIBILITY,,PASS,
SAG-096,Sage Auros HO3,DWELLING_LIMITS,RULE,DECLINES,"Maximum Coverage A is $1,000,000.",MAX,1000000,USD,,,"• Coverage A (Dwelling): $1,000,000",8.0,PASS,MEDIUM,Maximum coverage limit is stated; effect on risks above it is inferred.,Sage_-_Auros_HO3.pdf,EVALUATE,,PASS,
SAG-097,Sage Auros HO3,DWELLING_LIMITS,RULE,COVERAGE_ONLY,The 25% Additional Amounts of Insurance option is the only limit available.,MAX,25,%,Coverage A,,25% Additional Amounts Of Insurance option is only limit available.,8.0,PASS,HIGH,,Sage_-_Auros_HO3.pdf,NOT_ELIGIBILITY,,PASS,
SAG-098,Sage Auros HO3,DWELLING_LIMITS,RULE,REFERS_TO_UW,"Risks with Coverage A under $85,000 are referred to underwriting with photos and documentation of the property condition.",MIN,85000,USD,Coverage A,,"Risks less than $85,000 will be referred to underwriting with photos and other documentation supporting the condition of the property.",9.0,PASS,HIGH,,Sage_-_Auros_HO3.pdf,EVALUATE,,PASS,
SAG-099,Sage Auros HO3,DWELLING_LIMITS,RULE,CONDITION,Dwellings must be insured to 100% of replacement cost.,MIN,100,% of replacement cost,,,Dwellings must be insured to 100% of replacement cost.,9.0,PASS,HIGH,,Sage_-_Auros_HO3.pdf,EVALUATE,,PASS,
SAG-100,Sage Auros HO3,DWELLING_LIMITS,RULE,COVERAGE_ONLY,Coverage B maximum is 10% of Coverage A.,MAX,10,% of Coverage A,Coverage B (Other Structures),HO 04 48 or HO 04 40 endorsements can write increased limits on a specific other structure.,Coverage B (Other Structures): 10% of Coverage A,8.0,PASS,HIGH,,Sage_-_Auros_HO3.pdf,NOT_ELIGIBILITY,,PASS,
SAG-101,Sage Auros HO3,DWELLING_LIMITS,RULE,COVERAGE_ONLY,Coverage C maximum is 100% of Coverage A.,MAX,100,% of Coverage A,"Coverage C (Personal Property), ACV and PPRC",,100% of Coverage A for both Actual Cash Value (ACV) and Personal Property Replacement Cost (PPRC) coverages.,8.0,PASS,HIGH,,Sage_-_Auros_HO3.pdf,NOT_ELIGIBILITY,,PASS,
SAG-102,Sage Auros HO3,DWELLING_LIMITS,RULE,COVERAGE_ONLY,Coverage D maximum is 30% of Coverage A.,MAX,30,% of Coverage A,Coverage D (Loss of Use),,Coverage D (Loss of Use): 30% of Coverage A,8.0,PASS,HIGH,,Sage_-_Auros_HO3.pdf,NOT_ELIGIBILITY,,PASS,
SAG-103,Sage Auros HO3,DWELLING_LIMITS,RULE,COVERAGE_ONLY,"Coverage E maximum is $500,000 per occurrence.",MAX,500000,USD,Coverage E (Liability),,"Coverage E (Liability): $500,000 per occurrence",8.0,PASS,HIGH,,Sage_-_Auros_HO3.pdf,NOT_ELIGIBILITY,,PASS,
SAG-104,Sage Auros HO3,DWELLING_LIMITS,RULE,COVERAGE_ONLY,"Coverage F maximum is $5,000 per person.",MAX,5000,USD,Coverage F (Medical Payments),,"Coverage F (Medical Payments): $5,000 per person",8.0,PASS,HIGH,,Sage_-_Auros_HO3.pdf,NOT_ELIGIBILITY,,PASS,
SAG-105,Sage Auros HO3,DWELLING_LIMITS,RULE,COVERAGE_ONLY,Coverage B minimum is zero with the Coverage B Other Structures Exclusion HC045141 attached.,MIN,0,USD,Coverage B (Other Structures),Coverage B can be purchased and a specific other structure excluded via HC175142 at underwriter's discretion.,Zero - attach the Coverage B Other Structures Exclusion HC045141 (excludes all Other Structures and provides no Coverage B).,9.0,PASS,HIGH,,Sage_-_Auros_HO3.pdf,NOT_ELIGIBILITY,,PASS,
SAG-106,Sage Auros HO3,DWELLING_LIMITS,RULE,COVERAGE_ONLY,Coverage C minimum is 10% of Coverage A.,MIN,10,% of Coverage A,"Coverage C, all 1-4 families, ACV and PPRC",,10% of Coverage A for both Actual Cash Value (ACV) and Personal Property Replacement Cost (PPRC) for all (1-4) families.,9.0,PASS,HIGH,,Sage_-_Auros_HO3.pdf,NOT_ELIGIBILITY,,PASS,
SAG-107,Sage Auros HO3,DWELLING_LIMITS,RULE,COVERAGE_ONLY,Coverage D minimum is 10% of Coverage A.,MIN,10,% of Coverage A,Coverage D (Loss of Use),,Coverage D (Loss of Use): 10% of Coverage A,9.0,PASS,HIGH,,Sage_-_Auros_HO3.pdf,NOT_ELIGIBILITY,,PASS,
SAG-108,Sage Auros HO3,DWELLING_LIMITS,RULE,COVERAGE_ONLY,"Coverage E minimum is $100,000 per occurrence.",MIN,100000,USD,Coverage E (Liability),,"Coverage E (Liability): $100,000 per occurrence",9.0,PASS,HIGH,,Sage_-_Auros_HO3.pdf,NOT_ELIGIBILITY,,PASS,
SAG-109,Sage Auros HO3,DWELLING_LIMITS,RULE,COVERAGE_ONLY,"Coverage F minimum is $1,000 per person.",MIN,1000,USD,Coverage F (Medical Payments),,"Coverage F (Medical Payments): $1,000 per person",9.0,PASS,HIGH,,Sage_-_Auros_HO3.pdf,NOT_ELIGIBILITY,,PASS,
SAG-110,Sage Auros HO3,DWELLING_LIMITS,RULE,COVERAGE_ONLY,"Dwellings with unique, unusual or special construction features are not eligible for the Additional Amounts of Insurance Coverage A option.",TEXT,,,Additional Amounts of Insurance Coverage A,"Examples: extensive ornate woodwork, wallpaper or flooring; stained glass windows; extensive slate roofs or other rare roofing or exterior materials.","Dwellings with unique, unusual or special construction features are not eligible for this coverage.",14.0,PASS,HIGH,,Sage_-_Auros_HO3.pdf,NOT_ELIGIBILITY,,PASS,
SAG-111,Sage Auros HO3,DWELLING_LIMITS,RULE,COVERAGE_ONLY,"Ordinance and Law coverage is provided up to 10% of Coverage A automatically, and only an increased limit of 25% is offered.",MAX,25,% of Coverage A,Ordinance and Law Coverage,,The base policy automatically provides up to 10% of the Coverage A Limit. Only increased limits of 25% is offered.,6.0,PASS,HIGH,,Sage_-_Auros_HO3.pdf,NOT_ELIGIBILITY,,PASS,
SAG-112,Sage Auros HO3,LOSS_HISTORY,RULE,DECLINES,No more than 2 non-zero losses of any type are accepted in the prior 3 years.,MAX,2,losses in 3 years,"Non-zero losses, cat or non-cat",Appliance water claims certified by TDI form WDR-1 and mold claims certified by TDI form MDR-1 are not counted.,Will accept up to 2 non-zero losses of any type (non-cat or cat) in the prior 3 years and up to 3 in the last 6 years.,8.0,PASS,HIGH,,Sage_-_Auros_HO3.pdf,EVALUATE,,PASS,
SAG-113,Sage Auros HO3,LOSS_HISTORY,RULE,DECLINES,No more than 3 non-zero losses of any type are accepted in the last 6 years.,MAX,3,losses in 6 years,"Non-zero losses, cat or non-cat",Appliance water claims certified by TDI form WDR-1 and mold claims certified by TDI form MDR-1 are not counted.,Will accept up to 2 non-zero losses of any type (non-cat or cat) in the prior 3 years and up to 3 in the last 6 years.,8.0,PASS,HIGH,,Sage_-_Auros_HO3.pdf,EVALUATE,,PASS,
SAG-114,Sage Auros HO3,LOSS_HISTORY,RULE,CONDITION,Prior appliance-related water claims are not counted if the repaired appliance is inspected and certified on TDI form WDR-1.,TEXT,,,Appliance-related water claims,Underwriter removes the claim from Loss History once the certification is approved.,Prior appliance-related water claims shall not be counted if the policyholder has had the repaired appliance inspected and certified via TDI form WDR-1.,8.0,PASS,HIGH,,Sage_-_Auros_HO3.pdf,EVALUATE_CURE_IS_INSPECTION,,PASS,
SAG-115,Sage Auros HO3,LOSS_HISTORY,RULE,DECLINES,A mold claim makes the policy ineligible unless the home is certified remediated and mold free via TDI form MDR-1.,YES_NO,no,,Mold claim,Approved MDR-1 certification removes the claim from Loss History.,A mold claim makes the policy ineligible unless the policyholder has obtained certification that their home has been remediated and is mold free via TDI form MDR-1.,7.0,PASS,HIGH,,Sage_-_Auros_HO3.pdf,EVALUATE_CURE_IS_INSPECTION,,PASS,
SAG-116,Sage Auros HO3,LOSS_HISTORY,RULE,CONDITION,The damage and condition causing any loss must have been repaired.,TEXT,,,All losses,,The loss damage and condition causing any loss must have been repaired.,8.0,PASS,HIGH,,Sage_-_Auros_HO3.pdf,EVALUATE,,PASS,
SAG-117,Sage Auros HO3,LOSS_HISTORY,RULE,REFERS_TO_UW,"2 or more losses from the same peril are eligible only if the contributing conditions are repaired and the losses are unrelated, with underwriter approval.",MIN,2,losses from same peril,Same-peril losses,,"2 or more losses from the same peril are eligible only if: • The conditions which contributed to the losses are satisfactorily repaired, and • The losses are not related. Refer to underwriter for approval.",8.0,PASS,HIGH,,Sage_-_Auros_HO3.pdf,EVALUATE,,PASS,
SAG-118,Sage Auros HO3,LOSS_HISTORY,RULE,INFO_ONLY,"Renewals with more than 2 non-zero, non-weather losses in the prior 3 years may be non-renewed if the customer was notified after the second loss.",MAX,2,non-weather losses in 3 years,Renewals,Losses certified via TDI forms WDR-1 and MDR-1 are excluded.,"Renewals with more than 2 non-zero, non-weather-related losses (excluding losses certified via TDI forms WDR-1 and MDR-1) in the prior 3 years may be non-renewed for claim activity",8.0,PASS,HIGH,,Sage_-_Auros_HO3.pdf,NOT_ELIGIBILITY,,PASS,
SAG-119,Sage Auros HO3,LOSS_HISTORY,RULE,DECLINES,"Applicants, insureds or household members ever canceled or nonrenewed for material misrepresentation are ineligible.",YES_NO,no,,Homeowners policies canceled or nonrenewed for material misrepresentation in an application or claim,,"Applicants or insureds or any members of the household whose homeowners insurance policies have EVER been canceled or nonrenewed for material misrepresentation in an application for insurance or in the submission of a claim, or misrepresentation on the application for insurance for this policy are ineligible.",8.0,PASS,HIGH,,Sage_-_Auros_HO3.pdf,EVALUATE,,PASS,
SAG-120,Sage Auros HO3,LOSS_HISTORY,RULE,COVERAGE_ONLY,A previous water back up or sump discharge or overflow claim makes that coverage endorsement ineligible.,YES_NO,no,,Water Back Up and Sump Discharge or Overflow Coverage endorsement,"Limits of $5,000, $10,000, $15,000, $20,000 and $25,000 are available.",A previous water back up or sump discharge or overflow claim makes this coverage endorsement ineligible.,6.0,PASS,HIGH,,Sage_-_Auros_HO3.pdf,NOT_ELIGIBILITY,,PASS,
SAG-121,Sage Auros HO3,ACREAGE,RULE,DECLINES,Any farming or ranching exposure other than an incidental family garden is ineligible.,YES_NO,no,,,,Any farming or ranching exposures other than an incidental garden for family use is ineligible.,4.0,PASS,HIGH,,Sage_-_Auros_HO3.pdf,EVALUATE,,PASS,
SAG-122,Sage Auros HO3,ACREAGE,RULE,REFERS_TO_UW,"Properties over 5 acres are eligible only with a pre-bind underwriting referral and no remuneration from third parties for farming, recreation, hunting, hiking, swimming or any liability-creating use.",TEXT,5,acres,Over 5 acres,,"Over 5 acres is eligible as long as no remuneration is received for the use of the property by third parties for farming, recreation, hunting, hiking, swimming or any purpose that could create a liability exposure.",4.0,PASS,MEDIUM,Guide states only the over-5-acre case; no maximum lot size or rule for 5 acres or fewer is stated.,Sage_-_Auros_HO3.pdf,EVALUATE,,PASS,
SAG-123,Sage Auros HO3,FLOOD,RULE,CONDITION,"Properties subject to wave wash must have a flood policy with limits equal to the Coverage A limit up to the maximum NFIP offer (currently $250,000 for dwelling coverage).",MAX,250000,USD,Property subject to wave wash,Excess flood is not required; agent may retain copy of flood documents.,"Any property that is subject to wave wash must have a Flood policy: • With limits equal to the policy’s Coverage A limit up to the maximum NFIP coverage offer (currently $250,000 for dwelling coverage).",16.0,PASS,HIGH,,Sage_-_Auros_HO3.pdf,EVALUATE,,PASS,
SAG-124,Sage Auros HO3,FLOOD,RULE,INFO_ONLY,"Wave wash applies to properties in a FEMA special flood hazard zone within 2.5 miles of a primary shoreline with elevation under 25 feet, on a barrier island, or on Bolivar, Matagorda or similar peninsula.",TEXT,,,Defines when the wave wash flood requirement applies,,"Wave wash is deemed to apply to any property located: in a FEMA special flood hazard zone, and",16.0,PASS,HIGH,,Sage_-_Auros_HO3.pdf,NOT_ELIGIBILITY,,PASS,
SAG-125,Sage Auros HO3,INSPECTIONS,RULE,CONDITION,"All dwellings are subject to an on-site inspection at new business covering the dwelling, other structures and premises.",TEXT,,,New business,,"All dwellings are subject to inspection at the time of new business, which includes an on-site observation inspection of the dwelling, other structures, and the premises.",16.0,PASS,HIGH,,Sage_-_Auros_HO3.pdf,IGNORE_INSPECTION,,PASS,
SAG-126,Sage Auros HO3,INSPECTIONS,RULE,DECLINES,Risks where the insured refuses inspection or the inspector cannot get reasonable access are ineligible.,YES_NO,no,,,The policy may be subject to cancellation.,Any risks where the insured either refuses inspection or the inspector is unable to have reasonable access to the property to be able to complete the inspection makes the risk ineligible and the policy may be subject to cancellation.,16.0,PASS,HIGH,,Sage_-_Auros_HO3.pdf,IGNORE_INSPECTION,,PASS,
SAG-127,Sage Auros HO3,INSPECTIONS,RULE,CONDITION,Proof of removal of unhealthy trees and trimming of overhanging branches is required after the new business tree inspection.,TEXT,,,New business tree exposure inspection,,All homes are inspected at new business to verify tree exposures - proof of removal of unhealthy trees and/or trimming of overhanging branches will be required.,7.0,PASS,HIGH,,Sage_-_Auros_HO3.pdf,IGNORE_INSPECTION,,PASS,
SAG-128,Sage Auros HO3,INSPECTIONS,RULE,CONDITION,A roofer's statement on the Roof Condition Form or roofer's letterhead is required for older non-permanent roofs.,TEXT,,,Roofs over 15 years (3 tab/non-permanent) or over 25 years (architectural),,The statement must be on the Roof Condition Form or the roofer’s own letterhead and include the roofer’s license number (if available) and signature.,12.0,PASS,HIGH,,Sage_-_Auros_HO3.pdf,IGNORE_INSPECTION,,PASS,
SAG-129,Sage Auros HO3,INSPECTIONS,RULE,CONDITION,"Foreclosure, bank or trustee sale purchases require a Uniform Residential Appraisal Report or equivalent showing the home can be occupied without significant renovation.",TEXT,,,"Dwellings purchased at, from or through foreclosure, bank or trustee sale",,"Dwellings purchased at, from or through foreclosure, bank or trustee sale are only acceptable if the insured provides a copy of the Uniform Residential Appraisal Report",3.0,PASS,HIGH,,Sage_-_Auros_HO3.pdf,IGNORE_INSPECTION,,PASS,
SAG-130,Sage Auros HO3,PRODUCT_STATUS,RULE,DECLINES,Only forms HO 00 03 and HO 00 05 are eligible.,ALLOWED_LIST,HO 00 03; HO 00 05,,,,These forms are eligible: • HO 00 03 • HO 00 05,2.0,PASS,HIGH,,Sage_-_Auros_HO3.pdf,EVALUATE,,PASS,
SAG-131,Sage Auros HO3,PRODUCT_STATUS,RULE,DECLINES,Only a one year policy period is allowed.,MAX,1,year,,,One year policy period only.,2.0,PASS,HIGH,,Sage_-_Auros_HO3.pdf,EVALUATE,,PASS,
SAG-132,Sage Auros HO3,OTHER,RULE,DECLINES,"Any business with employees, client or customer traffic, or products on premises makes the policy ineligible.",YES_NO,no,,Incidental business on premises,,"Any business with any employees, business that involves client or customer traffic or involves products on premises makes the policy ineligible.",4.0,PASS,HIGH,,Sage_-_Auros_HO3.pdf,EVALUATE,,PASS,
SAG-133,Sage Auros HO3,OTHER,RULE,DECLINES,Any child care or day care on premises makes the policy ineligible.,YES_NO,no,,,,Any child care or day care on premises makes the policy ineligible.,4.0,PASS,HIGH,,Sage_-_Auros_HO3.pdf,EVALUATE,,PASS,
SAG-134,Sage Auros HO3,OTHER,RULE,DECLINES,Properties under construction are ineligible.,YES_NO,no,,Listed under: The following are ineligible:,,Properties under construction.,3.0,PASS,HIGH,,Sage_-_Auros_HO3.pdf,EVALUATE,,PASS,
SAG-135,Sage Auros HO3,OTHER,RULE,DECLINES,Properties undergoing or planning to undergo major renovations are ineligible.,YES_NO,no,,Main dwelling and other structures,Underwriters consider referrals if the insured will occupy the house during renovations or the work will be complete within 30 days; referral must describe the renovations and when the owner will occupy.,Properties (main dwelling and other structures) undergoing or planning to undergo major renovations are ineligible.,11.0,PASS,HIGH,,Sage_-_Auros_HO3.pdf,EVALUATE,,PASS,
SAG-136,Sage Auros HO3,OTHER,RULE,REFERS_TO_UW,Major renovations may be referred to underwriting if the insured will occupy during the work or the work will be complete within 30 days.,MAX,30,days,Major renovation referral,,Underwriters will consider referrals for situations where the insured will occupy the house during the renovations or the renovations will be complete within 30 days.,11.0,PASS,HIGH,,Sage_-_Auros_HO3.pdf,EVALUATE,,PASS,
SAG-137,Sage Auros HO3,OTHER,RULE,CONDITION,"The dwelling, premises, other structures and all systems must be in good repair and adequately maintained to provide a safe environment.",TEXT,,,"Dwelling, premises and other structures including electrical, heating, plumbing and roof",,"Be in good repair and condition, and • Be adequately maintained to provide safe environment for anyone in or upon the residence premises.",10.0,PASS,HIGH,,Sage_-_Auros_HO3.pdf,CONDITION_STANDARD,,PASS,
SAG-138,Sage Auros HO3,OTHER,RULE,DECLINES,"Dwellings with unrepaired damage such as missing siding, fascia boards, soffits, gutters or foundation cracks are ineligible.",YES_NO,no,,,,"Dwellings with unrepaired damage (i.e., missing siding, fascia boards, soffits, gutters or cracks in the foundation).",10.0,PASS,HIGH,,Sage_-_Auros_HO3.pdf,CONDITION_STANDARD,,PASS,
SAG-139,Sage Auros HO3,OTHER,RULE,DECLINES,Dwellings with more than 3 step risers without hand railings are ineligible.,MAX,3,step risers without hand railings,,"Dwellings or other structures with 4 to 5 risers without hand rails may be eligible for the liability surcharge, except six or more risers, multi-family dwellings, dwellings rented at any time, basement steps or steps in poor condition.",Dwellings with more than 3 step risers without hand railings.,10.0,PASS,HIGH,,Sage_-_Auros_HO3.pdf,EVALUATE,,PASS,
SAG-140,Sage Auros HO3,OTHER,RULE,CONDITION,"Porches, decks or balconies 3 feet or more from the ground must have railings of at least 3 feet.",MIN,3,feet railing,"Porches, decks or balconies 3 feet or more above ground",,"Porches, decks or balconies 3 feet or more from ground must have minimum three foot railings.",10.0,PASS,HIGH,,Sage_-_Auros_HO3.pdf,EVALUATE,,PASS,
SAG-141,Sage Auros HO3,OTHER,RULE,CONDITION,"Porches, decks or balconies above one story must have railings of at least 4 feet.",MIN,4,feet railing,"Porches, decks or balconies above one story",,"Porches, decks or balconies above one story must have minimum 4 foot railings.",11.0,PASS,HIGH,,Sage_-_Auros_HO3.pdf,EVALUATE,,FAIL,Multi-column table or bullet layout is interleaved differently in the app's stored text. Check the PDF page.
SAG-142,Sage Auros HO3,OTHER,RULE,DECLINES,"Dwellings with foundations, walkways, sidewalks, driveways or steps that could be a trip or fall hazard are ineligible.",YES_NO,no,,,These dwellings may be eligible for the liability surcharge.,"Dwellings with foundations, walkways, sidewalks, driveways and steps which could be considered a trip/fall hazard.",11.0,PASS,HIGH,,Sage_-_Auros_HO3.pdf,EVALUATE,,PASS,
SAG-143,Sage Auros HO3,OTHER,RULE,DECLINES,Dwellings with doorways opening to unsafe areas are ineligible.,YES_NO,no,,"Poorly or inadequately constructed or maintained porches or landings, or no porches or landings",,"Dwellings with doorways opening to unsafe areas (e.g., poorly or inadequately constructed or maintained porches or landings, no porches or landings).",11.0,PASS,HIGH,,Sage_-_Auros_HO3.pdf,EVALUATE,,PASS,
SAG-144,Sage Auros HO3,OTHER,RULE,DECLINES,"Dwellings with unregistered vehicles, unsecured appliances or excess debris on the premises are ineligible.",YES_NO,no,,,These dwellings may be eligible for the liability surcharge.,"Dwellings with unregistered vehicles, unsecured appliances or excess debris on the premises.",11.0,PASS,HIGH,,Sage_-_Auros_HO3.pdf,CONDITION_STANDARD,,PASS,
SAG-145,Sage Auros HO3,OTHER,RULE,DECLINES,Residences are ineligible if the adjacent property is in poor condition.,YES_NO,no,,,,Any residences are ineligible if adjacent property is in poor condition.,11.0,PASS,HIGH,,Sage_-_Auros_HO3.pdf,CONDITION_STANDARD,,PASS,
SAG-146,Sage Auros HO3,OTHER,RULE,DECLINES,A dwelling with a diseased or dead tree close enough to fall and damage any dwelling or other structure is ineligible.,YES_NO,no,,,Eligible if the tree is removed.,The following are ineligible: • A dwelling with a diseased or dead tree(s) in close enough proximity to any dwelling or an Other Structure to fall and do damage.,7.0,PASS,HIGH,,Sage_-_Auros_HO3.pdf,EVALUATE,,PASS,
SAG-147,Sage Auros HO3,OTHER,RULE,DECLINES,A dwelling with large limbs overhanging the dwelling or other structure is ineligible.,YES_NO,no,,,Eligible if large limbs are trimmed away from the roofline.,A dwelling with a large limb(s) overhanging the dwelling or Other Structure,7.0,PASS,HIGH,,Sage_-_Auros_HO3.pdf,EVALUATE,,PASS,
SAG-148,Sage Auros HO3,OTHER,RULE,DECLINES,"Applicants or insureds convicted of a felony involving fraud, arson, bribery, theft, embezzlement or misappropriation, or of a crime causing harm to others in the past 6 years, are ineligible.",TEXT,6,years,"Felony convictions for insurance fraud, arson, bribery, theft, embezzlement, misappropriation, or crime causing harm or injury to others",Eligible if the applicant provides documentation of restoration of civil rights by the Governor and board of Executive Clemency.,"Any applicant/insured convicted of a felony involving insurance fraud, arson, bribery, theft, embezzlement, misappropriation of money or other property, or involved in a crime causing harm or injury to others in the past 6 years makes the risk ineligible.",7.0,PASS,HIGH,,Sage_-_Auros_HO3.pdf,EVALUATE,,PASS,
SAG-149,Sage Auros HO3,OTHER,RULE,CONDITION,Homes with no prior insurance or a lapse of 30 days or less are eligible if the applicant knows of no losses or circumstances that could give rise to a claim during the lapse.,MAX,30,days lapse,No prior insurance or lapse,,"Homes without prior insurance, including a lapse in insurance of 30 days or less are eligible if the applicant is not aware of any losses, accidents or circumstances which might give rise to a claim during the period of lapse.",11.0,PASS,HIGH,,Sage_-_Auros_HO3.pdf,EVALUATE,,PASS,
SAG-150,Sage Auros HO3,OTHER,RULE,REFERS_TO_UW,Homes with no prior insurance or a lapse of 31 to 120 days must be referred to underwriting with a No Loss Letter.,RANGE,31-120,days lapse,No prior insurance or lapse,,"Homes without prior insurance, including a lapse in insurance of 31 to 120 days, must be referred to Underwriting for consideration and approval. A No Loss Letter must accompany the referral.",11.0,PASS,HIGH,,Sage_-_Auros_HO3.pdf,EVALUATE,,PASS,
SAG-151,Sage Auros HO3,OTHER,RULE,DECLINES,Homes with no prior insurance or a lapse of over 120 days are ineligible.,MAX,120,days lapse,No prior insurance or lapse,,"Homes without prior insurance, including a lapse in insurance of over 120 days are ineligible.",11.0,PASS,HIGH,,Sage_-_Auros_HO3.pdf,EVALUATE,,PASS,
SAG-152,Sage Auros HO3,OTHER,RULE,COVERAGE_ONLY,Watercraft Liability Coverage endorsement is not available.,YES_NO,no,,,,Watercraft Liability Coverage endorsement is not available.,12.0,PASS,HIGH,,Sage_-_Auros_HO3.pdf,NOT_ELIGIBILITY,,PASS,
SAG-153,Sage Auros HO3,OTHER,RULE,COVERAGE_ONLY,The Scheduled Personal Property Endorsement is for primary dwellings only and cannot be attached to seasonal or secondary residences or to property rented or held for rental.,TEXT,,,Scheduled Personal Property Endorsement,,The following are eligible for Primary dwellings only. The Scheduled Personal Property Endorsement cannot be attached to any: • Secondary or Seasonal residence • Any property rented or held for rental.,12.0,PASS,HIGH,,Sage_-_Auros_HO3.pdf,NOT_ELIGIBILITY,,PASS,
SAG-154,Sage Auros HO3,OTHER,RULE,COVERAGE_ONLY,"Two inland marine, theft or mysterious disappearance losses in the past 6 years make scheduled personal property ineligible.",MAX,2,losses in 6 years,Scheduled personal property,,"Two inland marine or theft or mysterious disappearance related losses of any type in the past 6 years, or",13.0,PASS,HIGH,,Sage_-_Auros_HO3.pdf,NOT_ELIGIBILITY,,PASS,
SAG-155,Sage Auros HO3,OTHER,RULE,COVERAGE_ONLY,An adjusted insurance score below Fair (500) makes scheduled personal property ineligible.,MIN,500,insurance score,Scheduled personal property,,Adjusted Insurance score less than Fair (<500).,14.0,PASS,HIGH,,Sage_-_Auros_HO3.pdf,NOT_ELIGIBILITY,,PASS,
SAG-156,Sage Auros HO3,OTHER,RULE,COVERAGE_ONLY,"Motorized golf carts must be physical-loss only, with a maximum value of $20,000 per cart and a maximum of 2 carts.",MAX,20000,USD per cart,"Motorized golf carts, Physical Loss Coverage Only",Maximum 2 carts; must be designed to carry up to four people and not exceed 25 m.p.h.,"Maximum value per cart of $20,000. • Maximum of 2 carts.",14.0,PASS,HIGH,,Sage_-_Auros_HO3.pdf,NOT_ELIGIBILITY,,PASS,
SAG-157,Sage Auros HO3,OTHER,RULE,COVERAGE_ONLY,"Minimum all-other-perils deductible is $1,000 and the earthquake deductible is 10%.",MIN,1000,USD,Minimum deductibles for dwellings,Earthquake: 10%. Coastal deductibles are in the Coastal section.,"All Other Peril (AOP): $1,000",9.0,PASS,HIGH,,Sage_-_Auros_HO3.pdf,NOT_ELIGIBILITY,,PASS,
SAG-158,Sage Auros HO3,OTHER,RULE,COVERAGE_ONLY,"Mold coverage is limited to a mandatory $5,000 on all policies.",MAX,5000,USD,All policies,,"Mandatory $5,000 mold coverage limit on all policies.",7.0,PASS,HIGH,,Sage_-_Auros_HO3.pdf,NOT_ELIGIBILITY,,PASS,
CHU-001,Chubb HO,OCCUPANCY,NO_RESTRICTION,ALLOWS,"Owner-occupants and tenants of a house, condominium unit, cooperative unit, room or apartment are eligible.",,,,,,"A person who is the owner-occupant or tenant of a dwelling of any of the following types: a house, a condominium unit, a cooperative unit, a room, an apartment is eligible for home insurance.",3.0,PASS,HIGH,,CHUBB_HO_-_05.22.2026.pdf,ALLOWS,,PASS,
CHU-002,Chubb HO,OCCUPANCY,RULE,DECLINES,Dwellings unoccupied for more than 60 days with intent to vacate or keep vacant are ineligible.,MAX,60,days,Intent to vacate or keep the premises vacant or unoccupied,,"The unoccupancy of a dwelling for more than 60 days, if there is an intent to vacate or keep the premises vacant or unoccupied.",5.0,PASS,HIGH,,CHUBB_HO_-_05.22.2026.pdf,EVALUATE,,PASS,
CHU-003,Chubb HO,OCCUPANCY,RULE,DECLINES,"Dwellings regularly rented to others on a day, week or weekend basis are ineligible.",YES_NO,No,,Short-term (day/week/weekend) rental use,,"A dwelling regularly rented to others on a day, week or weekend basis;",3.0,PASS,HIGH,,CHUBB_HO_-_05.22.2026.pdf,EVALUATE,,PASS,
CHU-004,Chubb HO,OCCUPANCY,RULE,CONDITION,"Seasonal or secondary houses, condominiums and tenant risks are acceptable in the Standard tier only when Chubb writes the primary residence.",YES_NO,Yes,,"Secondary/seasonal occupancy, Standard tier, Dallas/Fort Worth/Collin/Northern and Austin/San Antonio/East/South regions",Secondary locations where Chubb does not write the primary residence are unacceptable; Ultra Preferred tier is Unacceptable for secondary/seasonal,** Applicable to residences where Chubb writes the primary residence. Secondary locations where Chubb does not write the primary residence are unacceptable.,10.0,PASS,MEDIUM,"Table cell alignment inferred from layout; same wording repeats on pages 11 (non-coastal) and 12 (coastal). Tier tables label this a tier condition, not a general eligibility rule.",CHUBB_HO_-_05.22.2026.pdf,EVALUATE,,PASS,
CHU-005,Chubb HO,OCCUPANCY,RULE,CONDITION,Homes rented to others are acceptable in the Standard tier only when Chubb writes the primary residence.,YES_NO,Yes,,"Rented to others, Standard tier, non-coastal regions (page 10; repeats page 11); coastal Standard tier also acceptable with primary residence (page 13)",Ultra Preferred tier is Unacceptable,Rented to others Unacceptable Acceptable with primary** Acceptable with primary**,10.0,PASS,MEDIUM,"This conflicts in tone with Section I.3.a.3, which makes dwellings regularly rented day/week/weekend ineligible; presumably longer-term rental is what the tier row covers but the guide does not define 'rented to others'.",CHUBB_HO_-_05.22.2026.pdf,EVALUATE,,FAIL,"Tier table: the app's stored text keeps row labels and cell values in separate runs, so no table row matches as one passage. Check the PDF page."
CHU-006,Chubb HO,OCCUPANCY,RULE,COVERAGE_ONLY,Discount tiers require a primary residence that is a single family or two family home and owner-occupied.,YES_NO,Yes,,Discount Tier Conditions (pricing tier placement),Risks failing this are not declined by this line; they simply do not qualify for the discount tier,Primary residence must be single family or two family home and owner-occupied,9.0,PASS,MEDIUM,"Section VIII says tier guidelines determine placement for discounted pricing; recorded as pricing/tier, not eligibility.",CHUBB_HO_-_05.22.2026.pdf,NOT_ELIGIBILITY,,PASS,
CHU-007,Chubb HO,OWNERSHIP,SILENT,,The guide does not address this topic.,,,,,,,,,HIGH,"Guide speaks only of 'persons'; no mention of trust, LLC or other entity ownership (only 'corporate structure' inside the moral hazard definition).",CHUBB_HO_-_05.22.2026.pdf,SILENT,,,
CHU-008,Chubb HO,DWELLING_TYPE,NO_RESTRICTION,ALLOWS,"Houses, condominium units, cooperative units, rooms and apartments are eligible dwelling types.",ALLOWED_LIST,House; Condominium unit; Cooperative unit; Room; Apartment,,Owner-occupant or tenant,,"A person who is the owner-occupant or tenant of a dwelling of any of the following types: a house, a condominium unit, a cooperative unit, a room, an apartment is eligible for home insurance.",3.0,PASS,HIGH,,CHUBB_HO_-_05.22.2026.pdf,ALLOWS,,PASS,
CHU-009,Chubb HO,DWELLING_TYPE,RULE,CONDITION,An owner-occupied multiple unit dwelling is eligible only if it has no more than 2 residential units and no more than 2 boarders.,MAX,2,residential units,Owner-occupant of a multiple unit dwelling,,A person who is the owner-occupant of a multiple unit dwelling of not more than two residential units and not more than two boarders is eligible for home insurance.,3.0,PASS,MEDIUM,States who is eligible; does not explicitly say larger multi-unit dwellings are declined.,CHUBB_HO_-_05.22.2026.pdf,EVALUATE,,PASS,
CHU-010,Chubb HO,DWELLING_TYPE,RULE,INFO_ONLY,Individually owned townhouse units are treated as dwellings.,,,,,,The term dwelling includes individually owned townhouse units as well as permanent detached structures that are covered by the insurance policy.,3.0,PASS,HIGH,,CHUBB_HO_-_05.22.2026.pdf,NOT_ELIGIBILITY,,PASS,
CHU-011,Chubb HO,HOME_AGE,UNCLEAR,UNKNOWN,"Water shut-off device chart for seasonal or secondary houses refers to a year built of ten years old, but the meaning is not stated.",,,,"Seasonal or Secondary house, Coverage A between $3,000,000 and $5,000,000",,"Minimum $3,000,000 Maximum $5,000,000 AND Year Built Ten Years Old",9.0,PASS,LOW,'Year Built Ten Years Old' is not defined (older than or newer than 10 years?) and the chart does not say a device is required; no other age-of-home rule in the guide.,CHUBB_HO_-_05.22.2026.pdf,EVALUATE,,PASS,
CHU-012,Chubb HO,ROOF_ELIG,RULE,DECLINES,Flat roofs are ineligible.,YES_NO,No,,,Underwriting consideration will be given to the El Paso area,Flat roofs (underwriting consideration will be given to El Paso area);,5.0,PASS,HIGH,,CHUBB_HO_-_05.22.2026.pdf,EVALUATE,,PASS,
CHU-013,Chubb HO,ROOF_ELIG,RULE,DECLINES,Wood roofs in unacceptable condition are ineligible.,YES_NO,No,,Wood roof,,Wood roofs that are in an unacceptable condition,5.0,PASS,MEDIUM,'Unacceptable condition' is not defined.,CHUBB_HO_-_05.22.2026.pdf,CONDITION_STANDARD,,PASS,
CHU-014,Chubb HO,ROOF_ELIG,RULE,DECLINES,Wood roofs on residences with a Wildfire Score of 10-50 are ineligible for new business.,RANGE,10-50,Wildfire Score,Wood roof; new business policies only,,Wood roofs for residence with a Wildfire Score of 10-50 for new business policies only;,5.0,PASS,HIGH,,CHUBB_HO_-_05.22.2026.pdf,EVALUATE,,PASS,
CHU-015,Chubb HO,ROOF_ELIG,RULE,DECLINES,Tile or metal roofs in unacceptable condition are ineligible.,YES_NO,No,,Tile or metal roof,,Tile or metal roofs that are in an unacceptable condition;,5.0,PASS,MEDIUM,'Unacceptable condition' is not defined.,CHUBB_HO_-_05.22.2026.pdf,CONDITION_STANDARD,,PASS,
CHU-016,Chubb HO,ROOF_ELIG,RULE,DECLINES,Roofs constructed with Hardi products are ineligible.,YES_NO,No,,,,Roofs constructed with Hardi Products;,5.0,PASS,HIGH,,CHUBB_HO_-_05.22.2026.pdf,EVALUATE,,PASS,
CHU-017,Chubb HO,ROOF_ELIG,UNCLEAR,DECLINES,The roof list includes 'No overlay of composition shingles' as an ineligible roof characteristic.,,,,Composition shingle roof,,No overlay of composition shingles;,5.0,PASS,LOW,"Ambiguous: probably means roof overlays are not acceptable, but literally reads as lack of an overlay. Listed among characteristics that make a dwelling ineligible.",CHUBB_HO_-_05.22.2026.pdf,EVALUATE,,PASS,
CHU-018,Chubb HO,ROOF_ELIG,RULE,DECLINES,"Roofs with missing, worn out or unrepaired sections are ineligible.",YES_NO,No,,,,"Roofing sections that are missing, worn out or unrepaired;",5.0,PASS,HIGH,,CHUBB_HO_-_05.22.2026.pdf,CONDITION_STANDARD,,PASS,
CHU-019,Chubb HO,ROOF_ELIG,RULE,DECLINES,Roofs with excessive curling or splitting of shingles are ineligible.,YES_NO,No,,Shingle roof,,Excessive curling or splitting of shingles.,5.0,PASS,HIGH,,CHUBB_HO_-_05.22.2026.pdf,CONDITION_STANDARD,,PASS,
CHU-020,Chubb HO,ROOF_ELIG,RULE,REFERS_TO_UW,"Outside the coastal areas, a residence with a wood roof must be pre-approved by underwriting in the Standard tier.",YES_NO,Yes,,"Wood roof, Standard tier, Dallas/Fort Worth/Northern region (same on page 11 for Austin/San Antonio/East/South)","Preferred and Ultra Preferred tiers are Unacceptable; Section II.5 still makes wood roofs in unacceptable condition, or with Wildfire Score 10-50 on new business, ineligible",Residence with a wood roof Unacceptable Unacceptable Subject to pre-approval,10.0,PASS,MEDIUM,Reconcile with Section II.5 wood-roof exclusions; tier table presumably covers wood roofs in acceptable condition.,CHUBB_HO_-_05.22.2026.pdf,EVALUATE,,PASS,
CHU-021,Chubb HO,ROOF_ELIG,RULE,REFERS_TO_UW,"In the coastal areas, a residence with a wood roof must be pre-approved by underwriting in the Standard tier.",YES_NO,Yes,,"Wood roof, Standard tier, Coastal Areas",Preferred and Ultra Preferred tiers are Unacceptable,Residence with a wood roof Unacceptable Unacceptable Subject to pre-approval,13.0,PASS,MEDIUM,Same table wording as page 10; see Section II.5 wood-roof exclusions.,CHUBB_HO_-_05.22.2026.pdf,EVALUATE,,PASS,
CHU-022,Chubb HO,ROOF_SETTLEMENT,SILENT,,The guide does not address this topic.,,,,,,,,,HIGH,,CHUBB_HO_-_05.22.2026.pdf,SILENT,,,
CHU-023,Chubb HO,CONSTRUCTION,SILENT,,The guide does not address this topic.,,,,,,,,,HIGH,"Only roof material (Hardi, wood, tile/metal) is addressed; no wall construction rules.",CHUBB_HO_-_05.22.2026.pdf,SILENT,,,
CHU-024,Chubb HO,PLUMBING,UNCLEAR,UNKNOWN,"A water shut-off device chart lists Coverage A thresholds for houses, but does not say the device is required.",MIN,5000000,USD,"Primary house, Coverage A $5,000,000 or greater; seasonal/secondary houses see HOME_AGE row",,"Water Shut-Off Device : Primary - House: Coverage A $5,000,000 or greater",9.0,PASS,LOW,"Chart under Standard Tier Conditions with a heading and thresholds only; requirement wording absent. Seasonal/secondary: Coverage A $3,000,000-$5,000,000 AND year built ten years old, OR $5,000,000 or greater.",CHUBB_HO_-_05.22.2026.pdf,EVALUATE,,PASS,
CHU-025,Chubb HO,ELECTRICAL,SILENT,,The guide does not address this topic.,,,,,,,,,HIGH,,CHUBB_HO_-_05.22.2026.pdf,SILENT,,,
CHU-026,Chubb HO,OTHER_SYSTEMS,SILENT,,The guide does not address this topic.,,,,,,,,,HIGH,Heating units and water heaters appear only in the definition of an appliance-related claim.,CHUBB_HO_-_05.22.2026.pdf,SILENT,,,
CHU-027,Chubb HO,FOUNDATION,SILENT,,The guide does not address this topic.,,,,,,,,,HIGH,,CHUBB_HO_-_05.22.2026.pdf,SILENT,,,
CHU-028,Chubb HO,POOL,SILENT,,The guide does not address this topic.,,,,,,,,,HIGH,,CHUBB_HO_-_05.22.2026.pdf,SILENT,,,
CHU-029,Chubb HO,LIABILITY_HAZARDS,RULE,DECLINES,Dwellings with an adjacent physical hazard that increases the likelihood of loss are ineligible.,YES_NO,No,,,,The existence of an adjacent physical hazard which increases the likelihood of a loss.,5.0,PASS,MEDIUM,Vague; no examples given.,CHUBB_HO_-_05.22.2026.pdf,EVALUATE,,PASS,
CHU-030,Chubb HO,LIABILITY_HAZARDS,RULE,DECLINES,Dwellings with hazardous storage of substances that increase fire severity or create a health hazard are ineligible.,YES_NO,No,,,,The hazardous storage of any substance that could contribute to or increase the severity of the fire risk or cause a health hazard.,5.0,PASS,MEDIUM,"Vague; no examples given. Searched for trampoline, playground, attractive nuisance: not mentioned.",CHUBB_HO_-_05.22.2026.pdf,EVALUATE,,PASS,
CHU-031,Chubb HO,ANIMALS,SILENT,,The guide does not address this topic.,,,,,,,,,HIGH,,CHUBB_HO_-_05.22.2026.pdf,SILENT,,,
CHU-032,Chubb HO,SOLAR,SILENT,,The guide does not address this topic.,,,,,,,,,HIGH,,CHUBB_HO_-_05.22.2026.pdf,SILENT,,,
CHU-033,Chubb HO,PROTECTION_CLASS,RULE,DECLINES,Dwellings not reasonably accessible to the local fire department are ineligible.,YES_NO,No,,,,Dwellings which are not reasonably accessible to the local fire department.,5.0,PASS,HIGH,,CHUBB_HO_-_05.22.2026.pdf,EVALUATE,,PASS,
CHU-034,Chubb HO,PROTECTION_CLASS,RULE,COVERAGE_ONLY,Preferred tier requires an adequately equipped fire department within 5 road miles of the residence.,MAX,5,road miles,"Preferred tier, Dallas/Fort Worth/Northern region (same on page 11); Ultra Preferred is Unacceptable",,An adequately equipped fire department must be within 5 road miles of the residence.,10.0,PASS,MEDIUM,"Only the Preferred column states the 5-mile condition; Standard column says subject to pre-approval. Pricing tier, not an eligibility cutoff.",CHUBB_HO_-_05.22.2026.pdf,NOT_ELIGIBILITY,,PASS,
CHU-035,Chubb HO,PROTECTION_CLASS,RULE,REFERS_TO_UW,"Outside the coastal areas, fire protection must be pre-approved by underwriting in the Standard tier.",YES_NO,Yes,,"Fire protection, Standard tier, Dallas/Fort Worth/Northern region (same on page 11)",,Fire protection Unacceptable department must be within 5 Subject to pre-approval,10.0,PASS,MEDIUM,Quote is a layout-table row where the Preferred cell text wraps around; Standard cell read as Subject to pre-approval.,CHUBB_HO_-_05.22.2026.pdf,EVALUATE,,PASS,
CHU-036,Chubb HO,PROTECTION_CLASS,RULE,REFERS_TO_UW,"In the coastal areas, fire protection must be pre-approved by underwriting in the Standard tier.",YES_NO,Yes,,"Fire protection, Standard tier, Coastal Areas",Preferred and Ultra Preferred tiers are Unacceptable,Fire protection Unacceptable Unacceptable Subject to pre-approval,13.0,PASS,HIGH,,CHUBB_HO_-_05.22.2026.pdf,EVALUATE,,PASS,
CHU-037,Chubb HO,PROTECTION_CLASS,RULE,CONDITION,"Adequate fire protection is desired for all risks, and underwriting may require a direct or central station fire alarm.",TEXT,,,Standard Tier Conditions,,Adequate fire protection will be desired for all risks (e.g. reasonable fire department response time). Underwriting may determine that a direct or central station fire alarm is necessary.,9.0,PASS,MEDIUM,'Desired' is soft wording; no numeric PPC or distance limit stated in the Standard conditions. No protection class (PPC) or hydrant rule exists.,CHUBB_HO_-_05.22.2026.pdf,EVALUATE,,PASS,
CHU-038,Chubb HO,LOCATION,RULE,COVERAGE_ONLY,Dwellings in First Tier territories with windstorm coverage are ineligible.,YES_NO,No,,"First Tier territories, with windstorm coverage",Wind-excluded policies are eligible for the discount tiers (see next row),Dwellings in First Tier territories with windstorm coverage.,5.0,PASS,MEDIUM,'First Tier' counties/territories are not defined in the guide.,CHUBB_HO_-_05.22.2026.pdf,NOT_ELIGIBILITY,,PASS,
CHU-039,Chubb HO,LOCATION,RULE,COVERAGE_ONLY,Discount tiers cannot be written with wind coverage in a First Tier County or Harris County Territory 1A; policies excluding wind are eligible.,YES_NO,No,,"Discount Tier Conditions, First Tier County or Territory 1A in Harris County",Policies written excluding wind coverage are eligible,Residence can not be written with wind coverage if located in a First Tier County or Territory 1A in Harris County. Policies written excluding wind coverage are eligible.,9.0,PASS,MEDIUM,Appears to be a discount-tier condition; interacts with Section II.7. First Tier Counties are not listed.,CHUBB_HO_-_05.22.2026.pdf,NOT_ELIGIBILITY,,PASS,
CHU-040,Chubb HO,LOCATION,RULE,DECLINES,"Dwellings with an unacceptable wildfire exposure, Wildfire Score 24-50, are ineligible.",RANGE,24-50,Wildfire Score,,,Dwellings with an unacceptable exposure to wildfire; with a Wildfire Score of 24-50.,6.0,PASS,HIGH,,CHUBB_HO_-_05.22.2026.pdf,EVALUATE,,PASS,
CHU-041,Chubb HO,LOCATION,RULE,DECLINES,High and Very High wildfire risks (24-50) are unacceptable in every tier for new business.,RANGE,24-50,Wildfire Score,New business only,Acceptable tier classification is Minimal/Likely/Low/Moderate (0-23),-High and Very High (24-50) risks are unacceptable in any Tier.,10.0,PASS,HIGH,,CHUBB_HO_-_05.22.2026.pdf,EVALUATE,,PASS,
CHU-042,Chubb HO,LOCATION,RULE,CONDITION,"Dwellings subject to wildfire risk are acceptable only with adequate clearance from unmanaged vegetation, an acceptable appraisal and adequate loss prevention measures.",TEXT,,,Dwellings subject to wildfire risk,,"Dwellings subject to wildfire risks are not acceptable in general unless adequate clearance is maintained from unmanaged vegetation, acceptable appraisal and have adopted adequate loss preventions measures.",6.0,PASS,MEDIUM,'Adequate' clearance and measures are not defined; overlaps with the Wildfire Score 24-50 decline.,CHUBB_HO_-_05.22.2026.pdf,EVALUATE,,PASS,
CHU-043,Chubb HO,LOCATION,RULE,DECLINES,"Primary houses in Territories 8, 9 and 10 and Harris County 1A (east and west of Hwy 146) are unacceptable in the Coastal Areas.",DISALLOWED_LIST,Terr 8; Terr 9; Terr 10; Harris County 1A-east Hwy 146; Harris County 1A-west Hwy 146,,"Primary houses, Coastal Areas, all tiers","Harris County 1B, 1C and 1E primary houses are subject to pre-approval in the Standard tier (max $10,000,000)","- Terr 8, 9 &10 and all Harris County Unacceptable Unacceptable Unacceptable",12.0,PASS,MEDIUM,Territory definitions beyond the county list on page 14 are not given.,CHUBB_HO_-_05.22.2026.pdf,EVALUATE,,FAIL,"Tier table: the app's stored text keeps row labels and cell values in separate runs, so no table row matches as one passage. Check the PDF page."
CHU-044,Chubb HO,LOCATION,RULE,REFERS_TO_UW,"Primary houses in Harris County 1B, 1C and 1E (coastal) must be pre-approved by underwriting in the Standard tier.",YES_NO,Yes,,"Primary houses, Harris County 1B, 1C & 1E, excluding or including wind, Standard tier",Preferred and Ultra Preferred are Unacceptable,"Excluding or Including wind Unacceptable Unacceptable Subject to pre-approval* - Harris County 1B, 1C & 1E Maximum: up to $10,000,000",12.0,PASS,MEDIUM,Quote is from a layout row; reading-order text scatters the cells.,CHUBB_HO_-_05.22.2026.pdf,EVALUATE,,FAIL,"Tier table: the app's stored text keeps row labels and cell values in separate runs, so no table row matches as one passage. Check the PDF page."
CHU-045,Chubb HO,LOCATION,RULE,CONDITION,"Secondary or seasonal houses in coastal Harris County 1B, 1C and 1E are acceptable in the Standard tier only with the Chubb primary residence.",YES_NO,Yes,,"Secondary/Seasonal houses, Harris County 1B, 1C & 1E, wind excluded or included, Standard tier","Maximum up to $10,000,000; secondary locations where Chubb does not write the primary are unacceptable","- Harris County 1B, 1C & 1E Unacceptable Unacceptable Acceptable with primary** residence",12.0,PASS,MEDIUM,"Table cells inferred from layout; wind-excluded and wind-included rows both show this value for 1B, 1C and 1E.",CHUBB_HO_-_05.22.2026.pdf,EVALUATE,,FAIL,"Tier table: the app's stored text keeps row labels and cell values in separate runs, so no table row matches as one passage. Check the PDF page."
CHU-046,Chubb HO,LOCATION,RULE,CONDITION,"Secondary houses in Harris County 1A-west of Hwy 146 (wind excluded) need the Chubb primary residence and at least $25,000 of non-CAT premium.",MIN,25000,USD non-CAT premium,"Secondary/Seasonal houses, Harris County 1A-west Hwy 146, excluding wind, Standard tier",Secondary locations where Chubb does not write the primary residence are unacceptable,"Risks must also meet the following criteria: Well rounded account having a minimum of $25,000 of non-CAT premium.",12.0,PASS,MEDIUM,Footnote *** referenced by the 1A-west Hwy 146 row; same condition applies to secondary tenants and condominiums there.,CHUBB_HO_-_05.22.2026.pdf,EVALUATE,,PASS,
CHU-047,Chubb HO,LOCATION,RULE,DECLINES,"Secondary or seasonal houses in Harris County 1A-east of Hwy 146 and Territories 8, 9 and 10 are unacceptable.",DISALLOWED_LIST,Harris County 1A-east Hwy 146; Terr 8; Terr 9; Terr 10,,"Secondary/Seasonal houses, Coastal Areas, wind excluded; also wind included",,"- Harris County 1A-east Hwy 146 & Terr 8, 9 & 10 Unacceptable Unacceptable Unacceptable",12.0,PASS,MEDIUM,"Row label wraps in layout; the including-wind variant is Terr 8, 9 & 10 and all Harris County 1A-east and west Hwy 146.",CHUBB_HO_-_05.22.2026.pdf,EVALUATE,,FAIL,"Tier table: the app's stored text keeps row labels and cell values in separate runs, so no table row matches as one passage. Check the PDF page."
CHU-048,Chubb HO,LOCATION,RULE,INFO_ONLY,"Coastal areas are defined as a list of counties, with Harris County limited to Territories 01A, 01B, 01C and 01E.",ALLOWED_LIST,"Aransas; Brazoria; Calhoun; Cameron; Chambers; Galveston; Harris (Territories 01A, 01B, 01C & 01E only); Jefferson; Kenedy; Kleberg; Matagorda; Nueces; Refugio; San Patricio; Willacy",,Used to select the Coastal Areas tier table,,"Coastal areas are defined by the following counties: Aransas, Brazoria, Calhoun, Cameron, Chambers, Galveston, Harris (Territories 01A, 01B, 01C & 01E only), Jefferson,",14.0,PASS,HIGH,,CHUBB_HO_-_05.22.2026.pdf,NOT_ELIGIBILITY,,PASS,
CHU-049,Chubb HO,LOCATION,RULE,INFO_ONLY,"Austin, San Antonio and East/South counties are a defined county list that includes Harris County Territory 01D only.",TEXT,,,Used to select the Austin/San Antonio/East/South tier table,,"Austin, San Antonio and surrounding counties, East and South counties: Defined by the following counties:",14.0,PASS,MEDIUM,"Pages 10 and 11 say 'refer to page 13' for the county lists, but the lists are on page 14.",CHUBB_HO_-_05.22.2026.pdf,NOT_ELIGIBILITY,,PASS,
CHU-050,Chubb HO,DWELLING_LIMITS,RULE,DECLINES,Applicants who refuse dwelling coverage of at least 100% of replacement cost under Extended Replacement Cost are ineligible.,MIN,100,% of replacement cost,Loss settlement basis is Extended Replacement Cost,,1. 100% if the loss settlement basis is Extended Replacement Cost;,4.0,PASS,HIGH,,CHUBB_HO_-_05.22.2026.pdf,EVALUATE,,PASS,
CHU-051,Chubb HO,DWELLING_LIMITS,RULE,DECLINES,Applicants who refuse dwelling coverage of at least 90% under Verified Replacement Cost are ineligible.,MIN,90,% of replacement cost,Loss settlement basis is Verified Replacement Cost,,2. 90% if the loss settlement basis is Verified Replacement Cost;,4.0,PASS,HIGH,,CHUBB_HO_-_05.22.2026.pdf,EVALUATE,,PASS,
CHU-052,Chubb HO,DWELLING_LIMITS,RULE,DECLINES,Applicants who refuse dwelling coverage of at least 80% under Conditional Replacement Cost are ineligible.,MIN,80,% of replacement cost,Loss settlement basis is Conditional Replacement Cost,,3. 80% if the loss settlement basis is Conditional Replacement Cost.,4.0,PASS,HIGH,,CHUBB_HO_-_05.22.2026.pdf,EVALUATE,,PASS,
CHU-053,Chubb HO,DWELLING_LIMITS,RULE,DECLINES,Tenant or renter policies require insurance of at least 100% of actual cash value; refusal is ineligible.,MIN,100,% of actual cash value,Tenant or renter's home insurance policy,,equal to at least 100% of the actual cash value of the property insured or to be insured under a tenant,4.0,PASS,HIGH,,CHUBB_HO_-_05.22.2026.pdf,EVALUATE,,PASS,
CHU-054,Chubb HO,DWELLING_LIMITS,RULE,DECLINES,Applicants who refuse at least 90% of the recommended additions and alterations coverage are ineligible.,MIN,90,% of recommended coverage,Additions and alterations coverage,"Recommended amount includes adjustments for appraisals, revaluations and annual inflation adjustments","A person who refuses to purchase an amount of coverage that is equal to at least 90% of the full amount of coverage we recommend for additions and alterations coverage,",4.0,PASS,HIGH,,CHUBB_HO_-_05.22.2026.pdf,EVALUATE,,PASS,
CHU-055,Chubb HO,DWELLING_LIMITS,RULE,COVERAGE_ONLY,"Preferred tier primary houses need Coverage A of at least $1,000,000 and up to $30,000,000.",RANGE,1000000-30000000,USD,"Primary houses, Preferred tier, Dallas/Fort Worth/Northern region (same on page 11)",Coverage will not be declined solely based on the minimum value of the property; Ultra Preferred is Unacceptable,"Minimum: $1,000,000 Maximum: up to $30,000,000",10.0,PASS,MEDIUM,"Pricing tier. Table does not say what happens above $30,000,000.",CHUBB_HO_-_05.22.2026.pdf,NOT_ELIGIBILITY,,PASS,
CHU-056,Chubb HO,DWELLING_LIMITS,RULE,REFERS_TO_UW,"Primary houses in the Standard tier must be pre-approved by underwriting, with Coverage A up to $30,000,000.",MAX,30000000,USD,"Primary houses, Standard tier, Dallas/Fort Worth/Northern region (same on page 11)",Coverage will not be declined solely based on the minimum value of the property,"Subject to pre-approval* Maximum: up to $30,000,000",10.0,PASS,MEDIUM,"Consequence above $30,000,000 is not stated.",CHUBB_HO_-_05.22.2026.pdf,EVALUATE,,PASS,
CHU-057,Chubb HO,DWELLING_LIMITS,RULE,INFO_ONLY,Coverage is not declined solely because of the minimum value of the property.,,,,Footnote to Primary Houses minimum coverage,,*Coverage will not be declined solely based on the minimum of value of the property.,10.0,PASS,HIGH,,CHUBB_HO_-_05.22.2026.pdf,NOT_ELIGIBILITY,,PASS,
CHU-058,Chubb HO,DWELLING_LIMITS,RULE,COVERAGE_ONLY,"Preferred tier primary condominiums need a minimum of $100,000 and primary tenants a minimum of $50,000.",MIN,100000 (condominiums); 50000 (tenants),USD,"Primary condominiums and tenants, Preferred tier (pages 10 and 11)",Ultra Preferred is Unacceptable,"Primary Condominiums Unacceptable $100,000 Subject to pre-approval",10.0,PASS,MEDIUM,Table is not explicit which coverage the minimum applies to (dwelling or contents).,CHUBB_HO_-_05.22.2026.pdf,NOT_ELIGIBILITY,,FAIL,"Tier table: the app's stored text keeps row labels and cell values in separate runs, so no table row matches as one passage. Check the PDF page."
CHU-059,Chubb HO,DWELLING_LIMITS,RULE,REFERS_TO_UW,Primary condominiums and primary tenants in the Standard tier must be pre-approved by underwriting.,YES_NO,Yes,,"Primary condominiums and primary tenants, Standard tier (pages 10 and 11)",,"Primary Tenants Unacceptable $50,000 Subject to pre-approval",10.0,PASS,HIGH,,CHUBB_HO_-_05.22.2026.pdf,EVALUATE,,FAIL,"Tier table: the app's stored text keeps row labels and cell values in separate runs, so no table row matches as one passage. Check the PDF page."
CHU-060,Chubb HO,DWELLING_LIMITS,RULE,REFERS_TO_UW,"Primary houses in the Standard tier in coastal areas have Coverage A up to $10,000,000 and need pre-approval.",MAX,10000000,USD,"Primary houses, Harris County 1B, 1C & 1E, Coastal Areas, Standard tier",Preferred and Ultra Preferred are Unacceptable,"Subject to pre-approval* Maximum: up to $10,000,000",12.0,PASS,MEDIUM,"Consequence above $10,000,000 is not stated.",CHUBB_HO_-_05.22.2026.pdf,EVALUATE,,PASS,
CHU-061,Chubb HO,DWELLING_LIMITS,RULE,DECLINES,Non-renewal applies to dwellings with a Coverage A amount of $90M or greater.,MAX,90000000,USD,Non-renewal guideline (existing policies),,Dwellings with Coverage A amount $90M or greater.,8.0,PASS,LOW,"Conflicts with tier tables that cap houses at $30,000,000 ($10,000,000 coastal); '$90M' wording may be a typo. Listed among non-renewal reasons.",CHUBB_HO_-_05.22.2026.pdf,EVALUATE,,PASS,
CHU-062,Chubb HO,LOSS_HISTORY,RULE,DECLINES,Applicants with a negligence-based liability claim in the previous 3 years are ineligible.,MAX,0,liability claims in 3 years,Liability claim arising from the applicant's negligence,,A risk shall be deemed ineligible if the applicant has had a liability claim that arose out of that person's negligence during the previous three-year period.,6.0,PASS,HIGH,,CHUBB_HO_-_05.22.2026.pdf,EVALUATE,,PASS,
CHU-063,Chubb HO,LOSS_HISTORY,RULE,DECLINES,"Applicants with 2 or more paid non-weather, non-water claims in the previous 3 years are ineligible.",MAX,1,non-weather non-water paid claims in 3 years,,,"A risk shall be deemed ineligible if the applicant has two or more non-weather, non-water damage claims paid during the previous three-year period.",6.0,PASS,HIGH,,CHUBB_HO_-_05.22.2026.pdf,EVALUATE,,PASS,
CHU-064,Chubb HO,LOSS_HISTORY,RULE,DECLINES,Applicants or locations with 3 or more paid appliance-related claims in 3 years are ineligible.,MAX,2,appliance claims in 3 years,Claims paid to the applicant or at the risk location,Properly remediated and certified appliance claims are not considered (see definitions),A risk shall be deemed ineligible if there has been three or more appliance related claims paid within a three-year period to the applicant or at the risk location.,6.0,PASS,HIGH,,CHUBB_HO_-_05.22.2026.pdf,EVALUATE,,PASS,
CHU-065,Chubb HO,LOSS_HISTORY,RULE,DECLINES,Risks with more than 1 water damage claim filed by the applicant or on the risk are ineligible.,MAX,1,water damage claims,No time period stated,,A risk shall be deemed ineligible if there has been more than one water damage claim filed by the applicant or on the risk to be insured.,6.0,PASS,MEDIUM,No look-back period given for water damage claims.,CHUBB_HO_-_05.22.2026.pdf,EVALUATE,,PASS,
CHU-066,Chubb HO,LOSS_HISTORY,RULE,DECLINES,Risks with 1 water damage claim plus at least 1 other claim or any unacceptable underwriting characteristic are ineligible.,TEXT,,,One water damage claim filed by the applicant or on the risk,,A risk shall be deemed ineligible if there has been one water damage claim filed by the applicant or on the risk to be insured and at least one other claim or any unacceptable underwriting characteristic.,7.0,PASS,MEDIUM,No look-back period given.,CHUBB_HO_-_05.22.2026.pdf,EVALUATE,,PASS,
CHU-067,Chubb HO,LOSS_HISTORY,RULE,DECLINES,"Risks with a non-water paid claim over $50,000 in 5 years are ineligible.",MAX,50000,USD per claim in 5 years,Non-water paid claim within a five-year period to the applicant or on the risk,"Two or fewer appliance-related claims, one water loss, or properly remediated mold claims are not considered","A risk shall be deemed ineligible if there has been a non-water paid claim of more than $50,000 within a five-year period to the applicant or on the risk to be insured.",7.0,PASS,HIGH,,CHUBB_HO_-_05.22.2026.pdf,EVALUATE,,PASS,
CHU-068,Chubb HO,LOSS_HISTORY,RULE,DECLINES,"Applicants denied payment of a claim for arson, fraud or misrepresentation within the past 5 years are ineligible.",MAX,0,denials in 5 years,"Claim denied under a home insurance policy based on arson, conspiracy to commit arson, misrepresentation, fraud or conspiracy to commit fraud",,"A person who has been successfully denied, within the immediately preceding five-year period, payment by an insurer of a claim under a home insurance policy based arson,",3.0,PASS,HIGH,,CHUBB_HO_-_05.22.2026.pdf,EVALUATE,,PASS,
CHU-069,Chubb HO,LOSS_HISTORY,RULE,DECLINES,Applicants whose home insurance was canceled for non-payment in the past 5 years are ineligible.,MAX,0,cancellations for non-payment in 5 years,,,A person whose policy of home insurance has been canceled because of non-payment of premium within the immediately preceding five-year period.,4.0,PASS,HIGH,,CHUBB_HO_-_05.22.2026.pdf,EVALUATE,,PASS,
CHU-070,Chubb HO,LOSS_HISTORY,RULE,DECLINES,Dwellings with damage from a claim that was improperly repaired are ineligible.,YES_NO,No,,,,Dwellings that have damage associated with a claim improperly repaired.,5.0,PASS,HIGH,,CHUBB_HO_-_05.22.2026.pdf,EVALUATE,,PASS,
CHU-071,Chubb HO,LOSS_HISTORY,RULE,CONDITION,Dwellings or applicants with previous mold damage or a mold claim are eligible only if the property was remediated and certified under the Texas Occupations Code.,YES_NO,Yes,,Previous mold damage or mold related claim,Remediation certificate (Certificate of Mold Damage Remediation) or independent licensed mold assessor certification; properly remediated mold claims are not considered for underwriting,Dwellings or applicants with previous mold damage or mold related claim if all of the following conditions are not met:,5.0,PASS,MEDIUM,Condition list is split across pages 5-6 and the text is garbled; read with Section IV definition c.,CHUBB_HO_-_05.22.2026.pdf,EVALUATE_CURE_IS_INSPECTION,,PASS,
CHU-072,Chubb HO,LOSS_HISTORY,RULE,COVERAGE_ONLY,"Preferred tier requires no losses in the 3-year period except a single water loss, remediated mold claims, or 2 or fewer remediated appliance claims.",MAX,0,non-CAT losses in 3 years,"Preferred tier, loss history 3-year experience period (non-CAT losses for the client and prior CAT losses at this location)",Exceptions: single water loss; properly remediated mold claim(s); 2 or fewer properly remediated appliance related claims,"No losses except: -Risks with only a single water loss, or -Mold claim(s) that has been properly remediated, or -2 or fewer appliance related claims that have been properly remediated.",10.0,PASS,MEDIUM,Pricing tier; Ultra Preferred is Unacceptable. Same on pages 11 (non-coastal); coastal Preferred is Unacceptable.,CHUBB_HO_-_05.22.2026.pdf,NOT_ELIGIBILITY,,PASS,
CHU-073,Chubb HO,LOSS_HISTORY,RULE,REFERS_TO_UW,Standard tier risks with a loss history must be pre-approved by underwriting.,YES_NO,Yes,,"Standard tier, 3-year loss history","A single water loss, properly remediated mold claims, or 2 or fewer properly remediated appliance claims are acceptable",Risks or applicants with a loss history will require underwriter approval.,9.0,PASS,HIGH,,CHUBB_HO_-_05.22.2026.pdf,EVALUATE,,PASS,
CHU-074,Chubb HO,LOSS_HISTORY,RULE,DECLINES,A policy may be non-renewed if the insured filed 3 or more non-natural-cause claims in any 3-year period.,MAX,2,non-natural-cause claims in 3 years,Renewal; claims under the policy that do not result from natural causes,,We may refuse to renew this policy if the insured has filed three or more claims under the policy in any three-year period that do not result from natural causes.,8.0,PASS,MEDIUM,Discretionary ('may refuse').,CHUBB_HO_-_05.22.2026.pdf,EVALUATE,,PASS,
CHU-075,Chubb HO,LOSS_HISTORY,NO_RESTRICTION,ALLOWS,A policy cannot be non-renewed based solely on claims from natural causes.,,,,Renewal,,We may not nonrenew a policy based solely on claims from natural causes.,8.0,PASS,HIGH,,CHUBB_HO_-_05.22.2026.pdf,ALLOWS,,PASS,
CHU-076,Chubb HO,LOSS_HISTORY,NO_RESTRICTION,ALLOWS,A policy cannot be non-renewed based on a claim that is filed but not paid or payable.,,,,Renewal,,We may not nonrenew a policy based on any claim that is filed but is not paid or payable under the policy.,8.0,PASS,HIGH,,CHUBB_HO_-_05.22.2026.pdf,ALLOWS,,PASS,
CHU-077,Chubb HO,ACREAGE,RULE,DECLINES,Dwellings subject to rating as a Farm and Ranch are ineligible.,YES_NO,No,,,,A dwelling which is subject to rating as a Farm and Ranch,3.0,PASS,MEDIUM,Only farm/ranch is mentioned; no lot size or acreage limit appears in the guide.,CHUBB_HO_-_05.22.2026.pdf,EVALUATE,,PASS,
CHU-078,Chubb HO,FLOOD,RULE,DECLINES,Risks in Flood Zone V are ineligible except tenants and condominiums on the 3rd floor or higher.,MIN,3,floor (tenants and condominiums only),Flood Zone V,Tenants and condominiums on the 3rd floor or higher,Risks in Flood Zone V are only acceptable for tenants and condominiums on the 3rd floor or higher.,9.0,PASS,HIGH,,CHUBB_HO_-_05.22.2026.pdf,EVALUATE,,PASS,
CHU-079,Chubb HO,FLOOD,RULE,REFERS_TO_UW,Risks in Flood Zone A must be pre-approved by underwriting.,YES_NO,Yes,,"Flood Zone A, Standard tier conditions",,Risks in Flood Zone A are subject to pre-approval.,9.0,PASS,HIGH,,CHUBB_HO_-_05.22.2026.pdf,EVALUATE,,PASS,
CHU-080,Chubb HO,FLOOD,RULE,REFERS_TO_UW,Coastal Standard tier risks in Flood zone A (primary and secondary residences) must be pre-approved by underwriting.,YES_NO,Yes,,"Flood zone A, Coastal Areas, Standard tier; Preferred and Ultra Preferred Unacceptable",,secondary residences) Unacceptable Unacceptable Subject to pre-approval,13.0,PASS,HIGH,,CHUBB_HO_-_05.22.2026.pdf,EVALUATE,,FAIL,"Tier table: the app's stored text keeps row labels and cell values in separate runs, so no table row matches as one passage. Check the PDF page."
CHU-081,Chubb HO,FLOOD,RULE,REFERS_TO_UW,Coastal Standard tier high-rise tenants and condominiums on the 3rd floor or higher in Flood zone V must be pre-approved; all other Flood zone V risks are unacceptable.,MIN,3,floor,"Flood zone V, Coastal Areas, Standard tier",All other Flood zone V risks are Unacceptable,condominiums on the 3rd floor or Unacceptable Unacceptable Subject to pre-approval,13.0,PASS,MEDIUM,Layout cells inferred from table; page 9 says only acceptable for tenants and condominiums on the 3rd floor or higher without mentioning pre-approval.,CHUBB_HO_-_05.22.2026.pdf,EVALUATE,,FAIL,"Tier table: the app's stored text keeps row labels and cell values in separate runs, so no table row matches as one passage. Check the PDF page."
CHU-082,Chubb HO,INSPECTIONS,RULE,CONDITION,All residences must have an acceptable inspection.,YES_NO,Yes,,Standard Tier Conditions,,All residences must have acceptable Inspection.,9.0,PASS,HIGH,,CHUBB_HO_-_05.22.2026.pdf,IGNORE_INSPECTION,,PASS,
CHU-083,Chubb HO,INSPECTIONS,RULE,DECLINES,Applicants who refuse an inspection of the premises are ineligible.,YES_NO,No,,,,A person who refuses to allow an inspection of the premises for which insurance is being requested or provided.,4.0,PASS,HIGH,,CHUBB_HO_-_05.22.2026.pdf,IGNORE_INSPECTION,,PASS,
CHU-084,Chubb HO,INSPECTIONS,RULE,CONDITION,A completed inspection and appraisal is reviewed on all new business.,YES_NO,Yes,,New business,,It is an Underwriting Practice to review a completed inspection and appraisal on all new business and to maintain these inspections for current inforce policies.,8.0,PASS,MEDIUM,Stated as practice; 'generally' obtained per the list.,CHUBB_HO_-_05.22.2026.pdf,IGNORE_INSPECTION,,PASS,
CHU-085,Chubb HO,INSPECTIONS,RULE,INFO_ONLY,Renewal policies are inspected when the current inspection is more than 7 years old.,MAX,7,years,Renewal policies,,Renewal policies where the current inspection is more than 7 years old.,8.0,PASS,HIGH,,CHUBB_HO_-_05.22.2026.pdf,NOT_ELIGIBILITY,,PASS,
CHU-086,Chubb HO,PRODUCT_STATUS,RULE,INFO_ONLY,Policies should not be placed unless they comply with the guide's criteria; special circumstances go to the Chubb underwriter.,,,,,Contact a Chubb Underwriter for special circumstances,"Policies should not be placed unless they comply with the criteria below. If you feel there are special circumstances for a particular risk, please contact your Chubb Underwriter.",3.0,PASS,HIGH,,CHUBB_HO_-_05.22.2026.pdf,NOT_ELIGIBILITY,,PASS,
CHU-087,Chubb HO,PRODUCT_STATUS,RULE,DECLINES,"During a catastrophe binding suspension, new applications and increased-coverage endorsements in the affected area are not accepted.",YES_NO,No,,During an announced underwriting suspension for a designated geographic area,Suspension notices come via the Chubb Agent Portal,"During a suspension, we will not accept for any of the designated geographic areas:",6.0,PASS,MEDIUM,Temporary; applies only when a suspension is announced.,CHUBB_HO_-_05.22.2026.pdf,EVALUATE,,PASS,
CHU-088,Chubb HO,PRODUCT_STATUS,UNCLEAR,UNKNOWN,The Ultra Preferred tier column is marked Unacceptable on every row of the tier tables.,,,,"Tier tables, Ultra Preferred column",,"Primary Houses Unacceptable Minimum: $1,000,000",10.0,PASS,LOW,"Every Ultra Preferred cell reads Unacceptable, which may be a template or extraction issue or may mean the tier is not offered; guide never states this.",CHUBB_HO_-_05.22.2026.pdf,EVALUATE,,PASS,
CHU-089,Chubb HO,PRODUCT_STATUS,RULE,INFO_ONLY,"At renewal, Chubb may move a risk to a tier it qualifies for and will re-underwrite against Sections I-III.",,,,Renewal,An agent can request another writing company at renewal,"A risk may be moved by Chubb, at renewal to a tier for which it qualifies.",7.0,PASS,HIGH,,CHUBB_HO_-_05.22.2026.pdf,NOT_ELIGIBILITY,,PASS,
CHU-090,Chubb HO,PRODUCT_STATUS,RULE,INFO_ONLY,Risks that qualify under Sections I-III are eligible for the Standard tier; discount tiers require all tier conditions to be met.,,,,Tiering Guidelines,Chubb reserves the right to use judgment on individual risks,"Risks that qualify for homeowners insurance based on the criteria in sections I-III, become eligible for placement in our Standard Tier.",9.0,PASS,HIGH,,CHUBB_HO_-_05.22.2026.pdf,NOT_ELIGIBILITY,,PASS,
CHU-091,Chubb HO,OTHER,RULE,DECLINES,Dwellings not used exclusively for personal private residential purposes are ineligible.,YES_NO,No,,,,A person who is seeking to insure a dwelling that is not used exclusively for personal private residential purposes.,3.0,PASS,HIGH,,CHUBB_HO_-_05.22.2026.pdf,EVALUATE,,PASS,
CHU-092,Chubb HO,OTHER,RULE,DECLINES,"Dwellings with an incidental office, private school, studio or church operation exceeding 50% of floor area are ineligible.",MAX,50,% of total floor area,"Incidental office, private school, studio or church operations",,"A dwelling which contains an incidental office, private school, studio or church operations which exceeds 50% of the total floor area of the dwelling;",3.0,PASS,MEDIUM,Wording is awkward ('incidental' use exceeding 50%).,CHUBB_HO_-_05.22.2026.pdf,EVALUATE,,PASS,
CHU-093,Chubb HO,OTHER,RULE,DECLINES,Bed and Breakfast operations with more than 2 rental units are ineligible.,MAX,2,rental units,Bed and Breakfast operation,,A dwelling which functions as a Bed and Breakfast Operation with more than two rental units;,3.0,PASS,HIGH,,CHUBB_HO_-_05.22.2026.pdf,EVALUATE,,PASS,
CHU-094,Chubb HO,OTHER,RULE,DECLINES,"Day care operations with annual gross revenue over $5,000 are ineligible.",MAX,5000,USD annual gross revenue,Day care center,,"A dwelling which functions as a Day Care center which generates annual gross revenues in excess of $5,000;",3.0,PASS,HIGH,,CHUBB_HO_-_05.22.2026.pdf,EVALUATE,,PASS,
CHU-095,Chubb HO,OTHER,RULE,DECLINES,"Dwellings with business pursuits generating over $15,000 annual gross revenue are ineligible.",MAX,15000,USD annual gross revenue,Any business pursuit of the insured,,"A dwelling in which any business pursuit of the insured generates annual gross revenues in excess of $15,000.",3.0,PASS,HIGH,,CHUBB_HO_-_05.22.2026.pdf,EVALUATE,,PASS,
CHU-096,Chubb HO,OTHER,RULE,DECLINES,Dwellings used for an illegal or demonstrably hazardous purpose are ineligible.,YES_NO,No,,,,A person who insures or seeks to insure a dwelling which is being used for an illegal or demonstrably hazardous purpose.,3.0,PASS,HIGH,,CHUBB_HO_-_05.22.2026.pdf,EVALUATE,,PASS,
CHU-097,Chubb HO,OTHER,RULE,DECLINES,"Applicants convicted of arson, burglary with explosives, fraud or related crimes are ineligible.",YES_NO,No,,"Conviction for the listed crimes (arson, burglary with explosives, explosive or incendiary devices, fraud, malicious destruction of property)",,A person who has been convicted of any of the following crimes:,3.0,PASS,MEDIUM,No look-back period; crimes are listed on pages 3-4.,CHUBB_HO_-_05.22.2026.pdf,EVALUATE,,PASS,
CHU-098,Chubb HO,OTHER,RULE,DECLINES,"Dwellings with physical conditions not up to national, state or local codes are ineligible.",YES_NO,No,,,,"Dwellings where the physical condition of the property is not up to applicable national, state, or local codes.",5.0,PASS,HIGH,,CHUBB_HO_-_05.22.2026.pdf,EVALUATE,,PASS,
CHU-099,Chubb HO,OTHER,RULE,DECLINES,Dwellings with more than 2 lienholders are ineligible.,MAX,2,lienholders,,,Dwellings for which there are more than 2 lienholders.,5.0,PASS,HIGH,,CHUBB_HO_-_05.22.2026.pdf,EVALUATE,,PASS,
CHU-100,Chubb HO,OTHER,RULE,DECLINES,Dwellings under construction or undergoing major renovations are ineligible.,YES_NO,No,,,,Dwellings that are under construction or undergoing major renovations.,5.0,PASS,HIGH,,CHUBB_HO_-_05.22.2026.pdf,EVALUATE,,PASS,
CHU-101,Chubb HO,OTHER,RULE,REFERS_TO_UW,"Course of renovation must be pre-approved by underwriting in the Standard tier, and in the Preferred tier only if estimated completion is under 1 year.",MAX,1,year estimated completion (Preferred tier),"Course of renovation, Standard tier, non-coastal regions",Course of construction is Unacceptable in all tiers,Course of renovation Unacceptable Subject to pre-approval Subject to pre-approval,10.0,PASS,MEDIUM,Conflicts in tone with Section II.4 (major renovations ineligible); the table presumably covers minor renovation.,CHUBB_HO_-_05.22.2026.pdf,EVALUATE,,FAIL,"Tier table: the app's stored text keeps row labels and cell values in separate runs, so no table row matches as one passage. Check the PDF page."
CHU-102,Chubb HO,OTHER,RULE,DECLINES,Course of construction is unacceptable in all tiers.,YES_NO,No,,"Special risk characteristics, all tiers, non-coastal (page 10; repeats on page 11) and coastal (page 13)",,Course of construction Unacceptable Unacceptable Unacceptable,10.0,PASS,HIGH,,CHUBB_HO_-_05.22.2026.pdf,EVALUATE,,PASS,
CHU-103,Chubb HO,OTHER,RULE,DECLINES,"Dwellings with insufficient functional burglar alarms, smoke alarms or associated heat sensors are ineligible.",YES_NO,No,,,,"Dwellings that have insufficient functional burglar alarms, smoke alarms and/or associated heat sensors.",5.0,PASS,MEDIUM,'Insufficient' is not defined.,CHUBB_HO_-_05.22.2026.pdf,EVALUATE,,PASS,
CHU-104,Chubb HO,OTHER,UNCLEAR,UNKNOWN,"A central station fire and burglar alarm chart lists Coverage A thresholds of $5,000,000 for houses, $10,000,000 for condominiums (A&A) and renters (contents).",MIN,5000000 (houses); 10000000 (condominiums A&A and renters contents),USD,"Primary, seasonal or secondary risks, Standard Tier Conditions","Requirements may vary by occupancy, protection and sprinklers","These requirements may vary based upon individual risk characteristics such as occupancy, protection and installation of sprinklers.",9.0,PASS,LOW,Chart gives thresholds under the heading but never says the alarm is required; the footnote calls them requirements.,CHUBB_HO_-_05.22.2026.pdf,EVALUATE,,PASS,
CHU-105,Chubb HO,OTHER,RULE,DECLINES,Dwellings with visible mold are ineligible.,YES_NO,No,,,,9. Dwellings with visible mold.,5.0,PASS,HIGH,,CHUBB_HO_-_05.22.2026.pdf,EVALUATE,,PASS,
CHU-106,Chubb HO,OTHER,RULE,DECLINES,Persons in the public eye who create an exposure not contemplated in the rating structure are ineligible.,TEXT,,,,,A person in the public eye that creates an exposure that is not contemplated in our rating structure.,4.0,PASS,MEDIUM,Vague; no definition of public eye exposure.,CHUBB_HO_-_05.22.2026.pdf,EVALUATE,,PASS,
CHU-107,Chubb HO,OTHER,RULE,DECLINES,Applicants whose actions demonstrate a moral hazard risk are ineligible.,TEXT,,,,,"A person whose actions demonstrate there is a risk of a moral hazard, which is defined as:",4.0,PASS,MEDIUM,Subjective; defined in broad terms on page 4.,CHUBB_HO_-_05.22.2026.pdf,EVALUATE,,PASS,
CHU-108,Chubb HO,OTHER,NO_RESTRICTION,ALLOWS,A new policy application is not ineligible solely because the applicant is an elected official.,,,,,,A new policy application shall not be deemed ineligible solely because the applicant is an elected official.,4.0,PASS,HIGH,,CHUBB_HO_-_05.22.2026.pdf,ALLOWS,,PASS,
CHU-109,Chubb HO,OTHER,RULE,COVERAGE_ONLY,"Standard tier Clause 1 minimum deductible is 1% and Clause 2 minimum is $1,000 in non-coastal regions; Preferred needs 1% and $2,500.",MIN,"1%; $1,000",deductible,"Minimum deductibles, Standard tier, non-coastal regions (same on page 11)","Dollar deductibles may replace percent deductibles if equal or greater, except Harris County Territory 1A and First Tier Counties","Clause 1 Unacceptable 1% 1% Clause 2 Unacceptable $2,500 $1,000",10.0,PASS,MEDIUM,Clause 1 and Clause 2 are not defined in the guide.,CHUBB_HO_-_05.22.2026.pdf,NOT_ELIGIBILITY,,FAIL,"Tier table: the app's stored text keeps row labels and cell values in separate runs, so no table row matches as one passage. Check the PDF page."
CHU-110,Chubb HO,OTHER,RULE,COVERAGE_ONLY,"Coastal Standard tier Clause 1 minimum deductible is 2% for Harris County 1B and 5% for 1C and 1E (including wind); Clause 2 is $2,500.",MIN,"2% (1B); 5% (1C & 1E); $2,500 (Clause 2)",deductible,"Minimum deductibles including wind, Coastal Areas, Standard tier","Terr 8, 9 & 10 and Harris County 1A east and west of Hwy 146 are Unacceptable",- Harris County 1B Unacceptable Unacceptable 2% - Harris County 1C & 1E 5%,13.0,PASS,MEDIUM,Clause 1 and Clause 2 are not defined in the guide.,CHUBB_HO_-_05.22.2026.pdf,NOT_ELIGIBILITY,,FAIL,"Tier table: the app's stored text keeps row labels and cell values in separate runs, so no table row matches as one passage. Check the PDF page."
MER-001,Mercury HO3,OCCUPANCY,RULE,DECLINES,Dwellings vacant for more than 30 days are ineligible.,MAX,30,days,"Vacant means no residents or personal property in the dwelling, or insufficient personal property to occupy it as a residence.",,Dwellings that have been vacant for more than 30 days.,4.0,PASS,HIGH,,Mercury_HO3_-_01.01.2026.pdf,EVALUATE,,PASS,
MER-002,Mercury HO3,OCCUPANCY,RULE,DECLINES,Unoccupied dwellings are ineligible.,YES_NO,,,Unoccupied means no residents living in the dwelling but sufficient personal property to be occupied as a residence.,,Dwellings that are unoccupied. An unoccupied dwelling is defined as a dwelling which there are no residents living in the dwelling but sufficient personal property in the dwelling to be occupied as a residence.,4.0,PASS,HIGH,,Mercury_HO3_-_01.01.2026.pdf,EVALUATE,,PASS,
MER-003,Mercury HO3,OCCUPANCY,RULE,DECLINES,"Secondary, seasonal or additional-residence dwellings are ineligible when Mercury does not insure the primary dwelling.",YES_NO,,,Dwelling is a secondary/seasonal dwelling or additional residence.,Eligible only if Mercury insures the primary dwelling (implied by the wording).,Secondary/seasonal dwelling or Additional Residence and Mercury does not insure the primary dwelling.,4.0,PASS,MEDIUM,"Exception is implied by the wording, not stated outright.",Mercury_HO3_-_01.01.2026.pdf,EVALUATE,,PASS,
MER-004,Mercury HO3,OCCUPANCY,RULE,DECLINES,Dwellings with any short-term rental or home-sharing use are ineligible.,YES_NO,,,"Includes VRBO, Airbnb or similar platforms.",,"Dwellings with any short-term rental exposure or used for any home-sharing (VRBO, Airbnb, or similar platform).",5.0,PASS,HIGH,,Mercury_HO3_-_01.01.2026.pdf,EVALUATE,,PASS,
MER-005,Mercury HO3,OWNERSHIP,RULE,DECLINES,"Properties owned by an LLC, corporation or corporate trust are ineligible.",DISALLOWED_LIST,LLC; Corporation; Corporate Trust,,,,"Properties owned by an LLC, Corporation, and/or Corporate Trust.",5.0,PASS,HIGH,,Mercury_HO3_-_01.01.2026.pdf,EVALUATE,,PASS,
MER-006,Mercury HO3,OWNERSHIP,RULE,DECLINES,"No more than 2 unrelated owners are allowed, and both must have an ownership interest and live at the home.",MAX,2,unrelated owners,,Non-resident cosigners are not listed as named insureds but can be additional insureds.,"Can have no more than two unrelated owners, provided they both have ownership interest in the insured location and both reside there.",3.0,PASS,MEDIUM,Listed under general requirements; the guide does not use the word ineligible for this item.,Mercury_HO3_-_01.01.2026.pdf,EVALUATE,,PASS,
MER-007,Mercury HO3,OWNERSHIP,RULE,INFO_ONLY,Non-resident cosigners are not named insureds but can be additional insureds.,TEXT,,,,,Any non-resident cosigners will not be listed as named insureds. They can be listed as additional insureds.,3.0,PASS,HIGH,,Mercury_HO3_-_01.01.2026.pdf,NOT_ELIGIBILITY,,PASS,
MER-008,Mercury HO3,DWELLING_TYPE,RULE,DECLINES,HO-3 dwellings must be one- or two-family.,ALLOWED_LIST,One-family; Two-family,,HO-3 policies,,One or two family dwellings for HO-3 policies.,2.0,PASS,MEDIUM,Written as a general requirement; the guide does not say ineligible. Townhome and condo-style dwellings are not addressed for HO-3.,Mercury_HO3_-_01.01.2026.pdf,EVALUATE,,PASS,
MER-009,Mercury HO3,DWELLING_TYPE,RULE,DECLINES,"Mobile, trailer, house-trailer and manufactured homes are ineligible, as are risks with any of these on the property.",DISALLOWED_LIST,Mobile home; Trailer home; House trailer; Manufactured home,,Also applies if any of these or similar are on the property.,,"Mobile home, trailer home, house trailer, manufactured home, or risks with any of these or similar on the property.",4.0,PASS,HIGH,,Mercury_HO3_-_01.01.2026.pdf,EVALUATE,,PASS,
MER-010,Mercury HO3,HOME_AGE,RULE,CONDITION,Pre-1940 homes using Standard replacement costs for Coverage A are acceptable only with Functional Replacement Cost Coverage on the policy.,YES_NO,1940,year built,Home built before 1940 and Coverage A set using Standard replacement costs.,,Pre-1940 homes using “Standard” replacement costs to determine Coverage A are acceptable only when the Functional Replacement Cost Coverage is included on the policy.,2.0,PASS,HIGH,,Mercury_HO3_-_01.01.2026.pdf,EVALUATE,,PASS,
MER-011,Mercury HO3,HOME_AGE,RULE,REFERS_TO_UW,Dwellings listed on the State or National Historic Home Registry need underwriting approval before binding.,YES_NO,,,,,Dwellings that are listed on the State or National Historic Home Registry,5.0,PASS,HIGH,,Mercury_HO3_-_01.01.2026.pdf,EVALUATE,,PASS,
MER-012,Mercury HO3,ROOF_ELIG,RULE,DECLINES,"Asbestos shingle, tin, T-lock shingle, wood shake and wood shingle roofs are ineligible.",DISALLOWED_LIST,Asbestos shingles; Tin; T-lock shingles; Wood shakes; Wood shingles,,Modernization requirement; applies to all dwellings and to condos if the roof is insured under Coverage A.,,"Asbestos shingles, tin, T-lock shingles, wood shakes, wood shingles, or more than 1 layer of roofing material (e.g., asphalt shingles installed over wood shingles/wood shakes or installed over a prior asphalt shingle installation) are ineligible.",2.0,PASS,HIGH,,Mercury_HO3_-_01.01.2026.pdf,EVALUATE,,PASS,
MER-013,Mercury HO3,ROOF_ELIG,RULE,DECLINES,Roofs with more than 1 layer of roofing material are ineligible.,MAX,1,layers,Includes asphalt shingles installed over wood shingles/shakes or over a prior asphalt shingle installation.,,"or more than 1 layer of roofing material (e.g., asphalt shingles installed over wood shingles/wood shakes or installed over a prior asphalt shingle installation) are ineligible.",2.0,PASS,HIGH,,Mercury_HO3_-_01.01.2026.pdf,EVALUATE,,PASS,
MER-014,Mercury HO3,ROOF_ELIG,RULE,DECLINES,The roof must be in acceptable condition.,TEXT,,,Modernization requirement; applies to all dwellings and to condos if the roof is insured under Coverage A.,,The roof must be in acceptable condition.,2.0,PASS,MEDIUM,No definition of acceptable condition and no roof age limit is given.,Mercury_HO3_-_01.01.2026.pdf,CONDITION_STANDARD,,PASS,
MER-015,Mercury HO3,ROOF_ELIG,RULE,DECLINES,"Roofing, chimney, flashing, gutters, vents and eaves in need of immediate replacement do not meet the maintenance standard.",TEXT,,,Maintenance and Condition Standards example.,,"Roofing, chimney, flashing, gutter, vents, and eaves in need of immediate replacement",3.0,PASS,MEDIUM,Guide says these are examples of dwellings not meeting the standard; the consequence is not stated in the bullet itself.,Mercury_HO3_-_01.01.2026.pdf,CONDITION_STANDARD,,PASS,
MER-016,Mercury HO3,ROOF_ELIG,RULE,REFERS_TO_UW,Dwellings with flat roofs need underwriting approval before binding.,YES_NO,,,,,Dwellings with flat roofs,5.0,PASS,HIGH,,Mercury_HO3_-_01.01.2026.pdf,EVALUATE,,PASS,
MER-017,Mercury HO3,ROOF_ELIG,RULE,DECLINES,Roof covering on the dwelling and other structures should be Class A fire rated.,TEXT,Class A,,"Homes with an increased exposure to wildfire, per the wildfire risk assessment.",,Roof covering on the dwelling and other structures should be Class A fire rated,3.0,PASS,MEDIUM,"Wording is should, but the section says homes not meeting the criteria are ineligible.",Mercury_HO3_-_01.01.2026.pdf,EVALUATE,,PASS,
MER-018,Mercury HO3,ROOF_SETTLEMENT,RULE,COVERAGE_ONLY,"The Roof Surfacing payment schedule endorsement (H0499 TX) is required for slate, tile and metal roofs more than 20 years old.",MAX,20,years,"Slate, tile and metal roofs.",,"The “Roof Surfacing” Loss Settlement Payment Schedule - Windstorm or Hail Losses (H0499 TX) endorsement is required for slate, tile, and metal roofs more than 20 years.",2.0,PASS,HIGH,,Mercury_HO3_-_01.01.2026.pdf,NOT_ELIGIBILITY,,PASS,
MER-019,Mercury HO3,ROOF_SETTLEMENT,RULE,COVERAGE_ONLY,The Roof Surfacing payment schedule endorsement (H0499 TX) is required for all other roof types older than 10 years.,MAX,10,years,"All roof types other than slate, tile and metal.",,It will also be required all other roof types older than 10 years old.,2.0,PASS,HIGH,,Mercury_HO3_-_01.01.2026.pdf,NOT_ELIGIBILITY,,PASS,
MER-020,Mercury HO3,CONSTRUCTION,RULE,DECLINES,"Aluminum or asbestos siding, EIFS, Dryvit and other synthetic stucco siding are ineligible.",DISALLOWED_LIST,Aluminum siding; Asbestos siding; EIFS; Dryvit; Other synthetic stucco siding,,,,"Aluminum or asbestos siding, EIFS, Dryvit, and other synthetic stucco siding",4.0,PASS,HIGH,,Mercury_HO3_-_01.01.2026.pdf,EVALUATE,,PASS,
MER-021,Mercury HO3,CONSTRUCTION,RULE,DECLINES,Log homes are ineligible.,YES_NO,,,,,primary dwelling. q) Log homes,4.0,PASS,HIGH,,Mercury_HO3_-_01.01.2026.pdf,EVALUATE,,PASS,
MER-022,Mercury HO3,CONSTRUCTION,RULE,DECLINES,Dwellings with unusual or unconventional construction or design are ineligible.,DISALLOWED_LIST,Geodesic design; A-frame roofs; Barndominiums; Homes built underground; Earthen or bermed homes; Straw block or bale homes,,"List is not exhaustive (includes, but is not limited to).",,Dwellings with unusual or unconventional construction or design or dwellings for which a valuation cannot be determined using the provided Reconstruction Cost Tool are ineligible.,5.0,PASS,HIGH,,Mercury_HO3_-_01.01.2026.pdf,EVALUATE,,PASS,
MER-023,Mercury HO3,CONSTRUCTION,RULE,DECLINES,Siding on the dwelling and other structures should be non-combustible or ignition resistant.,TEXT,,,"Homes with an increased exposure to wildfire, per the wildfire risk assessment.",,Siding on the dwelling and other structures should be non-combustible or ignition resistant,3.0,PASS,MEDIUM,"Wording is should, but the section says homes not meeting the criteria are ineligible.",Mercury_HO3_-_01.01.2026.pdf,EVALUATE,,PASS,
MER-024,Mercury HO3,CONSTRUCTION,RULE,DECLINES,"Decks, patios, porches, fences, outbuildings and balconies must be built of non-combustible or ignition-resistant materials.",TEXT,,,"Homes with an increased exposure to wildfire, per the wildfire risk assessment.",,"Any decks, patios, porches, fences, outbuildings, and balconies must be built with non-combustible or ignition-resistant materials.",3.0,PASS,HIGH,,Mercury_HO3_-_01.01.2026.pdf,EVALUATE,,PASS,
MER-025,Mercury HO3,CONSTRUCTION,RULE,DECLINES,"If gutters are present, they must be metal and covered with non-combustible corrosion-resistant metal mesh screen.",TEXT,,,"Homes with an increased exposure to wildfire, per the wildfire risk assessment.",,"If gutters are present, they must be metal and covered with non-combustible corrosion resistant metal mesh screen.",3.0,PASS,HIGH,,Mercury_HO3_-_01.01.2026.pdf,EVALUATE,,PASS,
MER-026,Mercury HO3,CONSTRUCTION,RULE,DECLINES,"Eaves must be enclosed, and attic and foundation vents must be covered with 1/8-inch or 1/16-inch non-combustible corrosion-resistant metal mesh screens.",TEXT,,,"Homes with an increased exposure to wildfire, per the wildfire risk assessment.",,Eaves must be enclosed. Attic and foundation vents must be covered with 1/8-inch or 1/16-inch non-combustible corrosion resistant metal mesh screens.,3.0,PASS,HIGH,,Mercury_HO3_-_01.01.2026.pdf,EVALUATE,,PASS,
MER-027,Mercury HO3,CONSTRUCTION,RULE,DECLINES,Windows must be dual-paned.,YES_NO,,,"Homes with an increased exposure to wildfire, per the wildfire risk assessment.",,Windows must be dual-paned.,3.0,PASS,HIGH,,Mercury_HO3_-_01.01.2026.pdf,EVALUATE,,PASS,
MER-028,Mercury HO3,CONSTRUCTION,RULE,DECLINES,"Primary or detached structures of poor construction, or with remodeling or repairs not built to local code or zoning, do not meet the maintenance standard.",TEXT,,,Maintenance and Condition Standards example.,,Primary or detached structures of poor construction or with remodeling or repairs not built to local government or zoning specifications and/or which may cause potential for loss due to poor workmanship,3.0,PASS,MEDIUM,Guide says these are examples of dwellings not meeting the standard; the consequence is not stated in the bullet itself.,Mercury_HO3_-_01.01.2026.pdf,CONDITION_STANDARD,,PASS,
MER-029,Mercury HO3,PLUMBING,RULE,DECLINES,"Plumbing must be 100% copper, PVC and/or PEX.",ALLOWED_LIST,Copper; PVC; PEX,,Modernization requirement; applies to all dwellings and to condos if the roof is insured under Coverage A.,Plumbing systems over 50 years old need a licensed plumber's statement and photos before binding.,"Plumbing must be 100% copper, PVC, and/or PEX. Galvanized, cast-iron, and",2.0,PASS,HIGH,,Mercury_HO3_-_01.01.2026.pdf,EVALUATE_CURE_IS_INSPECTION,,PASS,
MER-030,Mercury HO3,PLUMBING,RULE,DECLINES,"Galvanized, cast-iron and polybutylene plumbing are ineligible.",DISALLOWED_LIST,Galvanized; Cast-iron; Polybutylene,,Modernization requirement.,,"Plumbing must be 100% copper, PVC, and/or PEX. Galvanized, cast-iron, and",2.0,PASS,HIGH,Sentence continues on page 3 (polybutylene plumbing are ineligible).,Mercury_HO3_-_01.01.2026.pdf,EVALUATE,,PASS,
MER-031,Mercury HO3,PLUMBING,RULE,DECLINES,Plumbing must be in good working condition with no unrepaired damage.,TEXT,,,,,"Plumbing, heating, and electrical must be in good working condition and have no unrepaired damage.",2.0,PASS,HIGH,,Mercury_HO3_-_01.01.2026.pdf,CONDITION_STANDARD,,PASS,
MER-032,Mercury HO3,PLUMBING,RULE,CONDITION,A plumbing system more than 50 years old requires a licensed plumber's signed statement and photos of the plumbing before binding.,MAX,50,years,Plumbing system age over 50 years.,"Statement must certify the plumbing is 100% copper, PVC and/or PEX, in good condition with at least 5 years of life expectancy, and free of active leaks; photos of plumbing also required.",A dwelling with a plumbing system that is more than 50 years old will require the following prior to binding:,5.0,PASS,HIGH,,Mercury_HO3_-_01.01.2026.pdf,IGNORE_INSPECTION,,PASS,
MER-033,Mercury HO3,PLUMBING,RULE,CONDITION,"A plumbing-system-failure water loss in the past 3 years requires an inspection by a qualified plumbing contractor confirming good condition, no leaks and no lead interior supply lines.",YES_NO,3,years,Subject location had a water loss in the past 3 years caused by a plumbing system failure (new business).,,we will require an inspection by a qualified plumbing contractor which confirms the plumbing system is in good condition with no leaks and has no interior water supply lines made of lead.,6.0,PASS,HIGH,,Mercury_HO3_-_01.01.2026.pdf,IGNORE_INSPECTION,,PASS,
MER-034,Mercury HO3,ELECTRICAL,RULE,DECLINES,Electrical systems must be 100% circuit breakers.,YES_NO,,,Modernization requirement; applies to all dwellings and to condos if the roof is insured under Coverage A.,,Electrical system must be 100% circuit breakers.,2.0,PASS,HIGH,,Mercury_HO3_-_01.01.2026.pdf,EVALUATE,,PASS,
MER-035,Mercury HO3,ELECTRICAL,RULE,DECLINES,"Federal Pacific Stab-Lok and Zinsco panels (including Magnetrip, Sylvania and Challenger Zinsco-style panels) are ineligible.",DISALLOWED_LIST,Federal Pacific Stab-Lok; Zinsco; Magnetrip (Zinsco style); Sylvania (Zinsco style); Challenger (Zinsco style),,,,"Federal Pacific Stab-Lok and Zinsco (including Zinsco style panels produced under the Magnetrip, Sylvania and Challenger names) panels are ineligible.",2.0,PASS,HIGH,,Mercury_HO3_-_01.01.2026.pdf,EVALUATE,,PASS,
MER-036,Mercury HO3,ELECTRICAL,RULE,DECLINES,Aluminum wiring is ineligible.,YES_NO,,,,,Aluminum wiring is ineligible.,2.0,PASS,HIGH,,Mercury_HO3_-_01.01.2026.pdf,EVALUATE,,PASS,
MER-037,Mercury HO3,ELECTRICAL,RULE,DECLINES,Electrical must be in good working condition with no unrepaired damage.,TEXT,,,,,"Plumbing, heating, and electrical must be in good working condition and have no unrepaired damage.",2.0,PASS,HIGH,,Mercury_HO3_-_01.01.2026.pdf,CONDITION_STANDARD,,PASS,
MER-038,Mercury HO3,ELECTRICAL,RULE,CONDITION,An electrical system more than 50 years old requires a licensed electrician's signed statement and a photo of the panel before binding.,MAX,50,years,Electrical system age over 50 years.,"Statement must certify 100% circuit breakers with encased copper wiring, good condition and at least 5 years of life expectancy; photos of the electrical panel with the door open also required.",A dwelling with an electrical system that is more than 50 years old will require the following prior to binding:,5.0,PASS,HIGH,,Mercury_HO3_-_01.01.2026.pdf,IGNORE_INSPECTION,,PASS,
MER-039,Mercury HO3,ELECTRICAL,RULE,DECLINES,"Loose, broken or exposed wiring does not meet the maintenance standard.",TEXT,,,Maintenance and Condition Standards example.,,"Loose, broken, or exposed wiring",3.0,PASS,MEDIUM,Guide says these are examples of dwellings not meeting the standard; the consequence is not stated in the bullet itself.,Mercury_HO3_-_01.01.2026.pdf,CONDITION_STANDARD,,PASS,
MER-040,Mercury HO3,OTHER_SYSTEMS,RULE,DECLINES,"Heating must be a central, thermostatically controlled system.",YES_NO,,,Modernization requirement; applies to all dwellings and to condos if the roof is insured under Coverage A.,,Heating must be a central and thermostatically controlled system.,2.0,PASS,HIGH,,Mercury_HO3_-_01.01.2026.pdf,EVALUATE,,PASS,
MER-041,Mercury HO3,OTHER_SYSTEMS,RULE,DECLINES,"A converted coal furnace, kerosene heater, electric space heater or wood/coal/pellet stove cannot be the primary heat source.",DISALLOWED_LIST,Converted coal furnace; Kerosene heater; Electric space heater; Wood stove; Coal stove; Pellet stove,,As the primary source of heat.,,"A converted coal furnace, kerosene heater, electric space heater or wood/coal/pellet stove cannot be the primary source of heat",2.0,PASS,HIGH,,Mercury_HO3_-_01.01.2026.pdf,EVALUATE,,PASS,
MER-042,Mercury HO3,OTHER_SYSTEMS,RULE,DECLINES,Properties with water heaters not within their usable lifespan are ineligible.,TEXT,,,,,Properties with water heaters not within their usable lifespan are ineligible.,3.0,PASS,MEDIUM,No age or lifespan figure is given.,Mercury_HO3_-_01.01.2026.pdf,EVALUATE,,PASS,
MER-043,Mercury HO3,OTHER_SYSTEMS,RULE,DECLINES,"A wood, coal or pellet stove as an alternate or supplemental heat source is ineligible.",YES_NO,,,Stove used as alternate or supplemental heat source.,Eligible if the stove was professionally installed or approved by the local fire department or building inspector.,"Contains a wood, coal, or pellet stove as an alternate or supplemental heat source unless the stove has been professionally installed or has been approved by the local fire department or building inspector.",5.0,PASS,HIGH,,Mercury_HO3_-_01.01.2026.pdf,EVALUATE,,PASS,
MER-044,Mercury HO3,OTHER_SYSTEMS,RULE,CONDITION,An HVAC system more than 50 years old requires a licensed HVAC professional's signed statement and photos before binding.,MAX,50,years,HVAC system age over 50 years.,"Statement must certify the heating is central and thermostatically controlled, in good condition with at least 5 years of life expectancy; photos of the HVAC system also required.",A dwelling with an HVAC system that is more than 50 years old will require the following prior to binding:,5.0,PASS,HIGH,,Mercury_HO3_-_01.01.2026.pdf,IGNORE_INSPECTION,,PASS,
MER-045,Mercury HO3,OTHER_SYSTEMS,RULE,DECLINES,Heating must be in good working condition with no unrepaired damage.,TEXT,,,,,"Plumbing, heating, and electrical must be in good working condition and have no unrepaired damage.",2.0,PASS,HIGH,,Mercury_HO3_-_01.01.2026.pdf,CONDITION_STANDARD,,PASS,
MER-046,Mercury HO3,FOUNDATION,RULE,DECLINES,"Dwellings that are cantilevered or built on stilts, piling supports (including piers, wharves, jetties) or an open foundation are ineligible.",DISALLOWED_LIST,"Cantilevered; Stilts; Piling supports; Piers, wharves, jetties; Open foundation",,,,"Dwellings which are cantilevered or built on stilts or piling supports, including piers, wharves, jetties, or an open foundation.",4.0,PASS,MEDIUM,Unclear whether ordinary pier-and-beam foundations count as piling supports or an open foundation. Slab and pier-and-beam are not otherwise addressed.,Mercury_HO3_-_01.01.2026.pdf,EVALUATE,,PASS,
MER-047,Mercury HO3,POOL,RULE,DECLINES,Unfenced in-ground swimming pools are ineligible.,YES_NO,,,Listed as an attractive nuisance exposure.,,"Liability exposures involving any attractive nuisance type exposure including, but not limited to, unfenced in-ground swimming pools, skateboard ramps, skateboard rails, bicycle jumps, trampolines without safety net, etc.",4.0,PASS,HIGH,"No fence height, gate or lock specification is given.",Mercury_HO3_-_01.01.2026.pdf,EVALUATE,,PASS,
MER-048,Mercury HO3,POOL,RULE,DECLINES,Empty or poorly maintained pools and spas do not meet the maintenance standard.,TEXT,,,Maintenance and Condition Standards example.,,Empty or poorly maintained pools and/or spas,3.0,PASS,MEDIUM,Guide says these are examples of dwellings not meeting the standard; the consequence is not stated in the bullet itself.,Mercury_HO3_-_01.01.2026.pdf,CONDITION_STANDARD,,PASS,
MER-049,Mercury HO3,LIABILITY_HAZARDS,RULE,DECLINES,"Skateboard ramps, skateboard rails and bicycle jumps are ineligible.",DISALLOWED_LIST,Skateboard ramps; Skateboard rails; Bicycle jumps,,Listed as attractive nuisance exposures.,,"Liability exposures involving any attractive nuisance type exposure including, but not limited to, unfenced in-ground swimming pools, skateboard ramps, skateboard rails, bicycle jumps, trampolines without safety net, etc.",4.0,PASS,HIGH,,Mercury_HO3_-_01.01.2026.pdf,EVALUATE,,PASS,
MER-050,Mercury HO3,LIABILITY_HAZARDS,RULE,DECLINES,Trampolines without a safety net are ineligible.,YES_NO,,,Listed as an attractive nuisance exposure.,Eligible if the trampoline has a safety net (implied by the wording).,"Liability exposures involving any attractive nuisance type exposure including, but not limited to, unfenced in-ground swimming pools, skateboard ramps, skateboard rails, bicycle jumps, trampolines without safety net, etc.",4.0,PASS,MEDIUM,Netted trampoline is implied acceptable; not stated outright.,Mercury_HO3_-_01.01.2026.pdf,EVALUATE,,PASS,
MER-051,Mercury HO3,LIABILITY_HAZARDS,RULE,DECLINES,Any attractive nuisance type liability exposure is ineligible; the listed items are examples only.,TEXT,,,"The list is not exhaustive (including, but not limited to).",,"Liability exposures involving any attractive nuisance type exposure including, but not limited to, unfenced in-ground swimming pools, skateboard ramps, skateboard rails, bicycle jumps, trampolines without safety net, etc.",4.0,PASS,MEDIUM,Open-ended category; playgrounds and other nuisances are not specifically defined.,Mercury_HO3_-_01.01.2026.pdf,EVALUATE,,PASS,
MER-052,Mercury HO3,LIABILITY_HAZARDS,RULE,DECLINES,"Swing sets, play sets and playhouses that are poorly maintained or poorly constructed do not meet the maintenance standard.",TEXT,,,Maintenance and Condition Standards example.,,"Swing sets, play sets, playhouses, or other structures not properly maintained and/or poorly constructed",3.0,PASS,MEDIUM,Guide says these are examples of dwellings not meeting the standard; the consequence is not stated in the bullet itself.,Mercury_HO3_-_01.01.2026.pdf,CONDITION_STANDARD,,PASS,
MER-053,Mercury HO3,LIABILITY_HAZARDS,RULE,DECLINES,"Decks, stairways or balconies without proper railing, or otherwise unsafe, do not meet the maintenance standard.",TEXT,,,Maintenance and Condition Standards example.,,"Decks, stairways, or balconies without proper railing, or that are otherwise unsafe to stand or walk on",3.0,PASS,MEDIUM,Guide says these are examples of dwellings not meeting the standard; the consequence is not stated in the bullet itself.,Mercury_HO3_-_01.01.2026.pdf,CONDITION_STANDARD,,PASS,
MER-054,Mercury HO3,ANIMALS,RULE,DECLINES,"Risks that own or board Akitas, American Bullies, Cane Corsos, Chows, Dogos Argentinos, Pit Bulls, Presa Canarios, Rottweilers or Staffordshire Bull Terriers are ineligible.",DISALLOWED_LIST,Akita; American Bully; Cane Corso; Chow; Dogo Argentino; Pit Bull; Presa Canario; Rottweiler; Staffordshire Bull Terrier,,Owned or boarded.,,"Risks who own or board Akitas, American Bully, Cane Corsos, Chows, Dogos Argentinos, Pit Bulls, Presa Canario (canary dog), Rottweilers, Staffordshire Bull Terriers, wolf hybrids, zoo animals, exotic animals, or any animal with a biting history.",4.0,PASS,HIGH,,Mercury_HO3_-_01.01.2026.pdf,EVALUATE,,PASS,
MER-055,Mercury HO3,ANIMALS,RULE,DECLINES,"Risks that own or board wolf hybrids, zoo animals or exotic animals are ineligible.",DISALLOWED_LIST,Wolf hybrids; Zoo animals; Exotic animals,,Owned or boarded.,,"Risks who own or board Akitas, American Bully, Cane Corsos, Chows, Dogos Argentinos, Pit Bulls, Presa Canario (canary dog), Rottweilers, Staffordshire Bull Terriers, wolf hybrids, zoo animals, exotic animals, or any animal with a biting history.",4.0,PASS,HIGH,,Mercury_HO3_-_01.01.2026.pdf,EVALUATE,,PASS,
MER-056,Mercury HO3,ANIMALS,RULE,DECLINES,Risks that own or board any animal with a biting history are ineligible.,YES_NO,,,Owned or boarded.,,"Risks who own or board Akitas, American Bully, Cane Corsos, Chows, Dogos Argentinos, Pit Bulls, Presa Canario (canary dog), Rottweilers, Staffordshire Bull Terriers, wolf hybrids, zoo animals, exotic animals, or any animal with a biting history.",4.0,PASS,HIGH,,Mercury_HO3_-_01.01.2026.pdf,EVALUATE,,PASS,
MER-057,Mercury HO3,ANIMALS,RULE,DECLINES,Mixed-breed dogs with any unacceptable breed in their lineage are ineligible.,TEXT,,,,,Any “mixed breed” dog that has any unacceptable breed as part of the dog’s lineage is unacceptable.,4.0,PASS,HIGH,,Mercury_HO3_-_01.01.2026.pdf,EVALUATE,,PASS,
MER-058,Mercury HO3,ANIMALS,RULE,DECLINES,Risks that own or board more than 3 dogs are ineligible.,MAX,3,dogs,Owned or boarded.,,Risks who own or board more than 3 dogs.,4.0,PASS,HIGH,,Mercury_HO3_-_01.01.2026.pdf,EVALUATE,,PASS,
MER-059,Mercury HO3,SOLAR,SILENT,,The guide does not address this topic.,,,,,,,,,HIGH,"Searched for solar, photovoltaic and panel; only electrical panel mentions found.",Mercury_HO3_-_01.01.2026.pdf,SILENT,,,
MER-060,Mercury HO3,PROTECTION_CLASS,RULE,REFERS_TO_UW,Homes with an ISO protection class of 10 or 10W need underwriting approval before binding.,DISALLOWED_LIST,10; 10W,PPC,ISO protection class 10 or 10W.,,Homes with an ISO protection class of 10 or 10W.,6.0,PASS,HIGH,"Listed under Binding Approval, so it is a referral, not a decline. No distance-to-station or hydrant rule found.",Mercury_HO3_-_01.01.2026.pdf,EVALUATE,,PASS,
MER-061,Mercury HO3,LOCATION,RULE,DECLINES,"Risks located less than 1/2 mile from sea, bay, tidal water or sound are ineligible.",MIN,0.5,miles,,,"Risks located less than ½ mile of sea, bay, tidal water or sound.",4.0,PASS,HIGH,,Mercury_HO3_-_01.01.2026.pdf,EVALUATE,,PASS,
MER-062,Mercury HO3,LOCATION,RULE,DECLINES,"Dwellings subject to landslide or mudslide, or built on a hillside or terrain with more than 30 degrees slope, are ineligible.",MAX,30,degrees,Does not apply to condo or tenant.,,"Dwellings subject to landslide, mudslide, or built on a hillside or terrain with more than 30 degrees slope. (Does not apply to Condo or Tenant)",4.0,PASS,MEDIUM,"Wording could be read as any hillside being ineligible, with the 30 degree figure applying only to terrain.",Mercury_HO3_-_01.01.2026.pdf,EVALUATE,,PASS,
MER-063,Mercury HO3,LOCATION,RULE,DECLINES,Dwellings built over water are ineligible.,YES_NO,,,,,Dwellings built over water.,4.0,PASS,HIGH,,Mercury_HO3_-_01.01.2026.pdf,EVALUATE,,PASS,
MER-064,Mercury HO3,LOCATION,RULE,INFO_ONLY,"A wildfire risk assessment is run for homes with an increased wildfire exposure, and homes not meeting the listed criteria are ineligible.",TEXT,,,Homes with an increased exposure to wildfire.,,A wildfire risk assessment will be conducted to determine underwriting eligibility for homes with an increased exposure to wildfire.,3.0,PASS,MEDIUM,The guide does not say which homes or areas count as increased exposure.,Mercury_HO3_-_01.01.2026.pdf,NOT_ELIGIBILITY,,PASS,
MER-065,Mercury HO3,LOCATION,RULE,DECLINES,Homes need 100 feet of defensible space around the dwelling and other structures.,MIN,100,feet,Homes with an increased exposure to wildfire; space may include adjacent properties that present an unreasonable risk.,,Defensible space of 100 feet surrounding the dwelling and other structures located on the property.,3.0,PASS,HIGH,,Mercury_HO3_-_01.01.2026.pdf,EVALUATE,,PASS,
MER-066,Mercury HO3,LOCATION,RULE,INFO_ONLY,"The coastal/CAT table applies only to HO3, and its minimum deductibles apply to both new business and renewal.",TEXT,,,,,The following table only applies to HO3. The minimum deductibles apply to both new business and renewal.,7.0,PASS,HIGH,,Mercury_HO3_-_01.01.2026.pdf,NOT_ELIGIBILITY,,PASS,
MER-067,Mercury HO3,LOCATION,RULE,COVERAGE_ONLY,Tier I coastal counties must be written ex-wind (wind/hail and named storm excluded).,ALLOWED_LIST,Aransas; Brazoria; Calhoun; Cameron; Chambers; Galveston; Harris east of highway 146; Jefferson; Kenedy; Kleberg; Matagorda; Nueces; Refugio; San Patricio; Willacy,,"Tier I coastal counties, all zip codes. Additional UW restrictions and new-business maximum coverage: normal underwriting guidelines apply.",,Must be written exwind Must be written exwind,7.0,PASS,MEDIUM,Table cell; county assignment taken from the layout.txt row. The Must be written ex-wind text appears in the Minimum Deductible columns for Wind/Hail and Named Storm.,Mercury_HO3_-_01.01.2026.pdf,NOT_ELIGIBILITY,,PASS,
MER-068,Mercury HO3,LOCATION,RULE,REFERS_TO_UW,Tier II coastal High-risk zip codes must all be referred to underwriting unbound.,ALLOWED_LIST,77015; 77034; 77058; 77059; 77062; 77075; 77089; 77465; 77502; 77503; 77504; 77505; 77506; 77507; 77520; 77521; 77523; 77530; 77536; 77546; 77547; 77562; 77571; 77581; 77586; 77587; 77597; 77598; 77969; 77971; 77979; 77991,zip codes,"Tier II counties (Bee, Brooks, Fort Bend, Goliad, Hardin, Harris west of highway 146, Hidalgo, Jackson, Jim Wells, Liberty, Live Oak, Orange, Victoria, Wharton), High zip codes listed.",,Refer all to Underwriting Unbound,7.0,PASS,MEDIUM,Table cell; zip tier assignment taken from layout.txt. Reading_order.txt repeats the Tier II county label for each zip band.,Mercury_HO3_-_01.01.2026.pdf,EVALUATE,,PASS,
MER-069,Mercury HO3,LOCATION,RULE,REFERS_TO_UW,Tier II coastal Moderate-risk zip codes must all be referred to underwriting unbound.,ALLOWED_LIST,77001; 77002; 77003; 77004; 77006; 77009; 77010; 77011; 77012; 77013; 77016; 77017; 77019; 77020; 77021; 77023; 77026; 77028; 77029; 77030; 77033; 77044; 77047; 77048; 77049; 77050; 77051; 77054; 77061; 77078; 77087; 77204; 77346; 77396; 77532; 77533; 77535; 77538; 77575; 77582; 77584; 77611; 77630; 77951; 77977; 78387,zip codes,"Tier II counties (same list as High), Moderate zip codes listed.",,Refer all to Underwriting Unbound,7.0,PASS,MEDIUM,Table cell; zip tier assignment taken from layout.txt.,Mercury_HO3_-_01.01.2026.pdf,EVALUATE,,PASS,
MER-070,Mercury HO3,LOCATION,RULE,INFO_ONLY,Tier II coastal Low-risk zip codes (not in any High or Moderate zip list) follow normal underwriting guidelines.,TEXT,,,"Tier II counties, zip codes not in the High or Moderate lists.",,Normal Underwriting Guidelines Apply 1.5% 3%,7.0,PASS,MEDIUM,Table cell; low tier is defined as every zip not listed in High or Moderate.,Mercury_HO3_-_01.01.2026.pdf,NOT_ELIGIBILITY,,PASS,
MER-071,Mercury HO3,LOCATION,RULE,COVERAGE_ONLY,Tier II coastal High zip codes carry a 1.5% minimum wind/hail deductible and a 5% minimum named storm deductible.,TEXT,,,"Tier II High zip codes, new business and renewal.",,"$1,000,000 Coverage A 1.5% 5%",7.0,PASS,MEDIUM,Table cell; reading_order.txt lists the High block values in separate cells.,Mercury_HO3_-_01.01.2026.pdf,NOT_ELIGIBILITY,,PASS,
MER-072,Mercury HO3,LOCATION,RULE,COVERAGE_ONLY,Tier II coastal Moderate zip codes carry a 1.5% minimum wind/hail deductible and a 3% minimum named storm deductible.,TEXT,,,"Tier II Moderate zip codes, new business and renewal.",,"$1,000,000 Coverage A 1.5% 3%",7.0,PASS,MEDIUM,Table cell; Moderate block values are listed in separate cells in reading_order.txt.,Mercury_HO3_-_01.01.2026.pdf,NOT_ELIGIBILITY,,PASS,
MER-073,Mercury HO3,LOCATION,RULE,COVERAGE_ONLY,Tier II coastal Low zip codes carry a 1.5% minimum wind/hail deductible and a 3% minimum named storm deductible.,TEXT,,,"Tier II Low zip codes, new business and renewal.",,Normal Underwriting Guidelines Apply 1.5% 3%,7.0,PASS,MEDIUM,Table cell; same text also describes Low-tier UW guidelines.,Mercury_HO3_-_01.01.2026.pdf,NOT_ELIGIBILITY,,PASS,
MER-074,Mercury HO3,LOCATION,RULE,COVERAGE_ONLY,Inland Group A counties carry a 2% minimum wind/hail deductible and a 2% minimum named storm deductible; normal underwriting guidelines apply.,TEXT,,,Inland Group A: Archer; Baylor; Childress; Clay; Collin; Collingsworth; Cooke; Cottle; Dallas; Denton; Donley; Ellis; Foard; Gray; Grayson; Hall; Hardeman; Haskell; Hemphill; Hood; Jack; Johnson; Kaufman; King; Knox; Lipscomb; Montague; Motley; Ochiltree; Parker; Roberts; Rockwall; Stonewall; Tarrant; Throckmorton; Wheeler; Wichita; Wilbarger; Wise; Young. All zip codes.,,Normal Underwriting Guidelines Apply 2% 2%,8.0,PASS,MEDIUM,Table cell; the same text appears for Group A and Group B (both 2%). Assignment taken from layout.txt.,Mercury_HO3_-_01.01.2026.pdf,NOT_ELIGIBILITY,,PASS,
MER-075,Mercury HO3,LOCATION,RULE,COVERAGE_ONLY,Inland Group B counties carry a 2% minimum wind/hail deductible and a 2% minimum named storm deductible; normal underwriting guidelines apply.,TEXT,,,Inland Group B (all zip codes): Anderson; Andrews; Armstrong; Bailey; Bastrop; Bell; Blanco; Borden; Bosque; Bowie; Briscoe; Brown; Burnet; Caldwell; Callahan; Camp; Carson; Cass; Castro; Cherokee; Cochran; Coke; Coleman; Comanche; Concho; Coryell; Crockett; Crosby; Dallam; Dawson; Deaf Smith; Delta; Dickens; Eastland; Ector; Erath; Falls; Fannin; Fisher; Floyd; Franklin; Freestone; Gaines; Garza; Gillespie; Glasscock; Gregg; Hale; Hamilton; Hansford; Harrison; Hartley; Hays; Henderson; Hill; Hockley; Hopkins; Howard; Hunt; Hutchinson; Irion; Jones; Kent; Kimble; Lamar; Lamb; Lampasas; Lee; Limestone; Llano; Lubbock; Lynn; Marion; Martin; Mason; McCulloch; McLennan; Menard; Midland; Milam; Mills; Mitchell; Montgomery; Moore; Morris; Nacogdoches; Navarro; Nolan; Oldham; Palo Pinto; Panola; Parmer; Potter; Rains; Randall; Reagan; Red River; Robertson; Runnels; Rusk; San Saba; Schleicher; Scurry; Shackelford; Shelby; Sherman; Smith; Somervell; Stephens; Sterling; Sutton; Swisher; Taylor; Terry; Titus; Tom Green; Travis; Upshur; Van Zandt; Williamson; Wood; Yoakum.,,Normal Underwriting Guidelines Apply 2% 2%,8.0,PASS,MEDIUM,Table cell; identical text to the Group A row. Assignment taken from layout.txt.,Mercury_HO3_-_01.01.2026.pdf,NOT_ELIGIBILITY,,PASS,
MER-076,Mercury HO3,LOCATION,RULE,COVERAGE_ONLY,Inland Group C counties carry a 1.5% minimum wind/hail deductible and a 1.5% minimum named storm deductible; normal underwriting guidelines apply.,TEXT,,,Inland Group C (all zip codes): Angelina; Atascosa; Austin; Bandera; Bexar; Brazos; Brewster; Burleson; Colorado; Comal; Crane; Culberson; De Witt; Dimmit; Duval; Edwards; El Paso; Fayette; Frio; Gonzales; Grimes; Guadalupe; Houston; Hudspeth; Jasper; Jeff Davis; Jim Hogg; Karnes; Kendall; Kerr; Kinney; La Salle; Lavaca; Leon; Loving; Madison; Maverick; McMullen; Medina; Newton; Pecos; Polk; Presidio; Real; Reeves; Sabine; San Augustine; San Jacinto; Starr; Terrell; Trinity; Tyler; Upton; Uvalde; Val Verde; Walker; Waller; Ward; Washington; Webb; Wilson; Winkler; Zapata; Zavala.,,Normal Underwriting Guidelines Apply 1.5% 1.5%,8.0,PASS,MEDIUM,Table cell; assignment taken from layout.txt.,Mercury_HO3_-_01.01.2026.pdf,NOT_ELIGIBILITY,,PASS,
MER-077,Mercury HO3,DWELLING_LIMITS,RULE,DECLINES,"Homeowners Coverage A has a maximum of $1,500,000 and no stated minimum.",MAX,1500000,USD,Homeowners (Coverage A). Binding approval is needed at lower thresholds (see Section C).,,"HOMEOWNERS (Coverage A) N/A $ 1,500,000",2.0,PASS,MEDIUM,Table row quoted from reading order. Footnote says to refer to Section C for the maximum before binding approval is required.,Mercury_HO3_-_01.01.2026.pdf,EVALUATE,,PASS,
MER-078,Mercury HO3,DWELLING_LIMITS,RULE,DECLINES,"Condominium Coverage A and C combined has a maximum of $750,000 and no stated minimum.",MAX,750000,USD,Condominium (Coverage A and C).,,"CONDOMINIUM (Coverage A and C) N/A $ 750,000",2.0,PASS,MEDIUM,Condo form is not the HO3 form; included because it appears in the limits table.,Mercury_HO3_-_01.01.2026.pdf,EVALUATE,,PASS,
MER-079,Mercury HO3,DWELLING_LIMITS,RULE,DECLINES,"Renters Coverage C and Additions and Alterations has a maximum of $500,000 and no stated minimum.",MAX,500000,USD,Renters (Coverage C and Addition and Alterations).,,"RENTERS (Coverage C and Addition and Alterations) N/A $ 500,000",2.0,PASS,MEDIUM,Renters form is not the HO3 form; included because it appears in the limits table.,Mercury_HO3_-_01.01.2026.pdf,EVALUATE,,PASS,
MER-080,Mercury HO3,DWELLING_LIMITS,RULE,REFERS_TO_UW,"Dwelling Coverage A of $1,250,000 or more needs underwriting approval before binding.",MAX,1250000,USD,Threshold is inclusive (or more).,,"Dwelling – Coverage A is $1,250,000 or more",5.0,PASS,HIGH,,Mercury_HO3_-_01.01.2026.pdf,EVALUATE,,PASS,
MER-081,Mercury HO3,DWELLING_LIMITS,RULE,REFERS_TO_UW,"Condominium Coverage A and C combined of $500,000 or more needs underwriting approval before binding.",MAX,500000,USD,Threshold is inclusive (or more).,,"Condominium – Coverage A and C combined is $500,000 or more",5.0,PASS,HIGH,,Mercury_HO3_-_01.01.2026.pdf,EVALUATE,,PASS,
MER-082,Mercury HO3,DWELLING_LIMITS,RULE,REFERS_TO_UW,"Tenant Coverage C and Additions and Alterations combined of $250,000 or more needs underwriting approval before binding.",MAX,250000,USD,Threshold is inclusive (or more).,,"Tenant – Coverage C and Additions & Alterations combined is $250,000 or more",5.0,PASS,HIGH,,Mercury_HO3_-_01.01.2026.pdf,EVALUATE,,PASS,
MER-083,Mercury HO3,DWELLING_LIMITS,RULE,REFERS_TO_UW,"Total exposure of $4,000,000 or more (Coverage A + B + C + D + Valuable Items) needs underwriting approval before binding.",MAX,4000000,USD,Threshold is inclusive (or more).,,"Risks with total exposure of $4,000,000 or more (Coverage A + B + C + D + Valuable Items)",5.0,PASS,HIGH,,Mercury_HO3_-_01.01.2026.pdf,EVALUATE,,PASS,
MER-084,Mercury HO3,DWELLING_LIMITS,RULE,CONDITION,HO3 properties must be insured for at least 100% of replacement cost as set by the Company's replacement cost estimator.,MIN,100,% of replacement cost,HO3 properties.,,"All HO3 properties must be insured for at least 100% of the replacement cost, as determined by the Company provided replacement cost estimator.",2.0,PASS,HIGH,,Mercury_HO3_-_01.01.2026.pdf,EVALUATE,,PASS,
MER-085,Mercury HO3,DWELLING_LIMITS,RULE,DECLINES,Dwellings whose value cannot be determined with the provided Reconstruction Cost Tool are ineligible.,YES_NO,,,,,Dwellings with unusual or unconventional construction or design or dwellings for which a valuation cannot be determined using the provided Reconstruction Cost Tool are ineligible.,5.0,PASS,HIGH,,Mercury_HO3_-_01.01.2026.pdf,EVALUATE,,PASS,
MER-086,Mercury HO3,DWELLING_LIMITS,RULE,DECLINES,"Tier II coastal High and Moderate zip codes have a new-business maximum of $1,000,000 Coverage A.",MAX,1000000,USD,"Tier II coastal counties, High and Moderate zip codes, new business only.",,"$1,000,000 Coverage A 1.5% 5%",7.0,PASS,MEDIUM,"Table cell. The same zip codes are also referred to underwriting unbound, so how the cap and referral interact is unclear. Quote shows the High row; the Moderate row repeats the $1,000,000 Coverage A cell.",Mercury_HO3_-_01.01.2026.pdf,EVALUATE,,PASS,
MER-087,Mercury HO3,LOSS_HISTORY,RULE,DECLINES,New business with 1 or more non-weather losses in the last 5 years is ineligible.,MAX,0,non-weather losses in 5 years,"New business only. Losses are all paid losses, including CAT losses, to the insured's home or personal possessions at this or another location.","Mercury will not reject solely on a single non-weather water loss, or on fewer than three remediated appliance-related water losses, or on remediated mold losses (proof of remediation required).",Has 1 or more non-weather losses in the last 5 years*,4.0,PASS,HIGH,,Mercury_HO3_-_01.01.2026.pdf,EVALUATE,,PASS,
MER-088,Mercury HO3,LOSS_HISTORY,RULE,DECLINES,"New business with 2 or more total losses in the last 5 years, including weather losses, is ineligible.",MAX,1,losses in 5 years,"New business only. Losses are all paid losses, including CAT losses, to the insured's home or personal possessions at this or another location.",,Has 2 or more total losses in the last 5 years (including weather losses)*,4.0,PASS,MEDIUM,Possible tension with the carve-outs allowing up to two remediated appliance water losses; the guide does not say whether those count toward the 2-loss limit.,Mercury_HO3_-_01.01.2026.pdf,EVALUATE,,PASS,
MER-089,Mercury HO3,LOSS_HISTORY,RULE,DECLINES,New business with more than 1 paid non-appliance water damage claim in the past 3 years is ineligible.,MAX,1,claims in 3 years,New business; claim filed by the applicant or on the subject location.,,More than one paid non-appliance related water damage claim* in the past 3 years filed by the applicant or on the subject location.,6.0,PASS,HIGH,,Mercury_HO3_-_01.01.2026.pdf,EVALUATE,,PASS,
MER-090,Mercury HO3,LOSS_HISTORY,RULE,CONDITION,New business with a mold claim in the past 3 years is ineligible unless a Certificate of Mold Damage Remediation (MDR-1) is provided.,YES_NO,3,years,New business; mold claim at the subject location.,Submit MDR-1 to Underwriting; risk cannot be bound until it is received.,A mold claim has occurred at the subject location in the past 3 years and the applicant fails to provide a Certificate of Mold Damage Remediation (MDR-1).,6.0,PASS,HIGH,,Mercury_HO3_-_01.01.2026.pdf,EVALUATE,,PASS,
MER-091,Mercury HO3,LOSS_HISTORY,RULE,DECLINES,New business with 3 or more paid appliance-related water damage claims in the past 3 years is ineligible.,MAX,2,claims in 3 years,New business; claim filed by the applicant or on the subject location.,,Three or more paid appliance-related water damage claims** in the past 3 years filed by the applicant or on the subject location.,6.0,PASS,HIGH,,Mercury_HO3_-_01.01.2026.pdf,EVALUATE,,PASS,
MER-092,Mercury HO3,LOSS_HISTORY,RULE,CONDITION,More than 1 appliance-related water loss requires a Certificate of Appliance-Related Water Damage Remediation (WDR-1) submitted to Underwriting before binding.,YES_NO,,,New business with more than one appliance-related water loss.,,"If more than one appliance related water loss exists, risks cannot be bound until the required Certificate of Appliance-Related Water Damage Remediation (WDR-1) is submitted to Underwriting.",6.0,PASS,HIGH,,Mercury_HO3_-_01.01.2026.pdf,IGNORE_INSPECTION,,PASS,
MER-093,Mercury HO3,LOSS_HISTORY,RULE,REFERS_TO_UW,Risks cancelled or non-renewed by Mercury or any other insurer in the last 3 years need underwriting approval before binding.,YES_NO,3,years,Cancelled or non-renewed for any reason.,,"Risks cancelled or non-renewed by Mercury, or any other insurer for any reason during the last 3 years, as they may be unacceptable",5.0,PASS,HIGH,,Mercury_HO3_-_01.01.2026.pdf,EVALUATE,,PASS,
MER-094,Mercury HO3,ACREAGE,RULE,DECLINES,Dwellings on more than 10 acres are ineligible.,MAX,10,acres,,,Dwelling located on more than 10 acres of land.,5.0,PASS,HIGH,,Mercury_HO3_-_01.01.2026.pdf,EVALUATE,,PASS,
MER-095,Mercury HO3,FLOOD,SILENT,,The guide does not address this topic.,,,,,,,,,HIGH,Searched for flood and flood zone; no matches.,Mercury_HO3_-_01.01.2026.pdf,SILENT,,,
MER-096,Mercury HO3,INSPECTIONS,RULE,CONDITION,"All dwellings are subject to inspection at the company's discretion, and a policy may be cancelled or non-renewed if an inspection cannot be done.",TEXT,,,Post-binding.,,"All dwellings are subject to inspection at the company’s discretion. If the company is unable to perform an inspection, then the policy may be subject to cancellation or non-renewal.",6.0,PASS,HIGH,,Mercury_HO3_-_01.01.2026.pdf,IGNORE_INSPECTION,,PASS,
MER-097,Mercury HO3,INSPECTIONS,RULE,INFO_ONLY,Underwriting reviews all property brush inspections.,TEXT,,,Wildfire assessment.,,Underwriting will review all property brush inspections.,4.0,PASS,MEDIUM,Brush inspections are not further defined.,Mercury_HO3_-_01.01.2026.pdf,NOT_ELIGIBILITY,,PASS,
MER-098,Mercury HO3,INSPECTIONS,RULE,CONDITION,Photos of the electrical panel with the door open are required before binding when the electrical system is more than 50 years old.,YES_NO,,,Electrical system over 50 years. Photos of plumbing (over 50 years) and of the HVAC system (over 50 years) are also required.,,b. Photos of electrical panel with the door open,5.0,PASS,HIGH,,Mercury_HO3_-_01.01.2026.pdf,IGNORE_INSPECTION,,PASS,
MER-099,Mercury HO3,INSPECTIONS,RULE,CONDITION,A foreclosure home that was newly purchased needs an interior and exterior inspection by a licensed home inspector and underwriting approval before binding.,YES_NO,,,Home purchased as a foreclosure within the past 3 years and newly purchased.,,"If the home was newly purchased, the agent is required to obtain a copy of an interior and exterior home inspection completed by a licensed home inspector, and will require Underwriting approval prior to bind.",6.0,PASS,HIGH,,Mercury_HO3_-_01.01.2026.pdf,IGNORE_INSPECTION,,PASS,
MER-100,Mercury HO3,PRODUCT_STATUS,RULE,INFO_ONLY,The guidelines cover eligibility under the American Mercury Lloyds Insurance Company Homeowner Insurance Policy.,TEXT,,,,,The following guidelines identify risks that are eligible/ineligible for coverage under the American Mercury Lloyds Insurance Company Homeowner Insurance Policy.,2.0,PASS,MEDIUM,"The cover page names Mercury Insurance Company of Texas, but the text names American Mercury Lloyds Insurance Company. Entity mismatch inside the guide.",Mercury_HO3_-_01.01.2026.pdf,NOT_ELIGIBILITY,,PASS,
MER-101,Mercury HO3,PRODUCT_STATUS,RULE,DECLINES,"Binding may be suspended in areas under a hurricane or tropical storm watch or warning, or after other catastrophic events.",TEXT,,,"Company-announced suspension; applies to new business, added coverage, higher limits, lower deductibles and reinstatements.",Binding authority resumes when an announcement lifts the restriction.,"We may issue a suspension of binding coverage for areas in a hurricane or tropical storm watch, warning, or occurrence, or as the result of other catastrophic events.",4.0,PASS,MEDIUM,Discretionary (may); applies only when the company issues a suspension.,Mercury_HO3_-_01.01.2026.pdf,EVALUATE,,PASS,
MER-102,Mercury HO3,PRODUCT_STATUS,UNCLEAR,UNKNOWN,The company may restrict new business in areas where its concentration of insured properties has reached its risk tolerance.,TEXT,,,Company-determined concentration areas.,,the company may establish restrictions on writing new business policies in areas where the concentration of insured properties has reached or exceeded the company’s risk tolerance level.,5.0,PASS,LOW,"No areas, thresholds or current restrictions are named, so the rule cannot be applied from the guide alone.",Mercury_HO3_-_01.01.2026.pdf,EVALUATE,,PASS,
MER-103,Mercury HO3,PRODUCT_STATUS,RULE,INFO_ONLY,Policies that do not meet the guidelines can be cancelled within the first 60 days or non-renewed after that period.,TEXT,60,days,,,"If the risk does not meet the underwriting guidelines, the company reserves the right to cancel the policy within the first 60-day underwriting period, or non-renew the policy outside the first 60-day underwriting period.",6.0,PASS,HIGH,,Mercury_HO3_-_01.01.2026.pdf,NOT_ELIGIBILITY,,PASS,
MER-104,Mercury HO3,PRODUCT_STATUS,RULE,INFO_ONLY,"The company may non-renew for failure to provide information on request, claim non-cooperation, fraud, gross negligence or hostile conduct.",TEXT,,,Renewal.,,"Failure of the insured to provide, upon request and within a reasonable time, information or documentation reasonably necessary to classify or underwrite the risk",6.0,PASS,HIGH,,Mercury_HO3_-_01.01.2026.pdf,NOT_ELIGIBILITY,,PASS,
MER-105,Mercury HO3,OTHER,RULE,DECLINES,Dwellings that are for sale are ineligible.,YES_NO,,,,,Dwellings that are for sale.,4.0,PASS,HIGH,,Mercury_HO3_-_01.01.2026.pdf,EVALUATE,,PASS,
MER-106,Mercury HO3,OTHER,RULE,DECLINES,Dwellings in the course of construction or renovation are ineligible.,YES_NO,,,,,Dwellings in the course of construction/renovation.,4.0,PASS,HIGH,,Mercury_HO3_-_01.01.2026.pdf,EVALUATE,,PASS,
MER-107,Mercury HO3,OTHER,RULE,DECLINES,Dwellings with more than 2 mortgagees are ineligible.,MAX,2,mortgagees,,,Dwellings with more than two mortgagees.,4.0,PASS,HIGH,,Mercury_HO3_-_01.01.2026.pdf,EVALUATE,,PASS,
MER-108,Mercury HO3,OTHER,RULE,DECLINES,"Risks with home day care, assisted living or rehabilitation operations on the premises are ineligible regardless of the number of children, occupants, patients or residents.",YES_NO,,,,,"Risks with home day care, assisted living, or rehabilitation operations on premises, regardless of the number of children, occupants, patients, or residents.",4.0,PASS,HIGH,,Mercury_HO3_-_01.01.2026.pdf,EVALUATE,,PASS,
MER-109,Mercury HO3,OTHER,RULE,REFERS_TO_UW,Business conducted out of the home that involves client traffic on the premises needs underwriting approval before binding.,YES_NO,,,,,Business conducted out of home which involves client traffic on the premises,5.0,PASS,HIGH,,Mercury_HO3_-_01.01.2026.pdf,EVALUATE,,PASS,
MER-110,Mercury HO3,OTHER,RULE,REFERS_TO_UW,Farming and ranching operations need underwriting approval before binding.,YES_NO,,,,,Farming/ranching operations,5.0,PASS,HIGH,,Mercury_HO3_-_01.01.2026.pdf,EVALUATE,,PASS,
MER-111,Mercury HO3,OTHER,RULE,DECLINES,"Properties in foreclosure now, or that entered foreclosure within the last 5 years with the current owner, are ineligible.",MAX,5,years,,,"Properties currently in the process of foreclosure, or properties that have entered the process of foreclosure within the last 5 years with the current owner.",5.0,PASS,HIGH,,Mercury_HO3_-_01.01.2026.pdf,EVALUATE,,PASS,
MER-112,Mercury HO3,OTHER,RULE,CONDITION,Homes purchased as a foreclosure within the past 3 years can be bound by agents if previously insured with another standard carrier for the previous 12 months.,YES_NO,12,months,Home purchased as a foreclosure during the past 3 years.,"If the home was newly purchased, an interior and exterior inspection by a licensed home inspector and underwriting approval are required.",Agents may bind coverage if the home was purchased as a foreclosure and has previously been insured with another standard carrier for the previous 12 months.,6.0,PASS,HIGH,,Mercury_HO3_-_01.01.2026.pdf,EVALUATE_CURE_IS_INSPECTION,,PASS,
MER-113,Mercury HO3,OTHER,RULE,DECLINES,Risks with security bars are ineligible.,YES_NO,,,,Eligible if the bars have a quick release mechanism from the inside.,"Risks equipped with security bars, unless they have a quick release mechanism from the inside.",5.0,PASS,HIGH,,Mercury_HO3_-_01.01.2026.pdf,EVALUATE,,PASS,
MER-114,Mercury HO3,OTHER,RULE,DECLINES,"Risks financed, purchased or leased through a mortgage where the lender is not a bank or credit union are ineligible.",YES_NO,,,,,"Risks financed, purchased or leased through a mortgage where the lender is not a bank or credit union.",5.0,PASS,HIGH,,Mercury_HO3_-_01.01.2026.pdf,EVALUATE,,PASS,
MER-115,Mercury HO3,OTHER,RULE,DECLINES,"Continuous prior insurance is required, and any lapse immediately before the effective date is ineligible.",YES_NO,,,,Not required if the dwelling is a new purchase and the insured has not yet closed. Force-placed coverage does not count as prior coverage.,"Continuous prior insurance is required, unless the dwelling is a new purchase and the insured has not yet closed on the property.",3.0,PASS,HIGH,,Mercury_HO3_-_01.01.2026.pdf,EVALUATE,,PASS,
MER-116,Mercury HO3,OTHER,RULE,DECLINES,Dwellings with uncorrected fire or building code violations are ineligible.,YES_NO,,,,,The dwelling must be free of any uncorrected fire or building code violations.,2.0,PASS,HIGH,,Mercury_HO3_-_01.01.2026.pdf,EVALUATE,,PASS,
MER-117,Mercury HO3,OTHER,RULE,DECLINES,"Dwellings with unrepaired damage to primary or detached structures, such as leaks, peeling paint, mold, dry rot or vandalism, do not meet the maintenance standard.",TEXT,,,Maintenance and Condition Standards example.,,"Primary or detached structures (such as sheds, fences, or walls) exhibiting unrepaired damage, including but not limited to roof, wall, or plumbing leaks, peeling paint, mold or dry rot, or vandalism",3.0,PASS,MEDIUM,Guide says these are examples of dwellings not meeting the standard; the consequence is not stated in the bullet itself.,Mercury_HO3_-_01.01.2026.pdf,CONDITION_STANDARD,,PASS,
MER-118,Mercury HO3,OTHER,RULE,DECLINES,"Excessive accumulation of combustible materials, and exterior debris and clutter, do not meet the maintenance standard.",TEXT,,,Maintenance and Condition Standards example.,,"Exterior debris and clutter, such as unused building materials or appliances, inoperable vehicles/boats, household items, etc.",3.0,PASS,MEDIUM,Guide says these are examples of dwellings not meeting the standard; the consequence is not stated in the bullet itself.,Mercury_HO3_-_01.01.2026.pdf,CONDITION_STANDARD,,PASS,
MER-119,Mercury HO3,OTHER,RULE,DECLINES,Broken or boarded-up windows do not meet the maintenance standard.,YES_NO,,,Maintenance and Condition Standards example.,,Broken and/or boarded up windows,3.0,PASS,MEDIUM,Guide says these are examples of dwellings not meeting the standard; the consequence is not stated in the bullet itself.,Mercury_HO3_-_01.01.2026.pdf,CONDITION_STANDARD,,PASS,
MER-120,Mercury HO3,OTHER,RULE,DECLINES,"Unmaintained trees, overgrown landscaping and sidewalks or driveways with trip-and-fall hazards do not meet the maintenance standard.",TEXT,,,Maintenance and Condition Standards example.,,Overgrown and unmaintained lawns or landscaping,3.0,PASS,MEDIUM,Guide says these are examples of dwellings not meeting the standard; the consequence is not stated in the bullet itself.,Mercury_HO3_-_01.01.2026.pdf,CONDITION_STANDARD,,PASS,
MER-121,Mercury HO3,OTHER,RULE,CONDITION,Every application question must be answered and the application signed by applicant and agent for the agent to bind.,YES_NO,,,Agent binding.,,Agents may bind acceptable risks provided every question on the application is answered (and explained when necessary) and the application is properly signed by the applicant and agent.,2.0,PASS,HIGH,,Mercury_HO3_-_01.01.2026.pdf,EVALUATE,,PASS,
MER-122,Mercury HO3,OTHER,RULE,INFO_ONLY,All new business must be uploaded via Mercury AgentCenter.,YES_NO,,,,,All new business must be uploaded via Mercury AgentCenter.,2.0,PASS,HIGH,,Mercury_HO3_-_01.01.2026.pdf,NOT_ELIGIBILITY,,PASS,
MER-123,Mercury HO3,OTHER,RULE,DECLINES,Cracked or peeling paint is not allowed.,YES_NO,,,"Homes with an increased exposure to wildfire, per the wildfire risk assessment.",,No cracked or peeling paint.,3.0,PASS,HIGH,,Mercury_HO3_-_01.01.2026.pdf,EVALUATE,,PASS,
PRO-001,Progressive HO3,OCCUPANCY,RULE,DECLINES,"Homes must be occupied by the insured and the insured's immediate family, with no roomers or boarders.",YES_NO,,,,,Properties must be occupied by the insured and insured’s immediate family. No roomers or boarders permitted.,1.0,PASS,HIGH,,Progressive_HO3_-_04.01.2026.pdf,EVALUATE,,PASS,
PRO-002,Progressive HO3,OCCUPANCY,RULE,DECLINES,An applicant may not have more than one primary residence.,MAX,1,primary residences,,,An applicant may not have more than one primary residence.,1.0,PASS,HIGH,,Progressive_HO3_-_04.01.2026.pdf,EVALUATE,,PASS,
PRO-003,Progressive HO3,OCCUPANCY,RULE,CONDITION,"Secondary/seasonal residences are eligible if disclosed on the application, occupied by the owner and immediate family, with no rental exposure.",TEXT,,,Residence occupied by owner for less than nine continuous months per year,Secondary/Seasonal Home endorsement is mandatory (limits liability to premises only).,Secondary/Seasonal residences are permitted when disclosed on the application. Residence must be occupied by the owner and owner’s immediate family with no rental exposure.,1.0,PASS,HIGH,,Progressive_HO3_-_04.01.2026.pdf,EVALUATE,,PASS,
PRO-004,Progressive HO3,OCCUPANCY,RULE,DECLINES,Vacant or unoccupied homes are ineligible.,YES_NO,,,,,"Properties that are vacant, unoccupied, undergoing construction or major renovation are ineligible for coverage.",1.0,PASS,HIGH,,Progressive_HO3_-_04.01.2026.pdf,EVALUATE,,PASS,
PRO-005,Progressive HO3,OCCUPANCY,RULE,DECLINES,Homes undergoing construction or major renovation are ineligible.,YES_NO,,,,Homes under construction may qualify for a Dwelling Fire policy.,"Properties that are vacant, unoccupied, undergoing construction or major renovation are ineligible for coverage. Homes under construction may qualify for a Dwelling Fire policy.",1.0,PASS,HIGH,,Progressive_HO3_-_04.01.2026.pdf,EVALUATE,,PASS,
PRO-006,Progressive HO3,OCCUPANCY,RULE,DECLINES,Other structures may not be rented to others or used by non-related persons for residence.,YES_NO,,,,,Other structures may not be rented to others or used by non-related persons for residence purposes.,1.0,PASS,HIGH,,Progressive_HO3_-_04.01.2026.pdf,EVALUATE,,PASS,
PRO-007,Progressive HO3,OCCUPANCY,RULE,DECLINES,"Assisted living, nursing home or group home use is ineligible.",YES_NO,,,,,"Properties used for the purpose of assisted living, nursing home, or group home facilities are ineligible for coverage.",1.0,PASS,HIGH,,Progressive_HO3_-_04.01.2026.pdf,EVALUATE,,PASS,
PRO-008,Progressive HO3,OCCUPANCY,RULE,DECLINES,College housing use is ineligible.,YES_NO,,,,,Properties used for the purpose of college housing are ineligible for coverage.,1.0,PASS,HIGH,,Progressive_HO3_-_04.01.2026.pdf,EVALUATE,,PASS,
PRO-009,Progressive HO3,OCCUPANCY,RULE,DECLINES,Homes must be used exclusively for private residential purposes.,YES_NO,,,,Approved home daycares are allowed (see OTHER).,Properties must be used exclusively for private residential purposes only.,1.0,PASS,HIGH,,Progressive_HO3_-_04.01.2026.pdf,EVALUATE,,PASS,
PRO-010,Progressive HO3,OCCUPANCY,RULE,REFERS_TO_UW,Properties currently listed for sale must be referred to underwriting for prior approval.,YES_NO,,,Property is currently listed for sale,,Properties that are currently listed for sale must be referred to Underwriting for prior approval.,3.0,PASS,HIGH,,Progressive_HO3_-_04.01.2026.pdf,EVALUATE,,PASS,
PRO-011,Progressive HO3,OCCUPANCY,RULE,REFERS_TO_UW,"Properties purchased through foreclosure or short sale require underwriting approval before binding, with an acceptable home inspection including photos.",TEXT,,,Property purchased as a result of a foreclosure or short sale,,"Properties purchased as a result of a foreclosure or short sale, require Underwriting approval prior to binding.",3.0,PASS,HIGH,,Progressive_HO3_-_04.01.2026.pdf,EVALUATE,,PASS,
PRO-012,Progressive HO3,OWNERSHIP,RULE,DECLINES,"Homes in the name of a business, LLC, limited partnership, corporation, land trust or estate are ineligible.",DISALLOWED_LIST,Business; Limited liability corporation; Limited partnership; Corporation; Land trust; Estate,,,,"Properties in the name of a business, limited liability corporation, limited partnership, corporation, land trust, or estate are ineligible for coverage.",2.0,PASS,HIGH,,Progressive_HO3_-_04.01.2026.pdf,EVALUATE,,PASS,
PRO-013,Progressive HO3,OWNERSHIP,RULE,REFERS_TO_UW,Homes owned in the name of a trust or IRA must be referred to underwriting for prior approval.,TEXT,Trust; IRA,,,,Properties owned in the name of a trust or IRA must be referred to Underwriting for prior Underwriting approval.,2.0,PASS,HIGH,,Progressive_HO3_-_04.01.2026.pdf,EVALUATE,,PASS,
PRO-014,Progressive HO3,OWNERSHIP,RULE,REFERS_TO_UW,Homes owned by more than 2 individuals must be referred to underwriting.,MAX,2,individuals,,,Properties owned by more than two individuals must be referred to underwriting.,1.0,PASS,HIGH,,Progressive_HO3_-_04.01.2026.pdf,EVALUATE,,PASS,
PRO-015,Progressive HO3,OWNERSHIP,RULE,DECLINES,"The applicant must hold title to the home, and the home may have no more than 2 mortgages.",MAX,2,mortgages,Applicant must hold title,,"Must hold title to the home, which has no more than two mortgages.",2.0,PASS,MEDIUM,Effect on violation not stated in the guide; treated as a requirement for eligibility.,Progressive_HO3_-_04.01.2026.pdf,EVALUATE,,PASS,
PRO-016,Progressive HO3,DWELLING_TYPE,RULE,DECLINES,"Mobile, modular, manufactured and pre-fabricated homes are ineligible.",DISALLOWED_LIST,Mobile; Modular; Manufactured; Pre-fabricated,,,,"Mobile, modular, manufactured, and pre-fabricated homes are ineligible for coverage.",3.0,PASS,HIGH,,Progressive_HO3_-_04.01.2026.pdf,EVALUATE,,PASS,
PRO-017,Progressive HO3,DWELLING_TYPE,RULE,DECLINES,Townhouse/rowhouse dwellings are written for Coverage A only if the dwelling contains 4 or fewer family units within a fire division.,MAX,4,family units per fire division,Townhouse or rowhouse; counted within a Fire Division when not separated by firewalls,Coverage C may be written in a dwelling with one or more family units within a Fire Division.,Coverage A when a dwelling contains four or less family units within a Fire Division.,10.0,PASS,HIGH,,Progressive_HO3_-_04.01.2026.pdf,EVALUATE,,PASS,
PRO-018,Progressive HO3,DWELLING_TYPE,UNCLEAR,INFO_ONLY,"The guide does not state whether single-family, condo or duplex dwellings are eligible; it only counts family units for townhouse/rowhouse and mentions two-family dwellings in that example.",TEXT,,,,,"For example, a two-family dwelling attached to a single-family dwelling is considered three individual family units within a Fire Division if both dwellings are not separated by a firewall.",10.0,PASS,LOW,Counting example for family units within a fire division; no eligibility rule. Progressive states no explicit single-family/condo/duplex rule.,Progressive_HO3_-_04.01.2026.pdf,NOT_ELIGIBILITY,,PASS,
PRO-019,Progressive HO3,HOME_AGE,RULE,CONDITION,Underwriting may require an inspection and/or receipts of completed updates showing what was updated and in what year.,TEXT,,,"Age of home / update requirements; condition of electrical, heating, plumbing and roofing systems",,"We may require an inspection, and/or receipts of work completed, in addition to photos.",3.0,PASS,MEDIUM,No specific year-built cutoff or required update year is stated.,Progressive_HO3_-_04.01.2026.pdf,IGNORE_INSPECTION,,PASS,
PRO-020,Progressive HO3,HOME_AGE,RULE,DECLINES,Homes deemed by the company to have a lack of maintenance or upgrades are ineligible.,YES_NO,,,,,Homes deemed by the company to have a lack of maintenance or upgrades.,3.0,PASS,MEDIUM,Subjective company determination; no objective age threshold.,Progressive_HO3_-_04.01.2026.pdf,CONDITION_STANDARD,,PASS,
PRO-021,Progressive HO3,HOME_AGE,RULE,COVERAGE_ONLY,Homes older than 1960 are settled at functional replacement cost instead of replacement cost.,TEXT,1960,year built,Coverage A and B; homes built before 1960 (table: 1959 and older),,"For homes older than 1960, the loss settlement provisions will be changed to Functional Replacement Cost.",14.0,PASS,MEDIUM,"Wording varies ('older than 1960', 'prior to 1960', table '1959 and Older' vs '1960 and Newer'); treated as built 1959 or earlier.",Progressive_HO3_-_04.01.2026.pdf,NOT_ELIGIBILITY,,PASS,
PRO-022,Progressive HO3,ROOF_ELIG,RULE,DECLINES,Roofs must have at least 5 years of life expectancy.,MIN,5,years,Remaining roof life,,Roof must have at least five years life expectancy.,4.0,PASS,HIGH,,Progressive_HO3_-_04.01.2026.pdf,EVALUATE,,PASS,
PRO-023,Progressive HO3,ROOF_ELIG,RULE,DECLINES,Roofs may have a maximum of 1 overlay of composition shingles.,MAX,1,overlays,Composition shingle roofs,,Maximum of one overlay of composition shingles.,4.0,PASS,HIGH,,Progressive_HO3_-_04.01.2026.pdf,EVALUATE,,PASS,
PRO-024,Progressive HO3,ROOF_ELIG,RULE,DECLINES,"Wood shingle, wood shake, tar and gravel, rubber membrane, tin, rolled roofing and corrugated metal roofs are ineligible.",DISALLOWED_LIST,Wood shingle; Wood shake; Tar and gravel; Rubber membrane; Tin; Rolled roofing; Corrugated metal,,,,"Wood shingle, wood shake, tar and gravel, rubber membrane, tin, rolled roofing, and corrugated metal roofs.",4.0,PASS,HIGH,,Progressive_HO3_-_04.01.2026.pdf,EVALUATE,,PASS,
PRO-025,Progressive HO3,ROOF_ELIG,RULE,DECLINES,Flat roofs are ineligible unless they are poured concrete or rubber.,ALLOWED_LIST,Poured concrete; Rubber,,Flat roofs,Poured concrete or rubber flat roofs are allowed.,Flat roofs are ineligible unless they are poured concrete or rubber.,4.0,PASS,MEDIUM,"'Rubber' flat roof allowed here, yet 'rubber membrane' roofs are listed as ineligible in the line above; guide appears internally inconsistent.",Progressive_HO3_-_04.01.2026.pdf,EVALUATE,,PASS,
PRO-026,Progressive HO3,ROOF_ELIG,RULE,DECLINES,T-Lock shingle roofs are ineligible.,DISALLOWED_LIST,T-Lock shingle,,,,• T-Lock shingle. • Asbestos roof or siding.,4.0,PASS,HIGH,,Progressive_HO3_-_04.01.2026.pdf,EVALUATE,,PASS,
PRO-027,Progressive HO3,ROOF_ELIG,RULE,DECLINES,Asbestos roofs are ineligible.,DISALLOWED_LIST,Asbestos,,,,• T-Lock shingle. • Asbestos roof or siding.,4.0,PASS,HIGH,,Progressive_HO3_-_04.01.2026.pdf,EVALUATE,,PASS,
PRO-028,Progressive HO3,ROOF_ELIG,RULE,CONDITION,Roofs must be in good condition and acceptable to underwriting at the time of inspection.,TEXT,,,,,Roofs and siding must be in good condition and deemed acceptable by Underwriting at the time of inspection.,4.0,PASS,MEDIUM,Acceptability is at underwriting discretion; no objective condition standard.,Progressive_HO3_-_04.01.2026.pdf,CONDITION_STANDARD,,PASS,
PRO-029,Progressive HO3,ROOF_ELIG,RULE,CONDITION,Roofing must be completely replaced with approved roof covering and flashing when the roof is a major system requiring update.,TEXT,,,Major systems requiring updates (roof),,Roof: Completely replaced with approved roof covering & flashing.,3.0,PASS,MEDIUM,Does not state when a replacement is required.,Progressive_HO3_-_04.01.2026.pdf,EVALUATE,,PASS,
PRO-030,Progressive HO3,ROOF_SETTLEMENT,RULE,COVERAGE_ONLY,The Roofing Materials Payment Schedule is mandatory for all policies in Hidalgo and Webb counties.,YES_NO,,,Hidalgo and Webb counties,,all policies in Hidalgo and Webb counties; and,14.0,PASS,HIGH,,Progressive_HO3_-_04.01.2026.pdf,NOT_ELIGIBILITY,,PASS,
PRO-031,Progressive HO3,ROOF_SETTLEMENT,RULE,COVERAGE_ONLY,The Roofing Materials Payment Schedule is mandatory for new and renewal policies with roofs 8 years or older in all other counties.,MIN,8,years,Roof age; all counties other than Hidalgo and Webb,,new and renewal policies with roofs eight years or older in all other counties.,14.0,PASS,HIGH,,Progressive_HO3_-_04.01.2026.pdf,NOT_ELIGIBILITY,,PASS,
PRO-032,Progressive HO3,CONSTRUCTION,RULE,DECLINES,"Homes of unconventional construction (do-it-yourself, log, dome, A-frame, shell, unconventional parts, or not meeting building codes) are ineligible.",DISALLOWED_LIST,Do-it-yourself; Log; Dome; A-frame; Shell; Unconventional parts; Not meeting building codes,,,,"Homes of unconventional construction including, but not limited to, do-it-yourself, log, dome, A –frame, shell,",3.0,PASS,HIGH,,Progressive_HO3_-_04.01.2026.pdf,EVALUATE,,PASS,
PRO-033,Progressive HO3,CONSTRUCTION,RULE,DECLINES,"Masonite, EIFS, Dryvit and wood shake siding are ineligible.",DISALLOWED_LIST,Masonite; EIFS; Dryvit; Wood shake siding,,,,"Masonite, EIFS, Dryvit siding, or wood shake siding.",4.0,PASS,HIGH,,Progressive_HO3_-_04.01.2026.pdf,EVALUATE,,PASS,
PRO-034,Progressive HO3,CONSTRUCTION,RULE,DECLINES,Asbestos siding is ineligible.,DISALLOWED_LIST,Asbestos siding,,,,• T-Lock shingle. • Asbestos roof or siding.,4.0,PASS,HIGH,,Progressive_HO3_-_04.01.2026.pdf,EVALUATE,,PASS,
PRO-035,Progressive HO3,CONSTRUCTION,RULE,DECLINES,Homes designated as Green Homes are ineligible.,YES_NO,,,,,Homes designated as “Green Homes” are ineligible for coverage.,3.0,PASS,HIGH,,Progressive_HO3_-_04.01.2026.pdf,EVALUATE,,PASS,
PRO-036,Progressive HO3,CONSTRUCTION,RULE,DECLINES,Homes with burglar bars on windows that have no inside release are ineligible.,YES_NO,,,Burglar bars with no inside release,,Homes with burglar bars installed on the windows having no inside release are ineligible for coverage.,3.0,PASS,HIGH,,Progressive_HO3_-_04.01.2026.pdf,EVALUATE,,PASS,
PRO-037,Progressive HO3,CONSTRUCTION,RULE,DECLINES,Structures with settling or cracking of the foundation and/or walls are ineligible.,YES_NO,,,,,Structures with settling or cracking of foundation and/or walls are ineligible for coverage.,3.0,PASS,HIGH,,Progressive_HO3_-_04.01.2026.pdf,EVALUATE,,PASS,
PRO-038,Progressive HO3,PLUMBING,RULE,CONDITION,"When plumbing is replaced as a required major-system update, the new plumbing must be copper tubing or PVC.",ALLOWED_LIST,Copper tubing; PVC,,Plumbing replaced as a major-system update (p.3 list of updates),,Copper tubing or PVC plumbing is required.,3.0,PASS,MEDIUM,"Does not say how other materials not in the ineligible list (e.g. PEX installed 2011 or later, CPVC) are treated.",Progressive_HO3_-_04.01.2026.pdf,EVALUATE,,PASS,
PRO-039,Progressive HO3,PLUMBING,RULE,DECLINES,"Polybutylene, PEX installed before 2011 and galvanized plumbing are ineligible.",DISALLOWED_LIST,Polybutylene; PEX installed prior to 2011; Galvanized,,,,"Polybutylene, PEX installed prior to 2011, or galvanized plumbing systems are ineligible.",3.0,PASS,HIGH,,Progressive_HO3_-_04.01.2026.pdf,EVALUATE,,PASS,
PRO-040,Progressive HO3,ELECTRICAL,RULE,DECLINES,"Knob and tube wiring, aluminum wiring, fuses and Federal Pacific breaker boxes are ineligible.",DISALLOWED_LIST,Knob and tube wiring; Aluminum wiring; Fuses; Federal Pacific breaker boxes,,,,"Knob and tube wiring, aluminum wiring, fuses, or Federal Pacific breaker boxes are ineligible.",3.0,PASS,HIGH,,Progressive_HO3_-_04.01.2026.pdf,EVALUATE,,PASS,
PRO-041,Progressive HO3,OTHER_SYSTEMS,RULE,DECLINES,"Homes must have a professionally installed, permanent, thermostatically controlled central heat source.",YES_NO,,,,,"Homes must have a professionally installed, permanent, and thermostatically controlled central heat source.",2.0,PASS,HIGH,,Progressive_HO3_-_04.01.2026.pdf,EVALUATE,,PASS,
PRO-042,Progressive HO3,OTHER_SYSTEMS,RULE,CONDITION,"Professionally installed wood-burning stoves are allowed if not the primary heat source, with a wood-burning surcharge.",TEXT,,,Wood-burning stove present,,Homes with professional installed wood-burning stoves are permitted as long as they are not the primary heat source. A wood-burning surcharge is applied.,2.0,PASS,HIGH,,Progressive_HO3_-_04.01.2026.pdf,EVALUATE,,PASS,
PRO-043,Progressive HO3,OTHER_SYSTEMS,RULE,DECLINES,Homes must have a permanently installed central cooling system.,YES_NO,,,,,Properties must have a permanently installed central cooling system.,2.0,PASS,HIGH,,Progressive_HO3_-_04.01.2026.pdf,EVALUATE,,PASS,
PRO-044,Progressive HO3,OTHER_SYSTEMS,RULE,DECLINES,Homes with evaporative cooling systems are ineligible.,YES_NO,,,,,Homes with evaporative cooling systems are ineligible for coverage.,3.0,PASS,HIGH,,Progressive_HO3_-_04.01.2026.pdf,EVALUATE,,PASS,
PRO-045,Progressive HO3,OTHER_SYSTEMS,RULE,CONDITION,Heating systems and water heaters are subject to underwriting review for updates (new heating plant; replacement of water heater).,TEXT,,,Major systems requiring updates,,"Heating: Installation of new heating plant including burner, boiler, fans, coupling valves, pressure relief valves,",3.0,PASS,LOW,Guide does not state an age or trigger for when heating or water heater updates are required.,Progressive_HO3_-_04.01.2026.pdf,EVALUATE,,PASS,
PRO-046,Progressive HO3,FOUNDATION,RULE,DECLINES,Homes built on an open foundation are ineligible.,YES_NO,,,,,Homes built on an open foundation are ineligible.,10.0,PASS,MEDIUM,"Conflicts with rating section, which lists an Open Foundation surcharge (page 28), implying such homes may be written.",Progressive_HO3_-_04.01.2026.pdf,EVALUATE,,PASS,
PRO-047,Progressive HO3,FOUNDATION,UNCLEAR,COVERAGE_ONLY,A surcharge applies to homes with an open foundation.,TEXT,,,,,A surcharge applies to homes with an open foundation.,28.0,PASS,LOW,"Conflicts with page 10, which says homes on an open foundation are ineligible.",Progressive_HO3_-_04.01.2026.pdf,NOT_ELIGIBILITY,,PASS,
PRO-048,Progressive HO3,FOUNDATION,RULE,CONDITION,Crawl space foundations are acceptable only if enclosed with a permanent material; lattice enclosure does not qualify as crawl space.,TEXT,,,Crawl space,Homes on open foundations enclosed by lattice do not qualify as crawl space.,"Crawl space – (foundation is enclosed with a permanent material; i.e. block, brick, siding, etc.) is acceptable.",10.0,PASS,HIGH,,Progressive_HO3_-_04.01.2026.pdf,EVALUATE,,PASS,
PRO-049,Progressive HO3,FOUNDATION,NO_RESTRICTION,ALLOWS,Concrete slab foundations are acceptable.,YES_NO,,,,,Concrete slabs are acceptable.,10.0,PASS,HIGH,,Progressive_HO3_-_04.01.2026.pdf,ALLOWS,,PASS,
PRO-050,Progressive HO3,FOUNDATION,RULE,REFERS_TO_UW,Homes on pilings (8-10 ft elevations) require photos submitted to underwriting before binding; new construction on engineered piling with flood insurance is accepted.,TEXT,,,Pilings (8'-10' elevations),New construction on engineered piling as recommended by FEMA with flood insurance carried will be accepted.,Pilings (8'-10' elevations) – please submit photos to Underwriting prior to binding.,10.0,PASS,HIGH,,Progressive_HO3_-_04.01.2026.pdf,EVALUATE,,PASS,
PRO-051,Progressive HO3,POOL,RULE,CONDITION,"Pools, hot tubs and spas must be gated with a fence of at least 4 ft and a locking gate, or an approved alternate enclosure.",MIN,4,feet,"Swimming pool, hot tub or spa",Approved alternate enclosure.,"Properties with swimming pools, hot tubs, or spas must be gated with a minimum of a four-foot fence and locking gate or approved alternate enclosure.",3.0,PASS,HIGH,,Progressive_HO3_-_04.01.2026.pdf,EVALUATE,,PASS,
PRO-052,Progressive HO3,POOL,RULE,CONDITION,"Pools, hot tubs and spas must be maintained and in working condition.",YES_NO,,,,,"Swimming pools, hot tubs, and spas must be maintained and in working condition.",3.0,PASS,HIGH,,Progressive_HO3_-_04.01.2026.pdf,CONDITION_STANDARD,,PASS,
PRO-053,Progressive HO3,POOL,RULE,CONDITION,Hot tubs must have a secure cover or be protected by a 4 ft locking fence.,MIN,4,feet,Hot tubs,Secure cover as alternative to fence.,Hot tubs must have a secure cover or be protected by a four-foot locking fence.,4.0,PASS,HIGH,,Progressive_HO3_-_04.01.2026.pdf,EVALUATE,,PASS,
PRO-054,Progressive HO3,LIABILITY_HAZARDS,RULE,DECLINES,Trampolines and skateboard ramps are ineligible.,DISALLOWED_LIST,Trampoline; Skateboard ramp,,,,Properties with a trampoline or a skateboard ramp are ineligible for coverage.,4.0,PASS,HIGH,,Progressive_HO3_-_04.01.2026.pdf,EVALUATE,,PASS,
PRO-055,Progressive HO3,LIABILITY_HAZARDS,RULE,DECLINES,"Properties must be free of debris, clutter, liability hazards and attractive nuisances such as inoperable vehicles and appliances.",YES_NO,,,,,"Properties must be free of debris, clutter or other liability hazards, or attractive nuisances.",4.0,PASS,MEDIUM,Effect of violation not stated; items judged by underwriting.,Progressive_HO3_-_04.01.2026.pdf,CONDITION_STANDARD,,PASS,
PRO-056,Progressive HO3,LIABILITY_HAZARDS,RULE,CONDITION,"Applicants or properties with ATVs, dirt bikes or snowmobiles require a separate liability policy.",TEXT,,,"ATVs, dirt bikes, snowmobiles",,"Applicants and/or properties with ATVs, dirt bikes, or snowmobiles require a separate liability policy to cover",4.0,PASS,HIGH,,Progressive_HO3_-_04.01.2026.pdf,EVALUATE,,PASS,
PRO-057,Progressive HO3,LIABILITY_HAZARDS,RULE,DECLINES,Dwellings with trees or brush overhanging the roof or in dangerous proximity to the structures are ineligible.,TEXT,,,,,Dwellings and/or other structures with trees and/or brush overhanging the roof or deemed,6.0,PASS,HIGH,,Progressive_HO3_-_04.01.2026.pdf,EVALUATE,,PASS,
PRO-058,Progressive HO3,LIABILITY_HAZARDS,RULE,CONDITION,Tree crowns must be 10 ft apart and limbs must be 8 ft above ground.,TEXT,10; 8,feet,Additional tree requirements,,• crowns must be 10 feet apart; and,6.0,PASS,MEDIUM,Effect of violation not stated beyond the general tree ineligibility sentence.,Progressive_HO3_-_04.01.2026.pdf,EVALUATE,,PASS,
PRO-059,Progressive HO3,LIABILITY_HAZARDS,RULE,DECLINES,"Properties with underground fuel tanks, whether or not in use, are ineligible.",YES_NO,,,,,"Properties with underground fuel tanks, whether or not in use, are ineligible for coverage.",3.0,PASS,HIGH,,Progressive_HO3_-_04.01.2026.pdf,EVALUATE,,PASS,
PRO-060,Progressive HO3,LIABILITY_HAZARDS,RULE,CONDITION,Porches or decks more than 2 ft off the ground or with 3 or more steps must have properly installed handrails.,TEXT,,,Porches or decks more than two feet off the ground or with three or more steps,,Porches or decks more than two feet off the ground or with three or more steps leading to them must be,2.0,PASS,HIGH,,Progressive_HO3_-_04.01.2026.pdf,EVALUATE,,PASS,
PRO-061,Progressive HO3,ANIMALS,RULE,DECLINES,"Akitas, American bulldogs, chow chows, Doberman pinschers, mastiffs, pit bulls, Rottweilers, Staffordshire terriers, wolf hybrids and mixes of these breeds are ineligible.",DISALLOWED_LIST,Akita; American bulldog; Chow chow; Doberman pinscher; Mastiff; Pit bull; Rottweiler; Staffordshire terrier; Wolf hybrid; any mix or variation of these breeds,,,,"This includes, but is not limited to, Akitas, American bulldogs, chow chows, Doberman pinschers, mastiffs, pit bulls, Rottweilers, Staffordshire terriers, wolf hybrids, any mix or variation of these",4.0,PASS,HIGH,,Progressive_HO3_-_04.01.2026.pdf,EVALUATE,,PASS,
PRO-062,Progressive HO3,ANIMALS,RULE,DECLINES,"Any dog with a history of biting, or that underwriting deems ineligible, is ineligible.",YES_NO,,,,,"any dog with a history of biting, or any dog Underwriting deems ineligible.",4.0,PASS,HIGH,,Progressive_HO3_-_04.01.2026.pdf,EVALUATE,,PASS,
PRO-063,Progressive HO3,ANIMALS,RULE,DECLINES,Properties with exotic animals are ineligible.,YES_NO,,,,,Properties with exotic animals are ineligible for coverage.,4.0,PASS,HIGH,,Progressive_HO3_-_04.01.2026.pdf,EVALUATE,,PASS,
PRO-064,Progressive HO3,ANIMALS,RULE,CONDITION,"Saddle, hoofed or other farm animals are limited to 2 horses per household member.",MAX,2,horses per household member,"Saddle, hoofed or other farm animals",,No more than two horses per household member.,4.0,PASS,MEDIUM,Limit stated only for horses; other farm animals not quantified.,Progressive_HO3_-_04.01.2026.pdf,EVALUATE,,PASS,
PRO-065,Progressive HO3,ANIMALS,RULE,CONDITION,"Farm animals may not be used for business purposes such as riding lessons, breeding or boarding.",YES_NO,,,,,"Animals may not be used for business purposes (e.g., riding lessons, breeding, boarding services).",4.0,PASS,HIGH,,Progressive_HO3_-_04.01.2026.pdf,EVALUATE,,PASS,
PRO-066,Progressive HO3,ANIMALS,RULE,CONDITION,Properties with farm animals must carry the Hobby Farming endorsement.,YES_NO,,,"Saddle, hoofed or other farm animals",,Applicants are required to carry the Hobby Farming endorsement.,4.0,PASS,HIGH,,Progressive_HO3_-_04.01.2026.pdf,EVALUATE,,PASS,
PRO-067,Progressive HO3,SOLAR,RULE,COVERAGE_ONLY,The policy excludes windstorm or hail losses to solar panels and solar water heating systems.,TEXT,,,Section I property exclusion,,"Solar panels, solar water heating systems including solar panels, pipes supplying and returning water to solar panels, and equipment or devices controlling solar water heating systems.",13.0,PASS,MEDIUM,No eligibility rule on solar panels; only a coverage exclusion is stated.,Progressive_HO3_-_04.01.2026.pdf,NOT_ELIGIBILITY,,PASS,
PRO-068,Progressive HO3,PROTECTION_CLASS,RULE,CONDITION,Homes in protection class 9 or 10 must be on a paved road and visible to neighbors.,TEXT,9; 10,PPC,Protection Class 9 or 10,,Properties located in a Protection Class 9 or 10 must meet the following eligibility requirements:,2.0,PASS,HIGH,,Progressive_HO3_-_04.01.2026.pdf,EVALUATE,,PASS,
PRO-069,Progressive HO3,PROTECTION_CLASS,RULE,DECLINES,Homes must have paved road access to qualify.,YES_NO,,,,,Homes must have paved road access to qualify.,8.0,PASS,HIGH,,Progressive_HO3_-_04.01.2026.pdf,EVALUATE,,PASS,
PRO-070,Progressive HO3,PROTECTION_CLASS,RULE,CONDITION,"Unclassified areas use PC 10 unless two or more classifications are shown, in which case miles to fire station and feet to hydrant determine the class.",TEXT,10,PPC,Unclassified areas,"If two or more classifications are shown (e.g. 6/9): under 5 miles and under 1,000 ft of hydrant uses first PC; under 5 miles and over 1,000 ft is PC 9; over 5 miles is PC 10.","Miles to Fire Station Feet to Hydrant Class Less than 5 Less than 1,000 First PC Less than 5 More than 1,000 9 More than 5 10",8.0,PASS,MEDIUM,"Table does not say how exactly 5 miles or exactly 1,000 ft is classified.",Progressive_HO3_-_04.01.2026.pdf,EVALUATE,,PASS,
PRO-071,Progressive HO3,PROTECTION_CLASS,RULE,COVERAGE_ONLY,Scheduled personal property on homes in protection classes 9 and 10 requires prior approval.,TEXT,9; 10,PPC,Scheduled Personal Property endorsement,,Prior approval is required for Scheduled Personal Property on homes l in Protection Classes 9 and 10.,17.0,PASS,HIGH,,Progressive_HO3_-_04.01.2026.pdf,NOT_ELIGIBILITY,,PASS,
PRO-072,Progressive HO3,LOCATION,RULE,DECLINES,New business is not accepted in Hidalgo or Webb county.,DISALLOWED_LIST,Hidalgo; Webb,counties,,,We are not accepting new business in Hidalgo or Webb county.,1.0,PASS,HIGH,,Progressive_HO3_-_04.01.2026.pdf,EVALUATE,,PASS,
PRO-073,Progressive HO3,LOCATION,RULE,DECLINES,"Homes within 1,000 feet of the Gulf of Mexico are ineligible.",MIN,1000,feet,Distance to the Gulf of Mexico,,"Homes within 1,000 feet of the Gulf of Mexico are ineligible for coverage.",1.0,PASS,HIGH,,Progressive_HO3_-_04.01.2026.pdf,EVALUATE,,PASS,
PRO-074,Progressive HO3,LOCATION,RULE,COVERAGE_ONLY,Homes in the defined wind pool zone must be written excluding wind coverage and carry a separate wind policy.,TEXT,,,Defined wind pool zone,,Homes written within the defined wind pool zone must be written excluding wind coverage. Any policy,1.0,PASS,HIGH,,Progressive_HO3_-_04.01.2026.pdf,NOT_ELIGIBILITY,,PASS,
PRO-075,Progressive HO3,LOCATION,RULE,DECLINES,Properties must be on a paved road easily accessible to emergency vehicles year round.,YES_NO,,,,,Properties must be located on a paved road easily accessible to emergency vehicles year round.,2.0,PASS,HIGH,,Progressive_HO3_-_04.01.2026.pdf,EVALUATE,,PASS,
PRO-076,Progressive HO3,LOCATION,RULE,REFERS_TO_UW,Properties in a commercially zoned neighborhood or adjacent to a commercial property must be submitted to underwriting for prior approval.,TEXT,,,Commercially zoned neighborhood or adjacent to commercial property,,must be submitted to Underwriting for prior approval. Underwriting will review to identify hazards,2.0,PASS,HIGH,,Progressive_HO3_-_04.01.2026.pdf,EVALUATE,,PASS,
PRO-077,Progressive HO3,LOCATION,RULE,DECLINES,Properties on landfill sites or geologically unstable areas are ineligible.,YES_NO,,,,,"Properties located on landfill sites, or geologically unstable areas, are ineligible for coverage.",2.0,PASS,HIGH,,Progressive_HO3_-_04.01.2026.pdf,EVALUATE,,PASS,
PRO-078,Progressive HO3,LOCATION,RULE,DECLINES,"Properties on mountainsides, cliffs or bluffs, or over water, are ineligible.",YES_NO,,,,,"Properties located on mountainsides, cliffs or bluffs, or over water are ineligible for coverage.",2.0,PASS,HIGH,,Progressive_HO3_-_04.01.2026.pdf,EVALUATE,,PASS,
PRO-079,Progressive HO3,LOCATION,RULE,DECLINES,Properties partially or entirely over water are ineligible.,YES_NO,,,,,Properties located partial or entirely over water are ineligible for coverage.,2.0,PASS,HIGH,,Progressive_HO3_-_04.01.2026.pdf,EVALUATE,,PASS,
PRO-080,Progressive HO3,LOCATION,RULE,DECLINES,Properties in fly-in/out or airport communities are ineligible.,YES_NO,,,,,Properties located in fly-in/out or airport communities are ineligible for coverage.,2.0,PASS,HIGH,,Progressive_HO3_-_04.01.2026.pdf,EVALUATE,,PASS,
PRO-081,Progressive HO3,LOCATION,RULE,DECLINES,Properties in jurisdictions not subject to U.S. law are ineligible.,YES_NO,,,,,Properties located in jurisdictions not subject to U.S. law are ineligible for coverage.,2.0,PASS,HIGH,,Progressive_HO3_-_04.01.2026.pdf,EVALUATE,,PASS,
PRO-082,Progressive HO3,LOCATION,RULE,DECLINES,Properties with a Precisely Fire Risk Pro wildfire risk score of 24 to 50 are ineligible; scores of 0 to 23 are acceptable.,MAX,23,wildfire risk score,Precisely Fire Risk Pro model score,,Wildfire Risk Score Eligibility 0 - 23 Acceptable 24 - 50 Ineligible for Coverage,6.0,PASS,HIGH,,Progressive_HO3_-_04.01.2026.pdf,EVALUATE,,PASS,
PRO-083,Progressive HO3,LOCATION,RULE,CONDITION,Binding is restricted for new business and coverage changes when an active wildfire line is within 15 miles of the property or a wildfire alert is declared.,MAX,15,miles,Active fire line distance; temporary catastrophe binding restriction,The Company reserves the right to make exceptions for valid underwriting reasons.,An active fire line is within 15 miles of the property.,9.0,PASS,HIGH,,Progressive_HO3_-_04.01.2026.pdf,EVALUATE,,PASS,
PRO-084,Progressive HO3,LOCATION,RULE,COVERAGE_ONLY,A Foundation Water Damage Exclusion is attached to all homes written in Nueces county.,TEXT,Nueces,county,Nueces County,,This endorsement is attached to all homes written in Nueces county.,24.0,PASS,HIGH,,Progressive_HO3_-_04.01.2026.pdf,NOT_ELIGIBILITY,,PASS,
PRO-085,Progressive HO3,ACREAGE,RULE,REFERS_TO_UW,Properties on large acres of land are subject to underwriting review.,TEXT,,,,,Properties located on large acres of land are subject to Underwriting review.,2.0,PASS,MEDIUM,No acreage threshold is defined for 'large acres'.,Progressive_HO3_-_04.01.2026.pdf,EVALUATE,,PASS,
PRO-086,Progressive HO3,FLOOD,RULE,CONDITION,Homes in a Special Flood Hazard Area (Zone A or V) must carry a flood policy with matching building limit or maximum available.,TEXT,A; V,flood zone,Special Flood Hazard Area,,Properties located in a Special Flood Hazard Area (Zone A or V) must be covered by Flood insurance policy,1.0,PASS,HIGH,,Progressive_HO3_-_04.01.2026.pdf,EVALUATE,,PASS,
PRO-087,Progressive HO3,FLOOD,RULE,CONDITION,Homes within 1/2 mile of the coast must be above base flood elevation per FEMA.,MAX,0.5,miles,Distance to the coast,,"Homes within ½ mile of the coast must be above base flood elevation, as according to FEMA.",1.0,PASS,HIGH,,Progressive_HO3_-_04.01.2026.pdf,EVALUATE,,PASS,
PRO-088,Progressive HO3,DWELLING_LIMITS,RULE,DECLINES,"Coverage A dwelling limits available range from $100,000 to $5,000,000.",RANGE,100000 to 5000000,USD,Coverage A - Dwelling,,"A – Dwelling $100,000 to $5,000,000",11.0,PASS,MEDIUM,"Limits table; it does not say what happens outside the range (binding authority is $1,500,000, higher referred to UW).",Progressive_HO3_-_04.01.2026.pdf,EVALUATE,,PASS,
PRO-089,Progressive HO3,DWELLING_LIMITS,RULE,REFERS_TO_UW,"Coverage A above $1,500,000 must be referred to underwriting for prior approval.",MAX,1500000,USD,Coverage A - Dwelling,,"Risks with Coverage A –
Dwelling values greater than $1,500,000 must be referred to Underwriting for prior approval.",9.0,PASS,HIGH,,Progressive_HO3_-_04.01.2026.pdf,EVALUATE,,PASS,
PRO-090,Progressive HO3,DWELLING_LIMITS,RULE,DECLINES,Homes must be insured for at least 100% of replacement cost.,MIN,100,% of replacement cost,,,Risks must be insured for at least 100% of replacement cost.,5.0,PASS,HIGH,,Progressive_HO3_-_04.01.2026.pdf,EVALUATE,,PASS,
PRO-091,Progressive HO3,DWELLING_LIMITS,RULE,REFERS_TO_UW,Homes with a purchase price below the replacement cost value must be referred to underwriting for prior approval.,TEXT,,,Purchase price below replacement cost value,Underwriting may require a home inspection including interior and exterior photos.,Homes with a purchase price below the replacement cost value must be referred to Underwriting for prior approval.,5.0,PASS,HIGH,,Progressive_HO3_-_04.01.2026.pdf,EVALUATE,,PASS,
PRO-092,Progressive HO3,DWELLING_LIMITS,RULE,COVERAGE_ONLY,A minimum wind/hail deductible of 2% of Coverage A is required.,MIN,2,% of Coverage A,Wind/Hail deductible,,A minimum Wind/Hail deductible equal to 2% of the Coverage A limit is required at new business and renewal.,11.0,PASS,HIGH,,Progressive_HO3_-_04.01.2026.pdf,NOT_ELIGIBILITY,,PASS,
PRO-093,Progressive HO3,LOSS_HISTORY,RULE,DECLINES,Any loss within the last 5 years not fully remedied or resolved that continues to impact future loss potential is unacceptable.,MAX,5,years,Unacceptable prior loss history for new business,,Any loss within the last 5 years that has not been fully remedied or otherwise resolved and that continues to,6.0,PASS,HIGH,,Progressive_HO3_-_04.01.2026.pdf,EVALUATE,,PASS,
PRO-094,Progressive HO3,LOSS_HISTORY,RULE,DECLINES,3 or more claims reported within 5 years are unacceptable.,MAX,2,claims in 5 years,New business,,3 or more claims reported within 5 years.,6.0,PASS,HIGH,,Progressive_HO3_-_04.01.2026.pdf,EVALUATE,,PASS,
PRO-095,Progressive HO3,LOSS_HISTORY,RULE,DECLINES,Any fire loss is unacceptable if the home is in protection class 8 or higher.,TEXT,8,PPC,Home in Protection Class 8 or higher,,Any fire loss if home is located in a Protection Class 8 or higher.,6.0,PASS,MEDIUM,"'Protection Class 8 or higher' is ambiguous as to whether higher means a larger class number (8, 9, 10) or a better class.",Progressive_HO3_-_04.01.2026.pdf,EVALUATE,,PASS,
PRO-096,Progressive HO3,LOSS_HISTORY,RULE,REFERS_TO_UW,2 or more claims reported within 5 years require underwriting approval before binding.,MIN,2,claims in 5 years,,,2 or more claims reported within 5 years.,6.0,PASS,HIGH,,Progressive_HO3_-_04.01.2026.pdf,EVALUATE,,PASS,
PRO-097,Progressive HO3,LOSS_HISTORY,RULE,REFERS_TO_UW,Any 1 liability claim reported within 5 years requires underwriting approval before binding.,MIN,1,liability claims in 5 years,,,Any 1 liability claim reported within 5 years.,6.0,PASS,HIGH,,Progressive_HO3_-_04.01.2026.pdf,EVALUATE,,PASS,
PRO-098,Progressive HO3,LOSS_HISTORY,RULE,REFERS_TO_UW,Risks previously canceled or non-renewed by another insurer must be referred to the company before binding.,YES_NO,,,,,Risks previously canceled or non-renewed by another insurer must be referred to the company prior to binding.,6.0,PASS,HIGH,,Progressive_HO3_-_04.01.2026.pdf,EVALUATE,,PASS,
PRO-099,Progressive HO3,LOSS_HISTORY,RULE,DECLINES,"Risks with no prior coverage or a lapse in coverage are ineligible, except first-time home buyers.",YES_NO,,,No prior coverage or lapse in coverage,First-time home buyer.,"If the risk has no prior coverage, or a lapse in coverage, other than a first-time home buyer, the risk is ineligible.",6.0,PASS,HIGH,,Progressive_HO3_-_04.01.2026.pdf,EVALUATE,,PASS,
PRO-100,Progressive HO3,LOSS_HISTORY,RULE,CONDITION,Applicants must provide documentation of continuous voluntary coverage for the property; force-placed or lender-placed insurance does not count.,YES_NO,,,,New home purchase is excepted.,"With the exception of a new home purchase, applicants must provide documentation verifying continuous",2.0,PASS,HIGH,,Progressive_HO3_-_04.01.2026.pdf,EVALUATE,,PASS,
PRO-101,Progressive HO3,LOSS_HISTORY,RULE,INFO_ONLY,Claims with prior water damage losses are evaluated under Texas Insurance Code section 544.353 and related regulations.,TEXT,,,,,"Claims with prior water damage losses are evaluated in accordance with Title 5, Subtitle C, Chapter 544, §544.353 of",5.0,PASS,MEDIUM,No specific water-loss threshold stated.,Progressive_HO3_-_04.01.2026.pdf,NOT_ELIGIBILITY,,PASS,
PRO-102,Progressive HO3,INSPECTIONS,RULE,CONDITION,Pre-binding inspections and/or photos may be required to verify eligibility; the agent or policyholder must obtain and submit them.,TEXT,,,,,"Pre-binding inspections and/or photos may be required to verify the applicant, home and/or property meet the eligibility",5.0,PASS,HIGH,,Progressive_HO3_-_04.01.2026.pdf,IGNORE_INSPECTION,,PASS,
PRO-103,Progressive HO3,INSPECTIONS,RULE,CONDITION,A post-bind home inspection may be performed at the company's discretion; policyholders who do not permit it may be canceled.,TEXT,,,,,"At the Company’s discretion, a home inspection will be performed after coverage is bound and paid. Policyholders",5.0,PASS,HIGH,,Progressive_HO3_-_04.01.2026.pdf,IGNORE_INSPECTION,,PASS,
PRO-104,Progressive HO3,INSPECTIONS,RULE,CONDITION,Foreclosure or short-sale purchases require a home inspection with photographs showing acceptable condition.,TEXT,,,Purchased as a result of a foreclosure or short sale,,"Underwriting will require a home inspection, which will include photographs, indicating the home is in",3.0,PASS,HIGH,,Progressive_HO3_-_04.01.2026.pdf,IGNORE_INSPECTION,,PASS,
PRO-105,Progressive HO3,INSPECTIONS,RULE,CONDITION,"Home day care requires proof of license, insurance, number of children, and interior and exterior photos before binding.",TEXT,,,Home day care exposure,,"Proof of license, insurance, and number
of children being cared for, along with photos of the interior and exterior is required prior to binding coverage.",1.0,PASS,HIGH,,Progressive_HO3_-_04.01.2026.pdf,EVALUATE,,PASS,
PRO-106,Progressive HO3,INSPECTIONS,RULE,CONDITION,"Mold remediation coverage requires, before binding, an air quality testing firm statement and a licensed master plumber statement.",TEXT,,,Limited Fungi or Microbes Coverage,,A statement from a licensed master plumber that the residence is free of water leaks and that all plumbing,15.0,PASS,HIGH,,Progressive_HO3_-_04.01.2026.pdf,IGNORE_INSPECTION,,PASS,
PRO-107,Progressive HO3,PRODUCT_STATUS,RULE,INFO_ONLY,Insurance binders are not accepted; a risk is not bound until a policy is issued in the rating system.,YES_NO,,,,,A risk is not bound until a policy is issued in our rating system. Insurance binders are not accepted.,1.0,PASS,HIGH,,Progressive_HO3_-_04.01.2026.pdf,NOT_ELIGIBILITY,,PASS,
PRO-108,Progressive HO3,PRODUCT_STATUS,RULE,DECLINES,New business is not being accepted in Hidalgo or Webb county.,DISALLOWED_LIST,Hidalgo; Webb,county,,,We are not accepting new business in Hidalgo or Webb county.,2.0,PASS,HIGH,,Progressive_HO3_-_04.01.2026.pdf,EVALUATE,,PASS,
PRO-109,Progressive HO3,PRODUCT_STATUS,RULE,CONDITION,"Binding authority is temporarily restricted for new business and coverage changes during hurricanes, tornado or severe weather, wildfire, evacuation zones or earthquakes.",TEXT,,,Catastrophe management events,The Company reserves the right to make exceptions for valid underwriting reasons.,"The Company
will temporarily restrict binding authority in the event of one or more of the following:",9.0,PASS,HIGH,,Progressive_HO3_-_04.01.2026.pdf,EVALUATE,,PASS,
PRO-110,Progressive HO3,OTHER,RULE,DECLINES,"Properties used for business purposes, other than approved home daycares, are ineligible.",YES_NO,,,,Approved home daycares.,"Properties used for business purposes, other than approved home daycares, are ineligible for coverage.",1.0,PASS,HIGH,,Progressive_HO3_-_04.01.2026.pdf,EVALUATE,,PASS,
PRO-111,Progressive HO3,OTHER,RULE,CONDITION,"Home day care exposure is eligible with evidence of commercial liability coverage of at least $500,000 for the day care operation.",MIN,500000,USD,Home day care exposure,,Properties with home day care exposure are eligible for this program with evidence of commercial liability,1.0,PASS,HIGH,,Progressive_HO3_-_04.01.2026.pdf,EVALUATE,,PASS,
PRO-112,Progressive HO3,OTHER,RULE,DECLINES,"Applicants convicted of fraud, arson or material misrepresentation are ineligible.",YES_NO,,,,,"Applicants who have been convicted of fraud, arson, or material misrepresentation are ineligible for coverage.",2.0,PASS,HIGH,,Progressive_HO3_-_04.01.2026.pdf,EVALUATE,,PASS,
PRO-113,Progressive HO3,OTHER,RULE,DECLINES,Properties in foreclosure are ineligible.,YES_NO,,,,,Properties in foreclosure are ineligible for coverage.,3.0,PASS,HIGH,,Progressive_HO3_-_04.01.2026.pdf,EVALUATE,,PASS,
PRO-114,Progressive HO3,OTHER,RULE,DECLINES,Properties with historical designations are ineligible.,YES_NO,,,,,Properties with historical designations are ineligible for coverage.,3.0,PASS,HIGH,,Progressive_HO3_-_04.01.2026.pdf,EVALUATE,,PASS,
PRO-115,Progressive HO3,OTHER,RULE,DECLINES,Homes with pre-existing damage are ineligible.,YES_NO,,,,,Homes with pre-existing damage are ineligible for coverage.,2.0,PASS,HIGH,,Progressive_HO3_-_04.01.2026.pdf,CONDITION_STANDARD,,PASS,
PRO-116,Progressive HO3,OTHER,RULE,DECLINES,"Properties, other structures, walkways or retaining walls in poor condition or disrepair are ineligible.",YES_NO,,,,,"Properties, other structures, walkways, or retaining walls deemed by the company to be in poor condition or",3.0,PASS,HIGH,,Progressive_HO3_-_04.01.2026.pdf,CONDITION_STANDARD,,PASS,
PRO-117,Progressive HO3,OTHER,RULE,CONDITION,Homes must be well maintained and protected with smoke detectors near the kitchen and sleeping areas.,YES_NO,,,,,Homes must be protected with smoke detectors in close proximity of kitchen and sleeping areas.,2.0,PASS,HIGH,,Progressive_HO3_-_04.01.2026.pdf,CONDITION_STANDARD,,PASS,
PRO-118,Progressive HO3,OTHER,RULE,DECLINES,A dwelling also covered by another insurance policy will not be covered.,YES_NO,,,,,We will not provide coverage for a dwelling that is also covered by another insurance policy.,7.0,PASS,HIGH,,Progressive_HO3_-_04.01.2026.pdf,EVALUATE,,PASS,
PRO-119,Progressive HO3,OTHER,RULE,DECLINES,Multiple locations on the same policy are not permitted.,YES_NO,,,,,This program does not permit coverage for multiple locations on the same policy.,7.0,PASS,HIGH,,Progressive_HO3_-_04.01.2026.pdf,EVALUATE,,PASS,
PRO-120,Progressive HO3,OTHER,RULE,DECLINES,Transfers or assignments are not permitted; a new application is required.,YES_NO,,,,,No transfers or assignments are permitted. Each insured and/or property will require submission of a new application.,7.0,PASS,HIGH,,Progressive_HO3_-_04.01.2026.pdf,EVALUATE,,PASS,
PRO-121,Progressive HO3,OTHER,RULE,COVERAGE_ONLY,"Liability coverage is not provided for other residences owned or rented by the insured, or for business activities or incidental occupancies.",TEXT,,,,Property coverage for residences rented to others is available through a separate Dwelling Fire policy.,"This program does not permit liability coverage for any other residences owned or rented by the insured, regardless of",7.0,PASS,HIGH,,Progressive_HO3_-_04.01.2026.pdf,NOT_ELIGIBILITY,,PASS,
PRO-122,Progressive HO3,OTHER,RULE,DECLINES,Premium Finance Agreements are not accepted.,YES_NO,,,,,We do not accept Premium Finance Agreements.,31.0,PASS,HIGH,,Progressive_HO3_-_04.01.2026.pdf,EVALUATE,,PASS,
PRO-123,Progressive HO3,OTHER,RULE,INFO_ONLY,"Insurance score is evaluated along with prior insurance, claims history, condition and age of property, and other risk factors.",TEXT,,,,,"Insurance score is evaluated along with prior insurance, claims history, condition of property, age of property,",2.0,PASS,MEDIUM,No score cutoff is stated.,Progressive_HO3_-_04.01.2026.pdf,NOT_ELIGIBILITY,,PASS,
SWY-001,Swyfft Benchmark (Admitted) HO3,OCCUPANCY,RULE,DECLINES,Vacant or unoccupied homes are ineligible.,YES_NO,,,,,"Homes that are vacant, unoccupied, under construction,",2.0,PASS,HIGH,,Swyfft_-_Benchmark_(Admitted)_HO3.pdf,EVALUATE,,PASS,
SWY-002,Swyfft Benchmark (Admitted) HO3,OCCUPANCY,RULE,DECLINES,Homes under construction are ineligible.,YES_NO,,,,,"Homes that are vacant, unoccupied, under construction,",2.0,PASS,HIGH,,Swyfft_-_Benchmark_(Admitted)_HO3.pdf,EVALUATE,,PASS,
SWY-003,Swyfft Benchmark (Admitted) HO3,OCCUPANCY,RULE,DECLINES,Homes used for non-habitational purposes are ineligible.,YES_NO,,,,,for sale or used for non-habitational purposes or are in,2.0,PASS,HIGH,,Swyfft_-_Benchmark_(Admitted)_HO3.pdf,EVALUATE,,PASS,
SWY-004,Swyfft Benchmark (Admitted) HO3,OCCUPANCY,RULE,DECLINES,Homes in foreclosure (last three years) are ineligible.,YES_NO,,3 years,,,foreclosure (last three years),2.0,PASS,MEDIUM,Wording 'in foreclosure (last three years)' is ambiguous: could mean currently in foreclosure or foreclosure within the last 3 years.,Swyfft_-_Benchmark_(Admitted)_HO3.pdf,EVALUATE,,PASS,
SWY-005,Swyfft Benchmark (Admitted) HO3,OCCUPANCY,RULE,DECLINES,Homes listed for sale are ineligible.,YES_NO,,,,,Homes listed for sale,2.0,PASS,HIGH,,Swyfft_-_Benchmark_(Admitted)_HO3.pdf,EVALUATE,,PASS,
SWY-006,Swyfft Benchmark (Admitted) HO3,OCCUPANCY,RULE,DECLINES,Incidental occupancy is ineligible.,YES_NO,,,,,• Incidental occupancy,2.0,PASS,MEDIUM,Term 'incidental occupancy' is not defined in the guide.,Swyfft_-_Benchmark_(Admitted)_HO3.pdf,EVALUATE,,PASS,
SWY-007,Swyfft Benchmark (Admitted) HO3,OCCUPANCY,RULE,DECLINES,Seasonal or secondary homes are ineligible if not owner-occupied and/or less than 50 miles from the primary residence.,MIN,50,miles,Seasonal or secondary homes,,Seasonal or secondary homes that are not owneroccupied and/or less than 50 miles from the primary residence,2.0,PASS,MEDIUM,"Wording ""not owner-occupied and/or less than 50 miles"" is ambiguous: unclear whether either condition alone disqualifies.",Swyfft_-_Benchmark_(Admitted)_HO3.pdf,EVALUATE,,PASS,
SWY-008,Swyfft Benchmark (Admitted) HO3,OCCUPANCY,RULE,COVERAGE_ONLY,A seasonal/secondary surcharge applies.,TEXT,,,Seasonal/secondary homes,,Seasonal/Secondary surcharge,1.0,PASS,MEDIUM,Surcharge amount not stated; the secured-community discount is also unavailable to seasonal/secondary homes.,Swyfft_-_Benchmark_(Admitted)_HO3.pdf,NOT_ELIGIBILITY,,PASS,
SWY-009,Swyfft Benchmark (Admitted) HO3,OCCUPANCY,RULE,DECLINES,Tenant-occupied dwellings are ineligible.,YES_NO,,,,,Tenant occupied dwellings,2.0,PASS,HIGH,,Swyfft_-_Benchmark_(Admitted)_HO3.pdf,EVALUATE,,PASS,
SWY-010,Swyfft Benchmark (Admitted) HO3,OWNERSHIP,RULE,DECLINES,Homes in the name of an Estate or a Business are ineligible.,DISALLOWED_LIST,Estate; Business,,,,Homes in the name of an Estate or a Business,2.0,PASS,HIGH,,Swyfft_-_Benchmark_(Admitted)_HO3.pdf,EVALUATE,,PASS,
SWY-011,Swyfft Benchmark (Admitted) HO3,OWNERSHIP,RULE,REFERS_TO_UW,Homes in the name of a Trust or LLC require underwriting approval before binding.,DISALLOWED_LIST,Trust; LLC,,,,Homes in the name of a Trust or LLC,2.0,PASS,MEDIUM,An LLC could also be read as a 'Business' (ineligible); the guide lists LLC only under the underwriting-approval list.,Swyfft_-_Benchmark_(Admitted)_HO3.pdf,EVALUATE,,PASS,
SWY-012,Swyfft Benchmark (Admitted) HO3,DWELLING_TYPE,RULE,DECLINES,"Barndominiums, mobile homes and manufactured homes are ineligible, including as additional structures on the premises.",DISALLOWED_LIST,Barndominium; Mobile home; Manufactured home,,,,"Barndominiums, mobile homes or manufactured homes. This includes these types of structures as additional structures on the insured premises.",2.0,PASS,HIGH,,Swyfft_-_Benchmark_(Admitted)_HO3.pdf,EVALUATE,,PASS,
SWY-013,Swyfft Benchmark (Admitted) HO3,DWELLING_TYPE,RULE,REFERS_TO_UW,Modular homes require underwriting approval before binding.,YES_NO,,,Listed under: Check with us first. You'll need underwriting approval before binding these risks.,,Modular homes,2.0,PASS,HIGH,,Swyfft_-_Benchmark_(Admitted)_HO3.pdf,EVALUATE,,PASS,
SWY-014,Swyfft Benchmark (Admitted) HO3,DWELLING_TYPE,RULE,DECLINES,Historical homes and fraternity/sorority houses are ineligible.,DISALLOWED_LIST,Historical homes; Fraternity/Sorority houses,,,,"Historical homes, Fraternity/Sorority houses",2.0,PASS,HIGH,,Swyfft_-_Benchmark_(Admitted)_HO3.pdf,EVALUATE,,PASS,
SWY-015,Swyfft Benchmark (Admitted) HO3,HOME_AGE,NO_RESTRICTION,ALLOWS,Rates are based on year of construction and there are no home-age restrictions.,,,,,,Year of Construction - Rates based on YOC. No age of,1.0,PASS,MEDIUM,Quote is cut mid-sentence by the two-column layout; the sentence continues 'home restrictions.' later in the text.,Swyfft_-_Benchmark_(Admitted)_HO3.pdf,ALLOWS,,PASS,
SWY-016,Swyfft Benchmark (Admitted) HO3,HOME_AGE,RULE,REFERS_TO_UW,Completely renovated homes may use the renovation year as the construction year with underwriting approval.,TEXT,,,Completely renovated homes,Renovation year may replace construction year with UW approval.,home restrictions. Completely renovated homes could qualify to use the renovation year as construction year with UW approval.,1.0,PASS,HIGH,,Swyfft_-_Benchmark_(Admitted)_HO3.pdf,EVALUATE,,PASS,
SWY-017,Swyfft Benchmark (Admitted) HO3,ROOF_ELIG,RULE,DECLINES,Roofs older than 30 years are ineligible.,MAX,30,years,,Other age restrictions depend on roof type and property location.,Roof - Max roof age is 30 years.,1.0,PASS,MEDIUM,'Max roof age' wording; effect when exceeded is not stated explicitly.,Swyfft_-_Benchmark_(Admitted)_HO3.pdf,EVALUATE,,PASS,
SWY-018,Swyfft Benchmark (Admitted) HO3,ROOF_ELIG,UNCLEAR,INFO_ONLY,Other roof age restrictions depend on roof type and property location.,TEXT,,,Roof type and property location,,Other age restrictions depend on roof type and property location.,1.0,PASS,LOW,Specific limits by roof type/location are not in the guide.,Swyfft_-_Benchmark_(Admitted)_HO3.pdf,NOT_ELIGIBILITY,,PASS,
SWY-019,Swyfft Benchmark (Admitted) HO3,ROOF_ELIG,RULE,DECLINES,Roofs in less than good condition are ineligible.,YES_NO,,,,,Roofs in less than good condition.,2.0,PASS,HIGH,,Swyfft_-_Benchmark_(Admitted)_HO3.pdf,CONDITION_STANDARD,,PASS,
SWY-021,Swyfft Benchmark (Admitted) HO3,ROOF_ELIG,RULE,DECLINES,Dome roofs are ineligible.,YES_NO,,,,,Tesla parts. No Dome roofs.,2.0,PASS,HIGH,,Swyfft_-_Benchmark_(Admitted)_HO3.pdf,EVALUATE,,PASS,
SWY-022,Swyfft Benchmark (Admitted) HO3,ROOF_SETTLEMENT,RULE,COVERAGE_ONLY,The Roofing Materials Payment Schedule (RMPS) is optional for all policies.,TEXT,,,,,The Roofing Materials Payment Schedule (RMPS) is optional for all policies.,1.0,PASS,HIGH,,Swyfft_-_Benchmark_(Admitted)_HO3.pdf,NOT_ELIGIBILITY,,FAIL,"App's stored text lost the fi/fl ligature (stored as a NUL character), so the word cannot match."
SWY-023,Swyfft Benchmark (Admitted) HO3,CONSTRUCTION,RULE,DECLINES,Asbestos siding on the exterior wall is ineligible.,YES_NO,,,,,"Asbestos siding, Enhanced Insulation and Finishing Systems",2.0,PASS,HIGH,,Swyfft_-_Benchmark_(Admitted)_HO3.pdf,EVALUATE,,PASS,
SWY-024,Swyfft Benchmark (Admitted) HO3,CONSTRUCTION,RULE,DECLINES,EIFS or synthetic stucco covering the exterior wall is ineligible.,YES_NO,,,,,(EIFS) or synthetic stucco covering the exterior wall,2.0,PASS,HIGH,,Swyfft_-_Benchmark_(Admitted)_HO3.pdf,EVALUATE,,PASS,
SWY-025,Swyfft Benchmark (Admitted) HO3,CONSTRUCTION,RULE,DECLINES,Dwellings with any part located over water are ineligible.,YES_NO,,,,,Any part of dwelling located over water,2.0,PASS,HIGH,,Swyfft_-_Benchmark_(Admitted)_HO3.pdf,EVALUATE,,PASS,
SWY-026,Swyfft Benchmark (Admitted) HO3,PLUMBING,RULE,DECLINES,Galvanized and polybutylene plumbing are ineligible.,DISALLOWED_LIST,Galvanized; Polybutylene,,,,Galvanized and polybutylene plumbing,2.0,PASS,HIGH,,Swyfft_-_Benchmark_(Admitted)_HO3.pdf,EVALUATE,,PASS,
SWY-027,Swyfft Benchmark (Admitted) HO3,ELECTRICAL,RULE,DECLINES,Aluminum wiring is ineligible unless retrofitted with alumicon or copalum connectors.,YES_NO,,,Aluminum wiring,"Eligible if retrofitted with alumicon, copalum connectors.","Aluminum wiring that has not been retrofitted with alumicon, copalum connectors",2.0,PASS,HIGH,,Swyfft_-_Benchmark_(Admitted)_HO3.pdf,EVALUATE,,FAIL,"App's stored text lost the fi/fl ligature (stored as a NUL character), so the word cannot match."
SWY-028,Swyfft Benchmark (Admitted) HO3,ELECTRICAL,RULE,DECLINES,"Knob and tube wiring, carbon tetrachloride wiring, and cloth wiring without a romex layer are ineligible.",DISALLOWED_LIST,Knob and tube; Carbon tetrachloride; Cloth wiring without romex layer,,,,"Knob and tube wiring or carbon tetrachloride, cloth wiring without a romex layer",2.0,PASS,MEDIUM,Text is ambiguous on whether 'carbon tetrachloride' is a separate wiring type or modifies 'cloth wiring'.,Swyfft_-_Benchmark_(Admitted)_HO3.pdf,EVALUATE,,PASS,
SWY-029,Swyfft Benchmark (Admitted) HO3,ELECTRICAL,RULE,DECLINES,"Split bus and fuse boxes, and Stablok, Federal Pacific, GTE/Sylvania, Challenger or Zinsco electric panels are ineligible.",DISALLOWED_LIST,Split bus; Fuse boxes; Stablok; Federal Pacific; GTE/Sylvania; Challenger; Zinsco,,,,"Split bus and fuse boxes, Stablok, Federal Pacific, GTE/Sylvania, Challenger, or Zinsco electric panels",2.0,PASS,HIGH,,Swyfft_-_Benchmark_(Admitted)_HO3.pdf,EVALUATE,,FAIL,"App's stored text lost the fi/fl ligature (stored as a NUL character), so the word cannot match."
SWY-030,Swyfft Benchmark (Admitted) HO3,OTHER_SYSTEMS,RULE,DECLINES,Homes without a central heat source are ineligible.,YES_NO,,,,,Homes without central heat source,2.0,PASS,HIGH,,Swyfft_-_Benchmark_(Admitted)_HO3.pdf,EVALUATE,,PASS,
SWY-031,Swyfft Benchmark (Admitted) HO3,OTHER_SYSTEMS,RULE,DECLINES,Water heaters in attics in less than good condition are ineligible.,YES_NO,,,Water heater located in attic,,Water heaters in attics in less than good condition,2.0,PASS,HIGH,,Swyfft_-_Benchmark_(Admitted)_HO3.pdf,CONDITION_STANDARD,,PASS,
SWY-032,Swyfft Benchmark (Admitted) HO3,OTHER_SYSTEMS,RULE,DECLINES,Water heaters in living areas in less than good condition are ineligible.,YES_NO,,,Water heater located in living area,,Water heaters in living areas in less than good condition,2.0,PASS,HIGH,,Swyfft_-_Benchmark_(Admitted)_HO3.pdf,CONDITION_STANDARD,,PASS,
SWY-033,Swyfft Benchmark (Admitted) HO3,OTHER_SYSTEMS,RULE,DECLINES,Water heaters in nonliving areas in less than good condition are ineligible.,YES_NO,,,Water heater located in nonliving area,,Water heaters in nonliving areas in less than good condition,2.0,PASS,HIGH,,Swyfft_-_Benchmark_(Admitted)_HO3.pdf,CONDITION_STANDARD,,PASS,
SWY-034,Swyfft Benchmark (Admitted) HO3,FOUNDATION,SILENT,,The guide does not address this topic.,,,,,,,,,HIGH,,Swyfft_-_Benchmark_(Admitted)_HO3.pdf,SILENT,,,
SWY-035,Swyfft Benchmark (Admitted) HO3,POOL,RULE,CONDITION,Pool must have a pool cage or a 4 ft permanent fence completely around the pool or property with a self-latching gate.,MIN,4,feet,Property has a pool,Pool cage may be used instead of a fence.,Pools - Must have pool cage or 4' permanent fence completely around pool or property with self-latching gate.,1.0,PASS,HIGH,,Swyfft_-_Benchmark_(Admitted)_HO3.pdf,EVALUATE,,PASS,
SWY-036,Swyfft Benchmark (Admitted) HO3,POOL,RULE,DECLINES,Inground pools without protective fencing are ineligible.,YES_NO,,,Inground pool,,Inground pools without protective fencing,2.0,PASS,HIGH,,Swyfft_-_Benchmark_(Admitted)_HO3.pdf,EVALUATE,,PASS,
SWY-037,Swyfft Benchmark (Admitted) HO3,POOL,NO_RESTRICTION,ALLOWS,Diving boards and slides are eligible.,,,,,,Diving Boards / Slides - eligible,1.0,PASS,HIGH,,Swyfft_-_Benchmark_(Admitted)_HO3.pdf,ALLOWS,,PASS,
SWY-038,Swyfft Benchmark (Admitted) HO3,POOL,RULE,COVERAGE_ONLY,"Pool cages, screened enclosures and carports are excluded for hurricane, with an optional buy back up to $50,000.",MAX,50000,USD,"Pool cages, screened enclosures, carports",Optional hurricane buy back available.,"Pool Cages/Screened Enclosures/Carports - Excluded for Hurricane with optional buy back available up to $50,000.",1.0,PASS,HIGH,,Swyfft_-_Benchmark_(Admitted)_HO3.pdf,NOT_ELIGIBILITY,,PASS,
SWY-039,Swyfft Benchmark (Admitted) HO3,LIABILITY_HAZARDS,RULE,DECLINES,Unusual liability exposure on or adjacent to the property is ineligible.,YES_NO,,,,,Unusual liability exposure on/adjacent to property,2.0,PASS,MEDIUM,'Unusual liability exposure' is not defined; trampolines and similar hazards are not named.,Swyfft_-_Benchmark_(Admitted)_HO3.pdf,EVALUATE,,PASS,
SWY-040,Swyfft Benchmark (Admitted) HO3,ANIMALS,RULE,DECLINES,"Homes where American Pit Bull Terrier, American Staffordshire Terrier, Chow, Doberman Pinscher, Presa Canario, Rottweiler, Staffordshire Bull Terrier or Wolf/Wolf Hybrid dogs reside are ineligible.",DISALLOWED_LIST,American Pit Bull Terrier; American Staffordshire Terrier; Chow; Doberman Pinscher; Presa Canario; Rottweiler; Staffordshire Bull Terrier; Wolf/Wolf Hybrid,,Dog resides on the property,,"American Pit Bull Terrier, American Staffordshire Terrier, Chow, Doberman Pinscher, Presa Canario, Rottweiler, Staffordshire Bull Terrier, Wolf/Wolf Hybrid",1.0,PASS,HIGH,,Swyfft_-_Benchmark_(Admitted)_HO3.pdf,EVALUATE,,PASS,
SWY-041,Swyfft Benchmark (Admitted) HO3,ANIMALS,RULE,DECLINES,Homes with any dog with a bite history or that shows any aggression are ineligible.,YES_NO,,,Dog resides on the property,,plus any dog with a bite history and/or those that show any aggression.,1.0,PASS,HIGH,,Swyfft_-_Benchmark_(Admitted)_HO3.pdf,EVALUATE,,PASS,
SWY-042,Swyfft Benchmark (Admitted) HO3,ANIMALS,RULE,COVERAGE_ONLY,"Animal liability annual sublimit (Cov E) is $100,000.",MAX,100000,USD,,,"Animal Liability Annual Sublimit (Cov E) - $100,000",1.0,PASS,HIGH,,Swyfft_-_Benchmark_(Admitted)_HO3.pdf,NOT_ELIGIBILITY,,PASS,
SWY-043,Swyfft Benchmark (Admitted) HO3,SOLAR,RULE,DECLINES,"Tesla Solar Roofs, including those with Tesla batteries or any Tesla parts, are ineligible.",YES_NO,,,Solar roofs,,No Tesla Solar Roofs including solar roofs that include Tesla batteries and/or any Tesla parts.,2.0,PASS,MEDIUM,Only Tesla solar roofs are addressed; other solar panels are not mentioned.,Swyfft_-_Benchmark_(Admitted)_HO3.pdf,EVALUATE,ROOF_ELIG,FAIL,Two-column page interleaved in the app's stored text. Check the PDF page.
SWY-044,Swyfft Benchmark (Admitted) HO3,PROTECTION_CLASS,SILENT,,The guide does not address this topic.,,,,,,,,,HIGH,,Swyfft_-_Benchmark_(Admitted)_HO3.pdf,SILENT,,,
SWY-045,Swyfft Benchmark (Admitted) HO3,LOCATION,RULE,DECLINES,Dwellings built on landfills previously used for refuse are ineligible.,YES_NO,,,,,"Dwellings built on landfills, previously used for refuse",2.0,PASS,HIGH,,Swyfft_-_Benchmark_(Admitted)_HO3.pdf,EVALUATE,,FAIL,"App's stored text lost the fi/fl ligature (stored as a NUL character), so the word cannot match."
SWY-046,Swyfft Benchmark (Admitted) HO3,DWELLING_LIMITS,RULE,DECLINES,"Coverage A must be between $125,000 and $2,000,000.",RANGE,125000-2000000,USD,,,"Coverage A $125,000 - $2,000,000 (maximum)",1.0,PASS,MEDIUM,"Stated as a coverage limit range, not as an explicit ineligibility; handling of amounts outside the range is not stated.",Swyfft_-_Benchmark_(Admitted)_HO3.pdf,EVALUATE,,PASS,
SWY-047,Swyfft Benchmark (Admitted) HO3,LOSS_HISTORY,RULE,DECLINES,More than 4 non-weather-related losses in 3 years is ineligible.,MAX,4,non-weather losses in 3 years,,,Losses - More than 4 non-weather-related losses in 3 years,2.0,PASS,HIGH,,Swyfft_-_Benchmark_(Admitted)_HO3.pdf,EVALUATE,,PASS,
SWY-048,Swyfft Benchmark (Admitted) HO3,LOSS_HISTORY,RULE,DECLINES,Any prior sinkhole activity or claims is ineligible.,YES_NO,,,,,Any prior sinkhole activity or claims,2.0,PASS,HIGH,,Swyfft_-_Benchmark_(Admitted)_HO3.pdf,EVALUATE,,PASS,
SWY-049,Swyfft Benchmark (Admitted) HO3,LOSS_HISTORY,RULE,REFERS_TO_UW,Any lapse in coverage requires underwriting approval before binding.,YES_NO,,,,,Any lapse in coverage,2.0,PASS,HIGH,,Swyfft_-_Benchmark_(Admitted)_HO3.pdf,EVALUATE,,PASS,
SWY-050,Swyfft Benchmark (Admitted) HO3,LOSS_HISTORY,RULE,REFERS_TO_UW,Prior cancellation or non-renewal for UW reasons requires underwriting approval before binding.,YES_NO,,,,,Prior cancellation or non-renewal for UW reasons,2.0,PASS,HIGH,,Swyfft_-_Benchmark_(Admitted)_HO3.pdf,EVALUATE,,PASS,
SWY-051,Swyfft Benchmark (Admitted) HO3,LOSS_HISTORY,RULE,REFERS_TO_UW,Prior liability or fire loss at any location requires underwriting approval before binding.,YES_NO,,,Listed under: Check with us first. You'll need underwriting approval before binding these risks.,,Prior liability or fire loss at any location,2.0,PASS,HIGH,,Swyfft_-_Benchmark_(Admitted)_HO3.pdf,EVALUATE,,FAIL,"App's stored text lost the fi/fl ligature (stored as a NUL character), so the word cannot match."
SWY-052,Swyfft Benchmark (Admitted) HO3,LOSS_HISTORY,RULE,COVERAGE_ONLY,A claims-free discount requires being claims free for 3 years prior.,MIN,3,years,Claims Free discount,,Claims Free - Must be claims free for 3 years prior,1.0,PASS,HIGH,,Swyfft_-_Benchmark_(Admitted)_HO3.pdf,NOT_ELIGIBILITY,,PASS,
SWY-053,Swyfft Benchmark (Admitted) HO3,ACREAGE,SILENT,,The guide does not address this topic.,,,,,,,,,HIGH,,Swyfft_-_Benchmark_(Admitted)_HO3.pdf,SILENT,,,
SWY-054,Swyfft Benchmark (Admitted) HO3,FLOOD,SILENT,,The guide does not address this topic.,,,,,,,,,HIGH,,Swyfft_-_Benchmark_(Admitted)_HO3.pdf,SILENT,,,
SWY-055,Swyfft Benchmark (Admitted) HO3,INSPECTIONS,RULE,CONDITION,Interior inspections are required for all risks 10 years and older.,MIN,10,years,Risk age 10 years and older,,Interior Inspections: Required for all risks 10 years and older.,2.0,PASS,MEDIUM,Unclear whether 'risks 10 years and older' means home age or policy age.,Swyfft_-_Benchmark_(Admitted)_HO3.pdf,IGNORE_INSPECTION,,PASS,
SWY-056,Swyfft Benchmark (Admitted) HO3,INSPECTIONS,RULE,INFO_ONLY,Swyfft sends an inspector for an exterior inspection; insureds do not have to be home.,TEXT,,,,,Exterior Inspections: We'll send out a Swyfft inspector. Insureds do not have to be home.,2.0,PASS,HIGH,,Swyfft_-_Benchmark_(Admitted)_HO3.pdf,NOT_ELIGIBILITY,,PASS,
SWY-057,Swyfft Benchmark (Admitted) HO3,INSPECTIONS,RULE,COVERAGE_ONLY,Sinkhole coverage requires a certified inspection paid for by the homeowner.,TEXT,,,Optional Sinkhole coverage,,Sinkhole - Requires a certified inspection paid for by the homeowner.,1.0,PASS,HIGH,,Swyfft_-_Benchmark_(Admitted)_HO3.pdf,NOT_ELIGIBILITY,,FAIL,"App's stored text lost the fi/fl ligature (stored as a NUL character), so the word cannot match."
SWY-058,Swyfft Benchmark (Admitted) HO3,INSPECTIONS,RULE,COVERAGE_ONLY,Wind mitigation credit requires a wind mit inspection or comparable report kept on file by the agent if the default rating is changed.,TEXT,,,Wind Mitigation Credit if default rating is changed,,Wind Mit Inspection or any other comparable inspection/report required to be kept on file by agent if change is made to default rating.,1.0,PASS,HIGH,,Swyfft_-_Benchmark_(Admitted)_HO3.pdf,NOT_ELIGIBILITY,,FAIL,"App's stored text lost the fi/fl ligature (stored as a NUL character), so the word cannot match."
SWY-059,Swyfft Benchmark (Admitted) HO3,PRODUCT_STATUS,SILENT,,The guide does not address this topic.,,,,,,,,,HIGH,,Swyfft_-_Benchmark_(Admitted)_HO3.pdf,SILENT,,,
SWY-060,Swyfft Benchmark (Admitted) HO3,OTHER,RULE,DECLINES,"Risks in disrepair or with existing damage, including outbuildings and hazardous conditions, are ineligible.",YES_NO,,,,,"Risks in disrepair or with existing damage. This includes all outbuildings or other structures, or property that reflects hazardous conditions.",2.0,PASS,HIGH,,Swyfft_-_Benchmark_(Admitted)_HO3.pdf,CONDITION_STANDARD,,FAIL,"App's stored text lost the fi/fl ligature (stored as a NUL character), so the word cannot match."
SWY-061,Swyfft Benchmark (Admitted) HO3,OTHER,RULE,DECLINES,Homes with more than two mortgages are ineligible.,MAX,2,mortgages,,,Homes with more than two mortgages,2.0,PASS,HIGH,,Swyfft_-_Benchmark_(Admitted)_HO3.pdf,EVALUATE,,PASS,
SWY-062,Swyfft Benchmark (Admitted) HO3,OTHER,RULE,CONDITION,Signed applications are required.,YES_NO,,,,,Signed Apps Required,1.0,PASS,MEDIUM,Only a heading-like line; no further detail given.,Swyfft_-_Benchmark_(Admitted)_HO3.pdf,EVALUATE,,PASS,
SWY-063,Swyfft Benchmark (Admitted) HO3,LOSS_HISTORY,RULE,DECLINES,Any open claims are ineligible.,YES_NO,,,,,Any open claims,2.0,PASS,HIGH,,Swyfft_-_Benchmark_(Admitted)_HO3.pdf,EVALUATE,,PASS,
