month,dim,value,market,n
2002-06,age_band,20-29,Foremost,1
2002-06,covA_band,<200K,Foremost,1
2003-01,age_band,10-19,Liberty Mutual / Safeco,1
2003-01,covA_band,<200K,Liberty Mutual / Safeco,1
2003-07,age_band,20-29,Progressive / ASI,1
2003-07,covA_band,<200K,Progressive / ASI,1
2003-11,covA_band,<200K,Foremost,1
2004-01,age_band,0-9,Foremost,1
2004-01,covA_band,<200K,Foremost,1
2004-02,age_band,0-9,Foremost,1
2004-02,age_band,10-19,Foremost,3
2004-02,age_band,20-29,Liberty Mutual / Safeco,1
2004-02,age_band,40-59,Foremost,4
2004-02,covA_band,200-299K,Foremost,1
2004-02,covA_band,300-399K,Liberty Mutual / Safeco,1
2004-02,covA_band,<200K,Foremost,8
2004-03,age_band,10-19,Foremost,1
2004-03,age_band,30-39,Foremost,1
2004-03,age_band,40-59,Foremost,5
2004-03,covA_band,200-299K,Foremost,1
2004-03,covA_band,<200K,Foremost,6
2004-04,age_band,0-9,Progressive / ASI,1
2004-04,age_band,20-29,Foremost,2
2004-04,age_band,30-39,Foremost,1
2004-04,age_band,40-59,Foremost,2
2004-04,covA_band,200-299K,Progressive / ASI,1
2004-04,covA_band,<200K,Foremost,6
2004-05,age_band,0-9,Foremost,1
2004-05,age_band,0-9,Progressive / ASI,5
2004-05,age_band,30-39,Progressive / ASI,1
2004-05,covA_band,200-299K,Progressive / ASI,3
2004-05,covA_band,<200K,Foremost,1
2004-05,covA_band,<200K,Progressive / ASI,3
2004-06,age_band,0-9,Progressive / ASI,8
2004-06,age_band,20-29,Foremost,1
2004-06,age_band,30-39,Progressive / ASI,1
2004-06,covA_band,200-299K,Progressive / ASI,3
2004-06,covA_band,300-399K,Progressive / ASI,1
2004-06,covA_band,400-599K,Progressive / ASI,1
2004-06,covA_band,<200K,Foremost,1
2004-06,covA_band,<200K,Progressive / ASI,4
2004-07,age_band,0-9,Liberty Mutual / Safeco,2
2004-07,age_band,0-9,Progressive / ASI,5
2004-07,age_band,10-19,Liberty Mutual / Safeco,1
2004-07,age_band,20-29,Foremost,2
2004-07,age_band,20-29,Progressive / ASI,1
2004-07,age_band,30-39,Progressive / ASI,1
2004-07,covA_band,200-299K,Progressive / ASI,5
2004-07,covA_band,400-599K,Liberty Mutual / Safeco,1
2004-07,covA_band,<200K,Foremost,2
2004-07,covA_band,<200K,Liberty Mutual / Safeco,2
2004-07,covA_band,<200K,Progressive / ASI,1
2004-08,age_band,0-9,Progressive / ASI,10
2004-08,age_band,40-59,Foremost,1
2004-08,covA_band,200-299K,Progressive / ASI,3
2004-08,covA_band,300-399K,Progressive / ASI,1
2004-08,covA_band,400-599K,Progressive / ASI,1
2004-08,covA_band,<200K,Foremost,1
2004-08,covA_band,<200K,Progressive / ASI,3
2004-09,age_band,0-9,Progressive / ASI,4
2004-09,age_band,30-39,Progressive / ASI,1
2004-09,age_band,60+,Foremost,1
2004-09,covA_band,200-299K,Progressive / ASI,1
2004-09,covA_band,300-399K,Progressive / ASI,1
2004-09,covA_band,<200K,Foremost,1
2004-09,covA_band,<200K,Progressive / ASI,3
2004-10,age_band,0-9,Foremost,1
2004-10,age_band,0-9,Progressive / ASI,1
2004-10,age_band,10-19,Foremost,1
2004-10,covA_band,<200K,Foremost,2
2004-10,covA_band,<200K,Progressive / ASI,1
2004-11,age_band,0-9,Progressive / ASI,1
2004-11,age_band,30-39,Foremost,1
2004-11,covA_band,<200K,Foremost,1
2004-12,age_band,0-9,Liberty Mutual / Safeco,1
2004-12,age_band,20-29,SageSure Occidental,1
2004-12,age_band,40-59,Foremost,1
2004-12,covA_band,300-399K,Liberty Mutual / Safeco,1
2004-12,covA_band,<200K,Foremost,1
2004-12,covA_band,<200K,SageSure Occidental,1
2005-01,age_band,0-9,Progressive / ASI,1
2005-01,age_band,0-9,SageSure Occidental,1
2005-01,age_band,30-39,Liberty Mutual / Safeco,1
2005-01,age_band,40-59,Liberty Mutual / Safeco,1
2005-01,covA_band,200-299K,Liberty Mutual / Safeco,1
2005-01,covA_band,200-299K,Progressive / ASI,1
2005-01,covA_band,400-599K,SageSure Occidental,1
2005-01,covA_band,<200K,Liberty Mutual / Safeco,1
2005-02,age_band,0-9,Foremost,1
2005-02,age_band,0-9,Progressive / ASI,1
2005-02,age_band,10-19,Liberty Mutual / Safeco,1
2005-02,age_band,20-29,Liberty Mutual / Safeco,1
2005-02,age_band,30-39,Foremost,1
2005-02,covA_band,200-299K,Liberty Mutual / Safeco,1
2005-02,covA_band,600-999K,Liberty Mutual / Safeco,1
2005-02,covA_band,<200K,Foremost,2
2005-02,covA_band,<200K,Progressive / ASI,1
2005-03,age_band,0-9,Liberty Mutual / Safeco,1
2005-03,age_band,20-29,Foremost,1
2005-03,age_band,20-29,Liberty Mutual / Safeco,1
2005-03,age_band,40-59,Foremost,3
2005-03,covA_band,<200K,Foremost,4
2005-03,covA_band,<200K,Liberty Mutual / Safeco,2
2005-04,age_band,0-9,Liberty Mutual / Safeco,1
2005-04,age_band,40-59,Foremost,1
2005-04,covA_band,200-299K,Liberty Mutual / Safeco,1
2005-04,covA_band,<200K,Foremost,1
2005-05,age_band,60+,Foremost,1
2005-05,covA_band,<200K,Foremost,1
2005-06,age_band,0-9,Liberty Mutual / Safeco,1
2005-06,age_band,0-9,Progressive / ASI,2
2005-06,age_band,30-39,Foremost,1
2005-06,age_band,40-59,Foremost,1
2005-06,age_band,40-59,Liberty Mutual / Safeco,1
2005-06,age_band,60+,Foremost,1
2005-06,covA_band,200-299K,Progressive / ASI,1
2005-06,covA_band,600-999K,Liberty Mutual / Safeco,1
2005-06,covA_band,<200K,Foremost,3
2005-06,covA_band,<200K,Liberty Mutual / Safeco,1
2005-06,covA_band,<200K,Progressive / ASI,1
2005-07,age_band,0-9,Progressive / ASI,1
2005-07,age_band,30-39,Progressive / ASI,1
2005-07,covA_band,200-299K,Progressive / ASI,1
2005-07,covA_band,<200K,Progressive / ASI,1
2005-08,age_band,10-19,Progressive / ASI,1
2005-08,age_band,20-29,Foremost,1
2005-08,covA_band,<200K,Foremost,1
2005-08,covA_band,<200K,Progressive / ASI,1
2005-09,age_band,0-9,HOAIC,1
2005-09,age_band,0-9,Progressive / ASI,2
2005-09,age_band,20-29,Progressive / ASI,1
2005-09,covA_band,<200K,HOAIC,1
2005-09,covA_band,<200K,Progressive / ASI,3
2005-10,age_band,0-9,HOAIC,1
2005-10,age_band,0-9,Progressive / ASI,2
2005-10,age_band,20-29,Progressive / ASI,1
2005-10,covA_band,200-299K,HOAIC,1
2005-10,covA_band,200-299K,Progressive / ASI,1
2005-10,covA_band,<200K,Progressive / ASI,2
2005-11,age_band,0-9,HOAIC,1
2005-11,age_band,0-9,Progressive / ASI,2
2005-11,covA_band,<200K,HOAIC,1
2005-11,covA_band,<200K,Progressive / ASI,2
2005-12,age_band,0-9,Progressive / ASI,1
2005-12,covA_band,200-299K,Progressive / ASI,1
2006-01,age_band,0-9,Liberty Mutual / Safeco,1
2006-01,age_band,0-9,Progressive / ASI,2
2006-01,age_band,20-29,Liberty Mutual / Safeco,3
2006-01,covA_band,200-299K,Progressive / ASI,1
2006-01,covA_band,600-999K,Liberty Mutual / Safeco,1
2006-01,covA_band,600-999K,Progressive / ASI,1
2006-01,covA_band,<200K,Liberty Mutual / Safeco,3
2006-02,age_band,0-9,Liberty Mutual / Safeco,2
2006-02,age_band,10-19,Foremost,1
2006-02,age_band,20-29,Liberty Mutual / Safeco,1
2006-02,age_band,30-39,Liberty Mutual / Safeco,1
2006-02,age_band,60+,Foremost,1
2006-02,covA_band,200-299K,Liberty Mutual / Safeco,1
2006-02,covA_band,300-399K,Liberty Mutual / Safeco,1
2006-02,covA_band,<200K,Foremost,2
2006-02,covA_band,<200K,Liberty Mutual / Safeco,2
2006-03,age_band,0-9,Liberty Mutual / Safeco,3
2006-03,age_band,0-9,Progressive / ASI,3
2006-03,age_band,30-39,Liberty Mutual / Safeco,1
2006-03,age_band,40-59,Foremost,1
2006-03,age_band,40-59,Liberty Mutual / Safeco,3
2006-03,age_band,60+,Chubb,1
2006-03,covA_band,1M+,Chubb,1
2006-03,covA_band,200-299K,Liberty Mutual / Safeco,1
2006-03,covA_band,200-299K,Progressive / ASI,1
2006-03,covA_band,300-399K,Liberty Mutual / Safeco,1
2006-03,covA_band,300-399K,Progressive / ASI,1
2006-03,covA_band,<200K,Foremost,1
2006-03,covA_band,<200K,Liberty Mutual / Safeco,5
2006-04,age_band,0-9,Foremost,1
2006-04,age_band,0-9,Liberty Mutual / Safeco,4
2006-04,age_band,0-9,Progressive / ASI,3
2006-04,age_band,0-9,Travelers,1
2006-04,age_band,20-29,Liberty Mutual / Safeco,2
2006-04,age_band,40-59,Liberty Mutual / Safeco,2
2006-04,age_band,60+,Liberty Mutual / Safeco,1
2006-04,covA_band,200-299K,Liberty Mutual / Safeco,3
2006-04,covA_band,300-399K,Liberty Mutual / Safeco,2
2006-04,covA_band,<200K,Foremost,1
2006-04,covA_band,<200K,Liberty Mutual / Safeco,1
2006-04,covA_band,<200K,Progressive / ASI,3
2006-04,covA_band,<200K,Travelers,1
2006-05,age_band,0-9,Liberty Mutual / Safeco,6
2006-05,age_band,0-9,Progressive / ASI,5
2006-05,age_band,0-9,Travelers,1
2006-05,age_band,10-19,Progressive / ASI,2
2006-05,age_band,20-29,Travelers,1
2006-05,age_band,30-39,HOAIC,1
2006-05,age_band,30-39,Liberty Mutual / Safeco,3
2006-05,age_band,30-39,Travelers,1
2006-05,age_band,40-59,Foremost,1
2006-05,age_band,40-59,Liberty Mutual / Safeco,2
2006-05,age_band,40-59,Travelers,1
2006-05,age_band,60+,Liberty Mutual / Safeco,1
2006-05,covA_band,200-299K,HOAIC,1
2006-05,covA_band,200-299K,Liberty Mutual / Safeco,5
2006-05,covA_band,200-299K,Progressive / ASI,1
2006-05,covA_band,200-299K,Travelers,2
2006-05,covA_band,300-399K,Liberty Mutual / Safeco,2
2006-05,covA_band,400-599K,Liberty Mutual / Safeco,1
2006-05,covA_band,<200K,Foremost,1
2006-05,covA_band,<200K,Liberty Mutual / Safeco,3
2006-05,covA_band,<200K,Progressive / ASI,4
2006-05,covA_band,<200K,Travelers,2
2006-06,age_band,0-9,Foremost,1
2006-06,age_band,0-9,Liberty Mutual / Safeco,9
2006-06,age_band,0-9,Progressive / ASI,13
2006-06,age_band,10-19,Liberty Mutual / Safeco,2
2006-06,age_band,20-29,Foremost,1
2006-06,age_band,30-39,Foremost,1
2006-06,age_band,30-39,Liberty Mutual / Safeco,4
2006-06,age_band,40-59,Foremost,1
2006-06,age_band,40-59,Liberty Mutual / Safeco,1
2006-06,covA_band,200-299K,Liberty Mutual / Safeco,7
2006-06,covA_band,200-299K,Progressive / ASI,2
2006-06,covA_band,300-399K,Liberty Mutual / Safeco,1
2006-06,covA_band,300-399K,Progressive / ASI,2
2006-06,covA_band,400-599K,Liberty Mutual / Safeco,1
2006-06,covA_band,600-999K,Liberty Mutual / Safeco,2
2006-06,covA_band,600-999K,Progressive / ASI,1
2006-06,covA_band,<200K,Foremost,4
2006-06,covA_band,<200K,Liberty Mutual / Safeco,4
2006-06,covA_band,<200K,Progressive / ASI,6
2006-07,age_band,0-9,Foremost,3
2006-07,age_band,0-9,HOAIC,1
2006-07,age_band,0-9,Liberty Mutual / Safeco,19
2006-07,age_band,0-9,Progressive / ASI,29
2006-07,age_band,10-19,Foremost,2
2006-07,age_band,10-19,Liberty Mutual / Safeco,9
2006-07,age_band,10-19,Progressive / ASI,1
2006-07,age_band,20-29,Foremost,3
2006-07,age_band,20-29,Liberty Mutual / Safeco,11
2006-07,age_band,20-29,SageSure Occidental,1
2006-07,age_band,30-39,Foremost,10
2006-07,age_band,30-39,Liberty Mutual / Safeco,9
2006-07,age_band,40-59,Foremost,21
2006-07,age_band,40-59,HOAIC,1
2006-07,age_band,40-59,Liberty Mutual / Safeco,15
2006-07,age_band,60+,Foremost,2
2006-07,covA_band,200-299K,Foremost,2
2006-07,covA_band,200-299K,HOAIC,1
2006-07,covA_band,200-299K,Liberty Mutual / Safeco,19
2006-07,covA_band,200-299K,Progressive / ASI,10
2006-07,covA_band,200-299K,SageSure Occidental,1
2006-07,covA_band,300-399K,Liberty Mutual / Safeco,9
2006-07,covA_band,300-399K,Progressive / ASI,7
2006-07,covA_band,400-599K,Liberty Mutual / Safeco,6
2006-07,covA_band,400-599K,Progressive / ASI,1
2006-07,covA_band,<200K,Foremost,39
2006-07,covA_band,<200K,HOAIC,1
2006-07,covA_band,<200K,Liberty Mutual / Safeco,27
2006-07,covA_band,<200K,Progressive / ASI,9
2006-08,age_band,0-9,Foremost,3
2006-08,age_band,0-9,Liberty Mutual / Safeco,20
2006-08,age_band,0-9,Progressive / ASI,47
2006-08,age_band,0-9,SageSure Occidental,1
2006-08,age_band,10-19,Foremost,2
2006-08,age_band,10-19,HOAIC,1
2006-08,age_band,10-19,Liberty Mutual / Safeco,9
2006-08,age_band,10-19,Progressive / ASI,1
2006-08,age_band,20-29,Liberty Mutual / Safeco,10
2006-08,age_band,20-29,Progressive / ASI,1
2006-08,age_band,30-39,Foremost,6
2006-08,age_band,30-39,Liberty Mutual / Safeco,4
2006-08,age_band,30-39,Progressive / ASI,2
2006-08,age_band,40-59,Foremost,7
2006-08,age_band,40-59,Liberty Mutual / Safeco,15
2006-08,age_band,40-59,Progressive / ASI,1
2006-08,covA_band,200-299K,Liberty Mutual / Safeco,31
2006-08,covA_band,200-299K,Progressive / ASI,16
2006-08,covA_band,200-299K,SageSure Occidental,1
2006-08,covA_band,300-399K,Liberty Mutual / Safeco,6
2006-08,covA_band,300-399K,Progressive / ASI,9
2006-08,covA_band,400-599K,HOAIC,1
2006-08,covA_band,400-599K,Liberty Mutual / Safeco,3
2006-08,covA_band,400-599K,Progressive / ASI,4
2006-08,covA_band,600-999K,Progressive / ASI,3
2006-08,covA_band,<200K,Foremost,18
2006-08,covA_band,<200K,Liberty Mutual / Safeco,17
2006-08,covA_band,<200K,Progressive / ASI,15
2006-09,age_band,0-9,Liberty Mutual / Safeco,7
2006-09,age_band,0-9,Progressive / ASI,12
2006-09,age_band,10-19,Liberty Mutual / Safeco,2
2006-09,age_band,20-29,Foremost,5
2006-09,age_band,20-29,Liberty Mutual / Safeco,5
2006-09,age_band,20-29,Progressive / ASI,2
2006-09,age_band,20-29,Travelers,1
2006-09,age_band,30-39,Liberty Mutual / Safeco,3
2006-09,age_band,30-39,Progressive / ASI,1
2006-09,age_band,40-59,Foremost,5
2006-09,age_band,40-59,Liberty Mutual / Safeco,2
2006-09,age_band,40-59,Progressive / ASI,1
2006-09,age_band,60+,Liberty Mutual / Safeco,1
2006-09,covA_band,1M+,Liberty Mutual / Safeco,1
2006-09,covA_band,200-299K,Liberty Mutual / Safeco,6
2006-09,covA_band,200-299K,Progressive / ASI,8
2006-09,covA_band,300-399K,Liberty Mutual / Safeco,3
2006-09,covA_band,300-399K,Progressive / ASI,2
2006-09,covA_band,600-999K,Liberty Mutual / Safeco,2
2006-09,covA_band,<200K,Foremost,10
2006-09,covA_band,<200K,Liberty Mutual / Safeco,6
2006-09,covA_band,<200K,Progressive / ASI,4
2006-09,covA_band,<200K,Travelers,1
2006-10,age_band,0-9,Liberty Mutual / Safeco,7
2006-10,age_band,0-9,Progressive / ASI,10
2006-10,age_band,10-19,Liberty Mutual / Safeco,1
2006-10,age_band,30-39,Centauri,1
2006-10,age_band,30-39,Foremost,3
2006-10,age_band,30-39,HOAIC,1
2006-10,age_band,30-39,Liberty Mutual / Safeco,2
2006-10,age_band,40-59,Foremost,1
2006-10,age_band,40-59,Liberty Mutual / Safeco,4
2006-10,age_band,60+,Liberty Mutual / Safeco,1
2006-10,covA_band,1M+,Liberty Mutual / Safeco,1
2006-10,covA_band,200-299K,Foremost,2
2006-10,covA_band,200-299K,Liberty Mutual / Safeco,4
2006-10,covA_band,200-299K,Progressive / ASI,3
2006-10,covA_band,300-399K,Liberty Mutual / Safeco,1
2006-10,covA_band,300-399K,Progressive / ASI,4
2006-10,covA_band,400-599K,Liberty Mutual / Safeco,1
2006-10,covA_band,400-599K,Progressive / ASI,1
2006-10,covA_band,600-999K,Liberty Mutual / Safeco,2
2006-10,covA_band,<200K,Centauri,1
2006-10,covA_band,<200K,Foremost,2
2006-10,covA_band,<200K,HOAIC,1
2006-10,covA_band,<200K,Liberty Mutual / Safeco,5
2006-11,age_band,0-9,HOAIC,1
2006-11,age_band,0-9,Liberty Mutual / Safeco,7
2006-11,age_band,0-9,Progressive / ASI,15
2006-11,age_band,10-19,Liberty Mutual / Safeco,2
2006-11,age_band,20-29,Liberty Mutual / Safeco,1
2006-11,age_band,30-39,Foremost,1
2006-11,age_band,30-39,Liberty Mutual / Safeco,1
2006-11,covA_band,200-299K,Liberty Mutual / Safeco,6
2006-11,covA_band,200-299K,Progressive / ASI,3
2006-11,covA_band,300-399K,HOAIC,1
2006-11,covA_band,300-399K,Liberty Mutual / Safeco,1
2006-11,covA_band,300-399K,Progressive / ASI,3
2006-11,covA_band,400-599K,Liberty Mutual / Safeco,1
2006-11,covA_band,400-599K,Progressive / ASI,1
2006-11,covA_band,<200K,Foremost,1
2006-11,covA_band,<200K,Liberty Mutual / Safeco,2
2006-11,covA_band,<200K,Progressive / ASI,5
2006-12,age_band,0-9,HOAIC,2
2006-12,age_band,0-9,Liberty Mutual / Safeco,9
2006-12,age_band,0-9,Progressive / ASI,12
2006-12,age_band,10-19,Liberty Mutual / Safeco,2
2006-12,age_band,20-29,Liberty Mutual / Safeco,2
2006-12,age_band,30-39,Liberty Mutual / Safeco,2
2006-12,age_band,40-59,Liberty Mutual / Safeco,1
2006-12,covA_band,200-299K,Liberty Mutual / Safeco,4
2006-12,covA_band,200-299K,Progressive / ASI,1
2006-12,covA_band,300-399K,HOAIC,1
2006-12,covA_band,300-399K,Liberty Mutual / Safeco,4
2006-12,covA_band,300-399K,Progressive / ASI,5
2006-12,covA_band,400-599K,Liberty Mutual / Safeco,2
2006-12,covA_band,400-599K,Progressive / ASI,2
2006-12,covA_band,<200K,HOAIC,1
2006-12,covA_band,<200K,Liberty Mutual / Safeco,4
2006-12,covA_band,<200K,Progressive / ASI,3
2007-01,age_band,0-9,Liberty Mutual / Safeco,6
2007-01,age_band,0-9,Progressive / ASI,3
2007-01,age_band,20-29,Foremost,1
2007-01,age_band,20-29,Liberty Mutual / Safeco,2
2007-01,age_band,30-39,Liberty Mutual / Safeco,2
2007-01,age_band,60+,Liberty Mutual / Safeco,1
2007-01,covA_band,200-299K,Liberty Mutual / Safeco,6
2007-01,covA_band,300-399K,Liberty Mutual / Safeco,1
2007-01,covA_band,300-399K,Progressive / ASI,1
2007-01,covA_band,<200K,Liberty Mutual / Safeco,4
2007-01,covA_band,<200K,Progressive / ASI,2
2007-02,age_band,0-9,Liberty Mutual / Safeco,8
2007-02,age_band,0-9,Progressive / ASI,9
2007-02,age_band,20-29,Liberty Mutual / Safeco,1
2007-02,age_band,30-39,Liberty Mutual / Safeco,1
2007-02,age_band,40-59,Liberty Mutual / Safeco,3
2007-02,covA_band,200-299K,Liberty Mutual / Safeco,6
2007-02,covA_band,200-299K,Progressive / ASI,3
2007-02,covA_band,300-399K,Liberty Mutual / Safeco,2
2007-02,covA_band,300-399K,Progressive / ASI,1
2007-02,covA_band,400-599K,Liberty Mutual / Safeco,1
2007-02,covA_band,400-599K,Progressive / ASI,1
2007-02,covA_band,<200K,Liberty Mutual / Safeco,3
2007-02,covA_band,<200K,Progressive / ASI,3
2007-03,age_band,0-9,Foremost,2
2007-03,age_band,0-9,Liberty Mutual / Safeco,5
2007-03,age_band,0-9,Progressive / ASI,1
2007-03,age_band,30-39,Foremost,1
2007-03,age_band,40-59,Liberty Mutual / Safeco,3
2007-03,covA_band,200-299K,Liberty Mutual / Safeco,1
2007-03,covA_band,200-299K,Progressive / ASI,1
2007-03,covA_band,300-399K,Liberty Mutual / Safeco,2
2007-03,covA_band,<200K,Foremost,3
2007-03,covA_band,<200K,Liberty Mutual / Safeco,5
2007-04,age_band,0-9,Liberty Mutual / Safeco,4
2007-04,age_band,0-9,Progressive / ASI,3
2007-04,age_band,20-29,Liberty Mutual / Safeco,1
2007-04,age_band,30-39,Liberty Mutual / Safeco,1
2007-04,age_band,40-59,Liberty Mutual / Safeco,1
2007-04,age_band,60+,Liberty Mutual / Safeco,1
2007-04,covA_band,200-299K,Liberty Mutual / Safeco,2
2007-04,covA_band,200-299K,Progressive / ASI,1
2007-04,covA_band,300-399K,Liberty Mutual / Safeco,3
2007-04,covA_band,300-399K,Progressive / ASI,1
2007-04,covA_band,400-599K,Liberty Mutual / Safeco,1
2007-04,covA_band,<200K,Liberty Mutual / Safeco,2
2007-04,covA_band,<200K,Progressive / ASI,1
2007-05,age_band,0-9,Liberty Mutual / Safeco,10
2007-05,age_band,0-9,Progressive / ASI,8
2007-05,age_band,10-19,Liberty Mutual / Safeco,1
2007-05,age_band,20-29,Liberty Mutual / Safeco,3
2007-05,age_band,30-39,Liberty Mutual / Safeco,2
2007-05,covA_band,200-299K,Liberty Mutual / Safeco,7
2007-05,covA_band,200-299K,Progressive / ASI,4
2007-05,covA_band,300-399K,Liberty Mutual / Safeco,2
2007-05,covA_band,300-399K,Progressive / ASI,1
2007-05,covA_band,400-599K,Liberty Mutual / Safeco,1
2007-05,covA_band,600-999K,Liberty Mutual / Safeco,1
2007-05,covA_band,600-999K,Progressive / ASI,1
2007-05,covA_band,<200K,Liberty Mutual / Safeco,2
2007-05,covA_band,<200K,Progressive / ASI,2
2007-06,age_band,0-9,Liberty Mutual / Safeco,7
2007-06,age_band,0-9,Progressive / ASI,2
2007-06,age_band,10-19,Liberty Mutual / Safeco,3
2007-06,age_band,20-29,Progressive / ASI,1
2007-06,age_band,30-39,Liberty Mutual / Safeco,1
2007-06,age_band,40-59,Foremost,1
2007-06,age_band,40-59,Liberty Mutual / Safeco,2
2007-06,covA_band,200-299K,Liberty Mutual / Safeco,6
2007-06,covA_band,200-299K,Progressive / ASI,1
2007-06,covA_band,300-399K,Liberty Mutual / Safeco,4
2007-06,covA_band,300-399K,Progressive / ASI,1
2007-06,covA_band,400-599K,Progressive / ASI,1
2007-06,covA_band,600-999K,Liberty Mutual / Safeco,1
2007-06,covA_band,<200K,Foremost,1
2007-06,covA_band,<200K,Liberty Mutual / Safeco,1
2007-07,age_band,0-9,HOAIC,1
2007-07,age_band,0-9,Liberty Mutual / Safeco,11
2007-07,age_band,0-9,Progressive / ASI,4
2007-07,age_band,10-19,Liberty Mutual / Safeco,2
2007-07,age_band,20-29,Progressive / ASI,1
2007-07,age_band,30-39,Liberty Mutual / Safeco,1
2007-07,age_band,40-59,Foremost,2
2007-07,age_band,40-59,Liberty Mutual / Safeco,4
2007-07,covA_band,200-299K,Liberty Mutual / Safeco,7
2007-07,covA_band,200-299K,Progressive / ASI,1
2007-07,covA_band,300-399K,HOAIC,1
2007-07,covA_band,300-399K,Liberty Mutual / Safeco,3
2007-07,covA_band,400-599K,Liberty Mutual / Safeco,1
2007-07,covA_band,600-999K,Liberty Mutual / Safeco,1
2007-07,covA_band,<200K,Foremost,2
2007-07,covA_band,<200K,Liberty Mutual / Safeco,4
2007-07,covA_band,<200K,Progressive / ASI,1
2007-08,age_band,0-9,HOAIC,1
2007-08,age_band,0-9,Liberty Mutual / Safeco,14
2007-08,age_band,0-9,Progressive / ASI,8
2007-08,age_band,10-19,Progressive / ASI,1
2007-08,age_band,20-29,HOAIC,1
2007-08,age_band,20-29,Liberty Mutual / Safeco,3
2007-08,age_band,30-39,Progressive / ASI,1
2007-08,age_band,40-59,Liberty Mutual / Safeco,4
2007-08,age_band,40-59,Progressive / ASI,1
2007-08,covA_band,200-299K,Liberty Mutual / Safeco,10
2007-08,covA_band,200-299K,Progressive / ASI,3
2007-08,covA_band,300-399K,Liberty Mutual / Safeco,3
2007-08,covA_band,300-399K,Progressive / ASI,3
2007-08,covA_band,400-599K,HOAIC,1
2007-08,covA_band,400-599K,Liberty Mutual / Safeco,1
2007-08,covA_band,600-999K,Liberty Mutual / Safeco,1
2007-08,covA_band,<200K,HOAIC,1
2007-08,covA_band,<200K,Liberty Mutual / Safeco,6
2007-08,covA_band,<200K,Progressive / ASI,1
2007-09,age_band,0-9,Liberty Mutual / Safeco,12
2007-09,age_band,0-9,Progressive / ASI,7
2007-09,age_band,10-19,Liberty Mutual / Safeco,3
2007-09,age_band,20-29,Liberty Mutual / Safeco,2
2007-09,age_band,30-39,Liberty Mutual / Safeco,1
2007-09,age_band,40-59,Liberty Mutual / Safeco,1
2007-09,covA_band,200-299K,Liberty Mutual / Safeco,9
2007-09,covA_band,200-299K,Progressive / ASI,2
2007-09,covA_band,300-399K,Liberty Mutual / Safeco,4
2007-09,covA_band,300-399K,Progressive / ASI,2
2007-09,covA_band,400-599K,Liberty Mutual / Safeco,1
2007-09,covA_band,400-599K,Progressive / ASI,1
2007-09,covA_band,<200K,Liberty Mutual / Safeco,5
2007-09,covA_band,<200K,Progressive / ASI,2
2007-10,age_band,0-9,Liberty Mutual / Safeco,12
2007-10,age_band,0-9,Progressive / ASI,3
2007-10,age_band,30-39,Liberty Mutual / Safeco,1
2007-10,age_band,40-59,Liberty Mutual / Safeco,3
2007-10,covA_band,200-299K,Liberty Mutual / Safeco,7
2007-10,covA_band,200-299K,Progressive / ASI,2
2007-10,covA_band,300-399K,Liberty Mutual / Safeco,3
2007-10,covA_band,400-599K,Liberty Mutual / Safeco,1
2007-10,covA_band,400-599K,Progressive / ASI,1
2007-10,covA_band,600-999K,Liberty Mutual / Safeco,1
2007-10,covA_band,<200K,Liberty Mutual / Safeco,4
2007-11,age_band,0-9,Liberty Mutual / Safeco,11
2007-11,age_band,0-9,Progressive / ASI,4
2007-11,age_band,20-29,Liberty Mutual / Safeco,2
2007-11,age_band,40-59,Liberty Mutual / Safeco,1
2007-11,covA_band,200-299K,Liberty Mutual / Safeco,7
2007-11,covA_band,200-299K,Progressive / ASI,3
2007-11,covA_band,300-399K,Liberty Mutual / Safeco,2
2007-11,covA_band,400-599K,Liberty Mutual / Safeco,2
2007-11,covA_band,<200K,Liberty Mutual / Safeco,3
2007-11,covA_band,<200K,Progressive / ASI,1
2007-12,age_band,0-9,Liberty Mutual / Safeco,9
2007-12,age_band,0-9,Progressive / ASI,10
2007-12,age_band,10-19,Liberty Mutual / Safeco,1
2007-12,age_band,20-29,Liberty Mutual / Safeco,4
2007-12,age_band,40-59,Liberty Mutual / Safeco,4
2007-12,age_band,60+,Liberty Mutual / Safeco,2
2007-12,covA_band,200-299K,Liberty Mutual / Safeco,7
2007-12,covA_band,200-299K,Progressive / ASI,3
2007-12,covA_band,300-399K,Liberty Mutual / Safeco,5
2007-12,covA_band,300-399K,Progressive / ASI,3
2007-12,covA_band,400-599K,Liberty Mutual / Safeco,2
2007-12,covA_band,400-599K,Progressive / ASI,1
2007-12,covA_band,<200K,Liberty Mutual / Safeco,6
2007-12,covA_band,<200K,Progressive / ASI,1
2008-01,age_band,0-9,Liberty Mutual / Safeco,12
2008-01,age_band,10-19,Liberty Mutual / Safeco,1
2008-01,age_band,10-19,Progressive / ASI,1
2008-01,age_band,20-29,Liberty Mutual / Safeco,2
2008-01,age_band,30-39,Liberty Mutual / Safeco,1
2008-01,age_band,40-59,Liberty Mutual / Safeco,1
2008-01,covA_band,200-299K,Liberty Mutual / Safeco,8
2008-01,covA_band,200-299K,Progressive / ASI,1
2008-01,covA_band,300-399K,Liberty Mutual / Safeco,5
2008-01,covA_band,<200K,Liberty Mutual / Safeco,4
2008-02,age_band,0-9,HOAIC,1
2008-02,age_band,0-9,Liberty Mutual / Safeco,10
2008-02,age_band,0-9,Progressive / ASI,5
2008-02,age_band,10-19,Liberty Mutual / Safeco,1
2008-02,age_band,40-59,Liberty Mutual / Safeco,2
2008-02,covA_band,200-299K,Liberty Mutual / Safeco,6
2008-02,covA_band,200-299K,Progressive / ASI,2
2008-02,covA_band,300-399K,Liberty Mutual / Safeco,6
2008-02,covA_band,400-599K,HOAIC,1
2008-02,covA_band,400-599K,Progressive / ASI,3
2008-02,covA_band,<200K,Liberty Mutual / Safeco,1
2008-03,age_band,0-9,Liberty Mutual / Safeco,10
2008-03,age_band,0-9,Progressive / ASI,1
2008-03,age_band,10-19,Liberty Mutual / Safeco,3
2008-03,age_band,10-19,Progressive / ASI,1
2008-03,age_band,20-29,HOAIC,1
2008-03,age_band,20-29,Liberty Mutual / Safeco,3
2008-03,age_band,30-39,Liberty Mutual / Safeco,1
2008-03,age_band,40-59,Liberty Mutual / Safeco,2
2008-03,covA_band,200-299K,HOAIC,1
2008-03,covA_band,200-299K,Liberty Mutual / Safeco,9
2008-03,covA_band,300-399K,Liberty Mutual / Safeco,5
2008-03,covA_band,300-399K,Progressive / ASI,1
2008-03,covA_band,600-999K,Progressive / ASI,1
2008-03,covA_band,<200K,Liberty Mutual / Safeco,3
2008-04,age_band,0-9,HOAIC,1
2008-04,age_band,0-9,Liberty Mutual / Safeco,11
2008-04,age_band,0-9,Progressive / ASI,1
2008-04,age_band,10-19,Liberty Mutual / Safeco,5
2008-04,age_band,20-29,Liberty Mutual / Safeco,2
2008-04,age_band,20-29,Travelers,1
2008-04,age_band,30-39,Liberty Mutual / Safeco,2
2008-04,age_band,40-59,Liberty Mutual / Safeco,5
2008-04,age_band,60+,Liberty Mutual / Safeco,1
2008-04,covA_band,200-299K,Liberty Mutual / Safeco,6
2008-04,covA_band,200-299K,Travelers,1
2008-04,covA_band,300-399K,HOAIC,1
2008-04,covA_band,300-399K,Liberty Mutual / Safeco,4
2008-04,covA_band,400-599K,Liberty Mutual / Safeco,1
2008-04,covA_band,<200K,Liberty Mutual / Safeco,15
2008-04,covA_band,<200K,Progressive / ASI,1
2008-05,age_band,0-9,Liberty Mutual / Safeco,11
2008-05,age_band,0-9,Progressive / ASI,2
2008-05,age_band,0-9,SageSure Occidental,1
2008-05,age_band,10-19,Liberty Mutual / Safeco,1
2008-05,age_band,20-29,Liberty Mutual / Safeco,2
2008-05,age_band,30-39,Liberty Mutual / Safeco,3
2008-05,age_band,30-39,Travelers,1
2008-05,age_band,40-59,Liberty Mutual / Safeco,5
2008-05,age_band,60+,Liberty Mutual / Safeco,2
2008-05,covA_band,200-299K,Liberty Mutual / Safeco,6
2008-05,covA_band,200-299K,Progressive / ASI,2
2008-05,covA_band,300-399K,Liberty Mutual / Safeco,5
2008-05,covA_band,300-399K,SageSure Occidental,1
2008-05,covA_band,400-599K,Liberty Mutual / Safeco,5
2008-05,covA_band,<200K,Liberty Mutual / Safeco,7
2008-05,covA_band,<200K,Travelers,1
2008-06,age_band,0-9,Centauri,1
2008-06,age_band,0-9,Liberty Mutual / Safeco,26
2008-06,age_band,0-9,Progressive / ASI,5
2008-06,age_band,10-19,Liberty Mutual / Safeco,5
2008-06,age_band,20-29,Liberty Mutual / Safeco,9
2008-06,age_band,30-39,Liberty Mutual / Safeco,8
2008-06,age_band,40-59,Liberty Mutual / Safeco,3
2008-06,covA_band,1M+,Liberty Mutual / Safeco,2
2008-06,covA_band,200-299K,Liberty Mutual / Safeco,13
2008-06,covA_band,200-299K,Progressive / ASI,3
2008-06,covA_band,300-399K,Liberty Mutual / Safeco,9
2008-06,covA_band,400-599K,Liberty Mutual / Safeco,5
2008-06,covA_band,600-999K,Liberty Mutual / Safeco,1
2008-06,covA_band,<200K,Centauri,1
2008-06,covA_band,<200K,Liberty Mutual / Safeco,21
2008-06,covA_band,<200K,Progressive / ASI,2
2008-07,age_band,0-9,Liberty Mutual / Safeco,15
2008-07,age_band,0-9,Progressive / ASI,1
2008-07,age_band,0-9,Travelers,1
2008-07,age_band,10-19,Liberty Mutual / Safeco,2
2008-07,age_band,20-29,Liberty Mutual / Safeco,4
2008-07,age_band,30-39,Liberty Mutual / Safeco,3
2008-07,age_band,30-39,Travelers,1
2008-07,age_band,40-59,Liberty Mutual / Safeco,5
2008-07,covA_band,200-299K,Liberty Mutual / Safeco,13
2008-07,covA_band,200-299K,Travelers,1
2008-07,covA_band,300-399K,Liberty Mutual / Safeco,5
2008-07,covA_band,400-599K,Liberty Mutual / Safeco,1
2008-07,covA_band,400-599K,Progressive / ASI,1
2008-07,covA_band,400-599K,Travelers,1
2008-07,covA_band,600-999K,Liberty Mutual / Safeco,1
2008-07,covA_band,<200K,Liberty Mutual / Safeco,9
2008-08,age_band,0-9,Liberty Mutual / Safeco,12
2008-08,age_band,0-9,Progressive / ASI,2
2008-08,age_band,10-19,Liberty Mutual / Safeco,1
2008-08,age_band,20-29,Liberty Mutual / Safeco,5
2008-08,age_band,30-39,Liberty Mutual / Safeco,7
2008-08,age_band,40-59,Liberty Mutual / Safeco,5
2008-08,covA_band,200-299K,Liberty Mutual / Safeco,10
2008-08,covA_band,300-399K,Liberty Mutual / Safeco,4
2008-08,covA_band,300-399K,Progressive / ASI,1
2008-08,covA_band,400-599K,Liberty Mutual / Safeco,3
2008-08,covA_band,400-599K,Progressive / ASI,1
2008-08,covA_band,<200K,Liberty Mutual / Safeco,12
2008-09,age_band,0-9,Chubb,1
2008-09,age_band,0-9,Liberty Mutual / Safeco,11
2008-09,age_band,0-9,Progressive / ASI,4
2008-09,age_band,10-19,Liberty Mutual / Safeco,2
2008-09,age_band,20-29,Liberty Mutual / Safeco,2
2008-09,age_band,30-39,Liberty Mutual / Safeco,1
2008-09,age_band,40-59,Liberty Mutual / Safeco,2
2008-09,covA_band,1M+,Chubb,1
2008-09,covA_band,200-299K,Liberty Mutual / Safeco,4
2008-09,covA_band,200-299K,Progressive / ASI,2
2008-09,covA_band,300-399K,Liberty Mutual / Safeco,4
2008-09,covA_band,300-399K,Progressive / ASI,1
2008-09,covA_band,400-599K,Liberty Mutual / Safeco,1
2008-09,covA_band,<200K,Liberty Mutual / Safeco,8
2008-09,covA_band,<200K,Progressive / ASI,1
2008-10,age_band,0-9,Liberty Mutual / Safeco,7
2008-10,age_band,0-9,Progressive / ASI,3
2008-10,age_band,10-19,Liberty Mutual / Safeco,4
2008-10,age_band,20-29,Liberty Mutual / Safeco,2
2008-10,age_band,30-39,Liberty Mutual / Safeco,3
2008-10,age_band,30-39,SageSure Occidental,1
2008-10,age_band,40-59,Liberty Mutual / Safeco,2
2008-10,covA_band,200-299K,Liberty Mutual / Safeco,4
2008-10,covA_band,200-299K,Progressive / ASI,1
2008-10,covA_band,300-399K,Liberty Mutual / Safeco,1
2008-10,covA_band,300-399K,Progressive / ASI,1
2008-10,covA_band,400-599K,Liberty Mutual / Safeco,3
2008-10,covA_band,600-999K,Liberty Mutual / Safeco,2
2008-10,covA_band,600-999K,Progressive / ASI,1
2008-10,covA_band,<200K,Liberty Mutual / Safeco,8
2008-10,covA_band,<200K,SageSure Occidental,1
2008-11,age_band,0-9,Liberty Mutual / Safeco,16
2008-11,age_band,0-9,Progressive / ASI,4
2008-11,age_band,10-19,Liberty Mutual / Safeco,6
2008-11,age_band,10-19,Travelers,1
2008-11,age_band,20-29,Liberty Mutual / Safeco,2
2008-11,age_band,30-39,Liberty Mutual / Safeco,3
2008-11,age_band,40-59,Liberty Mutual / Safeco,1
2008-11,age_band,60+,Liberty Mutual / Safeco,1
2008-11,covA_band,200-299K,Liberty Mutual / Safeco,7
2008-11,covA_band,300-399K,Liberty Mutual / Safeco,8
2008-11,covA_band,300-399K,Progressive / ASI,1
2008-11,covA_band,400-599K,Progressive / ASI,1
2008-11,covA_band,400-599K,Travelers,1
2008-11,covA_band,<200K,Liberty Mutual / Safeco,13
2008-11,covA_band,<200K,Progressive / ASI,2
2008-12,age_band,0-9,Centauri,1
2008-12,age_band,0-9,HOAIC,2
2008-12,age_band,0-9,Liberty Mutual / Safeco,14
2008-12,age_band,0-9,Progressive / ASI,10
2008-12,age_band,10-19,Liberty Mutual / Safeco,4
2008-12,age_band,10-19,Progressive / ASI,1
2008-12,age_band,20-29,Liberty Mutual / Safeco,4
2008-12,age_band,30-39,Liberty Mutual / Safeco,4
2008-12,age_band,30-39,Progressive / ASI,1
2008-12,age_band,40-59,HOAIC,1
2008-12,age_band,40-59,Liberty Mutual / Safeco,3
2008-12,age_band,60+,Liberty Mutual / Safeco,2
2008-12,covA_band,200-299K,Liberty Mutual / Safeco,10
2008-12,covA_band,200-299K,Progressive / ASI,5
2008-12,covA_band,300-399K,HOAIC,2
2008-12,covA_band,300-399K,Liberty Mutual / Safeco,2
2008-12,covA_band,300-399K,Progressive / ASI,6
2008-12,covA_band,600-999K,Liberty Mutual / Safeco,1
2008-12,covA_band,<200K,Centauri,1
2008-12,covA_band,<200K,HOAIC,1
2008-12,covA_band,<200K,Liberty Mutual / Safeco,18
2008-12,covA_band,<200K,Progressive / ASI,1
2009-01,age_band,0-9,HOAIC,1
2009-01,age_band,0-9,Liberty Mutual / Safeco,11
2009-01,age_band,0-9,Progressive / ASI,19
2009-01,age_band,10-19,Chubb,1
2009-01,age_band,10-19,Liberty Mutual / Safeco,8
2009-01,age_band,20-29,Liberty Mutual / Safeco,3
2009-01,age_band,30-39,Liberty Mutual / Safeco,2
2009-01,age_band,40-59,Liberty Mutual / Safeco,6
2009-01,covA_band,1M+,Chubb,1
2009-01,covA_band,200-299K,HOAIC,1
2009-01,covA_band,200-299K,Liberty Mutual / Safeco,10
2009-01,covA_band,200-299K,Progressive / ASI,9
2009-01,covA_band,300-399K,Liberty Mutual / Safeco,2
2009-01,covA_band,300-399K,Progressive / ASI,2
2009-01,covA_band,400-599K,Liberty Mutual / Safeco,1
2009-01,covA_band,400-599K,Progressive / ASI,2
2009-01,covA_band,<200K,Liberty Mutual / Safeco,16
2009-01,covA_band,<200K,Progressive / ASI,6
2009-02,age_band,0-9,Liberty Mutual / Safeco,5
2009-02,age_band,0-9,Progressive / ASI,21
2009-02,age_band,10-19,Liberty Mutual / Safeco,2
2009-02,age_band,20-29,Liberty Mutual / Safeco,1
2009-02,age_band,30-39,Liberty Mutual / Safeco,3
2009-02,age_band,40-59,Liberty Mutual / Safeco,4
2009-02,covA_band,200-299K,Liberty Mutual / Safeco,5
2009-02,covA_band,200-299K,Progressive / ASI,6
2009-02,covA_band,300-399K,Liberty Mutual / Safeco,3
2009-02,covA_band,300-399K,Progressive / ASI,4
2009-02,covA_band,400-599K,Liberty Mutual / Safeco,1
2009-02,covA_band,400-599K,Progressive / ASI,3
2009-02,covA_band,600-999K,Liberty Mutual / Safeco,1
2009-02,covA_band,600-999K,Progressive / ASI,2
2009-02,covA_band,<200K,Liberty Mutual / Safeco,4
2009-02,covA_band,<200K,Progressive / ASI,6
2009-03,age_band,0-9,Liberty Mutual / Safeco,8
2009-03,age_band,0-9,Progressive / ASI,20
2009-03,age_band,10-19,Liberty Mutual / Safeco,2
2009-03,age_band,10-19,Progressive / ASI,1
2009-03,age_band,20-29,Liberty Mutual / Safeco,1
2009-03,age_band,30-39,Liberty Mutual / Safeco,4
2009-03,age_band,30-39,Progressive / ASI,2
2009-03,age_band,40-59,Liberty Mutual / Safeco,6
2009-03,covA_band,200-299K,Liberty Mutual / Safeco,7
2009-03,covA_band,200-299K,Progressive / ASI,9
2009-03,covA_band,300-399K,Liberty Mutual / Safeco,3
2009-03,covA_band,300-399K,Progressive / ASI,6
2009-03,covA_band,400-599K,Progressive / ASI,2
2009-03,covA_band,<200K,Liberty Mutual / Safeco,11
2009-03,covA_band,<200K,Progressive / ASI,5
2009-04,age_band,0-9,HOAIC,1
2009-04,age_band,0-9,Liberty Mutual / Safeco,9
2009-04,age_band,0-9,Progressive / ASI,12
2009-04,age_band,10-19,Liberty Mutual / Safeco,1
2009-04,age_band,10-19,Progressive / ASI,1
2009-04,age_band,20-29,Liberty Mutual / Safeco,4
2009-04,age_band,20-29,Progressive / ASI,1
2009-04,age_band,30-39,Liberty Mutual / Safeco,4
2009-04,age_band,30-39,Progressive / ASI,3
2009-04,age_band,40-59,Liberty Mutual / Safeco,2
2009-04,covA_band,200-299K,HOAIC,1
2009-04,covA_band,200-299K,Liberty Mutual / Safeco,8
2009-04,covA_band,200-299K,Progressive / ASI,3
2009-04,covA_band,300-399K,Liberty Mutual / Safeco,4
2009-04,covA_band,300-399K,Progressive / ASI,1
2009-04,covA_band,400-599K,Progressive / ASI,2
2009-04,covA_band,600-999K,Liberty Mutual / Safeco,1
2009-04,covA_band,600-999K,Progressive / ASI,1
2009-04,covA_band,<200K,Liberty Mutual / Safeco,7
2009-04,covA_band,<200K,Progressive / ASI,9
2009-05,age_band,0-9,HOAIC,1
2009-05,age_band,0-9,Liberty Mutual / Safeco,8
2009-05,age_band,0-9,Progressive / ASI,11
2009-05,age_band,10-19,Liberty Mutual / Safeco,2
2009-05,age_band,10-19,Progressive / ASI,1
2009-05,age_band,20-29,Liberty Mutual / Safeco,5
2009-05,age_band,20-29,Progressive / ASI,1
2009-05,age_band,30-39,Liberty Mutual / Safeco,4
2009-05,age_band,30-39,Progressive / ASI,1
2009-05,age_band,30-39,Travelers,1
2009-05,covA_band,200-299K,Liberty Mutual / Safeco,9
2009-05,covA_band,200-299K,Progressive / ASI,6
2009-05,covA_band,200-299K,Travelers,1
2009-05,covA_band,300-399K,Liberty Mutual / Safeco,2
2009-05,covA_band,300-399K,Progressive / ASI,3
2009-05,covA_band,600-999K,Progressive / ASI,1
2009-05,covA_band,<200K,HOAIC,1
2009-05,covA_band,<200K,Liberty Mutual / Safeco,6
2009-05,covA_band,<200K,Progressive / ASI,5
2009-06,age_band,0-9,Liberty Mutual / Safeco,10
2009-06,age_band,0-9,Progressive / ASI,18
2009-06,age_band,0-9,SageSure Occidental,2
2009-06,age_band,0-9,SageSure SURE,1
2009-06,age_band,10-19,Liberty Mutual / Safeco,3
2009-06,age_band,10-19,Progressive / ASI,3
2009-06,age_band,10-19,Travelers,1
2009-06,age_band,20-29,Liberty Mutual / Safeco,1
2009-06,age_band,20-29,Progressive / ASI,1
2009-06,age_band,30-39,Liberty Mutual / Safeco,9
2009-06,age_band,40-59,Liberty Mutual / Safeco,5
2009-06,covA_band,200-299K,Liberty Mutual / Safeco,9
2009-06,covA_band,200-299K,Progressive / ASI,7
2009-06,covA_band,200-299K,SageSure SURE,1
2009-06,covA_band,300-399K,Liberty Mutual / Safeco,4
2009-06,covA_band,300-399K,Progressive / ASI,2
2009-06,covA_band,400-599K,Liberty Mutual / Safeco,1
2009-06,covA_band,400-599K,Progressive / ASI,1
2009-06,covA_band,400-599K,SageSure Occidental,1
2009-06,covA_band,600-999K,Liberty Mutual / Safeco,1
2009-06,covA_band,600-999K,Progressive / ASI,1
2009-06,covA_band,600-999K,SageSure Occidental,1
2009-06,covA_band,<200K,Liberty Mutual / Safeco,11
2009-06,covA_band,<200K,Progressive / ASI,12
2009-06,covA_band,<200K,Travelers,1
2009-07,age_band,0-9,Liberty Mutual / Safeco,11
2009-07,age_band,0-9,Progressive / ASI,24
2009-07,age_band,10-19,Liberty Mutual / Safeco,1
2009-07,age_band,10-19,Progressive / ASI,5
2009-07,age_band,20-29,Liberty Mutual / Safeco,8
2009-07,age_band,20-29,Progressive / ASI,1
2009-07,age_band,30-39,Liberty Mutual / Safeco,6
2009-07,age_band,30-39,Progressive / ASI,2
2009-07,age_band,40-59,Liberty Mutual / Safeco,7
2009-07,age_band,40-59,Progressive / ASI,2
2009-07,age_band,60+,Liberty Mutual / Safeco,1
2009-07,age_band,60+,Progressive / ASI,2
2009-07,covA_band,200-299K,Liberty Mutual / Safeco,15
2009-07,covA_band,200-299K,Progressive / ASI,13
2009-07,covA_band,300-399K,Liberty Mutual / Safeco,3
2009-07,covA_band,300-399K,Progressive / ASI,6
2009-07,covA_band,400-599K,Liberty Mutual / Safeco,1
2009-07,covA_band,400-599K,Progressive / ASI,3
2009-07,covA_band,600-999K,Progressive / ASI,2
2009-07,covA_band,<200K,Liberty Mutual / Safeco,12
2009-07,covA_band,<200K,Progressive / ASI,12
2009-08,age_band,0-9,Liberty Mutual / Safeco,6
2009-08,age_band,0-9,Progressive / ASI,19
2009-08,age_band,0-9,Travelers,1
2009-08,age_band,10-19,Liberty Mutual / Safeco,3
2009-08,age_band,10-19,Progressive / ASI,6
2009-08,age_band,20-29,Liberty Mutual / Safeco,3
2009-08,age_band,20-29,Progressive / ASI,3
2009-08,age_band,30-39,Liberty Mutual / Safeco,2
2009-08,age_band,30-39,Progressive / ASI,2
2009-08,age_band,40-59,Liberty Mutual / Safeco,1
2009-08,covA_band,200-299K,Liberty Mutual / Safeco,5
2009-08,covA_band,200-299K,Progressive / ASI,13
2009-08,covA_band,300-399K,Liberty Mutual / Safeco,3
2009-08,covA_band,300-399K,Progressive / ASI,2
2009-08,covA_band,400-599K,Liberty Mutual / Safeco,2
2009-08,covA_band,400-599K,Progressive / ASI,3
2009-08,covA_band,400-599K,Travelers,1
2009-08,covA_band,<200K,Liberty Mutual / Safeco,4
2009-08,covA_band,<200K,Progressive / ASI,13
2009-09,age_band,0-9,HOAIC,1
2009-09,age_band,0-9,Liberty Mutual / Safeco,6
2009-09,age_band,0-9,Progressive / ASI,21
2009-09,age_band,10-19,Liberty Mutual / Safeco,1
2009-09,age_band,10-19,Progressive / ASI,2
2009-09,age_band,20-29,Liberty Mutual / Safeco,4
2009-09,age_band,30-39,Liberty Mutual / Safeco,3
2009-09,age_band,30-39,Progressive / ASI,2
2009-09,age_band,40-59,Liberty Mutual / Safeco,1
2009-09,age_band,40-59,Progressive / ASI,1
2009-09,covA_band,200-299K,Liberty Mutual / Safeco,3
2009-09,covA_band,200-299K,Progressive / ASI,14
2009-09,covA_band,300-399K,HOAIC,1
2009-09,covA_band,300-399K,Liberty Mutual / Safeco,4
2009-09,covA_band,300-399K,Progressive / ASI,3
2009-09,covA_band,400-599K,Progressive / ASI,4
2009-09,covA_band,<200K,Liberty Mutual / Safeco,8
2009-09,covA_band,<200K,Progressive / ASI,6
2009-10,age_band,0-9,Progressive / ASI,11
2009-10,age_band,10-19,Liberty Mutual / Safeco,2
2009-10,age_band,10-19,Progressive / ASI,1
2009-10,age_band,20-29,Liberty Mutual / Safeco,3
2009-10,age_band,30-39,Liberty Mutual / Safeco,1
2009-10,age_band,60+,Liberty Mutual / Safeco,2
2009-10,age_band,60+,Progressive / ASI,1
2009-10,covA_band,200-299K,Liberty Mutual / Safeco,6
2009-10,covA_band,200-299K,Progressive / ASI,8
2009-10,covA_band,300-399K,Liberty Mutual / Safeco,2
2009-10,covA_band,300-399K,Progressive / ASI,2
2009-10,covA_band,400-599K,Progressive / ASI,1
2009-10,covA_band,<200K,Progressive / ASI,2
2009-11,age_band,0-9,Liberty Mutual / Safeco,6
2009-11,age_band,0-9,Progressive / ASI,2
2009-11,age_band,10-19,Foremost,1
2009-11,age_band,10-19,Liberty Mutual / Safeco,1
2009-11,age_band,30-39,Liberty Mutual / Safeco,1
2009-11,age_band,30-39,Progressive / ASI,1
2009-11,age_band,60+,Liberty Mutual / Safeco,1
2009-11,age_band,60+,Travelers,1
2009-11,covA_band,200-299K,Liberty Mutual / Safeco,4
2009-11,covA_band,200-299K,Progressive / ASI,1
2009-11,covA_band,200-299K,Travelers,1
2009-11,covA_band,300-399K,Liberty Mutual / Safeco,1
2009-11,covA_band,400-599K,Liberty Mutual / Safeco,1
2009-11,covA_band,600-999K,Liberty Mutual / Safeco,1
2009-11,covA_band,<200K,Foremost,1
2009-11,covA_band,<200K,Liberty Mutual / Safeco,2
2009-11,covA_band,<200K,Progressive / ASI,2
2009-12,age_band,0-9,HOAIC,2
2009-12,age_band,0-9,Liberty Mutual / Safeco,6
2009-12,age_band,0-9,Progressive / ASI,10
2009-12,age_band,0-9,SageSure Occidental,1
2009-12,age_band,10-19,Liberty Mutual / Safeco,2
2009-12,age_band,20-29,Liberty Mutual / Safeco,2
2009-12,age_band,30-39,Liberty Mutual / Safeco,4
2009-12,covA_band,200-299K,Liberty Mutual / Safeco,4
2009-12,covA_band,200-299K,Progressive / ASI,1
2009-12,covA_band,300-399K,Liberty Mutual / Safeco,2
2009-12,covA_band,300-399K,Progressive / ASI,5
2009-12,covA_band,400-599K,HOAIC,1
2009-12,covA_band,400-599K,Liberty Mutual / Safeco,1
2009-12,covA_band,400-599K,Progressive / ASI,1
2009-12,covA_band,<200K,HOAIC,1
2009-12,covA_band,<200K,Liberty Mutual / Safeco,6
2009-12,covA_band,<200K,Progressive / ASI,3
2009-12,covA_band,<200K,SageSure Occidental,1
2010-01,age_band,0-9,Liberty Mutual / Safeco,4
2010-01,age_band,0-9,Progressive / ASI,7
2010-01,age_band,10-19,Liberty Mutual / Safeco,2
2010-01,age_band,20-29,Liberty Mutual / Safeco,1
2010-01,age_band,30-39,Liberty Mutual / Safeco,2
2010-01,age_band,40-59,Liberty Mutual / Safeco,2
2010-01,covA_band,200-299K,Liberty Mutual / Safeco,5
2010-01,covA_band,200-299K,Progressive / ASI,5
2010-01,covA_band,300-399K,Liberty Mutual / Safeco,4
2010-01,covA_band,300-399K,Progressive / ASI,1
2010-01,covA_band,400-599K,Liberty Mutual / Safeco,1
2010-01,covA_band,<200K,Liberty Mutual / Safeco,1
2010-01,covA_band,<200K,Progressive / ASI,2
2010-02,age_band,0-9,HOAIC,2
2010-02,age_band,0-9,Liberty Mutual / Safeco,9
2010-02,age_band,0-9,Progressive / ASI,6
2010-02,age_band,10-19,Liberty Mutual / Safeco,2
2010-02,age_band,20-29,Liberty Mutual / Safeco,4
2010-02,age_band,30-39,Liberty Mutual / Safeco,2
2010-02,age_band,40-59,Liberty Mutual / Safeco,4
2010-02,covA_band,200-299K,HOAIC,1
2010-02,covA_band,200-299K,Liberty Mutual / Safeco,4
2010-02,covA_band,200-299K,Progressive / ASI,5
2010-02,covA_band,300-399K,Liberty Mutual / Safeco,11
2010-02,covA_band,300-399K,Progressive / ASI,1
2010-02,covA_band,400-599K,HOAIC,1
2010-02,covA_band,400-599K,Liberty Mutual / Safeco,3
2010-02,covA_band,<200K,Liberty Mutual / Safeco,3
2010-03,age_band,0-9,HOAIC,1
2010-03,age_band,0-9,Liberty Mutual / Safeco,6
2010-03,age_band,0-9,Progressive / ASI,6
2010-03,age_band,10-19,Liberty Mutual / Safeco,5
2010-03,age_band,20-29,Liberty Mutual / Safeco,3
2010-03,age_band,30-39,Liberty Mutual / Safeco,1
2010-03,age_band,40-59,Liberty Mutual / Safeco,5
2010-03,age_band,60+,Liberty Mutual / Safeco,1
2010-03,covA_band,200-299K,Liberty Mutual / Safeco,5
2010-03,covA_band,200-299K,Progressive / ASI,4
2010-03,covA_band,300-399K,HOAIC,1
2010-03,covA_band,300-399K,Liberty Mutual / Safeco,8
2010-03,covA_band,400-599K,Liberty Mutual / Safeco,2
2010-03,covA_band,<200K,Liberty Mutual / Safeco,4
2010-03,covA_band,<200K,Progressive / ASI,2
2010-04,age_band,0-9,Foremost,1
2010-04,age_band,0-9,Liberty Mutual / Safeco,6
2010-04,age_band,0-9,Progressive / ASI,11
2010-04,age_band,10-19,Liberty Mutual / Safeco,5
2010-04,age_band,10-19,Progressive / ASI,1
2010-04,age_band,40-59,Liberty Mutual / Safeco,2
2010-04,covA_band,1M+,Liberty Mutual / Safeco,1
2010-04,covA_band,200-299K,Liberty Mutual / Safeco,2
2010-04,covA_band,200-299K,Progressive / ASI,5
2010-04,covA_band,300-399K,Liberty Mutual / Safeco,6
2010-04,covA_band,300-399K,Progressive / ASI,3
2010-04,covA_band,400-599K,Liberty Mutual / Safeco,1
2010-04,covA_band,400-599K,Progressive / ASI,1
2010-04,covA_band,600-999K,Liberty Mutual / Safeco,1
2010-04,covA_band,<200K,Foremost,1
2010-04,covA_band,<200K,Liberty Mutual / Safeco,2
2010-04,covA_band,<200K,Progressive / ASI,3
2010-05,age_band,0-9,Liberty Mutual / Safeco,4
2010-05,age_band,0-9,Progressive / ASI,7
2010-05,age_band,10-19,Liberty Mutual / Safeco,4
2010-05,age_band,10-19,Progressive / ASI,1
2010-05,age_band,20-29,Liberty Mutual / Safeco,2
2010-05,age_band,30-39,Liberty Mutual / Safeco,1
2010-05,age_band,30-39,Progressive / ASI,1
2010-05,age_band,40-59,Liberty Mutual / Safeco,3
2010-05,age_band,60+,Liberty Mutual / Safeco,1
2010-05,covA_band,1M+,Liberty Mutual / Safeco,2
2010-05,covA_band,200-299K,Liberty Mutual / Safeco,7
2010-05,covA_band,200-299K,Progressive / ASI,5
2010-05,covA_band,300-399K,Liberty Mutual / Safeco,3
2010-05,covA_band,300-399K,Progressive / ASI,1
2010-05,covA_band,400-599K,Progressive / ASI,1
2010-05,covA_band,<200K,Liberty Mutual / Safeco,2
2010-05,covA_band,<200K,Progressive / ASI,2
2010-06,age_band,0-9,HOAIC,2
2010-06,age_band,0-9,Liberty Mutual / Safeco,3
2010-06,age_band,0-9,Progressive / ASI,6
2010-06,age_band,10-19,Liberty Mutual / Safeco,5
2010-06,age_band,20-29,Liberty Mutual / Safeco,4
2010-06,age_band,30-39,Liberty Mutual / Safeco,8
2010-06,age_band,40-59,Liberty Mutual / Safeco,4
2010-06,covA_band,1M+,Liberty Mutual / Safeco,2
2010-06,covA_band,200-299K,HOAIC,1
2010-06,covA_band,200-299K,Liberty Mutual / Safeco,12
2010-06,covA_band,200-299K,Progressive / ASI,2
2010-06,covA_band,300-399K,Liberty Mutual / Safeco,2
2010-06,covA_band,300-399K,Progressive / ASI,1
2010-06,covA_band,400-599K,HOAIC,1
2010-06,covA_band,400-599K,Liberty Mutual / Safeco,1
2010-06,covA_band,<200K,Liberty Mutual / Safeco,7
2010-06,covA_band,<200K,Progressive / ASI,3
2010-07,age_band,0-9,Liberty Mutual / Safeco,7
2010-07,age_band,0-9,Progressive / ASI,3
2010-07,age_band,10-19,Liberty Mutual / Safeco,4
2010-07,age_band,20-29,Liberty Mutual / Safeco,1
2010-07,age_band,30-39,Liberty Mutual / Safeco,5
2010-07,age_band,40-59,Liberty Mutual / Safeco,6
2010-07,age_band,60+,Liberty Mutual / Safeco,1
2010-07,covA_band,200-299K,Liberty Mutual / Safeco,8
2010-07,covA_band,200-299K,Progressive / ASI,3
2010-07,covA_band,400-599K,Liberty Mutual / Safeco,4
2010-07,covA_band,600-999K,Liberty Mutual / Safeco,4
2010-07,covA_band,<200K,Liberty Mutual / Safeco,7
2010-08,age_band,0-9,HOAIC,1
2010-08,age_band,0-9,Liberty Mutual / Safeco,5
2010-08,age_band,0-9,Progressive / ASI,6
2010-08,age_band,0-9,SageSure Occidental,1
2010-08,age_band,10-19,HOAIC,1
2010-08,age_band,10-19,Liberty Mutual / Safeco,2
2010-08,age_band,10-19,Progressive / ASI,2
2010-08,age_band,20-29,Liberty Mutual / Safeco,4
2010-08,age_band,30-39,Liberty Mutual / Safeco,4
2010-08,age_band,40-59,Liberty Mutual / Safeco,4
2010-08,age_band,60+,Liberty Mutual / Safeco,1
2010-08,covA_band,200-299K,HOAIC,1
2010-08,covA_band,200-299K,Liberty Mutual / Safeco,9
2010-08,covA_band,200-299K,Progressive / ASI,5
2010-08,covA_band,300-399K,HOAIC,1
2010-08,covA_band,300-399K,Liberty Mutual / Safeco,3
2010-08,covA_band,300-399K,SageSure Occidental,1
2010-08,covA_band,400-599K,Liberty Mutual / Safeco,3
2010-08,covA_band,400-599K,Progressive / ASI,3
2010-08,covA_band,<200K,Liberty Mutual / Safeco,5
2010-09,age_band,0-9,Liberty Mutual / Safeco,10
2010-09,age_band,0-9,Progressive / ASI,5
2010-09,age_band,10-19,Liberty Mutual / Safeco,7
2010-09,age_band,20-29,Liberty Mutual / Safeco,2
2010-09,age_band,30-39,Liberty Mutual / Safeco,4
2010-09,age_band,30-39,Progressive / ASI,1
2010-09,age_band,40-59,Liberty Mutual / Safeco,3
2010-09,covA_band,200-299K,Liberty Mutual / Safeco,13
2010-09,covA_band,200-299K,Progressive / ASI,3
2010-09,covA_band,300-399K,Liberty Mutual / Safeco,3
2010-09,covA_band,300-399K,Progressive / ASI,2
2010-09,covA_band,400-599K,Liberty Mutual / Safeco,4
2010-09,covA_band,600-999K,Liberty Mutual / Safeco,1
2010-09,covA_band,<200K,Liberty Mutual / Safeco,5
2010-09,covA_band,<200K,Progressive / ASI,1
2010-10,age_band,0-9,Liberty Mutual / Safeco,6
2010-10,age_band,0-9,Progressive / ASI,2
2010-10,age_band,10-19,Liberty Mutual / Safeco,2
2010-10,age_band,20-29,Liberty Mutual / Safeco,2
2010-10,age_band,30-39,Liberty Mutual / Safeco,3
2010-10,age_band,30-39,Travelers,1
2010-10,age_band,60+,Liberty Mutual / Safeco,1
2010-10,covA_band,200-299K,Liberty Mutual / Safeco,6
2010-10,covA_band,200-299K,Progressive / ASI,2
2010-10,covA_band,300-399K,Liberty Mutual / Safeco,2
2010-10,covA_band,400-599K,Liberty Mutual / Safeco,1
2010-10,covA_band,400-599K,Travelers,1
2010-10,covA_band,<200K,Liberty Mutual / Safeco,5
2010-11,age_band,0-9,Liberty Mutual / Safeco,7
2010-11,age_band,0-9,Progressive / ASI,5
2010-11,age_band,10-19,Liberty Mutual / Safeco,1
2010-11,age_band,20-29,Liberty Mutual / Safeco,3
2010-11,age_band,30-39,HOAIC,1
2010-11,age_band,30-39,Liberty Mutual / Safeco,1
2010-11,age_band,40-59,Liberty Mutual / Safeco,2
2010-11,age_band,60+,Liberty Mutual / Safeco,1
2010-11,covA_band,1M+,Liberty Mutual / Safeco,1
2010-11,covA_band,200-299K,Liberty Mutual / Safeco,5
2010-11,covA_band,200-299K,Progressive / ASI,2
2010-11,covA_band,300-399K,Liberty Mutual / Safeco,4
2010-11,covA_band,300-399K,Progressive / ASI,1
2010-11,covA_band,400-599K,Liberty Mutual / Safeco,2
2010-11,covA_band,600-999K,Liberty Mutual / Safeco,1
2010-11,covA_band,600-999K,Progressive / ASI,1
2010-11,covA_band,<200K,HOAIC,1
2010-11,covA_band,<200K,Liberty Mutual / Safeco,1
2010-11,covA_band,<200K,Progressive / ASI,1
2010-12,age_band,0-9,HOAIC,1
2010-12,age_band,0-9,Liberty Mutual / Safeco,4
2010-12,age_band,0-9,Progressive / ASI,6
2010-12,age_band,20-29,Liberty Mutual / Safeco,3
2010-12,age_band,30-39,Liberty Mutual / Safeco,1
2010-12,age_band,40-59,Liberty Mutual / Safeco,3
2010-12,covA_band,200-299K,Liberty Mutual / Safeco,4
2010-12,covA_band,200-299K,Progressive / ASI,1
2010-12,covA_band,300-399K,HOAIC,1
2010-12,covA_band,300-399K,Liberty Mutual / Safeco,1
2010-12,covA_band,300-399K,Progressive / ASI,3
2010-12,covA_band,400-599K,Progressive / ASI,1
2010-12,covA_band,<200K,Liberty Mutual / Safeco,5
2010-12,covA_band,<200K,Progressive / ASI,1
2011-01,age_band,0-9,Liberty Mutual / Safeco,1
2011-01,age_band,0-9,Progressive / ASI,2
2011-01,age_band,10-19,Liberty Mutual / Safeco,1
2011-01,age_band,10-19,Progressive / ASI,1
2011-01,age_band,20-29,Liberty Mutual / Safeco,1
2011-01,age_band,30-39,Liberty Mutual / Safeco,1
2011-01,age_band,40-59,Liberty Mutual / Safeco,2
2011-01,covA_band,200-299K,Liberty Mutual / Safeco,1
2011-01,covA_band,300-399K,Progressive / ASI,1
2011-01,covA_band,400-599K,Liberty Mutual / Safeco,1
2011-01,covA_band,600-999K,Progressive / ASI,1
2011-01,covA_band,<200K,Liberty Mutual / Safeco,3
2011-01,covA_band,<200K,Progressive / ASI,1
2011-02,age_band,0-9,Liberty Mutual / Safeco,2
2011-02,age_band,0-9,Progressive / ASI,3
2011-02,age_band,10-19,Liberty Mutual / Safeco,1
2011-02,age_band,20-29,Liberty Mutual / Safeco,3
2011-02,age_band,30-39,Liberty Mutual / Safeco,2
2011-02,covA_band,200-299K,Liberty Mutual / Safeco,1
2011-02,covA_band,200-299K,Progressive / ASI,1
2011-02,covA_band,300-399K,Liberty Mutual / Safeco,1
2011-02,covA_band,600-999K,HOAIC,1
2011-02,covA_band,600-999K,Progressive / ASI,2
2011-02,covA_band,<200K,Liberty Mutual / Safeco,6
2011-02,covA_band,<200K,Progressive / ASI,1
2011-03,age_band,0-9,Liberty Mutual / Safeco,6
2011-03,age_band,0-9,Progressive / ASI,8
2011-03,age_band,0-9,SageSure Occidental,1
2011-03,age_band,0-9,Travelers,1
2011-03,age_band,10-19,Progressive / ASI,2
2011-03,age_band,30-39,Liberty Mutual / Safeco,1
2011-03,age_band,40-59,Liberty Mutual / Safeco,1
2011-03,covA_band,200-299K,Liberty Mutual / Safeco,1
2011-03,covA_band,200-299K,Progressive / ASI,4
2011-03,covA_band,200-299K,SageSure Occidental,1
2011-03,covA_band,200-299K,Travelers,1
2011-03,covA_band,300-399K,Liberty Mutual / Safeco,2
2011-03,covA_band,300-399K,Progressive / ASI,4
2011-03,covA_band,400-599K,Liberty Mutual / Safeco,1
2011-03,covA_band,400-599K,Progressive / ASI,1
2011-03,covA_band,<200K,Liberty Mutual / Safeco,3
2011-03,covA_band,<200K,Progressive / ASI,1
2011-04,age_band,0-9,Liberty Mutual / Safeco,6
2011-04,age_band,0-9,Progressive / ASI,10
2011-04,age_band,10-19,Liberty Mutual / Safeco,3
2011-04,age_band,20-29,Liberty Mutual / Safeco,1
2011-04,age_band,20-29,Progressive / ASI,1
2011-04,age_band,30-39,Liberty Mutual / Safeco,3
2011-04,age_band,40-59,Liberty Mutual / Safeco,1
2011-04,covA_band,200-299K,Liberty Mutual / Safeco,8
2011-04,covA_band,200-299K,Progressive / ASI,1
2011-04,covA_band,300-399K,Progressive / ASI,4
2011-04,covA_band,400-599K,Liberty Mutual / Safeco,2
2011-04,covA_band,400-599K,Progressive / ASI,1
2011-04,covA_band,<200K,Liberty Mutual / Safeco,4
2011-04,covA_band,<200K,Progressive / ASI,5
2011-05,age_band,0-9,Centauri,1
2011-05,age_band,0-9,Liberty Mutual / Safeco,12
2011-05,age_band,0-9,Progressive / ASI,7
2011-05,age_band,10-19,Liberty Mutual / Safeco,4
2011-05,age_band,20-29,Liberty Mutual / Safeco,1
2011-05,age_band,30-39,Liberty Mutual / Safeco,1
2011-05,age_band,40-59,Liberty Mutual / Safeco,4
2011-05,covA_band,200-299K,Liberty Mutual / Safeco,6
2011-05,covA_band,200-299K,Progressive / ASI,3
2011-05,covA_band,300-399K,Centauri,1
2011-05,covA_band,300-399K,Liberty Mutual / Safeco,6
2011-05,covA_band,300-399K,Progressive / ASI,1
2011-05,covA_band,400-599K,Liberty Mutual / Safeco,2
2011-05,covA_band,600-999K,Liberty Mutual / Safeco,1
2011-05,covA_band,<200K,Liberty Mutual / Safeco,5
2011-05,covA_band,<200K,Progressive / ASI,3
2011-06,age_band,0-9,HOAIC,2
2011-06,age_band,0-9,Liberty Mutual / Safeco,5
2011-06,age_band,0-9,Progressive / ASI,4
2011-06,age_band,10-19,Liberty Mutual / Safeco,4
2011-06,age_band,20-29,Liberty Mutual / Safeco,2
2011-06,age_band,30-39,Liberty Mutual / Safeco,1
2011-06,age_band,40-59,Liberty Mutual / Safeco,3
2011-06,age_band,60+,Liberty Mutual / Safeco,2
2011-06,covA_band,200-299K,HOAIC,1
2011-06,covA_band,200-299K,Liberty Mutual / Safeco,5
2011-06,covA_band,200-299K,Progressive / ASI,3
2011-06,covA_band,300-399K,Liberty Mutual / Safeco,5
2011-06,covA_band,300-399K,Progressive / ASI,1
2011-06,covA_band,400-599K,Liberty Mutual / Safeco,2
2011-06,covA_band,600-999K,Liberty Mutual / Safeco,1
2011-06,covA_band,<200K,HOAIC,1
2011-06,covA_band,<200K,Liberty Mutual / Safeco,2
2011-07,age_band,0-9,HOAIC,1
2011-07,age_band,0-9,Liberty Mutual / Safeco,3
2011-07,age_band,0-9,Progressive / ASI,6
2011-07,age_band,10-19,Liberty Mutual / Safeco,1
2011-07,age_band,20-29,Liberty Mutual / Safeco,2
2011-07,age_band,20-29,SageSure SafePort,1
2011-07,age_band,40-59,Liberty Mutual / Safeco,4
2011-07,covA_band,1M+,Liberty Mutual / Safeco,2
2011-07,covA_band,1M+,SageSure SafePort,1
2011-07,covA_band,200-299K,Liberty Mutual / Safeco,6
2011-07,covA_band,200-299K,Progressive / ASI,3
2011-07,covA_band,300-399K,Liberty Mutual / Safeco,1
2011-07,covA_band,400-599K,HOAIC,1
2011-07,covA_band,<200K,Progressive / ASI,3
2011-08,age_band,0-9,Liberty Mutual / Safeco,6
2011-08,age_band,0-9,Progressive / ASI,5
2011-08,age_band,10-19,Liberty Mutual / Safeco,1
2011-08,age_band,20-29,Liberty Mutual / Safeco,8
2011-08,age_band,30-39,Liberty Mutual / Safeco,3
2011-08,age_band,30-39,Progressive / ASI,1
2011-08,age_band,40-59,Liberty Mutual / Safeco,4
2011-08,age_band,60+,Liberty Mutual / Safeco,1
2011-08,covA_band,200-299K,Liberty Mutual / Safeco,9
2011-08,covA_band,200-299K,Progressive / ASI,2
2011-08,covA_band,300-399K,Liberty Mutual / Safeco,7
2011-08,covA_band,300-399K,Progressive / ASI,1
2011-08,covA_band,400-599K,Liberty Mutual / Safeco,2
2011-08,covA_band,<200K,Liberty Mutual / Safeco,2
2011-08,covA_band,<200K,Progressive / ASI,3
2011-09,age_band,0-9,Liberty Mutual / Safeco,8
2011-09,age_band,0-9,Progressive / ASI,5
2011-09,age_band,10-19,Liberty Mutual / Safeco,4
2011-09,age_band,10-19,Progressive / ASI,1
2011-09,age_band,30-39,Liberty Mutual / Safeco,2
2011-09,age_band,40-59,Liberty Mutual / Safeco,2
2011-09,age_band,60+,Liberty Mutual / Safeco,1
2011-09,covA_band,200-299K,Liberty Mutual / Safeco,8
2011-09,covA_band,200-299K,Progressive / ASI,4
2011-09,covA_band,300-399K,Liberty Mutual / Safeco,2
2011-09,covA_band,400-599K,Liberty Mutual / Safeco,2
2011-09,covA_band,<200K,Liberty Mutual / Safeco,3
2011-09,covA_band,<200K,Progressive / ASI,2
2011-10,age_band,0-9,HOAIC,1
2011-10,age_band,0-9,Liberty Mutual / Safeco,6
2011-10,age_band,0-9,Progressive / ASI,4
2011-10,age_band,10-19,Liberty Mutual / Safeco,2
2011-10,age_band,20-29,Liberty Mutual / Safeco,1
2011-10,age_band,30-39,Liberty Mutual / Safeco,1
2011-10,age_band,40-59,Liberty Mutual / Safeco,3
2011-10,covA_band,200-299K,Liberty Mutual / Safeco,5
2011-10,covA_band,200-299K,Progressive / ASI,2
2011-10,covA_band,300-399K,Liberty Mutual / Safeco,3
2011-10,covA_band,300-399K,Progressive / ASI,1
2011-10,covA_band,400-599K,HOAIC,1
2011-10,covA_band,400-599K,Liberty Mutual / Safeco,1
2011-10,covA_band,<200K,Liberty Mutual / Safeco,3
2011-10,covA_band,<200K,Progressive / ASI,1
2011-11,age_band,0-9,Liberty Mutual / Safeco,5
2011-11,age_band,0-9,Progressive / ASI,3
2011-11,age_band,10-19,Liberty Mutual / Safeco,2
2011-11,age_band,20-29,Liberty Mutual / Safeco,2
2011-11,age_band,30-39,Liberty Mutual / Safeco,5
2011-11,age_band,40-59,Liberty Mutual / Safeco,3
2011-11,covA_band,1M+,Liberty Mutual / Safeco,1
2011-11,covA_band,200-299K,Liberty Mutual / Safeco,7
2011-11,covA_band,200-299K,Progressive / ASI,1
2011-11,covA_band,300-399K,Liberty Mutual / Safeco,1
2011-11,covA_band,300-399K,Progressive / ASI,1
2011-11,covA_band,400-599K,Liberty Mutual / Safeco,1
2011-11,covA_band,<200K,Liberty Mutual / Safeco,4
2011-11,covA_band,<200K,Progressive / ASI,1
2011-12,age_band,0-9,Liberty Mutual / Safeco,4
2011-12,age_band,0-9,Progressive / ASI,4
2011-12,age_band,10-19,Liberty Mutual / Safeco,2
2011-12,age_band,30-39,Liberty Mutual / Safeco,1
2011-12,age_band,60+,Liberty Mutual / Safeco,2
2011-12,age_band,60+,Travelers,1
2011-12,covA_band,200-299K,Liberty Mutual / Safeco,2
2011-12,covA_band,200-299K,Progressive / ASI,3
2011-12,covA_band,300-399K,Liberty Mutual / Safeco,2
2011-12,covA_band,300-399K,Progressive / ASI,1
2011-12,covA_band,400-599K,Liberty Mutual / Safeco,2
2011-12,covA_band,<200K,Liberty Mutual / Safeco,3
2011-12,covA_band,<200K,Progressive / ASI,1
2011-12,covA_band,<200K,Travelers,1
2012-01,age_band,0-9,Centauri,1
2012-01,age_band,0-9,HOAIC,3
2012-01,age_band,0-9,Liberty Mutual / Safeco,14
2012-01,age_band,0-9,Progressive / ASI,4
2012-01,age_band,10-19,Liberty Mutual / Safeco,4
2012-01,age_band,10-19,Progressive / ASI,2
2012-01,age_band,20-29,Liberty Mutual / Safeco,2
2012-01,age_band,30-39,Liberty Mutual / Safeco,1
2012-01,age_band,40-59,Liberty Mutual / Safeco,6
2012-01,covA_band,200-299K,HOAIC,1
2012-01,covA_band,200-299K,Liberty Mutual / Safeco,7
2012-01,covA_band,200-299K,Progressive / ASI,1
2012-01,covA_band,300-399K,HOAIC,1
2012-01,covA_band,300-399K,Liberty Mutual / Safeco,9
2012-01,covA_band,300-399K,Progressive / ASI,1
2012-01,covA_band,400-599K,Centauri,1
2012-01,covA_band,400-599K,HOAIC,1
2012-01,covA_band,400-599K,Liberty Mutual / Safeco,2
2012-01,covA_band,400-599K,Progressive / ASI,1
2012-01,covA_band,600-999K,Liberty Mutual / Safeco,1
2012-01,covA_band,<200K,Liberty Mutual / Safeco,7
2012-01,covA_band,<200K,Progressive / ASI,3
2012-02,age_band,0-9,Liberty Mutual / Safeco,9
2012-02,age_band,0-9,Progressive / ASI,1
2012-02,age_band,0-9,Travelers,1
2012-02,age_band,10-19,Liberty Mutual / Safeco,1
2012-02,age_band,10-19,Progressive / ASI,3
2012-02,age_band,20-29,Liberty Mutual / Safeco,4
2012-02,covA_band,200-299K,Liberty Mutual / Safeco,3
2012-02,covA_band,200-299K,Progressive / ASI,1
2012-02,covA_band,300-399K,Liberty Mutual / Safeco,2
2012-02,covA_band,300-399K,Progressive / ASI,1
2012-02,covA_band,300-399K,Travelers,1
2012-02,covA_band,400-599K,Liberty Mutual / Safeco,3
2012-02,covA_band,600-999K,Liberty Mutual / Safeco,1
2012-02,covA_band,<200K,Liberty Mutual / Safeco,5
2012-02,covA_band,<200K,Progressive / ASI,2
2012-03,age_band,0-9,HOAIC,2
2012-03,age_band,0-9,Liberty Mutual / Safeco,6
2012-03,age_band,0-9,Progressive / ASI,6
2012-03,age_band,10-19,Liberty Mutual / Safeco,3
2012-03,age_band,20-29,Liberty Mutual / Safeco,2
2012-03,age_band,30-39,Liberty Mutual / Safeco,2
2012-03,age_band,30-39,SageSure SURE,1
2012-03,age_band,40-59,Liberty Mutual / Safeco,2
2012-03,covA_band,200-299K,HOAIC,2
2012-03,covA_band,200-299K,Liberty Mutual / Safeco,3
2012-03,covA_band,200-299K,Progressive / ASI,2
2012-03,covA_band,200-299K,SageSure SURE,1
2012-03,covA_band,300-399K,Liberty Mutual / Safeco,2
2012-03,covA_band,300-399K,Progressive / ASI,2
2012-03,covA_band,400-599K,Liberty Mutual / Safeco,2
2012-03,covA_band,600-999K,Liberty Mutual / Safeco,3
2012-03,covA_band,<200K,Liberty Mutual / Safeco,5
2012-03,covA_band,<200K,Progressive / ASI,2
2012-04,age_band,0-9,HOAIC,3
2012-04,age_band,0-9,Liberty Mutual / Safeco,13
2012-04,age_band,0-9,Progressive / ASI,3
2012-04,age_band,10-19,HOAIC,1
2012-04,age_band,10-19,Liberty Mutual / Safeco,3
2012-04,age_band,10-19,Progressive / ASI,1
2012-04,age_band,20-29,Liberty Mutual / Safeco,2
2012-04,age_band,30-39,Liberty Mutual / Safeco,4
2012-04,age_band,40-59,Liberty Mutual / Safeco,5
2012-04,covA_band,1M+,Liberty Mutual / Safeco,2
2012-04,covA_band,200-299K,HOAIC,1
2012-04,covA_band,200-299K,Liberty Mutual / Safeco,10
2012-04,covA_band,200-299K,Progressive / ASI,3
2012-04,covA_band,300-399K,HOAIC,1
2012-04,covA_band,300-399K,Liberty Mutual / Safeco,4
2012-04,covA_band,600-999K,Liberty Mutual / Safeco,2
2012-04,covA_band,<200K,HOAIC,2
2012-04,covA_band,<200K,Liberty Mutual / Safeco,9
2012-04,covA_band,<200K,Progressive / ASI,1
2012-05,age_band,0-9,HOAIC,7
2012-05,age_band,0-9,Liberty Mutual / Safeco,15
2012-05,age_band,0-9,Progressive / ASI,3
2012-05,age_band,10-19,HOAIC,1
2012-05,age_band,10-19,Liberty Mutual / Safeco,5
2012-05,age_band,10-19,Progressive / ASI,1
2012-05,age_band,20-29,HOAIC,1
2012-05,age_band,30-39,Liberty Mutual / Safeco,3
2012-05,age_band,30-39,Progressive / ASI,1
2012-05,age_band,40-59,Liberty Mutual / Safeco,2
2012-05,age_band,40-59,Progressive / ASI,1
2012-05,age_band,60+,Liberty Mutual / Safeco,2
2012-05,covA_band,200-299K,HOAIC,4
2012-05,covA_band,200-299K,Liberty Mutual / Safeco,9
2012-05,covA_band,200-299K,Progressive / ASI,3
2012-05,covA_band,300-399K,HOAIC,3
2012-05,covA_band,300-399K,Liberty Mutual / Safeco,8
2012-05,covA_band,300-399K,Progressive / ASI,1
2012-05,covA_band,400-599K,HOAIC,1
2012-05,covA_band,400-599K,Liberty Mutual / Safeco,3
2012-05,covA_band,600-999K,Progressive / ASI,1
2012-05,covA_band,<200K,HOAIC,1
2012-05,covA_band,<200K,Liberty Mutual / Safeco,6
2012-05,covA_band,<200K,Progressive / ASI,1
2012-06,age_band,0-9,HOAIC,5
2012-06,age_band,0-9,Liberty Mutual / Safeco,9
2012-06,age_band,0-9,Progressive / ASI,6
2012-06,age_band,10-19,Liberty Mutual / Safeco,5
2012-06,age_band,10-19,Progressive / ASI,1
2012-06,age_band,20-29,HOAIC,2
2012-06,age_band,20-29,Liberty Mutual / Safeco,2
2012-06,age_band,30-39,Liberty Mutual / Safeco,7
2012-06,age_band,40-59,Liberty Mutual / Safeco,5
2012-06,age_band,60+,Liberty Mutual / Safeco,3
2012-06,covA_band,1M+,Liberty Mutual / Safeco,1
2012-06,covA_band,1M+,Progressive / ASI,1
2012-06,covA_band,200-299K,HOAIC,3
2012-06,covA_band,200-299K,Liberty Mutual / Safeco,8
2012-06,covA_band,200-299K,Progressive / ASI,1
2012-06,covA_band,300-399K,HOAIC,2
2012-06,covA_band,300-399K,Liberty Mutual / Safeco,4
2012-06,covA_band,300-399K,Progressive / ASI,2
2012-06,covA_band,400-599K,HOAIC,1
2012-06,covA_band,400-599K,Liberty Mutual / Safeco,5
2012-06,covA_band,600-999K,Liberty Mutual / Safeco,3
2012-06,covA_band,<200K,HOAIC,1
2012-06,covA_band,<200K,Liberty Mutual / Safeco,8
2012-06,covA_band,<200K,Progressive / ASI,3
2012-07,age_band,0-9,Centauri,1
2012-07,age_band,0-9,HOAIC,8
2012-07,age_band,0-9,Liberty Mutual / Safeco,11
2012-07,age_band,0-9,Progressive / ASI,9
2012-07,age_band,10-19,Liberty Mutual / Safeco,7
2012-07,age_band,10-19,Progressive / ASI,1
2012-07,age_band,20-29,Liberty Mutual / Safeco,2
2012-07,age_band,30-39,Liberty Mutual / Safeco,4
2012-07,age_band,40-59,Liberty Mutual / Safeco,5
2012-07,age_band,40-59,Progressive / ASI,2
2012-07,covA_band,200-299K,HOAIC,2
2012-07,covA_band,200-299K,Liberty Mutual / Safeco,8
2012-07,covA_band,200-299K,Progressive / ASI,2
2012-07,covA_band,300-399K,Centauri,1
2012-07,covA_band,300-399K,HOAIC,3
2012-07,covA_band,300-399K,Liberty Mutual / Safeco,5
2012-07,covA_band,300-399K,Progressive / ASI,4
2012-07,covA_band,400-599K,HOAIC,1
2012-07,covA_band,400-599K,Liberty Mutual / Safeco,4
2012-07,covA_band,600-999K,HOAIC,1
2012-07,covA_band,600-999K,Liberty Mutual / Safeco,5
2012-07,covA_band,600-999K,Progressive / ASI,1
2012-07,covA_band,<200K,HOAIC,1
2012-07,covA_band,<200K,Liberty Mutual / Safeco,7
2012-07,covA_band,<200K,Progressive / ASI,5
2012-08,age_band,0-9,HOAIC,2
2012-08,age_band,0-9,Liberty Mutual / Safeco,5
2012-08,age_band,0-9,Progressive / ASI,3
2012-08,age_band,10-19,HOAIC,1
2012-08,age_band,10-19,Liberty Mutual / Safeco,3
2012-08,age_band,10-19,Progressive / ASI,1
2012-08,age_band,20-29,Liberty Mutual / Safeco,4
2012-08,age_band,20-29,Progressive / ASI,1
2012-08,age_band,30-39,Liberty Mutual / Safeco,1
2012-08,age_band,40-59,Liberty Mutual / Safeco,6
2012-08,age_band,40-59,Progressive / ASI,3
2012-08,covA_band,200-299K,HOAIC,1
2012-08,covA_band,200-299K,Liberty Mutual / Safeco,9
2012-08,covA_band,200-299K,Progressive / ASI,1
2012-08,covA_band,300-399K,HOAIC,2
2012-08,covA_band,300-399K,Liberty Mutual / Safeco,4
2012-08,covA_band,400-599K,Liberty Mutual / Safeco,2
2012-08,covA_band,400-599K,Progressive / ASI,3
2012-08,covA_band,600-999K,Liberty Mutual / Safeco,1
2012-08,covA_band,<200K,Liberty Mutual / Safeco,3
2012-08,covA_band,<200K,Progressive / ASI,4
2012-09,age_band,0-9,HOAIC,5
2012-09,age_band,0-9,Liberty Mutual / Safeco,6
2012-09,age_band,0-9,Progressive / ASI,7
2012-09,age_band,10-19,Liberty Mutual / Safeco,4
2012-09,age_band,30-39,Liberty Mutual / Safeco,2
2012-09,age_band,40-59,Liberty Mutual / Safeco,2
2012-09,age_band,60+,Liberty Mutual / Safeco,2
2012-09,covA_band,200-299K,HOAIC,1
2012-09,covA_band,200-299K,Liberty Mutual / Safeco,6
2012-09,covA_band,200-299K,Progressive / ASI,2
2012-09,covA_band,300-399K,HOAIC,4
2012-09,covA_band,300-399K,Liberty Mutual / Safeco,3
2012-09,covA_band,300-399K,Progressive / ASI,3
2012-09,covA_band,400-599K,Liberty Mutual / Safeco,2
2012-09,covA_band,<200K,HOAIC,1
2012-09,covA_band,<200K,Liberty Mutual / Safeco,4
2012-09,covA_band,<200K,Progressive / ASI,2
2012-10,age_band,0-9,HOAIC,8
2012-10,age_band,0-9,Liberty Mutual / Safeco,4
2012-10,age_band,0-9,Progressive / ASI,1
2012-10,age_band,0-9,Travelers,1
2012-10,age_band,10-19,HOAIC,1
2012-10,age_band,10-19,Liberty Mutual / Safeco,2
2012-10,age_band,20-29,HOAIC,1
2012-10,age_band,20-29,Liberty Mutual / Safeco,2
2012-10,age_band,20-29,Travelers,1
2012-10,age_band,30-39,Liberty Mutual / Safeco,1
2012-10,age_band,40-59,Liberty Mutual / Safeco,2
2012-10,age_band,40-59,Progressive / ASI,1
2012-10,covA_band,1M+,Liberty Mutual / Safeco,1
2012-10,covA_band,200-299K,HOAIC,3
2012-10,covA_band,200-299K,Liberty Mutual / Safeco,7
2012-10,covA_band,200-299K,Progressive / ASI,2
2012-10,covA_band,300-399K,Travelers,1
2012-10,covA_band,<200K,HOAIC,6
2012-10,covA_band,<200K,Liberty Mutual / Safeco,3
2012-10,covA_band,<200K,Travelers,1
2012-11,age_band,0-9,HOAIC,4
2012-11,age_band,0-9,Liberty Mutual / Safeco,3
2012-11,age_band,0-9,Progressive / ASI,4
2012-11,age_band,10-19,Liberty Mutual / Safeco,2
2012-11,age_band,10-19,Progressive / ASI,1
2012-11,age_band,20-29,Liberty Mutual / Safeco,1
2012-11,age_band,30-39,HOAIC,1
2012-11,age_band,30-39,Liberty Mutual / Safeco,1
2012-11,age_band,40-59,Liberty Mutual / Safeco,4
2012-11,age_band,40-59,Progressive / ASI,1
2012-11,covA_band,1M+,Liberty Mutual / Safeco,1
2012-11,covA_band,200-299K,Liberty Mutual / Safeco,3
2012-11,covA_band,300-399K,HOAIC,1
2012-11,covA_band,300-399K,Liberty Mutual / Safeco,1
2012-11,covA_band,300-399K,Progressive / ASI,3
2012-11,covA_band,400-599K,Liberty Mutual / Safeco,3
2012-11,covA_band,400-599K,Progressive / ASI,1
2012-11,covA_band,600-999K,Liberty Mutual / Safeco,1
2012-11,covA_band,<200K,HOAIC,3
2012-11,covA_band,<200K,Liberty Mutual / Safeco,1
2012-11,covA_band,<200K,Progressive / ASI,2
2012-12,age_band,0-9,HOAIC,5
2012-12,age_band,0-9,Liberty Mutual / Safeco,4
2012-12,age_band,0-9,Mercury,1
2012-12,age_band,0-9,Progressive / ASI,2
2012-12,age_band,10-19,HOAIC,1
2012-12,age_band,30-39,HOAIC,1
2012-12,age_band,40-59,Liberty Mutual / Safeco,1
2012-12,covA_band,200-299K,HOAIC,4
2012-12,covA_band,200-299K,Progressive / ASI,2
2012-12,covA_band,300-399K,HOAIC,2
2012-12,covA_band,400-599K,Liberty Mutual / Safeco,1
2012-12,covA_band,600-999K,Liberty Mutual / Safeco,1
2012-12,covA_band,<200K,HOAIC,1
2012-12,covA_band,<200K,Liberty Mutual / Safeco,3
2012-12,covA_band,<200K,Mercury,1
2013-01,age_band,0-9,HOAIC,5
2013-01,age_band,0-9,Liberty Mutual / Safeco,4
2013-01,age_band,0-9,Progressive / ASI,9
2013-01,age_band,0-9,Travelers,1
2013-01,age_band,10-19,Liberty Mutual / Safeco,5
2013-01,age_band,10-19,Progressive / ASI,2
2013-01,age_band,10-19,SageSure Occidental,1
2013-01,age_band,20-29,HOAIC,2
2013-01,age_band,20-29,Liberty Mutual / Safeco,1
2013-01,age_band,30-39,Liberty Mutual / Safeco,2
2013-01,age_band,30-39,Progressive / ASI,1
2013-01,age_band,40-59,Liberty Mutual / Safeco,2
2013-01,age_band,40-59,Progressive / ASI,1
2013-01,covA_band,200-299K,HOAIC,2
2013-01,covA_band,200-299K,Liberty Mutual / Safeco,6
2013-01,covA_band,200-299K,Progressive / ASI,5
2013-01,covA_band,300-399K,HOAIC,4
2013-01,covA_band,300-399K,Liberty Mutual / Safeco,3
2013-01,covA_band,300-399K,Progressive / ASI,5
2013-01,covA_band,300-399K,SageSure Occidental,1
2013-01,covA_band,400-599K,HOAIC,1
2013-01,covA_band,400-599K,Liberty Mutual / Safeco,2
2013-01,covA_band,400-599K,Progressive / ASI,1
2013-01,covA_band,400-599K,Travelers,1
2013-01,covA_band,<200K,Liberty Mutual / Safeco,2
2013-01,covA_band,<200K,Progressive / ASI,2
2013-02,age_band,0-9,HOAIC,6
2013-02,age_band,0-9,Liberty Mutual / Safeco,6
2013-02,age_band,0-9,Progressive / ASI,8
2013-02,age_band,10-19,HOAIC,1
2013-02,age_band,10-19,Liberty Mutual / Safeco,1
2013-02,age_band,10-19,Progressive / ASI,1
2013-02,age_band,20-29,Liberty Mutual / Safeco,3
2013-02,age_band,40-59,Liberty Mutual / Safeco,1
2013-02,age_band,40-59,Progressive / ASI,2
2013-02,age_band,60+,Liberty Mutual / Safeco,1
2013-02,covA_band,200-299K,HOAIC,3
2013-02,covA_band,200-299K,Liberty Mutual / Safeco,4
2013-02,covA_band,200-299K,Progressive / ASI,4
2013-02,covA_band,300-399K,HOAIC,2
2013-02,covA_band,300-399K,Liberty Mutual / Safeco,4
2013-02,covA_band,300-399K,Progressive / ASI,3
2013-02,covA_band,400-599K,Liberty Mutual / Safeco,2
2013-02,covA_band,400-599K,Progressive / ASI,1
2013-02,covA_band,<200K,HOAIC,2
2013-02,covA_band,<200K,Liberty Mutual / Safeco,2
2013-02,covA_band,<200K,Progressive / ASI,3
2013-03,age_band,0-9,HOAIC,4
2013-03,age_band,0-9,Liberty Mutual / Safeco,7
2013-03,age_band,0-9,Progressive / ASI,10
2013-03,age_band,0-9,SageSure Occidental,1
2013-03,age_band,0-9,Travelers,1
2013-03,age_band,10-19,Liberty Mutual / Safeco,1
2013-03,age_band,10-19,Progressive / ASI,4
2013-03,age_band,20-29,Liberty Mutual / Safeco,3
2013-03,age_band,20-29,Travelers,1
2013-03,age_band,30-39,Liberty Mutual / Safeco,4
2013-03,age_band,40-59,HOAIC,1
2013-03,age_band,40-59,Liberty Mutual / Safeco,3
2013-03,age_band,40-59,Progressive / ASI,1
2013-03,age_band,60+,Liberty Mutual / Safeco,2
2013-03,covA_band,1M+,Liberty Mutual / Safeco,1
2013-03,covA_band,200-299K,Liberty Mutual / Safeco,9
2013-03,covA_band,200-299K,Progressive / ASI,3
2013-03,covA_band,200-299K,Travelers,1
2013-03,covA_band,300-399K,HOAIC,3
2013-03,covA_band,300-399K,Liberty Mutual / Safeco,5
2013-03,covA_band,300-399K,Progressive / ASI,3
2013-03,covA_band,300-399K,Travelers,1
2013-03,covA_band,400-599K,Liberty Mutual / Safeco,3
2013-03,covA_band,400-599K,Progressive / ASI,1
2013-03,covA_band,400-599K,SageSure Occidental,1
2013-03,covA_band,600-999K,Liberty Mutual / Safeco,2
2013-03,covA_band,<200K,HOAIC,2
2013-03,covA_band,<200K,Progressive / ASI,8
2013-04,age_band,0-9,HOAIC,6
2013-04,age_band,0-9,Liberty Mutual / Safeco,4
2013-04,age_band,0-9,Progressive / ASI,9
2013-04,age_band,0-9,SageSure Occidental,1
2013-04,age_band,10-19,HOAIC,1
2013-04,age_band,10-19,Progressive / ASI,1
2013-04,age_band,20-29,Liberty Mutual / Safeco,1
2013-04,age_band,40-59,HOAIC,1
2013-04,age_band,40-59,Liberty Mutual / Safeco,2
2013-04,age_band,40-59,Progressive / ASI,1
2013-04,covA_band,200-299K,HOAIC,2
2013-04,covA_band,200-299K,Liberty Mutual / Safeco,1
2013-04,covA_band,200-299K,Progressive / ASI,2
2013-04,covA_band,300-399K,HOAIC,2
2013-04,covA_band,300-399K,Liberty Mutual / Safeco,1
2013-04,covA_band,300-399K,Progressive / ASI,5
2013-04,covA_band,400-599K,HOAIC,1
2013-04,covA_band,400-599K,Liberty Mutual / Safeco,3
2013-04,covA_band,400-599K,Progressive / ASI,1
2013-04,covA_band,400-599K,SageSure Occidental,1
2013-04,covA_band,600-999K,Progressive / ASI,1
2013-04,covA_band,<200K,HOAIC,3
2013-04,covA_band,<200K,Liberty Mutual / Safeco,1
2013-04,covA_band,<200K,Progressive / ASI,2
2013-05,age_band,0-9,HOAIC,5
2013-05,age_band,0-9,Liberty Mutual / Safeco,6
2013-05,age_band,0-9,Progressive / ASI,5
2013-05,age_band,10-19,HOAIC,3
2013-05,age_band,10-19,Liberty Mutual / Safeco,4
2013-05,age_band,10-19,Progressive / ASI,2
2013-05,age_band,20-29,Liberty Mutual / Safeco,1
2013-05,age_band,30-39,Liberty Mutual / Safeco,4
2013-05,age_band,40-59,Liberty Mutual / Safeco,2
2013-05,age_band,40-59,Progressive / ASI,1
2013-05,covA_band,200-299K,HOAIC,2
2013-05,covA_band,200-299K,Liberty Mutual / Safeco,6
2013-05,covA_band,200-299K,Progressive / ASI,4
2013-05,covA_band,300-399K,HOAIC,1
2013-05,covA_band,300-399K,Liberty Mutual / Safeco,5
2013-05,covA_band,300-399K,Progressive / ASI,3
2013-05,covA_band,400-599K,HOAIC,1
2013-05,covA_band,400-599K,Liberty Mutual / Safeco,4
2013-05,covA_band,400-599K,Progressive / ASI,1
2013-05,covA_band,600-999K,Liberty Mutual / Safeco,1
2013-05,covA_band,<200K,HOAIC,4
2013-06,age_band,0-9,HOAIC,6
2013-06,age_band,0-9,Liberty Mutual / Safeco,2
2013-06,age_band,0-9,Progressive / ASI,10
2013-06,age_band,10-19,HOAIC,2
2013-06,age_band,10-19,Liberty Mutual / Safeco,3
2013-06,age_band,10-19,Progressive / ASI,1
2013-06,age_band,30-39,Liberty Mutual / Safeco,4
2013-06,age_band,40-59,Liberty Mutual / Safeco,2
2013-06,age_band,60+,Liberty Mutual / Safeco,1
2013-06,covA_band,1M+,Liberty Mutual / Safeco,1
2013-06,covA_band,200-299K,HOAIC,2
2013-06,covA_band,200-299K,Liberty Mutual / Safeco,2
2013-06,covA_band,200-299K,Progressive / ASI,5
2013-06,covA_band,300-399K,HOAIC,4
2013-06,covA_band,300-399K,Liberty Mutual / Safeco,3
2013-06,covA_band,300-399K,Progressive / ASI,2
2013-06,covA_band,400-599K,HOAIC,1
2013-06,covA_band,400-599K,Liberty Mutual / Safeco,2
2013-06,covA_band,400-599K,Progressive / ASI,3
2013-06,covA_band,600-999K,Liberty Mutual / Safeco,3
2013-06,covA_band,<200K,Liberty Mutual / Safeco,1
2013-06,covA_band,<200K,Progressive / ASI,1
2013-07,age_band,0-9,HOAIC,4
2013-07,age_band,0-9,Liberty Mutual / Safeco,2
2013-07,age_band,0-9,Progressive / ASI,4
2013-07,age_band,0-9,SageSure Occidental,1
2013-07,age_band,10-19,Liberty Mutual / Safeco,5
2013-07,age_band,20-29,Liberty Mutual / Safeco,1
2013-07,age_band,30-39,HOAIC,1
2013-07,age_band,40-59,Liberty Mutual / Safeco,6
2013-07,covA_band,1M+,Liberty Mutual / Safeco,1
2013-07,covA_band,200-299K,HOAIC,4
2013-07,covA_band,200-299K,Liberty Mutual / Safeco,7
2013-07,covA_band,200-299K,Progressive / ASI,2
2013-07,covA_band,300-399K,HOAIC,1
2013-07,covA_band,300-399K,Liberty Mutual / Safeco,2
2013-07,covA_band,300-399K,SageSure Occidental,1
2013-07,covA_band,400-599K,Liberty Mutual / Safeco,2
2013-07,covA_band,400-599K,Progressive / ASI,1
2013-07,covA_band,<200K,Liberty Mutual / Safeco,1
2013-07,covA_band,<200K,Progressive / ASI,1
2013-08,age_band,0-9,HOAIC,8
2013-08,age_band,0-9,Liberty Mutual / Safeco,5
2013-08,age_band,0-9,Progressive / ASI,2
2013-08,age_band,10-19,HOAIC,1
2013-08,age_band,10-19,Liberty Mutual / Safeco,2
2013-08,age_band,10-19,Progressive / ASI,1
2013-08,age_band,20-29,Liberty Mutual / Safeco,2
2013-08,age_band,30-39,Liberty Mutual / Safeco,5
2013-08,age_band,30-39,Progressive / ASI,2
2013-08,age_band,40-59,Liberty Mutual / Safeco,2
2013-08,age_band,40-59,Progressive / ASI,1
2013-08,age_band,60+,Liberty Mutual / Safeco,1
2013-08,age_band,60+,SageSure Occidental,1
2013-08,covA_band,1M+,Liberty Mutual / Safeco,2
2013-08,covA_band,200-299K,HOAIC,3
2013-08,covA_band,200-299K,Liberty Mutual / Safeco,2
2013-08,covA_band,200-299K,Progressive / ASI,4
2013-08,covA_band,300-399K,HOAIC,1
2013-08,covA_band,300-399K,Liberty Mutual / Safeco,7
2013-08,covA_band,400-599K,HOAIC,3
2013-08,covA_band,400-599K,Liberty Mutual / Safeco,3
2013-08,covA_band,400-599K,Progressive / ASI,2
2013-08,covA_band,400-599K,SageSure Occidental,1
2013-08,covA_band,600-999K,Liberty Mutual / Safeco,1
2013-08,covA_band,<200K,HOAIC,2
2013-08,covA_band,<200K,Liberty Mutual / Safeco,2
2013-09,age_band,0-9,HOAIC,9
2013-09,age_band,0-9,Liberty Mutual / Safeco,5
2013-09,age_band,0-9,Progressive / ASI,4
2013-09,age_band,10-19,HOAIC,1
2013-09,age_band,10-19,Liberty Mutual / Safeco,5
2013-09,age_band,20-29,Liberty Mutual / Safeco,2
2013-09,age_band,30-39,Liberty Mutual / Safeco,2
2013-09,age_band,40-59,Liberty Mutual / Safeco,1
2013-09,covA_band,200-299K,HOAIC,7
2013-09,covA_band,200-299K,Liberty Mutual / Safeco,4
2013-09,covA_band,200-299K,Progressive / ASI,2
2013-09,covA_band,300-399K,HOAIC,2
2013-09,covA_band,300-399K,Liberty Mutual / Safeco,6
2013-09,covA_band,300-399K,Progressive / ASI,2
2013-09,covA_band,400-599K,HOAIC,1
2013-09,covA_band,400-599K,Liberty Mutual / Safeco,4
2013-10,age_band,0-9,Centauri,1
2013-10,age_band,0-9,HOAIC,5
2013-10,age_band,0-9,Liberty Mutual / Safeco,1
2013-10,age_band,0-9,Progressive / ASI,5
2013-10,age_band,10-19,HOAIC,3
2013-10,age_band,10-19,Liberty Mutual / Safeco,1
2013-10,age_band,10-19,Travelers,1
2013-10,age_band,20-29,Progressive / ASI,1
2013-10,age_band,30-39,Liberty Mutual / Safeco,2
2013-10,age_band,40-59,HOAIC,1
2013-10,age_band,40-59,Liberty Mutual / Safeco,2
2013-10,age_band,40-59,Progressive / ASI,1
2013-10,covA_band,200-299K,HOAIC,3
2013-10,covA_band,200-299K,Liberty Mutual / Safeco,3
2013-10,covA_band,200-299K,Progressive / ASI,3
2013-10,covA_band,300-399K,HOAIC,1
2013-10,covA_band,300-399K,Liberty Mutual / Safeco,2
2013-10,covA_band,300-399K,Progressive / ASI,2
2013-10,covA_band,400-599K,HOAIC,2
2013-10,covA_band,400-599K,Progressive / ASI,1
2013-10,covA_band,400-599K,Travelers,1
2013-10,covA_band,600-999K,Liberty Mutual / Safeco,1
2013-10,covA_band,<200K,HOAIC,3
2013-10,covA_band,<200K,Progressive / ASI,1
2013-11,age_band,0-9,Centauri,1
2013-11,age_band,0-9,HOAIC,5
2013-11,age_band,0-9,Liberty Mutual / Safeco,3
2013-11,age_band,0-9,Progressive / ASI,2
2013-11,age_band,0-9,Travelers,1
2013-11,age_band,10-19,HOAIC,1
2013-11,age_band,10-19,SageSure SURE,1
2013-11,age_band,20-29,Liberty Mutual / Safeco,1
2013-11,age_band,30-39,Liberty Mutual / Safeco,4
2013-11,age_band,40-59,Liberty Mutual / Safeco,3
2013-11,covA_band,200-299K,Liberty Mutual / Safeco,5
2013-11,covA_band,200-299K,Progressive / ASI,2
2013-11,covA_band,200-299K,Travelers,1
2013-11,covA_band,300-399K,HOAIC,3
2013-11,covA_band,300-399K,Liberty Mutual / Safeco,2
2013-11,covA_band,400-599K,HOAIC,2
2013-11,covA_band,600-999K,Liberty Mutual / Safeco,1
2013-11,covA_band,600-999K,SageSure SURE,1
2013-11,covA_band,<200K,HOAIC,1
2013-11,covA_band,<200K,Liberty Mutual / Safeco,2
2013-12,age_band,0-9,Centauri,1
2013-12,age_band,0-9,HOAIC,7
2013-12,age_band,0-9,Liberty Mutual / Safeco,1
2013-12,age_band,0-9,Progressive / ASI,7
2013-12,age_band,10-19,Liberty Mutual / Safeco,1
2013-12,age_band,10-19,SageSure Occidental,1
2013-12,age_band,20-29,HOAIC,1
2013-12,covA_band,200-299K,Centauri,1
2013-12,covA_band,200-299K,HOAIC,4
2013-12,covA_band,200-299K,Progressive / ASI,5
2013-12,covA_band,300-399K,HOAIC,1
2013-12,covA_band,300-399K,Liberty Mutual / Safeco,1
2013-12,covA_band,400-599K,HOAIC,2
2013-12,covA_band,400-599K,Progressive / ASI,1
2013-12,covA_band,400-599K,SageSure Occidental,1
2013-12,covA_band,<200K,HOAIC,1
2013-12,covA_band,<200K,Progressive / ASI,1
2014-01,age_band,0-9,Centauri,1
2014-01,age_band,0-9,HOAIC,7
2014-01,age_band,0-9,Liberty Mutual / Safeco,4
2014-01,age_band,0-9,Progressive / ASI,2
2014-01,age_band,0-9,Travelers,1
2014-01,age_band,10-19,Liberty Mutual / Safeco,1
2014-01,age_band,10-19,Progressive / ASI,1
2014-01,age_band,10-19,Travelers,1
2014-01,age_band,20-29,Liberty Mutual / Safeco,3
2014-01,age_band,40-59,Liberty Mutual / Safeco,3
2014-01,covA_band,200-299K,HOAIC,3
2014-01,covA_band,200-299K,Liberty Mutual / Safeco,3
2014-01,covA_band,200-299K,Progressive / ASI,1
2014-01,covA_band,300-399K,HOAIC,2
2014-01,covA_band,300-399K,Liberty Mutual / Safeco,3
2014-01,covA_band,300-399K,Progressive / ASI,1
2014-01,covA_band,400-599K,HOAIC,2
2014-01,covA_band,400-599K,Liberty Mutual / Safeco,1
2014-01,covA_band,400-599K,Travelers,2
2014-01,covA_band,600-999K,Liberty Mutual / Safeco,1
2014-01,covA_band,<200K,Centauri,1
2014-01,covA_band,<200K,Liberty Mutual / Safeco,2
2014-01,covA_band,<200K,Progressive / ASI,1
2014-02,age_band,0-9,HOAIC,5
2014-02,age_band,0-9,Liberty Mutual / Safeco,1
2014-02,age_band,0-9,Progressive / ASI,13
2014-02,age_band,0-9,SageSure Occidental,1
2014-02,age_band,10-19,HOAIC,2
2014-02,age_band,10-19,SageSure Occidental,1
2014-02,age_band,20-29,Liberty Mutual / Safeco,1
2014-02,age_band,20-29,Progressive / ASI,1
2014-02,age_band,30-39,HOAIC,1
2014-02,age_band,30-39,Liberty Mutual / Safeco,2
2014-02,covA_band,1M+,Liberty Mutual / Safeco,1
2014-02,covA_band,1M+,Progressive / ASI,1
2014-02,covA_band,1M+,SageSure Occidental,1
2014-02,covA_band,200-299K,HOAIC,1
2014-02,covA_band,200-299K,Liberty Mutual / Safeco,2
2014-02,covA_band,200-299K,Progressive / ASI,5
2014-02,covA_band,200-299K,SageSure Occidental,1
2014-02,covA_band,300-399K,HOAIC,1
2014-02,covA_band,300-399K,Progressive / ASI,2
2014-02,covA_band,400-599K,HOAIC,4
2014-02,covA_band,400-599K,Progressive / ASI,3
2014-02,covA_band,<200K,HOAIC,2
2014-02,covA_band,<200K,Liberty Mutual / Safeco,1
2014-02,covA_band,<200K,Progressive / ASI,3
2014-03,age_band,0-9,HOAIC,10
2014-03,age_band,0-9,Liberty Mutual / Safeco,6
2014-03,age_band,0-9,Progressive / ASI,8
2014-03,age_band,0-9,Travelers,1
2014-03,age_band,10-19,HOAIC,3
2014-03,age_band,10-19,Liberty Mutual / Safeco,2
2014-03,age_band,10-19,Progressive / ASI,3
2014-03,age_band,20-29,HOAIC,1
2014-03,age_band,20-29,Liberty Mutual / Safeco,1
2014-03,age_band,30-39,Liberty Mutual / Safeco,2
2014-03,age_band,40-59,Liberty Mutual / Safeco,4
2014-03,age_band,60+,Liberty Mutual / Safeco,2
2014-03,covA_band,1M+,Liberty Mutual / Safeco,1
2014-03,covA_band,200-299K,HOAIC,6
2014-03,covA_band,200-299K,Liberty Mutual / Safeco,7
2014-03,covA_band,200-299K,Progressive / ASI,6
2014-03,covA_band,300-399K,Liberty Mutual / Safeco,1
2014-03,covA_band,300-399K,Progressive / ASI,1
2014-03,covA_band,400-599K,HOAIC,3
2014-03,covA_band,400-599K,Liberty Mutual / Safeco,5
2014-03,covA_band,400-599K,Progressive / ASI,1
2014-03,covA_band,600-999K,HOAIC,1
2014-03,covA_band,600-999K,Progressive / ASI,1
2014-03,covA_band,600-999K,Travelers,1
2014-03,covA_band,<200K,HOAIC,3
2014-03,covA_band,<200K,Liberty Mutual / Safeco,2
2014-03,covA_band,<200K,Progressive / ASI,2
2014-04,age_band,0-9,HOAIC,7
2014-04,age_band,0-9,Liberty Mutual / Safeco,4
2014-04,age_band,0-9,Progressive / ASI,6
2014-04,age_band,10-19,HOAIC,2
2014-04,age_band,10-19,Liberty Mutual / Safeco,1
2014-04,age_band,10-19,Progressive / ASI,1
2014-04,age_band,20-29,Liberty Mutual / Safeco,1
2014-04,age_band,30-39,Liberty Mutual / Safeco,1
2014-04,age_band,40-59,Liberty Mutual / Safeco,2
2014-04,age_band,60+,Liberty Mutual / Safeco,3
2014-04,covA_band,1M+,Progressive / ASI,1
2014-04,covA_band,200-299K,HOAIC,1
2014-04,covA_band,200-299K,Liberty Mutual / Safeco,2
2014-04,covA_band,200-299K,Progressive / ASI,2
2014-04,covA_band,300-399K,HOAIC,3
2014-04,covA_band,300-399K,Liberty Mutual / Safeco,4
2014-04,covA_band,300-399K,Progressive / ASI,1
2014-04,covA_band,400-599K,HOAIC,4
2014-04,covA_band,400-599K,Liberty Mutual / Safeco,3
2014-04,covA_band,400-599K,Progressive / ASI,3
2014-04,covA_band,600-999K,Liberty Mutual / Safeco,1
2014-04,covA_band,<200K,HOAIC,1
2014-04,covA_band,<200K,Liberty Mutual / Safeco,1
2014-05,age_band,0-9,HOAIC,6
2014-05,age_band,0-9,Liberty Mutual / Safeco,1
2014-05,age_band,0-9,Progressive / ASI,4
2014-05,age_band,10-19,HOAIC,4
2014-05,age_band,10-19,Liberty Mutual / Safeco,3
2014-05,age_band,10-19,Progressive / ASI,4
2014-05,age_band,10-19,SageSure Occidental,1
2014-05,age_band,20-29,HOAIC,1
2014-05,age_band,30-39,Liberty Mutual / Safeco,6
2014-05,age_band,40-59,Liberty Mutual / Safeco,2
2014-05,age_band,40-59,Progressive / ASI,1
2014-05,covA_band,200-299K,HOAIC,3
2014-05,covA_band,200-299K,Liberty Mutual / Safeco,7
2014-05,covA_band,200-299K,SageSure Occidental,1
2014-05,covA_band,300-399K,HOAIC,2
2014-05,covA_band,300-399K,Liberty Mutual / Safeco,1
2014-05,covA_band,300-399K,Progressive / ASI,5
2014-05,covA_band,400-599K,HOAIC,3
2014-05,covA_band,400-599K,Liberty Mutual / Safeco,1
2014-05,covA_band,400-599K,Progressive / ASI,1
2014-05,covA_band,600-999K,Liberty Mutual / Safeco,2
2014-05,covA_band,600-999K,Progressive / ASI,2
2014-05,covA_band,<200K,HOAIC,3
2014-05,covA_band,<200K,Liberty Mutual / Safeco,1
2014-05,covA_band,<200K,Progressive / ASI,1
2014-06,age_band,0-9,Centauri,1
2014-06,age_band,0-9,HOAIC,10
2014-06,age_band,0-9,Liberty Mutual / Safeco,2
2014-06,age_band,0-9,Progressive / ASI,11
2014-06,age_band,10-19,Liberty Mutual / Safeco,4
2014-06,age_band,10-19,Progressive / ASI,6
2014-06,age_band,30-39,HOAIC,1
2014-06,age_band,30-39,Liberty Mutual / Safeco,5
2014-06,age_band,30-39,Progressive / ASI,1
2014-06,age_band,30-39,SageSure Occidental,1
2014-06,age_band,40-59,Liberty Mutual / Safeco,4
2014-06,covA_band,1M+,Liberty Mutual / Safeco,1
2014-06,covA_band,200-299K,Centauri,1
2014-06,covA_band,200-299K,HOAIC,2
2014-06,covA_band,200-299K,Liberty Mutual / Safeco,11
2014-06,covA_band,200-299K,Progressive / ASI,7
2014-06,covA_band,200-299K,SageSure Occidental,1
2014-06,covA_band,300-399K,HOAIC,2
2014-06,covA_band,300-399K,Progressive / ASI,3
2014-06,covA_band,400-599K,HOAIC,4
2014-06,covA_band,400-599K,Liberty Mutual / Safeco,1
2014-06,covA_band,400-599K,Progressive / ASI,7
2014-06,covA_band,600-999K,HOAIC,1
2014-06,covA_band,600-999K,Progressive / ASI,1
2014-06,covA_band,<200K,HOAIC,2
2014-06,covA_band,<200K,Liberty Mutual / Safeco,2
2014-07,age_band,0-9,HOAIC,5
2014-07,age_band,0-9,Liberty Mutual / Safeco,5
2014-07,age_band,0-9,Progressive / ASI,7
2014-07,age_band,10-19,Liberty Mutual / Safeco,5
2014-07,age_band,10-19,Progressive / ASI,1
2014-07,age_band,20-29,Liberty Mutual / Safeco,3
2014-07,age_band,30-39,HOAIC,1
2014-07,age_band,30-39,Liberty Mutual / Safeco,1
2014-07,age_band,40-59,Liberty Mutual / Safeco,4
2014-07,covA_band,200-299K,HOAIC,3
2014-07,covA_band,200-299K,Liberty Mutual / Safeco,7
2014-07,covA_band,200-299K,Progressive / ASI,4
2014-07,covA_band,300-399K,Liberty Mutual / Safeco,3
2014-07,covA_band,300-399K,Progressive / ASI,2
2014-07,covA_band,400-599K,HOAIC,2
2014-07,covA_band,400-599K,Liberty Mutual / Safeco,5
2014-07,covA_band,600-999K,Liberty Mutual / Safeco,1
2014-07,covA_band,<200K,HOAIC,1
2014-07,covA_band,<200K,Liberty Mutual / Safeco,2
2014-07,covA_band,<200K,Progressive / ASI,2
2014-08,age_band,0-9,HOAIC,5
2014-08,age_band,0-9,Liberty Mutual / Safeco,5
2014-08,age_band,0-9,Progressive / ASI,7
2014-08,age_band,10-19,HOAIC,2
2014-08,age_band,10-19,Liberty Mutual / Safeco,4
2014-08,age_band,10-19,Progressive / ASI,2
2014-08,age_band,20-29,Liberty Mutual / Safeco,3
2014-08,age_band,30-39,Liberty Mutual / Safeco,1
2014-08,age_band,30-39,Progressive / ASI,1
2014-08,age_band,40-59,Liberty Mutual / Safeco,5
2014-08,age_band,40-59,Travelers,1
2014-08,age_band,60+,Liberty Mutual / Safeco,1
2014-08,covA_band,1M+,Liberty Mutual / Safeco,1
2014-08,covA_band,200-299K,HOAIC,3
2014-08,covA_band,200-299K,Liberty Mutual / Safeco,9
2014-08,covA_band,200-299K,Progressive / ASI,5
2014-08,covA_band,200-299K,Travelers,1
2014-08,covA_band,300-399K,HOAIC,1
2014-08,covA_band,300-399K,Liberty Mutual / Safeco,1
2014-08,covA_band,300-399K,Progressive / ASI,3
2014-08,covA_band,400-599K,HOAIC,2
2014-08,covA_band,400-599K,Liberty Mutual / Safeco,1
2014-08,covA_band,400-599K,Progressive / ASI,2
2014-08,covA_band,600-999K,HOAIC,1
2014-08,covA_band,600-999K,Liberty Mutual / Safeco,2
2014-08,covA_band,<200K,Liberty Mutual / Safeco,4
2014-09,age_band,0-9,HOAIC,3
2014-09,age_band,0-9,Liberty Mutual / Safeco,2
2014-09,age_band,0-9,Progressive / ASI,4
2014-09,age_band,10-19,HOAIC,2
2014-09,age_band,10-19,Liberty Mutual / Safeco,3
2014-09,age_band,10-19,Progressive / ASI,1
2014-09,age_band,20-29,HOAIC,1
2014-09,age_band,20-29,Liberty Mutual / Safeco,1
2014-09,age_band,20-29,Progressive / ASI,1
2014-09,age_band,30-39,Liberty Mutual / Safeco,2
2014-09,age_band,40-59,Liberty Mutual / Safeco,5
2014-09,age_band,40-59,Progressive / ASI,1
2014-09,age_band,60+,Liberty Mutual / Safeco,1
2014-09,covA_band,200-299K,HOAIC,2
2014-09,covA_band,200-299K,Liberty Mutual / Safeco,3
2014-09,covA_band,300-399K,HOAIC,2
2014-09,covA_band,300-399K,Liberty Mutual / Safeco,6
2014-09,covA_band,300-399K,Progressive / ASI,4
2014-09,covA_band,400-599K,Progressive / ASI,2
2014-09,covA_band,600-999K,Liberty Mutual / Safeco,2
2014-09,covA_band,600-999K,Progressive / ASI,1
2014-09,covA_band,<200K,HOAIC,2
2014-09,covA_band,<200K,Liberty Mutual / Safeco,2
2014-10,age_band,0-9,HOAIC,3
2014-10,age_band,0-9,Liberty Mutual / Safeco,5
2014-10,age_band,0-9,Progressive / ASI,11
2014-10,age_band,10-19,Liberty Mutual / Safeco,3
2014-10,age_band,20-29,Liberty Mutual / Safeco,1
2014-10,age_band,30-39,HOAIC,3
2014-10,age_band,30-39,Liberty Mutual / Safeco,9
2014-10,age_band,30-39,Travelers,1
2014-10,age_band,40-59,Liberty Mutual / Safeco,6
2014-10,age_band,40-59,Travelers,1
2014-10,covA_band,1M+,Liberty Mutual / Safeco,1
2014-10,covA_band,200-299K,HOAIC,4
2014-10,covA_band,200-299K,Liberty Mutual / Safeco,8
2014-10,covA_band,200-299K,Progressive / ASI,2
2014-10,covA_band,200-299K,Travelers,1
2014-10,covA_band,300-399K,Liberty Mutual / Safeco,6
2014-10,covA_band,300-399K,Progressive / ASI,4
2014-10,covA_band,300-399K,Travelers,1
2014-10,covA_band,400-599K,HOAIC,1
2014-10,covA_band,400-599K,Liberty Mutual / Safeco,5
2014-10,covA_band,400-599K,Progressive / ASI,1
2014-10,covA_band,600-999K,Liberty Mutual / Safeco,1
2014-10,covA_band,<200K,HOAIC,1
2014-10,covA_band,<200K,Liberty Mutual / Safeco,3
2014-10,covA_band,<200K,Progressive / ASI,4
2014-11,age_band,0-9,HOAIC,4
2014-11,age_band,0-9,Liberty Mutual / Safeco,3
2014-11,age_band,0-9,Progressive / ASI,4
2014-11,age_band,10-19,HOAIC,1
2014-11,age_band,10-19,Liberty Mutual / Safeco,2
2014-11,age_band,20-29,HOAIC,1
2014-11,age_band,20-29,Progressive / ASI,2
2014-11,age_band,30-39,HOAIC,2
2014-11,age_band,30-39,Liberty Mutual / Safeco,1
2014-11,age_band,30-39,SageSure Occidental,1
2014-11,age_band,40-59,HOAIC,1
2014-11,age_band,40-59,Liberty Mutual / Safeco,4
2014-11,age_band,40-59,SageSure Occidental,2
2014-11,age_band,60+,Centauri,2
2014-11,covA_band,200-299K,HOAIC,3
2014-11,covA_band,200-299K,Liberty Mutual / Safeco,2
2014-11,covA_band,200-299K,Progressive / ASI,2
2014-11,covA_band,200-299K,SageSure Occidental,1
2014-11,covA_band,300-399K,HOAIC,1
2014-11,covA_band,300-399K,Liberty Mutual / Safeco,2
2014-11,covA_band,300-399K,Progressive / ASI,2
2014-11,covA_band,300-399K,SageSure Occidental,1
2014-11,covA_band,400-599K,Liberty Mutual / Safeco,3
2014-11,covA_band,400-599K,Progressive / ASI,2
2014-11,covA_band,600-999K,HOAIC,1
2014-11,covA_band,600-999K,Liberty Mutual / Safeco,2
2014-11,covA_band,600-999K,SageSure Occidental,1
2014-11,covA_band,<200K,HOAIC,4
2014-11,covA_band,<200K,Liberty Mutual / Safeco,1
2014-12,age_band,0-9,HOAIC,6
2014-12,age_band,0-9,Liberty Mutual / Safeco,2
2014-12,age_band,0-9,Progressive / ASI,4
2014-12,age_band,10-19,Centauri,1
2014-12,age_band,10-19,Progressive / ASI,3
2014-12,age_band,20-29,HOAIC,4
2014-12,age_band,20-29,Liberty Mutual / Safeco,1
2014-12,age_band,40-59,HOAIC,1
2014-12,age_band,40-59,Liberty Mutual / Safeco,3
2014-12,age_band,60+,Centauri,4
2014-12,age_band,60+,Liberty Mutual / Safeco,1
2014-12,covA_band,200-299K,Centauri,1
2014-12,covA_band,200-299K,HOAIC,1
2014-12,covA_band,200-299K,Liberty Mutual / Safeco,1
2014-12,covA_band,200-299K,Progressive / ASI,3
2014-12,covA_band,300-399K,HOAIC,3
2014-12,covA_band,300-399K,Liberty Mutual / Safeco,3
2014-12,covA_band,300-399K,Progressive / ASI,4
2014-12,covA_band,400-599K,HOAIC,4
2014-12,covA_band,400-599K,Liberty Mutual / Safeco,1
2014-12,covA_band,<200K,HOAIC,3
2014-12,covA_band,<200K,Liberty Mutual / Safeco,1
2015-01,age_band,0-9,Centauri,1
2015-01,age_band,0-9,HOAIC,4
2015-01,age_band,0-9,Progressive / ASI,6
2015-01,age_band,0-9,Travelers,1
2015-01,age_band,10-19,HOAIC,2
2015-01,age_band,10-19,Liberty Mutual / Safeco,1
2015-01,age_band,20-29,Liberty Mutual / Safeco,1
2015-01,age_band,20-29,Progressive / ASI,1
2015-01,age_band,40-59,HOAIC,1
2015-01,age_band,40-59,Liberty Mutual / Safeco,6
2015-01,age_band,60+,Centauri,6
2015-01,covA_band,200-299K,HOAIC,1
2015-01,covA_band,200-299K,Liberty Mutual / Safeco,2
2015-01,covA_band,200-299K,Progressive / ASI,3
2015-01,covA_band,200-299K,Travelers,1
2015-01,covA_band,300-399K,Centauri,1
2015-01,covA_band,300-399K,Liberty Mutual / Safeco,1
2015-01,covA_band,400-599K,HOAIC,1
2015-01,covA_band,400-599K,Progressive / ASI,3
2015-01,covA_band,<200K,HOAIC,5
2015-01,covA_band,<200K,Liberty Mutual / Safeco,4
2015-01,covA_band,<200K,Progressive / ASI,1
2015-02,age_band,0-9,HOAIC,3
2015-02,age_band,0-9,Progressive / ASI,4
2015-02,age_band,10-19,Foremost,1
2015-02,age_band,10-19,HOAIC,2
2015-02,age_band,10-19,Liberty Mutual / Safeco,1
2015-02,age_band,20-29,HOAIC,1
2015-02,age_band,30-39,Liberty Mutual / Safeco,1
2015-02,age_band,40-59,Liberty Mutual / Safeco,4
2015-02,age_band,40-59,Travelers,1
2015-02,age_band,60+,Centauri,1
2015-02,covA_band,1M+,Progressive / ASI,1
2015-02,covA_band,200-299K,HOAIC,1
2015-02,covA_band,200-299K,Liberty Mutual / Safeco,1
2015-02,covA_band,300-399K,HOAIC,4
2015-02,covA_band,400-599K,Liberty Mutual / Safeco,1
2015-02,covA_band,400-599K,Progressive / ASI,1
2015-02,covA_band,600-999K,Liberty Mutual / Safeco,2
2015-02,covA_band,600-999K,Progressive / ASI,1
2015-02,covA_band,<200K,Foremost,1
2015-02,covA_band,<200K,HOAIC,1
2015-02,covA_band,<200K,Liberty Mutual / Safeco,2
2015-02,covA_band,<200K,Progressive / ASI,1
2015-02,covA_band,<200K,Travelers,1
2015-03,age_band,0-9,Centauri,3
2015-03,age_band,0-9,HOAIC,9
2015-03,age_band,0-9,Liberty Mutual / Safeco,2
2015-03,age_band,0-9,Progressive / ASI,7
2015-03,age_band,0-9,Travelers,1
2015-03,age_band,10-19,Centauri,1
2015-03,age_band,10-19,HOAIC,2
2015-03,age_band,10-19,Liberty Mutual / Safeco,1
2015-03,age_band,10-19,Progressive / ASI,4
2015-03,age_band,10-19,Travelers,1
2015-03,age_band,20-29,Liberty Mutual / Safeco,1
2015-03,age_band,30-39,Liberty Mutual / Safeco,2
2015-03,age_band,30-39,Travelers,1
2015-03,age_band,40-59,Centauri,1
2015-03,age_band,40-59,Liberty Mutual / Safeco,5
2015-03,age_band,60+,Centauri,2
2015-03,covA_band,1M+,Progressive / ASI,1
2015-03,covA_band,200-299K,HOAIC,4
2015-03,covA_band,200-299K,Liberty Mutual / Safeco,5
2015-03,covA_band,200-299K,Progressive / ASI,4
2015-03,covA_band,200-299K,Travelers,1
2015-03,covA_band,300-399K,Centauri,1
2015-03,covA_band,300-399K,HOAIC,2
2015-03,covA_band,300-399K,Liberty Mutual / Safeco,1
2015-03,covA_band,300-399K,Progressive / ASI,3
2015-03,covA_band,400-599K,Centauri,4
2015-03,covA_band,400-599K,HOAIC,4
2015-03,covA_band,400-599K,Liberty Mutual / Safeco,4
2015-03,covA_band,400-599K,Progressive / ASI,3
2015-03,covA_band,<200K,HOAIC,1
2015-03,covA_band,<200K,Travelers,2
2015-04,age_band,0-9,Centauri,1
2015-04,age_band,0-9,HOAIC,10
2015-04,age_band,0-9,Liberty Mutual / Safeco,1
2015-04,age_band,0-9,Progressive / ASI,6
2015-04,age_band,10-19,Centauri,1
2015-04,age_band,10-19,HOAIC,3
2015-04,age_band,10-19,TWICO,1
2015-04,age_band,20-29,HOAIC,1
2015-04,age_band,20-29,Travelers,1
2015-04,age_band,30-39,HOAIC,1
2015-04,age_band,30-39,Liberty Mutual / Safeco,3
2015-04,age_band,30-39,Travelers,1
2015-04,age_band,40-59,HOAIC,1
2015-04,age_band,40-59,Liberty Mutual / Safeco,2
2015-04,age_band,40-59,TWICO,1
2015-04,age_band,40-59,Travelers,1
2015-04,age_band,60+,Centauri,12
2015-04,age_band,60+,Liberty Mutual / Safeco,2
2015-04,age_band,60+,TWICO,1
2015-04,covA_band,1M+,Progressive / ASI,1
2015-04,covA_band,200-299K,HOAIC,3
2015-04,covA_band,200-299K,Liberty Mutual / Safeco,2
2015-04,covA_band,200-299K,Progressive / ASI,2
2015-04,covA_band,200-299K,TWICO,1
2015-04,covA_band,200-299K,Travelers,1
2015-04,covA_band,300-399K,HOAIC,4
2015-04,covA_band,300-399K,Liberty Mutual / Safeco,3
2015-04,covA_band,300-399K,Progressive / ASI,1
2015-04,covA_band,300-399K,TWICO,1
2015-04,covA_band,400-599K,Centauri,1
2015-04,covA_band,400-599K,HOAIC,5
2015-04,covA_band,400-599K,Liberty Mutual / Safeco,1
2015-04,covA_band,600-999K,Liberty Mutual / Safeco,1
2015-04,covA_band,600-999K,Progressive / ASI,2
2015-04,covA_band,<200K,Centauri,1
2015-04,covA_band,<200K,HOAIC,4
2015-04,covA_band,<200K,Liberty Mutual / Safeco,1
2015-04,covA_band,<200K,TWICO,1
2015-04,covA_band,<200K,Travelers,2
2015-05,age_band,0-9,HOAIC,6
2015-05,age_band,0-9,Liberty Mutual / Safeco,2
2015-05,age_band,0-9,National General,1
2015-05,age_band,0-9,Progressive / ASI,3
2015-05,age_band,10-19,HOAIC,3
2015-05,age_band,10-19,Progressive / ASI,1
2015-05,age_band,10-19,TWICO,1
2015-05,age_band,10-19,Travelers,1
2015-05,age_band,20-29,HOAIC,1
2015-05,age_band,20-29,TWICO,1
2015-05,age_band,30-39,HOAIC,1
2015-05,age_band,30-39,Liberty Mutual / Safeco,1
2015-05,age_band,30-39,Progressive / ASI,2
2015-05,age_band,30-39,Travelers,1
2015-05,age_band,40-59,Liberty Mutual / Safeco,3
2015-05,age_band,40-59,Progressive / ASI,1
2015-05,age_band,40-59,Travelers,1
2015-05,age_band,60+,Centauri,9
2015-05,covA_band,200-299K,HOAIC,1
2015-05,covA_band,200-299K,Liberty Mutual / Safeco,2
2015-05,covA_band,200-299K,Progressive / ASI,2
2015-05,covA_band,200-299K,TWICO,1
2015-05,covA_band,300-399K,HOAIC,2
2015-05,covA_band,300-399K,Liberty Mutual / Safeco,2
2015-05,covA_band,300-399K,Progressive / ASI,2
2015-05,covA_band,300-399K,Travelers,2
2015-05,covA_band,400-599K,HOAIC,3
2015-05,covA_band,400-599K,Progressive / ASI,2
2015-05,covA_band,400-599K,TWICO,1
2015-05,covA_band,400-599K,Travelers,1
2015-05,covA_band,600-999K,Liberty Mutual / Safeco,2
2015-05,covA_band,<200K,HOAIC,5
2015-05,covA_band,<200K,National General,1
2015-05,covA_band,<200K,Progressive / ASI,1
2015-06,age_band,0-9,Centauri,1
2015-06,age_band,0-9,HOAIC,10
2015-06,age_band,0-9,National General,1
2015-06,age_band,0-9,Progressive / ASI,7
2015-06,age_band,0-9,Travelers,1
2015-06,age_band,10-19,Centauri,1
2015-06,age_band,10-19,HOAIC,2
2015-06,age_band,10-19,Progressive / ASI,2
2015-06,age_band,20-29,HOAIC,1
2015-06,age_band,30-39,HOAIC,4
2015-06,age_band,30-39,Liberty Mutual / Safeco,1
2015-06,age_band,30-39,Travelers,4
2015-06,age_band,40-59,Progressive / ASI,1
2015-06,age_band,40-59,TWICO,1
2015-06,age_band,40-59,Travelers,1
2015-06,age_band,60+,Centauri,5
2015-06,covA_band,200-299K,HOAIC,4
2015-06,covA_band,200-299K,Progressive / ASI,5
2015-06,covA_band,200-299K,TWICO,1
2015-06,covA_band,200-299K,Travelers,5
2015-06,covA_band,300-399K,Centauri,1
2015-06,covA_band,300-399K,HOAIC,4
2015-06,covA_band,300-399K,Progressive / ASI,4
2015-06,covA_band,400-599K,HOAIC,5
2015-06,covA_band,400-599K,Liberty Mutual / Safeco,1
2015-06,covA_band,400-599K,National General,1
2015-06,covA_band,600-999K,HOAIC,1
2015-06,covA_band,<200K,HOAIC,3
2015-06,covA_band,<200K,Progressive / ASI,1
2015-06,covA_band,<200K,Travelers,1
2015-07,age_band,0-9,Centauri,4
2015-07,age_band,0-9,HOAIC,5
2015-07,age_band,0-9,National General,1
2015-07,age_band,0-9,Progressive / ASI,10
2015-07,age_band,0-9,SageSure Occidental,1
2015-07,age_band,0-9,SageSure SURE,1
2015-07,age_band,10-19,Centauri,2
2015-07,age_band,10-19,HOAIC,4
2015-07,age_band,10-19,Liberty Mutual / Safeco,4
2015-07,age_band,10-19,Progressive / ASI,2
2015-07,age_band,20-29,Travelers,1
2015-07,age_band,30-39,HOAIC,1
2015-07,age_band,40-59,Liberty Mutual / Safeco,2
2015-07,age_band,40-59,Travelers,1
2015-07,age_band,60+,Centauri,7
2015-07,age_band,60+,Liberty Mutual / Safeco,1
2015-07,covA_band,1M+,Progressive / ASI,2
2015-07,covA_band,200-299K,HOAIC,3
2015-07,covA_band,200-299K,Progressive / ASI,5
2015-07,covA_band,200-299K,SageSure Occidental,1
2015-07,covA_band,200-299K,Travelers,1
2015-07,covA_band,300-399K,Centauri,3
2015-07,covA_band,300-399K,HOAIC,4
2015-07,covA_band,300-399K,Liberty Mutual / Safeco,4
2015-07,covA_band,300-399K,Progressive / ASI,1
2015-07,covA_band,400-599K,Centauri,2
2015-07,covA_band,400-599K,Liberty Mutual / Safeco,1
2015-07,covA_band,400-599K,National General,1
2015-07,covA_band,400-599K,Progressive / ASI,1
2015-07,covA_band,600-999K,Progressive / ASI,2
2015-07,covA_band,600-999K,SageSure SURE,1
2015-07,covA_band,<200K,Centauri,1
2015-07,covA_band,<200K,HOAIC,3
2015-07,covA_band,<200K,Liberty Mutual / Safeco,1
2015-07,covA_band,<200K,Progressive / ASI,1
2015-07,covA_band,<200K,Travelers,1
2015-08,age_band,0-9,Centauri,2
2015-08,age_band,0-9,HOAIC,10
2015-08,age_band,0-9,Progressive / ASI,6
2015-08,age_band,10-19,Centauri,1
2015-08,age_band,10-19,HOAIC,3
2015-08,age_band,10-19,Progressive / ASI,1
2015-08,age_band,10-19,SageSure Occidental,1
2015-08,age_band,20-29,Liberty Mutual / Safeco,1
2015-08,age_band,30-39,HOAIC,1
2015-08,age_band,30-39,Travelers,2
2015-08,age_band,40-59,Liberty Mutual / Safeco,1
2015-08,age_band,40-59,Travelers,2
2015-08,age_band,60+,Centauri,4
2015-08,age_band,60+,HOAIC,1
2015-08,age_band,60+,Liberty Mutual / Safeco,1
2015-08,covA_band,200-299K,HOAIC,6
2015-08,covA_band,200-299K,Liberty Mutual / Safeco,2
2015-08,covA_band,200-299K,Progressive / ASI,4
2015-08,covA_band,200-299K,Travelers,2
2015-08,covA_band,300-399K,Centauri,2
2015-08,covA_band,300-399K,HOAIC,3
2015-08,covA_band,300-399K,Progressive / ASI,1
2015-08,covA_band,300-399K,Travelers,1
2015-08,covA_band,400-599K,Centauri,1
2015-08,covA_band,400-599K,HOAIC,3
2015-08,covA_band,400-599K,Liberty Mutual / Safeco,1
2015-08,covA_band,400-599K,Progressive / ASI,1
2015-08,covA_band,600-999K,HOAIC,1
2015-08,covA_band,600-999K,Progressive / ASI,1
2015-08,covA_band,600-999K,SageSure Occidental,1
2015-08,covA_band,<200K,HOAIC,2
2015-08,covA_band,<200K,Travelers,1
2015-09,age_band,0-9,Centauri,2
2015-09,age_band,0-9,HOAIC,3
2015-09,age_band,0-9,Liberty Mutual / Safeco,1
2015-09,age_band,0-9,Progressive / ASI,12
2015-09,age_band,0-9,SageSure Occidental,1
2015-09,age_band,10-19,HOAIC,3
2015-09,age_band,10-19,Liberty Mutual / Safeco,1
2015-09,age_band,10-19,Progressive / ASI,1
2015-09,age_band,20-29,HOAIC,1
2015-09,age_band,30-39,HOAIC,2
2015-09,age_band,30-39,Travelers,2
2015-09,age_band,40-59,HOAIC,2
2015-09,age_band,40-59,Liberty Mutual / Safeco,2
2015-09,age_band,60+,Centauri,4
2015-09,covA_band,200-299K,Liberty Mutual / Safeco,1
2015-09,covA_band,200-299K,Progressive / ASI,6
2015-09,covA_band,200-299K,SageSure Occidental,1
2015-09,covA_band,200-299K,Travelers,2
2015-09,covA_band,300-399K,Centauri,1
2015-09,covA_band,300-399K,HOAIC,5
2015-09,covA_band,300-399K,Progressive / ASI,4
2015-09,covA_band,400-599K,Centauri,1
2015-09,covA_band,400-599K,HOAIC,4
2015-09,covA_band,400-599K,Liberty Mutual / Safeco,2
2015-09,covA_band,400-599K,Progressive / ASI,1
2015-09,covA_band,600-999K,Liberty Mutual / Safeco,1
2015-09,covA_band,600-999K,Progressive / ASI,1
2015-09,covA_band,<200K,HOAIC,2
2015-09,covA_band,<200K,Progressive / ASI,1
2015-10,age_band,0-9,Centauri,2
2015-10,age_band,0-9,HOAIC,16
2015-10,age_band,0-9,Liberty Mutual / Safeco,2
2015-10,age_band,0-9,Progressive / ASI,3
2015-10,age_band,0-9,SageSure Occidental,1
2015-10,age_band,10-19,Centauri,3
2015-10,age_band,10-19,HOAIC,2
2015-10,age_band,10-19,Liberty Mutual / Safeco,1
2015-10,age_band,10-19,Travelers,1
2015-10,age_band,20-29,Centauri,1
2015-10,age_band,20-29,HOAIC,1
2015-10,age_band,20-29,Travelers,2
2015-10,age_band,30-39,Liberty Mutual / Safeco,2
2015-10,age_band,30-39,Travelers,1
2015-10,age_band,40-59,Foremost,1
2015-10,age_band,40-59,Liberty Mutual / Safeco,1
2015-10,age_band,40-59,Travelers,3
2015-10,age_band,60+,Centauri,4
2015-10,covA_band,200-299K,Centauri,3
2015-10,covA_band,200-299K,HOAIC,9
2015-10,covA_band,200-299K,Liberty Mutual / Safeco,1
2015-10,covA_band,200-299K,Progressive / ASI,2
2015-10,covA_band,200-299K,Travelers,1
2015-10,covA_band,300-399K,Centauri,1
2015-10,covA_band,300-399K,Foremost,1
2015-10,covA_band,300-399K,HOAIC,4
2015-10,covA_band,300-399K,Progressive / ASI,1
2015-10,covA_band,300-399K,Travelers,2
2015-10,covA_band,400-599K,Centauri,2
2015-10,covA_band,400-599K,HOAIC,4
2015-10,covA_band,400-599K,Liberty Mutual / Safeco,4
2015-10,covA_band,400-599K,Travelers,1
2015-10,covA_band,600-999K,Liberty Mutual / Safeco,1
2015-10,covA_band,600-999K,SageSure Occidental,1
2015-10,covA_band,<200K,HOAIC,2
2015-10,covA_band,<200K,Travelers,3
2015-11,age_band,0-9,Centauri,2
2015-11,age_band,0-9,HOAIC,7
2015-11,age_band,0-9,Progressive / ASI,6
2015-11,age_band,10-19,Centauri,2
2015-11,age_band,10-19,HOAIC,2
2015-11,age_band,10-19,Liberty Mutual / Safeco,1
2015-11,age_band,10-19,Progressive / ASI,2
2015-11,age_band,20-29,HOAIC,1
2015-11,age_band,30-39,Liberty Mutual / Safeco,1
2015-11,age_band,30-39,Travelers,2
2015-11,age_band,40-59,Liberty Mutual / Safeco,2
2015-11,age_band,40-59,SageSure Occidental,1
2015-11,age_band,60+,Centauri,1
2015-11,age_band,60+,Liberty Mutual / Safeco,1
2015-11,covA_band,200-299K,Centauri,2
2015-11,covA_band,200-299K,HOAIC,2
2015-11,covA_band,200-299K,Liberty Mutual / Safeco,1
2015-11,covA_band,200-299K,Progressive / ASI,2
2015-11,covA_band,200-299K,Travelers,1
2015-11,covA_band,300-399K,Centauri,2
2015-11,covA_band,300-399K,HOAIC,4
2015-11,covA_band,300-399K,Liberty Mutual / Safeco,1
2015-11,covA_band,300-399K,Progressive / ASI,2
2015-11,covA_band,400-599K,HOAIC,3
2015-11,covA_band,400-599K,Liberty Mutual / Safeco,1
2015-11,covA_band,400-599K,Progressive / ASI,2
2015-11,covA_band,400-599K,SageSure Occidental,1
2015-11,covA_band,600-999K,Liberty Mutual / Safeco,1
2015-11,covA_band,<200K,HOAIC,1
2015-11,covA_band,<200K,Progressive / ASI,2
2015-11,covA_band,<200K,Travelers,1
2015-12,age_band,0-9,Centauri,3
2015-12,age_band,0-9,HOAIC,8
2015-12,age_band,0-9,Liberty Mutual / Safeco,1
2015-12,age_band,0-9,Progressive / ASI,3
2015-12,age_band,0-9,Travelers,1
2015-12,age_band,10-19,Centauri,1
2015-12,age_band,10-19,HOAIC,1
2015-12,age_band,20-29,HOAIC,2
2015-12,age_band,30-39,Liberty Mutual / Safeco,3
2015-12,age_band,40-59,Liberty Mutual / Safeco,1
2015-12,age_band,40-59,SageSure Occidental,2
2015-12,age_band,60+,Centauri,6
2015-12,age_band,60+,HOAIC,1
2015-12,covA_band,1M+,Progressive / ASI,1
2015-12,covA_band,200-299K,Centauri,2
2015-12,covA_band,200-299K,HOAIC,2
2015-12,covA_band,200-299K,Liberty Mutual / Safeco,2
2015-12,covA_band,200-299K,SageSure Occidental,1
2015-12,covA_band,300-399K,Centauri,3
2015-12,covA_band,300-399K,Liberty Mutual / Safeco,1
2015-12,covA_band,300-399K,Travelers,1
2015-12,covA_band,400-599K,HOAIC,5
2015-12,covA_band,400-599K,Liberty Mutual / Safeco,1
2015-12,covA_band,400-599K,Progressive / ASI,2
2015-12,covA_band,600-999K,HOAIC,1
2015-12,covA_band,<200K,HOAIC,4
2015-12,covA_band,<200K,SageSure Occidental,1
2016-01,age_band,0-9,HOAIC,5
2016-01,age_band,0-9,Liberty Mutual / Safeco,1
2016-01,age_band,0-9,Progressive / ASI,5
2016-01,age_band,10-19,Centauri,2
2016-01,age_band,10-19,HOAIC,2
2016-01,age_band,20-29,HOAIC,1
2016-01,age_band,30-39,HOAIC,1
2016-01,age_band,40-59,Progressive / ASI,1
2016-01,age_band,40-59,SageSure Occidental,1
2016-01,age_band,40-59,Travelers,1
2016-01,age_band,60+,Centauri,3
2016-01,covA_band,1M+,Progressive / ASI,1
2016-01,covA_band,200-299K,HOAIC,3
2016-01,covA_band,200-299K,SageSure Occidental,1
2016-01,covA_band,300-399K,Centauri,1
2016-01,covA_band,300-399K,HOAIC,1
2016-01,covA_band,400-599K,HOAIC,2
2016-01,covA_band,400-599K,Progressive / ASI,3
2016-01,covA_band,600-999K,Progressive / ASI,1
2016-01,covA_band,<200K,Centauri,1
2016-01,covA_band,<200K,HOAIC,3
2016-01,covA_band,<200K,Progressive / ASI,1
2016-01,covA_band,<200K,Travelers,1
2016-02,age_band,0-9,Centauri,2
2016-02,age_band,0-9,HOAIC,7
2016-02,age_band,0-9,Progressive / ASI,2
2016-02,age_band,10-19,Centauri,4
2016-02,age_band,10-19,HOAIC,1
2016-02,age_band,10-19,Progressive / ASI,2
2016-02,age_band,10-19,Travelers,2
2016-02,age_band,20-29,Progressive / ASI,2
2016-02,age_band,30-39,Centauri,1
2016-02,age_band,30-39,HOAIC,1
2016-02,age_band,30-39,Liberty Mutual / Safeco,2
2016-02,age_band,40-59,Liberty Mutual / Safeco,1
2016-02,age_band,40-59,Progressive / ASI,2
2016-02,age_band,40-59,Travelers,2
2016-02,age_band,60+,Centauri,8
2016-02,age_band,60+,Liberty Mutual / Safeco,1
2016-02,age_band,60+,SageSure Occidental,1
2016-02,age_band,60+,Travelers,1
2016-02,covA_band,1M+,Progressive / ASI,1
2016-02,covA_band,200-299K,Centauri,4
2016-02,covA_band,200-299K,HOAIC,2
2016-02,covA_band,200-299K,Liberty Mutual / Safeco,2
2016-02,covA_band,200-299K,Progressive / ASI,6
2016-02,covA_band,200-299K,Travelers,2
2016-02,covA_band,300-399K,Centauri,1
2016-02,covA_band,300-399K,HOAIC,3
2016-02,covA_band,300-399K,Travelers,3
2016-02,covA_band,400-599K,Centauri,2
2016-02,covA_band,400-599K,HOAIC,2
2016-02,covA_band,400-599K,SageSure Occidental,1
2016-02,covA_band,600-999K,Progressive / ASI,1
2016-02,covA_band,<200K,HOAIC,2
2016-02,covA_band,<200K,Liberty Mutual / Safeco,2
2016-03,age_band,0-9,Centauri,5
2016-03,age_band,0-9,HOAIC,5
2016-03,age_band,0-9,Progressive / ASI,6
2016-03,age_band,0-9,SageSure Occidental,1
2016-03,age_band,0-9,Travelers,2
2016-03,age_band,10-19,Centauri,4
2016-03,age_band,10-19,HOAIC,3
2016-03,age_band,10-19,Liberty Mutual / Safeco,1
2016-03,age_band,10-19,Travelers,1
2016-03,age_band,20-29,HOAIC,1
2016-03,age_band,30-39,Progressive / ASI,2
2016-03,age_band,30-39,SageSure Occidental,1
2016-03,age_band,30-39,Travelers,5
2016-03,age_band,40-59,Liberty Mutual / Safeco,1
2016-03,age_band,40-59,Travelers,2
2016-03,age_band,60+,Centauri,8
2016-03,covA_band,1M+,Progressive / ASI,1
2016-03,covA_band,1M+,Travelers,1
2016-03,covA_band,200-299K,Centauri,4
2016-03,covA_band,200-299K,HOAIC,2
2016-03,covA_band,200-299K,Liberty Mutual / Safeco,1
2016-03,covA_band,200-299K,Progressive / ASI,2
2016-03,covA_band,200-299K,Travelers,2
2016-03,covA_band,300-399K,Centauri,2
2016-03,covA_band,300-399K,HOAIC,3
2016-03,covA_band,300-399K,Progressive / ASI,1
2016-03,covA_band,300-399K,SageSure Occidental,1
2016-03,covA_band,300-399K,Travelers,2
2016-03,covA_band,400-599K,HOAIC,2
2016-03,covA_band,400-599K,Progressive / ASI,1
2016-03,covA_band,400-599K,SageSure Occidental,1
2016-03,covA_band,400-599K,Travelers,1
2016-03,covA_band,600-999K,Travelers,1
2016-03,covA_band,<200K,Centauri,3
2016-03,covA_band,<200K,HOAIC,2
2016-03,covA_band,<200K,Progressive / ASI,3
2016-03,covA_band,<200K,Travelers,3
2016-04,age_band,0-9,Centauri,2
2016-04,age_band,0-9,HOAIC,5
2016-04,age_band,0-9,Progressive / ASI,3
2016-04,age_band,10-19,Centauri,2
2016-04,age_band,10-19,HOAIC,1
2016-04,age_band,20-29,Centauri,1
2016-04,age_band,40-59,Travelers,2
2016-04,age_band,60+,Centauri,10
2016-04,covA_band,200-299K,Centauri,2
2016-04,covA_band,200-299K,HOAIC,4
2016-04,covA_band,200-299K,Progressive / ASI,1
2016-04,covA_band,200-299K,Travelers,1
2016-04,covA_band,300-399K,Centauri,2
2016-04,covA_band,300-399K,HOAIC,1
2016-04,covA_band,300-399K,Progressive / ASI,1
2016-04,covA_band,400-599K,Centauri,1
2016-04,covA_band,400-599K,HOAIC,1
2016-04,covA_band,400-599K,Progressive / ASI,1
2016-04,covA_band,<200K,Travelers,1
2016-05,age_band,0-9,Centauri,3
2016-05,age_band,0-9,HOAIC,5
2016-05,age_band,0-9,Liberty Mutual / Safeco,1
2016-05,age_band,0-9,Progressive / ASI,7
2016-05,age_band,0-9,SageSure Occidental,1
2016-05,age_band,0-9,SageSure SURE,1
2016-05,age_band,10-19,Centauri,6
2016-05,age_band,10-19,Progressive / ASI,2
2016-05,age_band,10-19,Travelers,2
2016-05,age_band,20-29,HOAIC,4
2016-05,age_band,30-39,Centauri,2
2016-05,age_band,30-39,HOAIC,1
2016-05,age_band,40-59,Centauri,2
2016-05,age_band,40-59,HOAIC,1
2016-05,age_band,40-59,Progressive / ASI,1
2016-05,age_band,40-59,SageSure SURE,1
2016-05,age_band,60+,Centauri,5
2016-05,covA_band,1M+,Centauri,1
2016-05,covA_band,1M+,Progressive / ASI,2
2016-05,covA_band,200-299K,Centauri,2
2016-05,covA_band,200-299K,HOAIC,3
2016-05,covA_band,200-299K,Progressive / ASI,3
2016-05,covA_band,200-299K,SageSure SURE,1
2016-05,covA_band,200-299K,Travelers,1
2016-05,covA_band,300-399K,Centauri,2
2016-05,covA_band,300-399K,HOAIC,5
2016-05,covA_band,300-399K,Progressive / ASI,1
2016-05,covA_band,300-399K,SageSure Occidental,1
2016-05,covA_band,300-399K,SageSure SURE,1
2016-05,covA_band,300-399K,Travelers,1
2016-05,covA_band,400-599K,Centauri,1
2016-05,covA_band,400-599K,HOAIC,1
2016-05,covA_band,400-599K,Liberty Mutual / Safeco,1
2016-05,covA_band,400-599K,Progressive / ASI,1
2016-05,covA_band,600-999K,Progressive / ASI,3
2016-05,covA_band,<200K,Centauri,7
2016-05,covA_band,<200K,HOAIC,2
2016-06,age_band,0-9,Centauri,2
2016-06,age_band,0-9,HOAIC,4
2016-06,age_band,0-9,Progressive / ASI,4
2016-06,age_band,0-9,Travelers,1
2016-06,age_band,10-19,Centauri,4
2016-06,age_band,10-19,HOAIC,1
2016-06,age_band,10-19,Progressive / ASI,1
2016-06,age_band,20-29,HOAIC,1
2016-06,age_band,30-39,Progressive / ASI,1
2016-06,age_band,40-59,HOAIC,2
2016-06,age_band,40-59,Travelers,2
2016-06,age_band,60+,Centauri,8
2016-06,covA_band,200-299K,Centauri,2
2016-06,covA_band,200-299K,HOAIC,4
2016-06,covA_band,200-299K,Travelers,1
2016-06,covA_band,300-399K,Centauri,2
2016-06,covA_band,300-399K,HOAIC,1
2016-06,covA_band,300-399K,Progressive / ASI,1
2016-06,covA_band,300-399K,Travelers,1
2016-06,covA_band,400-599K,Centauri,1
2016-06,covA_band,400-599K,HOAIC,2
2016-06,covA_band,400-599K,Progressive / ASI,4
2016-06,covA_band,400-599K,Travelers,1
2016-06,covA_band,<200K,Centauri,1
2016-06,covA_band,<200K,HOAIC,1
2016-06,covA_band,<200K,Progressive / ASI,1
2016-07,age_band,0-9,HOAIC,2
2016-07,age_band,0-9,National General,1
2016-07,age_band,0-9,Progressive / ASI,1
2016-07,age_band,0-9,SageSure Occidental,1
2016-07,age_band,0-9,Travelers,1
2016-07,age_band,10-19,HOAIC,1
2016-07,age_band,10-19,National General,1
2016-07,age_band,10-19,Progressive / ASI,2
2016-07,age_band,20-29,Travelers,2
2016-07,age_band,30-39,Liberty Mutual / Safeco,1
2016-07,age_band,30-39,Progressive / ASI,1
2016-07,age_band,40-59,Liberty Mutual / Safeco,1
2016-07,age_band,60+,Centauri,1
2016-07,age_band,60+,Travelers,1
2016-07,covA_band,1M+,Travelers,1
2016-07,covA_band,200-299K,Progressive / ASI,1
2016-07,covA_band,200-299K,Travelers,2
2016-07,covA_band,300-399K,Liberty Mutual / Safeco,1
2016-07,covA_band,300-399K,Progressive / ASI,3
2016-07,covA_band,400-599K,HOAIC,1
2016-07,covA_band,400-599K,National General,1
2016-07,covA_band,400-599K,Travelers,1
2016-07,covA_band,600-999K,National General,1
2016-07,covA_band,600-999K,SageSure Occidental,1
2016-07,covA_band,<200K,HOAIC,2
2016-07,covA_band,<200K,Liberty Mutual / Safeco,1
2016-08,age_band,0-9,Centauri,2
2016-08,age_band,0-9,HOAIC,5
2016-08,age_band,0-9,Progressive / ASI,1
2016-08,age_band,10-19,Progressive / ASI,2
2016-08,age_band,20-29,Travelers,1
2016-08,age_band,40-59,Progressive / ASI,1
2016-08,age_band,40-59,SageSure Occidental,1
2016-08,age_band,40-59,Travelers,1
2016-08,covA_band,200-299K,Centauri,2
2016-08,covA_band,200-299K,Progressive / ASI,2
2016-08,covA_band,300-399K,HOAIC,1
2016-08,covA_band,300-399K,Progressive / ASI,1
2016-08,covA_band,300-399K,Travelers,1
2016-08,covA_band,400-599K,HOAIC,1
2016-08,covA_band,400-599K,Progressive / ASI,1
2016-08,covA_band,400-599K,SageSure Occidental,1
2016-08,covA_band,400-599K,Travelers,1
2016-08,covA_band,600-999K,HOAIC,3
2016-09,age_band,0-9,HOAIC,6
2016-09,age_band,0-9,National General,2
2016-09,age_band,0-9,Progressive / ASI,2
2016-09,age_band,20-29,Liberty Mutual / Safeco,1
2016-09,age_band,30-39,HOAIC,2
2016-09,age_band,40-59,HOAIC,1
2016-09,age_band,40-59,Liberty Mutual / Safeco,1
2016-09,age_band,40-59,Progressive / ASI,1
2016-09,age_band,40-59,SageSure Occidental,1
2016-09,age_band,60+,Centauri,1
2016-09,covA_band,200-299K,HOAIC,6
2016-09,covA_band,200-299K,Liberty Mutual / Safeco,1
2016-09,covA_band,200-299K,Progressive / ASI,2
2016-09,covA_band,300-399K,HOAIC,2
2016-09,covA_band,300-399K,SageSure Occidental,1
2016-09,covA_band,400-599K,Liberty Mutual / Safeco,1
2016-09,covA_band,400-599K,National General,2
2016-09,covA_band,400-599K,Progressive / ASI,1
2016-09,covA_band,<200K,HOAIC,1
2016-10,age_band,0-9,Centauri,2
2016-10,age_band,0-9,HOAIC,4
2016-10,age_band,0-9,Progressive / ASI,1
2016-10,age_band,10-19,Centauri,1
2016-10,age_band,10-19,HOAIC,1
2016-10,age_band,10-19,Liberty Mutual / Safeco,1
2016-10,age_band,10-19,Progressive / ASI,1
2016-10,age_band,10-19,Travelers,1
2016-10,age_band,30-39,Travelers,1
2016-10,age_band,40-59,Centauri,1
2016-10,age_band,40-59,Liberty Mutual / Safeco,2
2016-10,age_band,40-59,SageSure SURE,1
2016-10,age_band,60+,Centauri,1
2016-10,covA_band,1M+,Centauri,2
2016-10,covA_band,1M+,Liberty Mutual / Safeco,1
2016-10,covA_band,200-299K,Centauri,1
2016-10,covA_band,200-299K,HOAIC,1
2016-10,covA_band,200-299K,Liberty Mutual / Safeco,1
2016-10,covA_band,200-299K,Travelers,1
2016-10,covA_band,300-399K,Centauri,1
2016-10,covA_band,300-399K,HOAIC,2
2016-10,covA_band,300-399K,Progressive / ASI,1
2016-10,covA_band,300-399K,SageSure SURE,1
2016-10,covA_band,400-599K,HOAIC,2
2016-10,covA_band,400-599K,Liberty Mutual / Safeco,1
2016-10,covA_band,400-599K,Progressive / ASI,1
2016-10,covA_band,400-599K,Travelers,1
2016-11,age_band,0-9,Centauri,3
2016-11,age_band,0-9,HOAIC,7
2016-11,age_band,0-9,Progressive / ASI,4
2016-11,age_band,10-19,Centauri,2
2016-11,age_band,10-19,Progressive / ASI,1
2016-11,age_band,20-29,Progressive / ASI,1
2016-11,age_band,30-39,HOAIC,1
2016-11,age_band,30-39,Liberty Mutual / Safeco,1
2016-11,age_band,30-39,Travelers,1
2016-11,age_band,40-59,Liberty Mutual / Safeco,1
2016-11,age_band,60+,Centauri,2
2016-11,age_band,60+,HOAIC,1
2016-11,covA_band,200-299K,Centauri,1
2016-11,covA_band,200-299K,HOAIC,2
2016-11,covA_band,200-299K,Progressive / ASI,2
2016-11,covA_band,200-299K,Travelers,1
2016-11,covA_band,300-399K,Centauri,3
2016-11,covA_band,300-399K,Progressive / ASI,2
2016-11,covA_band,400-599K,HOAIC,4
2016-11,covA_band,400-599K,Liberty Mutual / Safeco,2
2016-11,covA_band,600-999K,HOAIC,2
2016-11,covA_band,<200K,Centauri,1
2016-11,covA_band,<200K,Progressive / ASI,2
2016-12,age_band,0-9,Centauri,1
2016-12,age_band,0-9,HOAIC,5
2016-12,age_band,0-9,Progressive / ASI,3
2016-12,age_band,0-9,Travelers,1
2016-12,age_band,10-19,HOAIC,1
2016-12,age_band,10-19,Travelers,1
2016-12,age_band,20-29,HOAIC,1
2016-12,age_band,20-29,Travelers,1
2016-12,age_band,30-39,Progressive / ASI,1
2016-12,age_band,40-59,Centauri,1
2016-12,age_band,40-59,HOAIC,1
2016-12,age_band,60+,Centauri,4
2016-12,covA_band,1M+,Progressive / ASI,1
2016-12,covA_band,1M+,Travelers,1
2016-12,covA_band,200-299K,Centauri,1
2016-12,covA_band,200-299K,HOAIC,6
2016-12,covA_band,200-299K,Travelers,2
2016-12,covA_band,400-599K,HOAIC,2
2016-12,covA_band,400-599K,Progressive / ASI,2
2016-12,covA_band,600-999K,Progressive / ASI,1
2016-12,covA_band,<200K,Centauri,1
2017-01,age_band,0-9,HOAIC,2
2017-01,age_band,0-9,Progressive / ASI,1
2017-01,age_band,10-19,Centauri,1
2017-01,age_band,10-19,SageSure Occidental,1
2017-01,age_band,30-39,HOAIC,1
2017-01,age_band,40-59,HOAIC,2
2017-01,age_band,40-59,SageSure Occidental,1
2017-01,age_band,40-59,SageSure SURE,1
2017-01,age_band,60+,Centauri,6
2017-01,age_band,60+,HOAIC,5
2017-01,age_band,60+,SageSure Occidental,1
2017-01,age_band,60+,Travelers,2
2017-01,covA_band,1M+,SageSure Occidental,1
2017-01,covA_band,200-299K,HOAIC,3
2017-01,covA_band,200-299K,SageSure Occidental,1
2017-01,covA_band,300-399K,HOAIC,1
2017-01,covA_band,400-599K,Progressive / ASI,1
2017-01,covA_band,600-999K,Centauri,1
2017-01,covA_band,600-999K,Travelers,1
2017-01,covA_band,<200K,HOAIC,1
2017-01,covA_band,<200K,SageSure Occidental,1
2017-01,covA_band,<200K,SageSure SURE,1
2017-02,age_band,0-9,HOAIC,7
2017-02,age_band,0-9,Liberty Mutual / Safeco,2
2017-02,age_band,0-9,Progressive / ASI,3
2017-02,age_band,10-19,Centauri,1
2017-02,age_band,20-29,HOAIC,1
2017-02,age_band,30-39,Liberty Mutual / Safeco,1
2017-02,age_band,30-39,Progressive / ASI,1
2017-02,age_band,30-39,Travelers,1
2017-02,age_band,40-59,Liberty Mutual / Safeco,1
2017-02,age_band,40-59,SageSure SURE,1
2017-02,age_band,40-59,Travelers,2
2017-02,age_band,60+,Centauri,6
2017-02,age_band,60+,HOAIC,5
2017-02,covA_band,200-299K,HOAIC,2
2017-02,covA_band,200-299K,Liberty Mutual / Safeco,1
2017-02,covA_band,200-299K,Travelers,1
2017-02,covA_band,300-399K,HOAIC,1
2017-02,covA_band,300-399K,Travelers,1
2017-02,covA_band,400-599K,Centauri,1
2017-02,covA_band,400-599K,HOAIC,2
2017-02,covA_band,400-599K,Liberty Mutual / Safeco,2
2017-02,covA_band,400-599K,Progressive / ASI,2
2017-02,covA_band,400-599K,Travelers,1
2017-02,covA_band,600-999K,HOAIC,2
2017-02,covA_band,600-999K,Liberty Mutual / Safeco,1
2017-02,covA_band,600-999K,Progressive / ASI,2
2017-02,covA_band,600-999K,SageSure SURE,1
2017-02,covA_band,<200K,HOAIC,1
2017-02,covA_band,<200K,Travelers,1
2017-03,age_band,0-9,Centauri,2
2017-03,age_band,0-9,HOAIC,4
2017-03,age_band,0-9,Liberty Mutual / Safeco,1
2017-03,age_band,0-9,National General,1
2017-03,age_band,0-9,Progressive / ASI,1
2017-03,age_band,0-9,Travelers,1
2017-03,age_band,10-19,Centauri,6
2017-03,age_band,10-19,HOAIC,2
2017-03,age_band,10-19,Liberty Mutual / Safeco,1
2017-03,age_band,20-29,Centauri,1
2017-03,age_band,20-29,Travelers,1
2017-03,age_band,30-39,Liberty Mutual / Safeco,2
2017-03,age_band,30-39,Travelers,2
2017-03,age_band,40-59,Centauri,2
2017-03,age_band,40-59,Liberty Mutual / Safeco,1
2017-03,age_band,40-59,SageSure Occidental,1
2017-03,age_band,40-59,Travelers,3
2017-03,age_band,60+,Centauri,12
2017-03,age_band,60+,HOAIC,6
2017-03,covA_band,1M+,HOAIC,1
2017-03,covA_band,1M+,Liberty Mutual / Safeco,2
2017-03,covA_band,200-299K,Centauri,2
2017-03,covA_band,200-299K,HOAIC,1
2017-03,covA_band,200-299K,Liberty Mutual / Safeco,1
2017-03,covA_band,200-299K,Travelers,4
2017-03,covA_band,300-399K,Centauri,3
2017-03,covA_band,300-399K,HOAIC,1
2017-03,covA_band,300-399K,Liberty Mutual / Safeco,1
2017-03,covA_band,400-599K,Centauri,3
2017-03,covA_band,400-599K,HOAIC,3
2017-03,covA_band,400-599K,National General,1
2017-03,covA_band,400-599K,Progressive / ASI,1
2017-03,covA_band,600-999K,Liberty Mutual / Safeco,1
2017-03,covA_band,<200K,Centauri,3
2017-03,covA_band,<200K,SageSure Occidental,1
2017-03,covA_band,<200K,Travelers,3
2017-04,age_band,0-9,Centauri,1
2017-04,age_band,0-9,HOAIC,5
2017-04,age_band,0-9,Progressive / ASI,1
2017-04,age_band,0-9,SageSure SURE,1
2017-04,age_band,10-19,Centauri,2
2017-04,age_band,10-19,HOAIC,4
2017-04,age_band,20-29,HOAIC,1
2017-04,age_band,20-29,Travelers,1
2017-04,age_band,30-39,HOAIC,2
2017-04,age_band,30-39,Travelers,1
2017-04,age_band,40-59,Centauri,1
2017-04,age_band,40-59,Travelers,3
2017-04,age_band,60+,Centauri,7
2017-04,age_band,60+,HOAIC,3
2017-04,age_band,60+,Liberty Mutual / Safeco,1
2017-04,age_band,60+,Travelers,2
2017-04,covA_band,200-299K,HOAIC,3
2017-04,covA_band,200-299K,Travelers,1
2017-04,covA_band,300-399K,Centauri,2
2017-04,covA_band,300-399K,HOAIC,4
2017-04,covA_band,300-399K,Travelers,3
2017-04,covA_band,400-599K,Centauri,1
2017-04,covA_band,400-599K,HOAIC,3
2017-04,covA_band,400-599K,Liberty Mutual / Safeco,1
2017-04,covA_band,400-599K,Travelers,1
2017-04,covA_band,600-999K,Progressive / ASI,1
2017-04,covA_band,600-999K,SageSure SURE,1
2017-04,covA_band,<200K,Centauri,1
2017-04,covA_band,<200K,HOAIC,2
2017-04,covA_band,<200K,Travelers,2
2017-05,age_band,0-9,Centauri,1
2017-05,age_band,0-9,HOAIC,7
2017-05,age_band,0-9,Progressive / ASI,4
2017-05,age_band,0-9,SageSure Occidental,2
2017-05,age_band,0-9,Travelers,1
2017-05,age_band,10-19,Centauri,1
2017-05,age_band,10-19,SageSure Occidental,4
2017-05,age_band,10-19,SageSure SURE,1
2017-05,age_band,20-29,HOAIC,1
2017-05,age_band,20-29,Progressive / ASI,1
2017-05,age_band,30-39,HOAIC,1
2017-05,age_band,40-59,Centauri,1
2017-05,age_band,40-59,HOAIC,1
2017-05,age_band,40-59,SageSure Occidental,4
2017-05,age_band,60+,Centauri,9
2017-05,age_band,60+,HOAIC,3
2017-05,age_band,60+,Travelers,1
2017-05,covA_band,200-299K,Centauri,1
2017-05,covA_band,200-299K,HOAIC,3
2017-05,covA_band,200-299K,Progressive / ASI,1
2017-05,covA_band,200-299K,SageSure Occidental,1
2017-05,covA_band,200-299K,SageSure SURE,1
2017-05,covA_band,300-399K,HOAIC,4
2017-05,covA_band,300-399K,Progressive / ASI,2
2017-05,covA_band,300-399K,SageSure Occidental,4
2017-05,covA_band,400-599K,Centauri,2
2017-05,covA_band,400-599K,Progressive / ASI,1
2017-05,covA_band,400-599K,SageSure Occidental,2
2017-05,covA_band,400-599K,Travelers,1
2017-05,covA_band,600-999K,HOAIC,2
2017-05,covA_band,600-999K,SageSure Occidental,2
2017-05,covA_band,600-999K,Travelers,1
2017-05,covA_band,<200K,HOAIC,1
2017-05,covA_band,<200K,Progressive / ASI,1
2017-05,covA_band,<200K,SageSure Occidental,1
2017-06,age_band,0-9,Centauri,2
2017-06,age_band,0-9,HOAIC,9
2017-06,age_band,0-9,Liberty Mutual / Safeco,1
2017-06,age_band,0-9,Progressive / ASI,1
2017-06,age_band,0-9,SageSure Occidental,4
2017-06,age_band,10-19,Centauri,2
2017-06,age_band,10-19,HOAIC,2
2017-06,age_band,10-19,Liberty Mutual / Safeco,1
2017-06,age_band,10-19,Orion180,1
2017-06,age_band,10-19,SageSure Occidental,2
2017-06,age_band,10-19,SageSure SURE,1
2017-06,age_band,20-29,SageSure Occidental,2
2017-06,age_band,30-39,Centauri,2
2017-06,age_band,30-39,HOAIC,2
2017-06,age_band,30-39,SageSure Occidental,3
2017-06,age_band,30-39,SageSure SURE,1
2017-06,age_band,30-39,Travelers,1
2017-06,age_band,40-59,HOAIC,2
2017-06,age_band,40-59,SageSure Occidental,1
2017-06,age_band,40-59,SageSure SURE,1
2017-06,age_band,60+,Centauri,9
2017-06,age_band,60+,HOAIC,5
2017-06,covA_band,200-299K,Centauri,2
2017-06,covA_band,200-299K,HOAIC,4
2017-06,covA_band,200-299K,SageSure Occidental,3
2017-06,covA_band,200-299K,SageSure SURE,1
2017-06,covA_band,300-399K,Centauri,1
2017-06,covA_band,300-399K,HOAIC,6
2017-06,covA_band,300-399K,Progressive / ASI,1
2017-06,covA_band,300-399K,SageSure Occidental,3
2017-06,covA_band,300-399K,SageSure SURE,1
2017-06,covA_band,300-399K,Travelers,1
2017-06,covA_band,400-599K,Centauri,1
2017-06,covA_band,400-599K,HOAIC,4
2017-06,covA_band,400-599K,Liberty Mutual / Safeco,1
2017-06,covA_band,400-599K,Orion180,1
2017-06,covA_band,400-599K,SageSure Occidental,3
2017-06,covA_band,400-599K,SageSure SURE,1
2017-06,covA_band,600-999K,Centauri,1
2017-06,covA_band,600-999K,HOAIC,1
2017-06,covA_band,600-999K,Liberty Mutual / Safeco,1
2017-06,covA_band,600-999K,SageSure Occidental,2
2017-06,covA_band,<200K,SageSure Occidental,1
2017-07,age_band,0-9,Centauri,3
2017-07,age_band,0-9,HOAIC,13
2017-07,age_band,0-9,Liberty Mutual / Safeco,2
2017-07,age_band,0-9,Progressive / ASI,2
2017-07,age_band,0-9,SageSure Occidental,7
2017-07,age_band,0-9,SageSure SURE,1
2017-07,age_band,10-19,Centauri,1
2017-07,age_band,10-19,SageSure Occidental,7
2017-07,age_band,10-19,SageSure SURE,1
2017-07,age_band,10-19,Travelers,1
2017-07,age_band,20-29,Liberty Mutual / Safeco,2
2017-07,age_band,20-29,SageSure Occidental,1
2017-07,age_band,30-39,Centauri,1
2017-07,age_band,30-39,SageSure SURE,1
2017-07,age_band,30-39,Travelers,1
2017-07,age_band,40-59,HOAIC,2
2017-07,age_band,40-59,SageSure Occidental,3
2017-07,age_band,60+,Centauri,4
2017-07,age_band,60+,HOAIC,5
2017-07,age_band,60+,SageSure Occidental,2
2017-07,covA_band,1M+,Progressive / ASI,1
2017-07,covA_band,200-299K,HOAIC,6
2017-07,covA_band,200-299K,Liberty Mutual / Safeco,1
2017-07,covA_band,200-299K,Progressive / ASI,1
2017-07,covA_band,200-299K,SageSure Occidental,4
2017-07,covA_band,200-299K,SageSure SURE,1
2017-07,covA_band,300-399K,HOAIC,6
2017-07,covA_band,300-399K,Liberty Mutual / Safeco,1
2017-07,covA_band,300-399K,SageSure Occidental,7
2017-07,covA_band,300-399K,SageSure SURE,1
2017-07,covA_band,300-399K,Travelers,2
2017-07,covA_band,400-599K,HOAIC,5
2017-07,covA_band,400-599K,Liberty Mutual / Safeco,2
2017-07,covA_band,400-599K,SageSure Occidental,6
2017-07,covA_band,600-999K,Centauri,1
2017-07,covA_band,600-999K,SageSure Occidental,1
2017-07,covA_band,600-999K,SageSure SURE,1
2017-07,covA_band,<200K,Centauri,2
2017-07,covA_band,<200K,HOAIC,1
2017-07,covA_band,<200K,SageSure Occidental,2
2017-08,age_band,0-9,HOAIC,11
2017-08,age_band,0-9,Progressive / ASI,3
2017-08,age_band,0-9,SageSure Occidental,1
2017-08,age_band,10-19,Centauri,3
2017-08,age_band,10-19,HOAIC,2
2017-08,age_band,10-19,SageSure Occidental,3
2017-08,age_band,10-19,Travelers,1
2017-08,age_band,20-29,SageSure Occidental,1
2017-08,age_band,30-39,HOAIC,1
2017-08,age_band,40-59,HOAIC,3
2017-08,age_band,40-59,SageSure Occidental,1
2017-08,age_band,40-59,Travelers,1
2017-08,age_band,60+,Centauri,7
2017-08,age_band,60+,HOAIC,12
2017-08,covA_band,1M+,HOAIC,1
2017-08,covA_band,200-299K,HOAIC,5
2017-08,covA_band,200-299K,Progressive / ASI,1
2017-08,covA_band,200-299K,SageSure Occidental,1
2017-08,covA_band,300-399K,HOAIC,6
2017-08,covA_band,300-399K,Progressive / ASI,1
2017-08,covA_band,300-399K,SageSure Occidental,3
2017-08,covA_band,300-399K,Travelers,2
2017-08,covA_band,400-599K,Centauri,2
2017-08,covA_band,400-599K,HOAIC,4
2017-08,covA_band,600-999K,HOAIC,2
2017-08,covA_band,600-999K,Progressive / ASI,1
2017-08,covA_band,600-999K,SageSure Occidental,2
2017-08,covA_band,<200K,HOAIC,1
2017-09,age_band,0-9,HOAIC,15
2017-09,age_band,0-9,Liberty Mutual / Safeco,1
2017-09,age_band,0-9,Progressive / ASI,1
2017-09,age_band,10-19,Centauri,1
2017-09,age_band,10-19,HOAIC,2
2017-09,age_band,10-19,SageSure Occidental,2
2017-09,age_band,30-39,HOAIC,1
2017-09,age_band,30-39,SageSure Occidental,1
2017-09,age_band,40-59,HOAIC,1
2017-09,age_band,40-59,SageSure Occidental,2
2017-09,age_band,40-59,Travelers,1
2017-09,age_band,60+,Centauri,7
2017-09,age_band,60+,HOAIC,4
2017-09,age_band,60+,Travelers,1
2017-09,covA_band,200-299K,HOAIC,4
2017-09,covA_band,200-299K,Progressive / ASI,1
2017-09,covA_band,200-299K,SageSure Occidental,2
2017-09,covA_band,200-299K,Travelers,2
2017-09,covA_band,300-399K,HOAIC,3
2017-09,covA_band,300-399K,Liberty Mutual / Safeco,1
2017-09,covA_band,300-399K,SageSure Occidental,2
2017-09,covA_band,400-599K,HOAIC,8
2017-09,covA_band,600-999K,Centauri,1
2017-09,covA_band,600-999K,HOAIC,2
2017-09,covA_band,600-999K,SageSure Occidental,1
2017-09,covA_band,<200K,HOAIC,2
2017-10,age_band,0-9,Centauri,1
2017-10,age_band,0-9,HOAIC,13
2017-10,age_band,0-9,Progressive / ASI,2
2017-10,age_band,0-9,SageSure Occidental,1
2017-10,age_band,10-19,Centauri,2
2017-10,age_band,10-19,HOAIC,3
2017-10,age_band,10-19,SageSure Occidental,3
2017-10,age_band,10-19,Travelers,1
2017-10,age_band,30-39,HOAIC,1
2017-10,age_band,40-59,HOAIC,2
2017-10,age_band,40-59,Liberty Mutual / Safeco,1
2017-10,age_band,40-59,SageSure Occidental,2
2017-10,age_band,40-59,Swyfft Benchmark,2
2017-10,age_band,40-59,Travelers,1
2017-10,age_band,60+,Centauri,4
2017-10,age_band,60+,HOAIC,8
2017-10,age_band,60+,Liberty Mutual / Safeco,1
2017-10,age_band,60+,SageSure Occidental,1
2017-10,age_band,60+,Swyfft Benchmark,1
2017-10,covA_band,1M+,Progressive / ASI,1
2017-10,covA_band,200-299K,HOAIC,4
2017-10,covA_band,200-299K,SageSure Occidental,1
2017-10,covA_band,200-299K,Swyfft Benchmark,1
2017-10,covA_band,200-299K,Travelers,1
2017-10,covA_band,300-399K,Centauri,1
2017-10,covA_band,300-399K,HOAIC,5
2017-10,covA_band,300-399K,Progressive / ASI,1
2017-10,covA_band,300-399K,SageSure Occidental,1
2017-10,covA_band,300-399K,Swyfft Benchmark,1
2017-10,covA_band,400-599K,Centauri,1
2017-10,covA_band,400-599K,HOAIC,7
2017-10,covA_band,400-599K,SageSure Occidental,3
2017-10,covA_band,400-599K,Swyfft Benchmark,1
2017-10,covA_band,400-599K,Travelers,1
2017-10,covA_band,600-999K,HOAIC,1
2017-10,covA_band,600-999K,Liberty Mutual / Safeco,1
2017-10,covA_band,600-999K,SageSure Occidental,1
2017-10,covA_band,<200K,HOAIC,2
2017-10,covA_band,<200K,SageSure Occidental,1
2017-11,age_band,0-9,HOAIC,5
2017-11,age_band,0-9,Liberty Mutual / Safeco,3
2017-11,age_band,0-9,SageSure Occidental,5
2017-11,age_band,0-9,Travelers,3
2017-11,age_band,10-19,Centauri,1
2017-11,age_band,10-19,HOAIC,1
2017-11,age_band,10-19,Liberty Mutual / Safeco,1
2017-11,age_band,10-19,SageSure Occidental,2
2017-11,age_band,20-29,SageSure Occidental,1
2017-11,age_band,20-29,SageSure SURE,2
2017-11,age_band,20-29,Travelers,1
2017-11,age_band,30-39,HOAIC,1
2017-11,age_band,30-39,SageSure Occidental,1
2017-11,age_band,40-59,HOAIC,3
2017-11,age_band,40-59,SageSure Occidental,1
2017-11,age_band,60+,Centauri,5
2017-11,age_band,60+,HOAIC,7
2017-11,age_band,60+,Liberty Mutual / Safeco,1
2017-11,age_band,60+,SageSure Occidental,2
2017-11,age_band,60+,Swyfft Benchmark,1
2017-11,age_band,60+,Travelers,1
2017-11,covA_band,200-299K,HOAIC,4
2017-11,covA_band,200-299K,SageSure Occidental,5
2017-11,covA_band,200-299K,SageSure SURE,1
2017-11,covA_band,200-299K,Travelers,2
2017-11,covA_band,300-399K,HOAIC,2
2017-11,covA_band,300-399K,SageSure Occidental,1
2017-11,covA_band,300-399K,Travelers,1
2017-11,covA_band,400-599K,Centauri,1
2017-11,covA_band,400-599K,HOAIC,1
2017-11,covA_band,400-599K,Liberty Mutual / Safeco,1
2017-11,covA_band,400-599K,SageSure Occidental,2
2017-11,covA_band,400-599K,SageSure SURE,1
2017-11,covA_band,400-599K,Travelers,1
2017-11,covA_band,600-999K,HOAIC,2
2017-11,covA_band,600-999K,Liberty Mutual / Safeco,1
2017-11,covA_band,600-999K,SageSure Occidental,3
2017-11,covA_band,<200K,HOAIC,2
2017-11,covA_band,<200K,SageSure Occidental,1
2017-11,covA_band,<200K,Swyfft Benchmark,1
2017-12,age_band,0-9,HOAIC,10
2017-12,age_band,0-9,Liberty Mutual / Safeco,1
2017-12,age_band,0-9,Progressive / ASI,1
2017-12,age_band,0-9,SageSure Occidental,2
2017-12,age_band,10-19,Centauri,1
2017-12,age_band,10-19,SageSure Occidental,3
2017-12,age_band,20-29,HOAIC,1
2017-12,age_band,20-29,Swyfft Benchmark,1
2017-12,age_band,30-39,SageSure Occidental,1
2017-12,age_band,40-59,SageSure Occidental,1
2017-12,age_band,60+,Centauri,2
2017-12,age_band,60+,HOAIC,2
2017-12,age_band,60+,Liberty Mutual / Safeco,2
2017-12,age_band,60+,Travelers,2
2017-12,covA_band,200-299K,HOAIC,5
2017-12,covA_band,200-299K,SageSure Occidental,2
2017-12,covA_band,300-399K,HOAIC,2
2017-12,covA_band,300-399K,SageSure Occidental,1
2017-12,covA_band,400-599K,HOAIC,1
2017-12,covA_band,400-599K,Liberty Mutual / Safeco,1
2017-12,covA_band,400-599K,Progressive / ASI,1
2017-12,covA_band,400-599K,SageSure Occidental,4
2017-12,covA_band,400-599K,Swyfft Benchmark,1
2017-12,covA_band,600-999K,HOAIC,2
2017-12,covA_band,<200K,HOAIC,1
2018-01,age_band,0-9,Centauri,1
2018-01,age_band,0-9,Chubb,1
2018-01,age_band,0-9,HOAIC,8
2018-01,age_band,0-9,Progressive / ASI,1
2018-01,age_band,0-9,SageSure Occidental,1
2018-01,age_band,10-19,Chubb,1
2018-01,age_band,10-19,HOAIC,2
2018-01,age_band,20-29,SageSure Occidental,1
2018-01,age_band,30-39,Liberty Mutual / Safeco,1
2018-01,age_band,30-39,SageSure Occidental,1
2018-01,age_band,40-59,HOAIC,1
2018-01,age_band,40-59,SageSure Occidental,4
2018-01,age_band,40-59,Swyfft Benchmark,1
2018-01,age_band,60+,Centauri,1
2018-01,age_band,60+,HOAIC,2
2018-01,age_band,60+,SageSure Occidental,1
2018-01,age_band,60+,Travelers,1
2018-01,covA_band,1M+,Chubb,1
2018-01,covA_band,200-299K,HOAIC,4
2018-01,covA_band,200-299K,SageSure Occidental,3
2018-01,covA_band,300-399K,HOAIC,5
2018-01,covA_band,300-399K,Progressive / ASI,1
2018-01,covA_band,300-399K,SageSure Occidental,2
2018-01,covA_band,300-399K,Swyfft Benchmark,1
2018-01,covA_band,400-599K,Centauri,1
2018-01,covA_band,400-599K,SageSure Occidental,3
2018-01,covA_band,600-999K,HOAIC,1
2018-01,covA_band,<200K,HOAIC,1
2018-02,age_band,0-9,Centauri,2
2018-02,age_band,0-9,HOAIC,2
2018-02,age_band,0-9,Progressive / ASI,1
2018-02,age_band,0-9,SageSure Occidental,1
2018-02,age_band,10-19,HOAIC,1
2018-02,age_band,10-19,SageSure Occidental,1
2018-02,age_band,20-29,SageSure Occidental,1
2018-02,age_band,30-39,HOAIC,1
2018-02,age_band,30-39,SageSure Occidental,1
2018-02,age_band,40-59,Liberty Mutual / Safeco,1
2018-02,age_band,40-59,SageSure Occidental,1
2018-02,age_band,60+,Chubb,1
2018-02,age_band,60+,HOAIC,1
2018-02,age_band,60+,Swyfft Benchmark,1
2018-02,covA_band,200-299K,HOAIC,2
2018-02,covA_band,300-399K,HOAIC,1
2018-02,covA_band,400-599K,Centauri,2
2018-02,covA_band,400-599K,HOAIC,1
2018-02,covA_band,400-599K,Progressive / ASI,1
2018-02,covA_band,400-599K,SageSure Occidental,2
2018-02,covA_band,600-999K,SageSure Occidental,2
2018-02,covA_band,<200K,SageSure Occidental,1
2018-03,age_band,0-9,Centauri,1
2018-03,age_band,0-9,HOAIC,9
2018-03,age_band,0-9,Swyfft Benchmark,1
2018-03,age_band,0-9,Travelers,2
2018-03,age_band,10-19,SageSure Occidental,1
2018-03,age_band,20-29,SageSure Occidental,1
2018-03,age_band,30-39,Centauri,1
2018-03,age_band,30-39,SageSure Occidental,1
2018-03,age_band,40-59,Liberty Mutual / Safeco,1
2018-03,age_band,40-59,SageSure Occidental,4
2018-03,age_band,60+,Centauri,3
2018-03,age_band,60+,Chubb,1
2018-03,age_band,60+,HOAIC,3
2018-03,age_band,60+,Liberty Mutual / Safeco,1
2018-03,age_band,60+,Travelers,1
2018-03,covA_band,1M+,SageSure Occidental,2
2018-03,covA_band,200-299K,HOAIC,2
2018-03,covA_band,200-299K,SageSure Occidental,3
2018-03,covA_band,200-299K,Travelers,1
2018-03,covA_band,300-399K,HOAIC,5
2018-03,covA_band,300-399K,Travelers,1
2018-03,covA_band,400-599K,HOAIC,3
2018-03,covA_band,400-599K,Liberty Mutual / Safeco,1
2018-03,covA_band,400-599K,SageSure Occidental,1
2018-03,covA_band,600-999K,Swyfft Benchmark,1
2018-03,covA_band,<200K,SageSure Occidental,1
2018-03,covA_band,<200K,Travelers,1
2018-04,age_band,0-9,HOAIC,6
2018-04,age_band,0-9,Progressive / ASI,2
2018-04,age_band,0-9,Travelers,1
2018-04,age_band,10-19,Liberty Mutual / Safeco,1
2018-04,age_band,10-19,SageSure Occidental,1
2018-04,age_band,10-19,SageSure SURE,1
2018-04,age_band,10-19,Travelers,1
2018-04,age_band,20-29,SageSure Occidental,2
2018-04,age_band,30-39,SageSure SURE,1
2018-04,age_band,40-59,Swyfft Benchmark,1
2018-04,age_band,60+,Centauri,2
2018-04,age_band,60+,HOAIC,3
2018-04,age_band,60+,Progressive / ASI,1
2018-04,age_band,60+,SageSure Occidental,2
2018-04,age_band,60+,Travelers,1
2018-04,covA_band,200-299K,SageSure Occidental,2
2018-04,covA_band,200-299K,SageSure SURE,1
2018-04,covA_band,200-299K,Swyfft Benchmark,1
2018-04,covA_band,200-299K,Travelers,1
2018-04,covA_band,300-399K,HOAIC,1
2018-04,covA_band,300-399K,SageSure Occidental,1
2018-04,covA_band,400-599K,HOAIC,1
2018-04,covA_band,400-599K,Progressive / ASI,1
2018-04,covA_band,400-599K,SageSure Occidental,1
2018-04,covA_band,400-599K,SageSure SURE,1
2018-04,covA_band,400-599K,Travelers,1
2018-04,covA_band,600-999K,HOAIC,4
2018-04,covA_band,600-999K,Progressive / ASI,1
2018-04,covA_band,<200K,SageSure Occidental,1
2018-05,age_band,0-9,HOAIC,8
2018-05,age_band,0-9,Progressive / ASI,2
2018-05,age_band,0-9,SageSure Occidental,1
2018-05,age_band,10-19,HOAIC,1
2018-05,age_band,10-19,Liberty Mutual / Safeco,1
2018-05,age_band,10-19,SageSure Occidental,1
2018-05,age_band,10-19,SageSure SURE,3
2018-05,age_band,20-29,Centauri,1
2018-05,age_band,20-29,SageSure Occidental,1
2018-05,age_band,20-29,SageSure SURE,1
2018-05,age_band,30-39,SageSure Occidental,2
2018-05,age_band,30-39,SageSure SURE,1
2018-05,age_band,30-39,Swyfft Benchmark,1
2018-05,age_band,40-59,HOAIC,1
2018-05,age_band,40-59,Liberty Mutual / Safeco,2
2018-05,age_band,40-59,SageSure Occidental,1
2018-05,age_band,40-59,SageSure SURE,2
2018-05,age_band,40-59,Travelers,1
2018-05,age_band,60+,Centauri,3
2018-05,age_band,60+,HOAIC,4
2018-05,age_band,60+,Progressive / ASI,1
2018-05,covA_band,200-299K,HOAIC,3
2018-05,covA_band,200-299K,Liberty Mutual / Safeco,1
2018-05,covA_band,200-299K,SageSure Occidental,1
2018-05,covA_band,200-299K,SageSure SURE,3
2018-05,covA_band,300-399K,HOAIC,2
2018-05,covA_band,300-399K,Liberty Mutual / Safeco,1
2018-05,covA_band,300-399K,Progressive / ASI,2
2018-05,covA_band,300-399K,SageSure Occidental,1
2018-05,covA_band,300-399K,SageSure SURE,1
2018-05,covA_band,300-399K,Swyfft Benchmark,1
2018-05,covA_band,400-599K,HOAIC,2
2018-05,covA_band,400-599K,SageSure Occidental,3
2018-05,covA_band,400-599K,SageSure SURE,1
2018-05,covA_band,400-599K,Travelers,1
2018-05,covA_band,600-999K,HOAIC,2
2018-05,covA_band,600-999K,SageSure Occidental,1
2018-05,covA_band,600-999K,SageSure SURE,2
2018-05,covA_band,<200K,Centauri,1
2018-05,covA_band,<200K,HOAIC,1
2018-06,age_band,0-9,HOAIC,6
2018-06,age_band,0-9,Liberty Mutual / Safeco,1
2018-06,age_band,0-9,SageSure SURE,2
2018-06,age_band,10-19,Liberty Mutual / Safeco,1
2018-06,age_band,10-19,Progressive / ASI,2
2018-06,age_band,20-29,SageSure SURE,1
2018-06,age_band,30-39,SageSure Occidental,1
2018-06,age_band,40-59,HOAIC,1
2018-06,age_band,40-59,SageSure Occidental,1
2018-06,age_band,40-59,SageSure SURE,3
2018-06,age_band,40-59,Swyfft Benchmark,1
2018-06,age_band,40-59,Travelers,1
2018-06,age_band,60+,Centauri,5
2018-06,age_band,60+,HOAIC,1
2018-06,age_band,60+,SageSure Occidental,1
2018-06,covA_band,200-299K,HOAIC,2
2018-06,covA_band,200-299K,SageSure SURE,3
2018-06,covA_band,200-299K,Swyfft Benchmark,1
2018-06,covA_band,300-399K,HOAIC,2
2018-06,covA_band,300-399K,Progressive / ASI,2
2018-06,covA_band,300-399K,SageSure Occidental,1
2018-06,covA_band,300-399K,Travelers,1
2018-06,covA_band,400-599K,HOAIC,3
2018-06,covA_band,400-599K,Liberty Mutual / Safeco,1
2018-06,covA_band,400-599K,SageSure Occidental,2
2018-06,covA_band,400-599K,SageSure SURE,2
2018-06,covA_band,600-999K,Liberty Mutual / Safeco,1
2018-06,covA_band,600-999K,SageSure SURE,1
2018-07,age_band,0-9,Centauri,1
2018-07,age_band,0-9,HOAIC,10
2018-07,age_band,0-9,Liberty Mutual / Safeco,1
2018-07,age_band,0-9,Progressive / ASI,1
2018-07,age_band,0-9,SageSure SURE,1
2018-07,age_band,10-19,HOAIC,1
2018-07,age_band,10-19,Progressive / ASI,1
2018-07,age_band,10-19,SageSure Occidental,1
2018-07,age_band,10-19,SageSure SURE,1
2018-07,age_band,10-19,Swyfft Benchmark,2
2018-07,age_band,20-29,HOAIC,1
2018-07,age_band,20-29,Swyfft Benchmark,2
2018-07,age_band,20-29,Travelers,1
2018-07,age_band,30-39,HOAIC,1
2018-07,age_band,30-39,SageSure Occidental,2
2018-07,age_band,30-39,Swyfft Benchmark,1
2018-07,age_band,40-59,SageSure Occidental,3
2018-07,age_band,40-59,SageSure SURE,2
2018-07,age_band,40-59,Swyfft Benchmark,1
2018-07,age_band,40-59,Travelers,3
2018-07,age_band,60+,Centauri,3
2018-07,age_band,60+,HOAIC,1
2018-07,age_band,60+,Liberty Mutual / Safeco,3
2018-07,covA_band,1M+,HOAIC,1
2018-07,covA_band,200-299K,HOAIC,4
2018-07,covA_band,200-299K,SageSure SURE,2
2018-07,covA_band,200-299K,Swyfft Benchmark,1
2018-07,covA_band,200-299K,Travelers,2
2018-07,covA_band,300-399K,HOAIC,4
2018-07,covA_band,300-399K,SageSure Occidental,4
2018-07,covA_band,300-399K,SageSure SURE,1
2018-07,covA_band,300-399K,Swyfft Benchmark,4
2018-07,covA_band,300-399K,Travelers,1
2018-07,covA_band,400-599K,HOAIC,4
2018-07,covA_band,400-599K,Liberty Mutual / Safeco,1
2018-07,covA_band,400-599K,Progressive / ASI,1
2018-07,covA_band,400-599K,SageSure Occidental,2
2018-07,covA_band,400-599K,SageSure SURE,1
2018-07,covA_band,400-599K,Swyfft Benchmark,1
2018-07,covA_band,400-599K,Travelers,1
2018-07,covA_band,600-999K,Centauri,1
2018-08,age_band,0-9,Centauri,1
2018-08,age_band,0-9,HOAIC,7
2018-08,age_band,0-9,Liberty Mutual / Safeco,1
2018-08,age_band,0-9,Progressive / ASI,1
2018-08,age_band,0-9,SageSure SURE,2
2018-08,age_band,0-9,Travelers,2
2018-08,age_band,10-19,Centauri,1
2018-08,age_band,20-29,HOAIC,1
2018-08,age_band,20-29,Swyfft Benchmark,1
2018-08,age_band,20-29,Travelers,1
2018-08,age_band,30-39,HOAIC,1
2018-08,age_band,30-39,SageSure Occidental,1
2018-08,age_band,30-39,Swyfft Benchmark,1
2018-08,age_band,40-59,HOAIC,1
2018-08,age_band,40-59,SageSure Occidental,3
2018-08,age_band,40-59,Travelers,1
2018-08,age_band,60+,Centauri,1
2018-08,age_band,60+,Chubb,1
2018-08,age_band,60+,HOAIC,4
2018-08,age_band,60+,Liberty Mutual / Safeco,1
2018-08,age_band,60+,Swyfft Benchmark,1
2018-08,age_band,60+,Travelers,2
2018-08,covA_band,200-299K,Centauri,1
2018-08,covA_band,200-299K,HOAIC,3
2018-08,covA_band,200-299K,SageSure Occidental,2
2018-08,covA_band,200-299K,Swyfft Benchmark,1
2018-08,covA_band,200-299K,Travelers,2
2018-08,covA_band,300-399K,HOAIC,3
2018-08,covA_band,300-399K,SageSure Occidental,1
2018-08,covA_band,300-399K,Travelers,1
2018-08,covA_band,400-599K,HOAIC,3
2018-08,covA_band,400-599K,SageSure SURE,1
2018-08,covA_band,400-599K,Swyfft Benchmark,2
2018-08,covA_band,400-599K,Travelers,1
2018-08,covA_band,600-999K,HOAIC,1
2018-08,covA_band,600-999K,Progressive / ASI,1
2018-08,covA_band,600-999K,SageSure SURE,1
2018-08,covA_band,<200K,SageSure Occidental,1
2018-09,age_band,0-9,HOAIC,14
2018-09,age_band,0-9,Liberty Mutual / Safeco,1
2018-09,age_band,0-9,SageSure Occidental,3
2018-09,age_band,0-9,SageSure SURE,1
2018-09,age_band,0-9,Swyfft Benchmark,1
2018-09,age_band,10-19,HOAIC,3
2018-09,age_band,10-19,SageSure Occidental,2
2018-09,age_band,10-19,Swyfft Benchmark,1
2018-09,age_band,20-29,SageSure Occidental,2
2018-09,age_band,30-39,SageSure SURE,1
2018-09,age_band,40-59,HOAIC,1
2018-09,age_band,40-59,SageSure Occidental,1
2018-09,age_band,40-59,SageSure SURE,2
2018-09,age_band,40-59,Swyfft Benchmark,1
2018-09,age_band,40-59,Travelers,1
2018-09,age_band,60+,Progressive / ASI,1
2018-09,age_band,60+,SageSure Occidental,1
2018-09,age_band,60+,Swyfft Benchmark,1
2018-09,covA_band,1M+,HOAIC,1
2018-09,covA_band,200-299K,HOAIC,6
2018-09,covA_band,200-299K,SageSure Occidental,2
2018-09,covA_band,200-299K,SageSure SURE,1
2018-09,covA_band,200-299K,Swyfft Benchmark,1
2018-09,covA_band,300-399K,HOAIC,5
2018-09,covA_band,300-399K,SageSure Occidental,2
2018-09,covA_band,300-399K,SageSure SURE,1
2018-09,covA_band,300-399K,Swyfft Benchmark,1
2018-09,covA_band,300-399K,Travelers,1
2018-09,covA_band,400-599K,HOAIC,4
2018-09,covA_band,400-599K,Liberty Mutual / Safeco,1
2018-09,covA_band,400-599K,SageSure Occidental,4
2018-09,covA_band,400-599K,SageSure SURE,1
2018-09,covA_band,400-599K,Swyfft Benchmark,2
2018-09,covA_band,600-999K,HOAIC,1
2018-09,covA_band,<200K,HOAIC,1
2018-09,covA_band,<200K,SageSure Occidental,1
2018-09,covA_band,<200K,SageSure SURE,1
2018-10,age_band,0-9,Centauri,1
2018-10,age_band,0-9,HOAIC,11
2018-10,age_band,0-9,Liberty Mutual / Safeco,2
2018-10,age_band,0-9,SageSure Occidental,1
2018-10,age_band,0-9,SageSure SURE,2
2018-10,age_band,0-9,Travelers,2
2018-10,age_band,10-19,Centauri,2
2018-10,age_band,10-19,SageSure Occidental,1
2018-10,age_band,20-29,HOAIC,1
2018-10,age_band,20-29,SageSure SURE,1
2018-10,age_band,30-39,Liberty Mutual / Safeco,1
2018-10,age_band,30-39,SageSure Occidental,1
2018-10,age_band,30-39,SageSure SURE,2
2018-10,age_band,30-39,Swyfft Benchmark,1
2018-10,age_band,40-59,Liberty Mutual / Safeco,1
2018-10,age_band,40-59,Progressive / ASI,1
2018-10,age_band,40-59,SageSure Occidental,1
2018-10,age_band,40-59,SageSure SURE,1
2018-10,age_band,40-59,Swyfft Benchmark,2
2018-10,age_band,60+,Centauri,2
2018-10,age_band,60+,HOAIC,1
2018-10,covA_band,1M+,SageSure Occidental,1
2018-10,covA_band,200-299K,HOAIC,3
2018-10,covA_band,200-299K,SageSure Occidental,1
2018-10,covA_band,300-399K,Centauri,1
2018-10,covA_band,300-399K,HOAIC,3
2018-10,covA_band,300-399K,Progressive / ASI,1
2018-10,covA_band,300-399K,SageSure Occidental,1
2018-10,covA_band,300-399K,SageSure SURE,4
2018-10,covA_band,300-399K,Swyfft Benchmark,1
2018-10,covA_band,400-599K,HOAIC,5
2018-10,covA_band,400-599K,SageSure Occidental,1
2018-10,covA_band,400-599K,Swyfft Benchmark,2
2018-10,covA_band,400-599K,Travelers,2
2018-10,covA_band,600-999K,HOAIC,2
2018-10,covA_band,600-999K,Liberty Mutual / Safeco,1
2018-10,covA_band,600-999K,SageSure SURE,2
2018-11,age_band,0-9,HOAIC,11
2018-11,age_band,0-9,Progressive / ASI,3
2018-11,age_band,0-9,SageSure SURE,2
2018-11,age_band,0-9,Travelers,3
2018-11,age_band,10-19,Centauri,1
2018-11,age_band,10-19,HOAIC,2
2018-11,age_band,10-19,Liberty Mutual / Safeco,1
2018-11,age_band,10-19,SageSure SURE,1
2018-11,age_band,20-29,SageSure SURE,4
2018-11,age_band,20-29,Travelers,1
2018-11,age_band,30-39,HOAIC,1
2018-11,age_band,30-39,SageSure Occidental,1
2018-11,age_band,30-39,SageSure SURE,1
2018-11,age_band,30-39,Travelers,1
2018-11,age_band,40-59,Liberty Mutual / Safeco,1
2018-11,age_band,40-59,Progressive / ASI,1
2018-11,age_band,40-59,SageSure SURE,3
2018-11,age_band,60+,Centauri,1
2018-11,age_band,60+,HOAIC,1
2018-11,age_band,60+,Progressive / ASI,1
2018-11,covA_band,200-299K,HOAIC,3
2018-11,covA_band,200-299K,Progressive / ASI,2
2018-11,covA_band,200-299K,SageSure SURE,2
2018-11,covA_band,300-399K,HOAIC,6
2018-11,covA_band,300-399K,Progressive / ASI,1
2018-11,covA_band,300-399K,SageSure SURE,2
2018-11,covA_band,300-399K,Travelers,2
2018-11,covA_band,400-599K,HOAIC,4
2018-11,covA_band,400-599K,Progressive / ASI,1
2018-11,covA_band,400-599K,SageSure Occidental,1
2018-11,covA_band,400-599K,SageSure SURE,5
2018-11,covA_band,400-599K,Travelers,3
2018-11,covA_band,600-999K,HOAIC,1
2018-11,covA_band,600-999K,Liberty Mutual / Safeco,1
2018-11,covA_band,600-999K,SageSure SURE,2
2018-11,covA_band,<200K,HOAIC,1
2018-12,age_band,0-9,HOAIC,9
2018-12,age_band,0-9,Liberty Mutual / Safeco,1
2018-12,age_band,0-9,Progressive / ASI,2
2018-12,age_band,0-9,SageSure Occidental,1
2018-12,age_band,0-9,SageSure SURE,2
2018-12,age_band,0-9,Travelers,2
2018-12,age_band,10-19,ARI,1
2018-12,age_band,20-29,SageSure Occidental,1
2018-12,age_band,30-39,SageSure Occidental,1
2018-12,age_band,40-59,HOAIC,2
2018-12,age_band,40-59,SageSure Occidental,1
2018-12,age_band,60+,Centauri,1
2018-12,age_band,60+,HOAIC,2
2018-12,age_band,60+,Progressive / ASI,1
2018-12,age_band,60+,SageSure Occidental,1
2018-12,covA_band,1M+,SageSure Occidental,1
2018-12,covA_band,1M+,Travelers,1
2018-12,covA_band,200-299K,ARI,1
2018-12,covA_band,200-299K,HOAIC,2
2018-12,covA_band,200-299K,Liberty Mutual / Safeco,1
2018-12,covA_band,200-299K,Progressive / ASI,1
2018-12,covA_band,200-299K,SageSure Occidental,1
2018-12,covA_band,300-399K,Progressive / ASI,1
2018-12,covA_band,300-399K,SageSure Occidental,1
2018-12,covA_band,400-599K,HOAIC,9
2018-12,covA_band,400-599K,SageSure Occidental,2
2018-12,covA_band,400-599K,SageSure SURE,1
2018-12,covA_band,600-999K,SageSure SURE,1
2018-12,covA_band,600-999K,Travelers,1
2019-01,age_band,0-9,ARI,1
2019-01,age_band,0-9,HOAIC,5
2019-01,age_band,0-9,SageSure Occidental,2
2019-01,age_band,10-19,Centauri,1
2019-01,age_band,20-29,Travelers,1
2019-01,age_band,40-59,Liberty Mutual / Safeco,2
2019-01,age_band,40-59,SageSure Occidental,2
2019-01,age_band,40-59,Travelers,2
2019-01,age_band,60+,Centauri,1
2019-01,age_band,60+,HOAIC,1
2019-01,age_band,60+,Travelers,1
2019-01,covA_band,200-299K,SageSure Occidental,2
2019-01,covA_band,200-299K,Travelers,1
2019-01,covA_band,300-399K,ARI,1
2019-01,covA_band,300-399K,Centauri,1
2019-01,covA_band,300-399K,HOAIC,1
2019-01,covA_band,400-599K,HOAIC,1
2019-01,covA_band,400-599K,SageSure Occidental,1
2019-01,covA_band,400-599K,Travelers,2
2019-01,covA_band,600-999K,HOAIC,3
2019-01,covA_band,600-999K,SageSure Occidental,1
2019-02,age_band,0-9,HOAIC,6
2019-02,age_band,0-9,SageSure Occidental,3
2019-02,age_band,0-9,Travelers,2
2019-02,age_band,10-19,Centauri,1
2019-02,age_band,10-19,SageSure Occidental,2
2019-02,age_band,10-19,Travelers,1
2019-02,age_band,20-29,HOAIC,1
2019-02,age_band,30-39,HOAIC,2
2019-02,age_band,40-59,SageSure Occidental,1
2019-02,age_band,40-59,Travelers,2
2019-02,age_band,60+,HOAIC,3
2019-02,age_band,60+,Progressive / ASI,1
2019-02,age_band,60+,SageSure Occidental,2
2019-02,covA_band,1M+,Travelers,1
2019-02,covA_band,200-299K,HOAIC,2
2019-02,covA_band,200-299K,SageSure Occidental,1
2019-02,covA_band,300-399K,Centauri,1
2019-02,covA_band,300-399K,HOAIC,3
2019-02,covA_band,300-399K,SageSure Occidental,3
2019-02,covA_band,300-399K,Travelers,2
2019-02,covA_band,400-599K,HOAIC,3
2019-02,covA_band,400-599K,SageSure Occidental,3
2019-02,covA_band,400-599K,Travelers,1
2019-02,covA_band,600-999K,HOAIC,1
2019-02,covA_band,600-999K,SageSure Occidental,1
2019-02,covA_band,600-999K,Travelers,1
2019-03,age_band,0-9,HOAIC,7
2019-03,age_band,0-9,Liberty Mutual / Safeco,1
2019-03,age_band,0-9,Progressive / ASI,2
2019-03,age_band,0-9,Travelers,1
2019-03,age_band,10-19,ARI,1
2019-03,age_band,10-19,Centauri,2
2019-03,age_band,10-19,SageSure Occidental,3
2019-03,age_band,10-19,Travelers,1
2019-03,age_band,20-29,SageSure SURE,1
2019-03,age_band,20-29,Travelers,1
2019-03,age_band,30-39,SageSure Occidental,1
2019-03,age_band,40-59,HOAIC,1
2019-03,age_band,40-59,Liberty Mutual / Safeco,2
2019-03,age_band,40-59,SageSure Occidental,3
2019-03,age_band,40-59,Travelers,1
2019-03,age_band,60+,Centauri,1
2019-03,age_band,60+,HOAIC,3
2019-03,age_band,60+,Liberty Mutual / Safeco,1
2019-03,age_band,60+,Progressive / ASI,2
2019-03,covA_band,200-299K,Centauri,2
2019-03,covA_band,200-299K,Liberty Mutual / Safeco,1
2019-03,covA_band,200-299K,SageSure SURE,1
2019-03,covA_band,200-299K,Travelers,1
2019-03,covA_band,300-399K,ARI,1
2019-03,covA_band,300-399K,HOAIC,1
2019-03,covA_band,300-399K,Progressive / ASI,1
2019-03,covA_band,300-399K,SageSure Occidental,3
2019-03,covA_band,400-599K,HOAIC,3
2019-03,covA_band,400-599K,Progressive / ASI,1
2019-03,covA_band,400-599K,SageSure Occidental,2
2019-03,covA_band,400-599K,Travelers,2
2019-03,covA_band,600-999K,HOAIC,4
2019-03,covA_band,600-999K,SageSure Occidental,2
2019-03,covA_band,600-999K,Travelers,1
2019-04,age_band,0-9,HOAIC,9
2019-04,age_band,0-9,Progressive / ASI,1
2019-04,age_band,0-9,SageSure Occidental,1
2019-04,age_band,0-9,SageSure SURE,3
2019-04,age_band,0-9,Travelers,3
2019-04,age_band,10-19,HOAIC,1
2019-04,age_band,10-19,Travelers,2
2019-04,age_band,20-29,ARI,1
2019-04,age_band,20-29,SageSure Occidental,1
2019-04,age_band,20-29,SageSure SURE,1
2019-04,age_band,20-29,Travelers,1
2019-04,age_band,30-39,SageSure SURE,2
2019-04,age_band,40-59,HOAIC,1
2019-04,age_band,40-59,Liberty Mutual / Safeco,2
2019-04,age_band,40-59,SageSure Occidental,2
2019-04,age_band,40-59,SageSure SURE,3
2019-04,age_band,40-59,Travelers,1
2019-04,age_band,60+,Centauri,2
2019-04,age_band,60+,HOAIC,1
2019-04,age_band,60+,SageSure SURE,3
2019-04,age_band,60+,SageSure Wilshire,1
2019-04,age_band,60+,Travelers,2
2019-04,covA_band,200-299K,HOAIC,1
2019-04,covA_band,200-299K,SageSure Occidental,1
2019-04,covA_band,200-299K,SageSure SURE,3
2019-04,covA_band,200-299K,Travelers,1
2019-04,covA_band,300-399K,HOAIC,4
2019-04,covA_band,300-399K,Progressive / ASI,1
2019-04,covA_band,300-399K,SageSure Occidental,1
2019-04,covA_band,300-399K,SageSure SURE,1
2019-04,covA_band,300-399K,Travelers,3
2019-04,covA_band,400-599K,HOAIC,2
2019-04,covA_band,400-599K,SageSure Occidental,1
2019-04,covA_band,400-599K,SageSure SURE,5
2019-04,covA_band,400-599K,SageSure Wilshire,1
2019-04,covA_band,400-599K,Travelers,2
2019-04,covA_band,600-999K,HOAIC,3
2019-04,covA_band,600-999K,SageSure Occidental,1
2019-04,covA_band,600-999K,SageSure SURE,1
2019-04,covA_band,<200K,ARI,1
2019-04,covA_band,<200K,HOAIC,1
2019-04,covA_band,<200K,SageSure SURE,2
2019-04,covA_band,<200K,Travelers,1
2019-05,age_band,0-9,HOAIC,11
2019-05,age_band,0-9,Liberty Mutual / Safeco,1
2019-05,age_band,0-9,SageSure SURE,1
2019-05,age_band,0-9,Travelers,4
2019-05,age_band,10-19,HOAIC,2
2019-05,age_band,10-19,Progressive / ASI,1
2019-05,age_band,10-19,SageSure SURE,5
2019-05,age_band,10-19,Swyfft Benchmark,1
2019-05,age_band,10-19,Travelers,3
2019-05,age_band,20-29,HOAIC,2
2019-05,age_band,20-29,SageSure SURE,1
2019-05,age_band,20-29,Travelers,1
2019-05,age_band,30-39,SageSure SURE,2
2019-05,age_band,40-59,HOAIC,1
2019-05,age_band,40-59,Progressive / ASI,1
2019-05,age_band,40-59,SageSure Occidental,2
2019-05,age_band,40-59,Travelers,1
2019-05,age_band,60+,HOAIC,3
2019-05,age_band,60+,Progressive / ASI,1
2019-05,age_band,60+,Travelers,1
2019-05,covA_band,1M+,Travelers,2
2019-05,covA_band,200-299K,HOAIC,4
2019-05,covA_band,200-299K,Progressive / ASI,1
2019-05,covA_band,200-299K,SageSure Occidental,1
2019-05,covA_band,200-299K,SageSure SURE,1
2019-05,covA_band,200-299K,Travelers,3
2019-05,covA_band,300-399K,HOAIC,5
2019-05,covA_band,300-399K,SageSure SURE,2
2019-05,covA_band,300-399K,Travelers,1
2019-05,covA_band,400-599K,HOAIC,3
2019-05,covA_band,400-599K,Progressive / ASI,1
2019-05,covA_band,400-599K,SageSure Occidental,1
2019-05,covA_band,400-599K,SageSure SURE,4
2019-05,covA_band,400-599K,Swyfft Benchmark,1
2019-05,covA_band,400-599K,Travelers,2
2019-05,covA_band,600-999K,HOAIC,4
2019-05,covA_band,600-999K,SageSure SURE,2
2019-05,covA_band,600-999K,Travelers,1
2019-06,age_band,0-9,HOAIC,9
2019-06,age_band,0-9,Liberty Mutual / Safeco,1
2019-06,age_band,0-9,Progressive / ASI,1
2019-06,age_band,0-9,SageSure Occidental,2
2019-06,age_band,0-9,SageSure SURE,2
2019-06,age_band,0-9,Travelers,2
2019-06,age_band,10-19,HOAIC,1
2019-06,age_band,10-19,SageSure Occidental,2
2019-06,age_band,10-19,SageSure SURE,3
2019-06,age_band,10-19,Travelers,2
2019-06,age_band,20-29,HOAIC,1
2019-06,age_band,20-29,Liberty Mutual / Safeco,1
2019-06,age_band,20-29,SageSure SURE,3
2019-06,age_band,30-39,HOAIC,1
2019-06,age_band,30-39,Progressive / ASI,1
2019-06,age_band,30-39,SageSure SURE,4
2019-06,age_band,40-59,HOAIC,2
2019-06,age_band,40-59,SageSure Occidental,1
2019-06,age_band,40-59,SageSure SURE,5
2019-06,age_band,40-59,Travelers,4
2019-06,age_band,60+,HOAIC,3
2019-06,age_band,60+,Liberty Mutual / Safeco,1
2019-06,age_band,60+,Mercury,1
2019-06,age_band,60+,SageSure Occidental,1
2019-06,age_band,60+,SageSure SURE,1
2019-06,age_band,60+,Travelers,1
2019-06,covA_band,1M+,Liberty Mutual / Safeco,1
2019-06,covA_band,1M+,SageSure SURE,1
2019-06,covA_band,200-299K,HOAIC,3
2019-06,covA_band,200-299K,SageSure SURE,4
2019-06,covA_band,200-299K,Travelers,3
2019-06,covA_band,300-399K,HOAIC,3
2019-06,covA_band,300-399K,Progressive / ASI,1
2019-06,covA_band,300-399K,SageSure Occidental,2
2019-06,covA_band,300-399K,SageSure SURE,7
2019-06,covA_band,300-399K,Travelers,1
2019-06,covA_band,400-599K,HOAIC,2
2019-06,covA_band,400-599K,SageSure Occidental,1
2019-06,covA_band,400-599K,SageSure SURE,3
2019-06,covA_band,400-599K,Travelers,1
2019-06,covA_band,600-999K,HOAIC,4
2019-06,covA_band,600-999K,SageSure Occidental,2
2019-06,covA_band,600-999K,SageSure SURE,3
2019-06,covA_band,600-999K,Travelers,3
2019-06,covA_band,<200K,HOAIC,2
2019-06,covA_band,<200K,Progressive / ASI,1
2019-06,covA_band,<200K,SageSure Occidental,1
2019-06,covA_band,<200K,Travelers,1
2019-07,age_band,0-9,HOAIC,4
2019-07,age_band,0-9,Liberty Mutual / Safeco,1
2019-07,age_band,0-9,Progressive / ASI,1
2019-07,age_band,0-9,SageSure Occidental,1
2019-07,age_band,0-9,SageSure SURE,3
2019-07,age_band,0-9,Travelers,2
2019-07,age_band,10-19,ARI,1
2019-07,age_band,10-19,HOAIC,1
2019-07,age_band,10-19,Liberty Mutual / Safeco,1
2019-07,age_band,10-19,SageSure Occidental,1
2019-07,age_band,20-29,Progressive / ASI,1
2019-07,age_band,20-29,SageSure Occidental,1
2019-07,age_band,20-29,SageSure SURE,2
2019-07,age_band,30-39,SageSure SURE,3
2019-07,age_band,40-59,SageSure Occidental,1
2019-07,age_band,40-59,SageSure SURE,4
2019-07,age_band,40-59,Travelers,1
2019-07,age_band,60+,HOAIC,2
2019-07,age_band,60+,Liberty Mutual / Safeco,1
2019-07,age_band,60+,Progressive / ASI,1
2019-07,age_band,60+,SageSure Occidental,1
2019-07,age_band,60+,SageSure SURE,1
2019-07,age_band,60+,Travelers,1
2019-07,covA_band,200-299K,ARI,1
2019-07,covA_band,200-299K,HOAIC,3
2019-07,covA_band,200-299K,Progressive / ASI,1
2019-07,covA_band,200-299K,SageSure Occidental,1
2019-07,covA_band,200-299K,SageSure SURE,8
2019-07,covA_band,200-299K,Travelers,1
2019-07,covA_band,300-399K,HOAIC,1
2019-07,covA_band,300-399K,SageSure Occidental,2
2019-07,covA_band,300-399K,SageSure SURE,1
2019-07,covA_band,400-599K,HOAIC,1
2019-07,covA_band,400-599K,SageSure Occidental,1
2019-07,covA_band,400-599K,SageSure SURE,4
2019-07,covA_band,400-599K,Travelers,1
2019-07,covA_band,600-999K,Liberty Mutual / Safeco,1
2019-07,covA_band,600-999K,Progressive / ASI,1
2019-07,covA_band,600-999K,Travelers,1
2019-07,covA_band,<200K,HOAIC,1
2019-08,age_band,0-9,HOAIC,7
2019-08,age_band,0-9,Progressive / ASI,1
2019-08,age_band,0-9,SageSure Occidental,1
2019-08,age_band,0-9,SageSure SURE,4
2019-08,age_band,0-9,Travelers,5
2019-08,age_band,10-19,Chubb,1
2019-08,age_band,10-19,HOAIC,1
2019-08,age_band,10-19,SageSure Occidental,2
2019-08,age_band,10-19,SageSure SURE,4
2019-08,age_band,20-29,HOAIC,1
2019-08,age_band,20-29,Travelers,1
2019-08,age_band,30-39,HOAIC,1
2019-08,age_band,30-39,SageSure Occidental,1
2019-08,age_band,30-39,SageSure SURE,1
2019-08,age_band,40-59,HOAIC,1
2019-08,age_band,40-59,Liberty Mutual / Safeco,1
2019-08,age_band,40-59,SageSure Occidental,1
2019-08,age_band,40-59,SageSure SURE,6
2019-08,age_band,40-59,Travelers,1
2019-08,age_band,60+,Centauri,1
2019-08,age_band,60+,HOAIC,4
2019-08,age_band,60+,Travelers,3
2019-08,covA_band,1M+,Chubb,1
2019-08,covA_band,1M+,HOAIC,1
2019-08,covA_band,1M+,Travelers,1
2019-08,covA_band,200-299K,SageSure Occidental,1
2019-08,covA_band,200-299K,SageSure SURE,2
2019-08,covA_band,200-299K,Travelers,1
2019-08,covA_band,300-399K,HOAIC,2
2019-08,covA_band,300-399K,SageSure SURE,4
2019-08,covA_band,400-599K,HOAIC,4
2019-08,covA_band,400-599K,Progressive / ASI,1
2019-08,covA_band,400-599K,SageSure Occidental,2
2019-08,covA_band,400-599K,SageSure SURE,7
2019-08,covA_band,400-599K,Travelers,2
2019-08,covA_band,600-999K,HOAIC,4
2019-08,covA_band,600-999K,SageSure Occidental,1
2019-08,covA_band,600-999K,Travelers,3
2019-08,covA_band,<200K,SageSure Occidental,1
2019-08,covA_band,<200K,SageSure SURE,2
2019-08,covA_band,<200K,Travelers,1
2019-09,age_band,0-9,HOAIC,10
2019-09,age_band,0-9,Liberty Mutual / Safeco,1
2019-09,age_band,0-9,Progressive / ASI,1
2019-09,age_band,0-9,SageSure SURE,4
2019-09,age_band,0-9,Travelers,2
2019-09,age_band,10-19,Centauri,1
2019-09,age_band,10-19,HOAIC,2
2019-09,age_band,10-19,Liberty Mutual / Safeco,1
2019-09,age_band,10-19,SageSure Occidental,1
2019-09,age_band,10-19,SageSure SURE,2
2019-09,age_band,20-29,SageSure SURE,3
2019-09,age_band,20-29,Travelers,1
2019-09,age_band,30-39,HOAIC,1
2019-09,age_band,30-39,Liberty Mutual / Safeco,1
2019-09,age_band,30-39,SageSure SURE,1
2019-09,age_band,30-39,Travelers,1
2019-09,age_band,40-59,SageSure Occidental,2
2019-09,age_band,40-59,SageSure SURE,1
2019-09,age_band,60+,HOAIC,4
2019-09,age_band,60+,Travelers,3
2019-09,covA_band,1M+,Travelers,1
2019-09,covA_band,200-299K,HOAIC,4
2019-09,covA_band,200-299K,SageSure Occidental,1
2019-09,covA_band,200-299K,SageSure SURE,3
2019-09,covA_band,300-399K,Centauri,1
2019-09,covA_band,300-399K,HOAIC,4
2019-09,covA_band,300-399K,Liberty Mutual / Safeco,1
2019-09,covA_band,300-399K,SageSure Occidental,2
2019-09,covA_band,300-399K,SageSure SURE,2
2019-09,covA_band,300-399K,Travelers,1
2019-09,covA_band,400-599K,HOAIC,4
2019-09,covA_band,400-599K,SageSure SURE,4
2019-09,covA_band,400-599K,Travelers,1
2019-09,covA_band,600-999K,HOAIC,1
2019-09,covA_band,600-999K,SageSure SURE,2
2019-09,covA_band,600-999K,Travelers,1
2019-10,age_band,0-9,HOAIC,4
2019-10,age_band,0-9,Liberty Mutual / Safeco,1
2019-10,age_band,0-9,Progressive / ASI,1
2019-10,age_band,0-9,SageSure Occidental,2
2019-10,age_band,0-9,SageSure SURE,3
2019-10,age_band,0-9,Travelers,1
2019-10,age_band,10-19,HOAIC,2
2019-10,age_band,10-19,Liberty Mutual / Safeco,1
2019-10,age_band,10-19,SageSure Occidental,1
2019-10,age_band,10-19,SageSure SURE,2
2019-10,age_band,20-29,SageSure SURE,1
2019-10,age_band,30-39,HOAIC,1
2019-10,age_band,30-39,SageSure Occidental,1
2019-10,age_band,30-39,SageSure SURE,2
2019-10,age_band,40-59,SageSure SURE,2
2019-10,age_band,40-59,Travelers,1
2019-10,age_band,60+,ARI,2
2019-10,age_band,60+,HOAIC,1
2019-10,age_band,60+,Progressive / ASI,1
2019-10,age_band,60+,SageSure Occidental,1
2019-10,age_band,60+,SageSure SURE,2
2019-10,covA_band,1M+,SageSure SURE,1
2019-10,covA_band,200-299K,HOAIC,2
2019-10,covA_band,200-299K,Progressive / ASI,1
2019-10,covA_band,200-299K,SageSure SURE,4
2019-10,covA_band,300-399K,HOAIC,1
2019-10,covA_band,300-399K,SageSure SURE,2
2019-10,covA_band,400-599K,HOAIC,1
2019-10,covA_band,400-599K,Liberty Mutual / Safeco,1
2019-10,covA_band,400-599K,SageSure Occidental,2
2019-10,covA_band,400-599K,SageSure SURE,3
2019-10,covA_band,400-599K,Travelers,2
2019-10,covA_band,600-999K,HOAIC,2
2019-10,covA_band,600-999K,SageSure Occidental,2
2019-10,covA_band,600-999K,SageSure SURE,2
2019-10,covA_band,<200K,HOAIC,1
2019-11,age_band,0-9,HOAIC,8
2019-11,age_band,0-9,Progressive / ASI,1
2019-11,age_band,0-9,SageSure SURE,5
2019-11,age_band,0-9,Travelers,1
2019-11,age_band,10-19,HOAIC,1
2019-11,age_band,10-19,Liberty Mutual / Safeco,1
2019-11,age_band,10-19,SageSure Occidental,1
2019-11,age_band,10-19,SageSure SURE,1
2019-11,age_band,10-19,Travelers,2
2019-11,age_band,20-29,HOAIC,1
2019-11,age_band,20-29,SageSure SURE,1
2019-11,age_band,30-39,HOAIC,2
2019-11,age_band,30-39,SageSure SURE,1
2019-11,age_band,40-59,SageSure Occidental,1
2019-11,age_band,40-59,SageSure SURE,3
2019-11,age_band,40-59,Travelers,2
2019-11,age_band,60+,ARI,1
2019-11,age_band,60+,Centauri,2
2019-11,age_band,60+,HOAIC,5
2019-11,age_band,60+,SageSure Occidental,1
2019-11,age_band,60+,Travelers,1
2019-11,covA_band,200-299K,HOAIC,4
2019-11,covA_band,200-299K,SageSure SURE,3
2019-11,covA_band,200-299K,Travelers,1
2019-11,covA_band,300-399K,HOAIC,3
2019-11,covA_band,300-399K,Progressive / ASI,1
2019-11,covA_band,300-399K,SageSure SURE,4
2019-11,covA_band,300-399K,Travelers,1
2019-11,covA_band,400-599K,HOAIC,2
2019-11,covA_band,400-599K,SageSure Occidental,1
2019-11,covA_band,400-599K,SageSure SURE,3
2019-11,covA_band,400-599K,Travelers,2
2019-11,covA_band,600-999K,HOAIC,3
2019-11,covA_band,600-999K,Liberty Mutual / Safeco,1
2019-11,covA_band,600-999K,SageSure Occidental,1
2019-11,covA_band,600-999K,SageSure SURE,1
2019-11,covA_band,600-999K,Travelers,1
2019-11,covA_band,<200K,HOAIC,2
2019-12,age_band,0-9,HOAIC,13
2019-12,age_band,0-9,Progressive / ASI,1
2019-12,age_band,0-9,SageSure SURE,2
2019-12,age_band,0-9,Travelers,2
2019-12,age_band,10-19,Allied Trust,1
2019-12,age_band,20-29,HOAIC,2
2019-12,age_band,20-29,Liberty Mutual / Safeco,1
2019-12,age_band,20-29,SageSure Occidental,1
2019-12,age_band,40-59,Liberty Mutual / Safeco,1
2019-12,age_band,40-59,SageSure Occidental,1
2019-12,age_band,60+,ARI,1
2019-12,age_band,60+,Centauri,2
2019-12,age_band,60+,Chubb,1
2019-12,age_band,60+,HOAIC,3
2019-12,age_band,60+,SageSure Occidental,1
2019-12,age_band,60+,Travelers,2
2019-12,covA_band,200-299K,HOAIC,3
2019-12,covA_band,200-299K,SageSure Occidental,1
2019-12,covA_band,200-299K,SageSure SURE,1
2019-12,covA_band,300-399K,HOAIC,5
2019-12,covA_band,300-399K,Liberty Mutual / Safeco,1
2019-12,covA_band,300-399K,SageSure SURE,1
2019-12,covA_band,300-399K,Travelers,1
2019-12,covA_band,400-599K,Allied Trust,1
2019-12,covA_band,400-599K,HOAIC,6
2019-12,covA_band,600-999K,HOAIC,1
2019-12,covA_band,600-999K,SageSure Occidental,1
2019-12,covA_band,600-999K,Travelers,1
2020-01,age_band,0-9,HOAIC,10
2020-01,age_band,10-19,Allied Trust,1
2020-01,age_band,10-19,HOAIC,1
2020-01,age_band,20-29,Travelers,1
2020-01,age_band,40-59,HOAIC,1
2020-01,age_band,40-59,Liberty Mutual / Safeco,1
2020-01,age_band,40-59,SageSure Occidental,1
2020-01,age_band,40-59,Travelers,1
2020-01,age_band,60+,ARI,1
2020-01,age_band,60+,HOAIC,3
2020-01,age_band,60+,Liberty Mutual / Safeco,1
2020-01,age_band,60+,Travelers,1
2020-01,covA_band,1M+,HOAIC,1
2020-01,covA_band,200-299K,HOAIC,4
2020-01,covA_band,300-399K,HOAIC,2
2020-01,covA_band,300-399K,SageSure Occidental,1
2020-01,covA_band,300-399K,Travelers,2
2020-01,covA_band,400-599K,HOAIC,3
2020-01,covA_band,600-999K,Allied Trust,1
2020-01,covA_band,600-999K,HOAIC,2
2020-02,age_band,0-9,HOAIC,14
2020-02,age_band,0-9,Progressive / ASI,1
2020-02,age_band,0-9,SageSure Occidental,1
2020-02,age_band,0-9,Travelers,2
2020-02,age_band,10-19,Allied Trust,1
2020-02,age_band,10-19,Centauri,1
2020-02,age_band,10-19,Liberty Mutual / Safeco,1
2020-02,age_band,10-19,SageSure Occidental,1
2020-02,age_band,10-19,Travelers,2
2020-02,age_band,20-29,HOAIC,1
2020-02,age_band,20-29,SageSure Occidental,1
2020-02,age_band,30-39,HOAIC,1
2020-02,age_band,30-39,Travelers,1
2020-02,age_band,60+,ARI,1
2020-02,age_band,60+,HOAIC,3
2020-02,age_band,60+,Liberty Mutual / Safeco,2
2020-02,age_band,60+,Travelers,3
2020-02,covA_band,1M+,Centauri,1
2020-02,covA_band,200-299K,HOAIC,6
2020-02,covA_band,200-299K,Travelers,1
2020-02,covA_band,300-399K,HOAIC,5
2020-02,covA_band,300-399K,Progressive / ASI,1
2020-02,covA_band,300-399K,Travelers,2
2020-02,covA_band,400-599K,Allied Trust,1
2020-02,covA_band,400-599K,HOAIC,3
2020-02,covA_band,400-599K,Liberty Mutual / Safeco,1
2020-02,covA_band,400-599K,SageSure Occidental,1
2020-02,covA_band,400-599K,Travelers,3
2020-02,covA_band,600-999K,HOAIC,2
2020-02,covA_band,600-999K,SageSure Occidental,2
2020-02,covA_band,600-999K,Travelers,1
2020-03,age_band,0-9,HOAIC,13
2020-03,age_band,0-9,Liberty Mutual / Safeco,2
2020-03,age_band,0-9,Progressive / ASI,1
2020-03,age_band,0-9,SageSure Occidental,1
2020-03,age_band,0-9,Travelers,5
2020-03,age_band,10-19,ARI,1
2020-03,age_band,10-19,Centauri,1
2020-03,age_band,10-19,SageSure Occidental,3
2020-03,age_band,20-29,HOAIC,2
2020-03,age_band,20-29,Liberty Mutual / Safeco,1
2020-03,age_band,20-29,SageSure Occidental,1
2020-03,age_band,20-29,Travelers,1
2020-03,age_band,40-59,SageSure Occidental,2
2020-03,age_band,40-59,Travelers,1
2020-03,age_band,60+,ARI,1
2020-03,age_band,60+,HOAIC,3
2020-03,age_band,60+,Liberty Mutual / Safeco,2
2020-03,age_band,60+,SageSure Occidental,3
2020-03,age_band,60+,SageSure SURE,1
2020-03,age_band,60+,Travelers,5
2020-03,covA_band,1M+,HOAIC,1
2020-03,covA_band,1M+,SageSure SURE,1
2020-03,covA_band,200-299K,ARI,1
2020-03,covA_band,200-299K,Liberty Mutual / Safeco,1
2020-03,covA_band,200-299K,SageSure Occidental,1
2020-03,covA_band,200-299K,Travelers,2
2020-03,covA_band,300-399K,HOAIC,4
2020-03,covA_band,300-399K,SageSure Occidental,3
2020-03,covA_band,300-399K,Travelers,3
2020-03,covA_band,400-599K,Centauri,1
2020-03,covA_band,400-599K,HOAIC,6
2020-03,covA_band,400-599K,Progressive / ASI,1
2020-03,covA_band,400-599K,SageSure Occidental,4
2020-03,covA_band,400-599K,Travelers,2
2020-03,covA_band,600-999K,HOAIC,3
2020-03,covA_band,600-999K,Liberty Mutual / Safeco,1
2020-03,covA_band,600-999K,SageSure Occidental,1
2020-03,covA_band,600-999K,Travelers,1
2020-03,covA_band,<200K,HOAIC,1
2020-04,age_band,0-9,HOAIC,14
2020-04,age_band,0-9,Liberty Mutual / Safeco,1
2020-04,age_band,0-9,Progressive / ASI,1
2020-04,age_band,0-9,SageSure SURE,4
2020-04,age_band,0-9,Travelers,2
2020-04,age_band,10-19,HOAIC,2
2020-04,age_band,10-19,Liberty Mutual / Safeco,1
2020-04,age_band,10-19,SageSure Occidental,6
2020-04,age_band,10-19,SageSure SURE,1
2020-04,age_band,10-19,Travelers,3
2020-04,age_band,20-29,HOAIC,3
2020-04,age_band,20-29,Liberty Mutual / Safeco,1
2020-04,age_band,20-29,SageSure Occidental,3
2020-04,age_band,20-29,SageSure SURE,2
2020-04,age_band,30-39,HOAIC,1
2020-04,age_band,30-39,SageSure Occidental,3
2020-04,age_band,40-59,HOAIC,1
2020-04,age_band,40-59,Liberty Mutual / Safeco,1
2020-04,age_band,40-59,SageSure Occidental,5
2020-04,age_band,40-59,SageSure SURE,1
2020-04,age_band,40-59,Travelers,1
2020-04,age_band,60+,ARI,1
2020-04,age_band,60+,Centauri,1
2020-04,age_band,60+,HOAIC,4
2020-04,age_band,60+,Progressive / ASI,1
2020-04,age_band,60+,SageSure Occidental,1
2020-04,age_band,60+,Travelers,1
2020-04,covA_band,1M+,HOAIC,1
2020-04,covA_band,1M+,SageSure Occidental,1
2020-04,covA_band,1M+,SageSure SURE,1
2020-04,covA_band,1M+,Travelers,2
2020-04,covA_band,200-299K,HOAIC,3
2020-04,covA_band,200-299K,Liberty Mutual / Safeco,1
2020-04,covA_band,200-299K,Progressive / ASI,1
2020-04,covA_band,200-299K,SageSure Occidental,3
2020-04,covA_band,200-299K,SageSure SURE,1
2020-04,covA_band,300-399K,HOAIC,4
2020-04,covA_band,300-399K,Liberty Mutual / Safeco,1
2020-04,covA_band,300-399K,Progressive / ASI,1
2020-04,covA_band,300-399K,SageSure Occidental,3
2020-04,covA_band,300-399K,SageSure SURE,3
2020-04,covA_band,300-399K,Travelers,3
2020-04,covA_band,400-599K,ARI,1
2020-04,covA_band,400-599K,HOAIC,6
2020-04,covA_band,400-599K,SageSure Occidental,5
2020-04,covA_band,400-599K,SageSure SURE,3
2020-04,covA_band,600-999K,HOAIC,5
2020-04,covA_band,600-999K,SageSure Occidental,4
2020-04,covA_band,600-999K,SageSure SURE,1
2020-04,covA_band,600-999K,Travelers,1
2020-04,covA_band,<200K,HOAIC,2
2020-04,covA_band,<200K,SageSure Occidental,2
2020-05,age_band,0-9,HOAIC,6
2020-05,age_band,0-9,Progressive / ASI,1
2020-05,age_band,0-9,SageSure Occidental,3
2020-05,age_band,0-9,SageSure SURE,5
2020-05,age_band,0-9,Travelers,2
2020-05,age_band,10-19,Liberty Mutual / Safeco,3
2020-05,age_band,10-19,SageSure Occidental,3
2020-05,age_band,10-19,SageSure SURE,4
2020-05,age_band,10-19,Travelers,1
2020-05,age_band,20-29,Liberty Mutual / Safeco,2
2020-05,age_band,20-29,SageSure Occidental,1
2020-05,age_band,20-29,SageSure SURE,1
2020-05,age_band,20-29,Travelers,1
2020-05,age_band,30-39,HOAIC,1
2020-05,age_band,30-39,Liberty Mutual / Safeco,2
2020-05,age_band,30-39,SageSure Occidental,2
2020-05,age_band,30-39,SageSure SURE,3
2020-05,age_band,40-59,Allied Trust,1
2020-05,age_band,40-59,HOAIC,2
2020-05,age_band,40-59,Liberty Mutual / Safeco,4
2020-05,age_band,40-59,SageSure Occidental,2
2020-05,age_band,40-59,SageSure SURE,2
2020-05,age_band,40-59,Travelers,4
2020-05,age_band,60+,ARI,1
2020-05,age_band,60+,HOAIC,1
2020-05,age_band,60+,Liberty Mutual / Safeco,1
2020-05,age_band,60+,Travelers,3
2020-05,covA_band,1M+,HOAIC,1
2020-05,covA_band,1M+,SageSure Occidental,3
2020-05,covA_band,200-299K,Allied Trust,1
2020-05,covA_band,200-299K,HOAIC,1
2020-05,covA_band,200-299K,Liberty Mutual / Safeco,4
2020-05,covA_band,200-299K,SageSure Occidental,1
2020-05,covA_band,200-299K,SageSure SURE,3
2020-05,covA_band,200-299K,Travelers,1
2020-05,covA_band,300-399K,HOAIC,4
2020-05,covA_band,300-399K,Liberty Mutual / Safeco,2
2020-05,covA_band,300-399K,SageSure Occidental,2
2020-05,covA_band,300-399K,SageSure SURE,7
2020-05,covA_band,400-599K,HOAIC,2
2020-05,covA_band,400-599K,Liberty Mutual / Safeco,3
2020-05,covA_band,400-599K,Progressive / ASI,1
2020-05,covA_band,400-599K,SageSure Occidental,1
2020-05,covA_band,400-599K,SageSure SURE,2
2020-05,covA_band,400-599K,Travelers,4
2020-05,covA_band,600-999K,SageSure Occidental,4
2020-05,covA_band,600-999K,SageSure SURE,3
2020-05,covA_band,600-999K,Travelers,3
2020-05,covA_band,<200K,HOAIC,1
2020-05,covA_band,<200K,Liberty Mutual / Safeco,3
2020-06,age_band,0-9,HOAIC,18
2020-06,age_band,0-9,Liberty Mutual / Safeco,2
2020-06,age_band,0-9,SageSure Occidental,4
2020-06,age_band,0-9,SageSure SURE,9
2020-06,age_band,0-9,Travelers,2
2020-06,age_band,10-19,Allied Trust,1
2020-06,age_band,10-19,HOAIC,1
2020-06,age_band,10-19,Liberty Mutual / Safeco,6
2020-06,age_band,10-19,Progressive / ASI,4
2020-06,age_band,10-19,SageSure Occidental,3
2020-06,age_band,10-19,SageSure SURE,6
2020-06,age_band,10-19,Travelers,1
2020-06,age_band,20-29,Liberty Mutual / Safeco,3
2020-06,age_band,20-29,Progressive / ASI,1
2020-06,age_band,20-29,SageSure Occidental,4
2020-06,age_band,20-29,SageSure SURE,3
2020-06,age_band,20-29,Travelers,2
2020-06,age_band,30-39,HOAIC,1
2020-06,age_band,30-39,Liberty Mutual / Safeco,5
2020-06,age_band,30-39,Progressive / ASI,1
2020-06,age_band,30-39,SageSure Occidental,1
2020-06,age_band,30-39,SageSure SURE,1
2020-06,age_band,40-59,HOAIC,1
2020-06,age_band,40-59,Liberty Mutual / Safeco,7
2020-06,age_band,40-59,Progressive / ASI,1
2020-06,age_band,40-59,SageSure Occidental,5
2020-06,age_band,40-59,Travelers,2
2020-06,age_band,60+,HOAIC,3
2020-06,age_band,60+,Liberty Mutual / Safeco,2
2020-06,age_band,60+,Mercury,1
2020-06,age_band,60+,SageSure Occidental,4
2020-06,age_band,60+,Travelers,2
2020-06,covA_band,1M+,HOAIC,1
2020-06,covA_band,1M+,Liberty Mutual / Safeco,1
2020-06,covA_band,1M+,SageSure Occidental,2
2020-06,covA_band,200-299K,HOAIC,2
2020-06,covA_band,200-299K,Liberty Mutual / Safeco,10
2020-06,covA_band,200-299K,Progressive / ASI,1
2020-06,covA_band,200-299K,SageSure Occidental,3
2020-06,covA_band,200-299K,SageSure SURE,2
2020-06,covA_band,200-299K,Travelers,3
2020-06,covA_band,300-399K,HOAIC,6
2020-06,covA_band,300-399K,Liberty Mutual / Safeco,7
2020-06,covA_band,300-399K,Progressive / ASI,2
2020-06,covA_band,300-399K,SageSure Occidental,5
2020-06,covA_band,300-399K,SageSure SURE,5
2020-06,covA_band,400-599K,Allied Trust,1
2020-06,covA_band,400-599K,HOAIC,6
2020-06,covA_band,400-599K,Liberty Mutual / Safeco,6
2020-06,covA_band,400-599K,Mercury,1
2020-06,covA_band,400-599K,SageSure Occidental,3
2020-06,covA_band,400-599K,SageSure SURE,7
2020-06,covA_band,400-599K,Travelers,3
2020-06,covA_band,600-999K,HOAIC,5
2020-06,covA_band,600-999K,Progressive / ASI,2
2020-06,covA_band,600-999K,SageSure Occidental,4
2020-06,covA_band,600-999K,SageSure SURE,5
2020-06,covA_band,600-999K,Travelers,2
2020-06,covA_band,<200K,HOAIC,1
2020-07,age_band,0-9,HOAIC,11
2020-07,age_band,0-9,Liberty Mutual / Safeco,1
2020-07,age_band,0-9,Progressive / ASI,5
2020-07,age_band,0-9,SageSure Occidental,1
2020-07,age_band,0-9,SageSure SURE,7
2020-07,age_band,0-9,Travelers,5
2020-07,age_band,10-19,HOAIC,3
2020-07,age_band,10-19,Liberty Mutual / Safeco,3
2020-07,age_band,10-19,Progressive / ASI,1
2020-07,age_band,10-19,SageSure Occidental,4
2020-07,age_band,10-19,SageSure SURE,4
2020-07,age_band,10-19,SageSure SafePort,1
2020-07,age_band,10-19,Travelers,3
2020-07,age_band,20-29,HOAIC,2
2020-07,age_band,20-29,Liberty Mutual / Safeco,2
2020-07,age_band,20-29,Progressive / ASI,1
2020-07,age_band,20-29,SageSure SURE,2
2020-07,age_band,20-29,TWICO,1
2020-07,age_band,20-29,Travelers,1
2020-07,age_band,30-39,HOAIC,2
2020-07,age_band,30-39,Liberty Mutual / Safeco,1
2020-07,age_band,30-39,Travelers,1
2020-07,age_band,40-59,Liberty Mutual / Safeco,9
2020-07,age_band,40-59,Travelers,1
2020-07,age_band,60+,ARI,1
2020-07,age_band,60+,HOAIC,2
2020-07,age_band,60+,Liberty Mutual / Safeco,4
2020-07,age_band,60+,SageSure Occidental,1
2020-07,age_band,60+,Travelers,4
2020-07,covA_band,1M+,HOAIC,1
2020-07,covA_band,1M+,SageSure Occidental,1
2020-07,covA_band,1M+,SageSure SURE,2
2020-07,covA_band,1M+,Travelers,1
2020-07,covA_band,200-299K,HOAIC,6
2020-07,covA_band,200-299K,Liberty Mutual / Safeco,7
2020-07,covA_band,200-299K,SageSure SURE,4
2020-07,covA_band,200-299K,Travelers,1
2020-07,covA_band,300-399K,HOAIC,2
2020-07,covA_band,300-399K,Liberty Mutual / Safeco,5
2020-07,covA_band,300-399K,Progressive / ASI,2
2020-07,covA_band,300-399K,SageSure Occidental,4
2020-07,covA_band,300-399K,SageSure SURE,2
2020-07,covA_band,300-399K,Travelers,3
2020-07,covA_band,400-599K,HOAIC,6
2020-07,covA_band,400-599K,Liberty Mutual / Safeco,5
2020-07,covA_band,400-599K,Progressive / ASI,3
2020-07,covA_band,400-599K,SageSure SURE,2
2020-07,covA_band,400-599K,SageSure SafePort,1
2020-07,covA_band,400-599K,TWICO,1
2020-07,covA_band,400-599K,Travelers,2
2020-07,covA_band,600-999K,HOAIC,3
2020-07,covA_band,600-999K,Liberty Mutual / Safeco,2
2020-07,covA_band,600-999K,Progressive / ASI,1
2020-07,covA_band,600-999K,SageSure SURE,3
2020-07,covA_band,600-999K,Travelers,3
2020-07,covA_band,<200K,Travelers,1
2020-08,age_band,0-9,ARI,1
2020-08,age_band,0-9,HOAIC,11
2020-08,age_band,0-9,Liberty Mutual / Safeco,1
2020-08,age_band,0-9,Progressive / ASI,1
2020-08,age_band,0-9,SageSure Occidental,1
2020-08,age_band,0-9,SageSure SURE,6
2020-08,age_band,0-9,Travelers,4
2020-08,age_band,10-19,Liberty Mutual / Safeco,3
2020-08,age_band,10-19,National General,1
2020-08,age_band,10-19,Progressive / ASI,2
2020-08,age_band,10-19,SageSure Occidental,2
2020-08,age_band,10-19,SageSure SURE,1
2020-08,age_band,10-19,Travelers,1
2020-08,age_band,20-29,Chubb,1
2020-08,age_band,20-29,HOAIC,1
2020-08,age_band,20-29,Liberty Mutual / Safeco,1
2020-08,age_band,20-29,Travelers,1
2020-08,age_band,30-39,HOAIC,1
2020-08,age_band,30-39,Liberty Mutual / Safeco,2
2020-08,age_band,30-39,Progressive / ASI,1
2020-08,age_band,30-39,Travelers,2
2020-08,age_band,40-59,HOAIC,2
2020-08,age_band,40-59,Liberty Mutual / Safeco,8
2020-08,age_band,40-59,Travelers,3
2020-08,age_band,60+,ARI,3
2020-08,age_band,60+,Liberty Mutual / Safeco,6
2020-08,age_band,60+,Progressive / ASI,1
2020-08,age_band,60+,Swyfft Benchmark,4
2020-08,age_band,60+,Travelers,3
2020-08,covA_band,1M+,Chubb,1
2020-08,covA_band,200-299K,HOAIC,3
2020-08,covA_band,200-299K,Liberty Mutual / Safeco,2
2020-08,covA_band,200-299K,National General,1
2020-08,covA_band,200-299K,Progressive / ASI,2
2020-08,covA_band,200-299K,Travelers,3
2020-08,covA_band,300-399K,ARI,1
2020-08,covA_band,300-399K,HOAIC,4
2020-08,covA_band,300-399K,Liberty Mutual / Safeco,7
2020-08,covA_band,300-399K,Progressive / ASI,1
2020-08,covA_band,300-399K,SageSure Occidental,1
2020-08,covA_band,300-399K,Travelers,3
2020-08,covA_band,400-599K,HOAIC,6
2020-08,covA_band,400-599K,Liberty Mutual / Safeco,4
2020-08,covA_band,400-599K,Progressive / ASI,1
2020-08,covA_band,400-599K,SageSure Occidental,2
2020-08,covA_band,400-599K,SageSure SURE,4
2020-08,covA_band,400-599K,Travelers,5
2020-08,covA_band,600-999K,HOAIC,1
2020-08,covA_band,600-999K,Progressive / ASI,1
2020-08,covA_band,600-999K,SageSure SURE,2
2020-08,covA_band,<200K,HOAIC,1
2020-08,covA_band,<200K,Liberty Mutual / Safeco,1
2020-08,covA_band,<200K,SageSure SURE,1
2020-09,age_band,0-9,Allied Trust,2
2020-09,age_band,0-9,HOAIC,9
2020-09,age_band,0-9,Liberty Mutual / Safeco,2
2020-09,age_band,0-9,Progressive / ASI,3
2020-09,age_band,0-9,SageSure SURE,6
2020-09,age_band,0-9,Swyfft Benchmark,1
2020-09,age_band,0-9,Travelers,4
2020-09,age_band,10-19,ARI,1
2020-09,age_band,10-19,HOAIC,3
2020-09,age_band,10-19,Liberty Mutual / Safeco,7
2020-09,age_band,10-19,Progressive / ASI,1
2020-09,age_band,10-19,SageSure Occidental,1
2020-09,age_band,10-19,SageSure SURE,1
2020-09,age_band,10-19,Swyfft Benchmark,6
2020-09,age_band,10-19,Travelers,3
2020-09,age_band,20-29,HOAIC,1
2020-09,age_band,20-29,Liberty Mutual / Safeco,2
2020-09,age_band,20-29,SageSure SURE,1
2020-09,age_band,20-29,Swyfft Benchmark,4
2020-09,age_band,20-29,Travelers,3
2020-09,age_band,30-39,HOAIC,1
2020-09,age_band,30-39,Liberty Mutual / Safeco,1
2020-09,age_band,30-39,TWICO,1
2020-09,age_band,30-39,Travelers,1
2020-09,age_band,40-59,Liberty Mutual / Safeco,2
2020-09,age_band,40-59,Swyfft Benchmark,2
2020-09,age_band,40-59,Travelers,2
2020-09,age_band,60+,HOAIC,3
2020-09,age_band,60+,Progressive / ASI,1
2020-09,age_band,60+,Swyfft Benchmark,4
2020-09,age_band,60+,Travelers,2
2020-09,covA_band,1M+,Swyfft Benchmark,1
2020-09,covA_band,200-299K,Allied Trust,1
2020-09,covA_band,200-299K,HOAIC,1
2020-09,covA_band,200-299K,Liberty Mutual / Safeco,2
2020-09,covA_band,200-299K,Progressive / ASI,1
2020-09,covA_band,200-299K,SageSure SURE,3
2020-09,covA_band,200-299K,Swyfft Benchmark,5
2020-09,covA_band,200-299K,Travelers,3
2020-09,covA_band,300-399K,ARI,1
2020-09,covA_band,300-399K,Allied Trust,1
2020-09,covA_band,300-399K,HOAIC,6
2020-09,covA_band,300-399K,Liberty Mutual / Safeco,6
2020-09,covA_band,300-399K,Progressive / ASI,3
2020-09,covA_band,300-399K,SageSure SURE,1
2020-09,covA_band,300-399K,Travelers,3
2020-09,covA_band,400-599K,HOAIC,6
2020-09,covA_band,400-599K,Liberty Mutual / Safeco,1
2020-09,covA_band,400-599K,Progressive / ASI,1
2020-09,covA_band,400-599K,SageSure SURE,1
2020-09,covA_band,400-599K,Swyfft Benchmark,2
2020-09,covA_band,400-599K,Travelers,5
2020-09,covA_band,600-999K,HOAIC,1
2020-09,covA_band,600-999K,SageSure Occidental,1
2020-09,covA_band,600-999K,SageSure SURE,3
2020-09,covA_band,600-999K,Swyfft Benchmark,2
2020-09,covA_band,600-999K,Travelers,2
2020-09,covA_band,<200K,HOAIC,1
2020-09,covA_band,<200K,Liberty Mutual / Safeco,1
2020-09,covA_band,<200K,TWICO,1
2020-09,covA_band,<200K,Travelers,1
2020-10,age_band,0-9,Allied Trust,1
2020-10,age_band,0-9,HOAIC,3
2020-10,age_band,0-9,Progressive / ASI,1
2020-10,age_band,0-9,SageSure SafePort,1
2020-10,age_band,0-9,Travelers,2
2020-10,age_band,10-19,ARI,1
2020-10,age_band,10-19,HOAIC,2
2020-10,age_band,10-19,Liberty Mutual / Safeco,2
2020-10,age_band,10-19,Progressive / ASI,2
2020-10,age_band,10-19,SageSure SafePort,1
2020-10,age_band,10-19,Swyfft Benchmark,2
2020-10,age_band,20-29,HOAIC,1
2020-10,age_band,20-29,Liberty Mutual / Safeco,1
2020-10,age_band,20-29,Swyfft Benchmark,1
2020-10,age_band,20-29,Travelers,2
2020-10,age_band,30-39,Liberty Mutual / Safeco,2
2020-10,age_band,30-39,SageSure SafePort,1
2020-10,age_band,30-39,Travelers,5
2020-10,age_band,40-59,HOAIC,2
2020-10,age_band,40-59,Liberty Mutual / Safeco,2
2020-10,age_band,40-59,Progressive / ASI,1
2020-10,age_band,40-59,Swyfft Benchmark,1
2020-10,age_band,60+,ARI,1
2020-10,age_band,60+,HOAIC,3
2020-10,age_band,60+,Liberty Mutual / Safeco,1
2020-10,age_band,60+,Swyfft Benchmark,5
2020-10,covA_band,1M+,HOAIC,1
2020-10,covA_band,1M+,Swyfft Benchmark,1
2020-10,covA_band,200-299K,HOAIC,4
2020-10,covA_band,200-299K,Liberty Mutual / Safeco,2
2020-10,covA_band,200-299K,Progressive / ASI,1
2020-10,covA_band,200-299K,Travelers,3
2020-10,covA_band,300-399K,Liberty Mutual / Safeco,3
2020-10,covA_band,300-399K,Progressive / ASI,1
2020-10,covA_band,300-399K,SageSure SafePort,1
2020-10,covA_band,300-399K,Travelers,2
2020-10,covA_band,400-599K,ARI,2
2020-10,covA_band,400-599K,Allied Trust,1
2020-10,covA_band,400-599K,HOAIC,2
2020-10,covA_band,400-599K,Liberty Mutual / Safeco,1
2020-10,covA_band,400-599K,Progressive / ASI,1
2020-10,covA_band,400-599K,SageSure SafePort,2
2020-10,covA_band,400-599K,Swyfft Benchmark,1
2020-10,covA_band,400-599K,Travelers,3
2020-10,covA_band,600-999K,Swyfft Benchmark,1
2020-10,covA_band,600-999K,Travelers,1
2020-10,covA_band,<200K,HOAIC,1
2020-11,age_band,0-9,HOAIC,5
2020-11,age_band,0-9,Progressive / ASI,3
2020-11,age_band,0-9,SageSure SURE,1
2020-11,age_band,0-9,Travelers,2
2020-11,age_band,10-19,Liberty Mutual / Safeco,1
2020-11,age_band,10-19,National General,1
2020-11,age_band,10-19,Progressive / ASI,1
2020-11,age_band,10-19,SageSure SafePort,1
2020-11,age_band,10-19,Swyfft Benchmark,1
2020-11,age_band,10-19,TWICO,1
2020-11,age_band,10-19,Travelers,6
2020-11,age_band,20-29,Liberty Mutual / Safeco,4
2020-11,age_band,20-29,SageSure Occidental,2
2020-11,age_band,20-29,SageSure SafePort,2
2020-11,age_band,20-29,Swyfft Benchmark,1
2020-11,age_band,20-29,Travelers,1
2020-11,age_band,30-39,Liberty Mutual / Safeco,2
2020-11,age_band,30-39,Progressive / ASI,2
2020-11,age_band,30-39,SageSure SafePort,2
2020-11,age_band,30-39,Travelers,1
2020-11,age_band,40-59,HOAIC,1
2020-11,age_band,40-59,Progressive / ASI,1
2020-11,age_band,40-59,SageSure SafePort,5
2020-11,age_band,40-59,Travelers,1
2020-11,age_band,60+,HOAIC,2
2020-11,age_band,60+,Liberty Mutual / Safeco,4
2020-11,age_band,60+,SageSure SafePort,1
2020-11,age_band,60+,Travelers,2
2020-11,covA_band,200-299K,Liberty Mutual / Safeco,2
2020-11,covA_band,200-299K,National General,1
2020-11,covA_band,200-299K,Progressive / ASI,2
2020-11,covA_band,200-299K,SageSure SURE,1
2020-11,covA_band,200-299K,SageSure SafePort,3
2020-11,covA_band,200-299K,Travelers,3
2020-11,covA_band,300-399K,HOAIC,2
2020-11,covA_band,300-399K,Liberty Mutual / Safeco,4
2020-11,covA_band,300-399K,Progressive / ASI,1
2020-11,covA_band,300-399K,SageSure SafePort,3
2020-11,covA_band,300-399K,Swyfft Benchmark,1
2020-11,covA_band,300-399K,TWICO,1
2020-11,covA_band,300-399K,Travelers,4
2020-11,covA_band,400-599K,HOAIC,1
2020-11,covA_band,400-599K,Liberty Mutual / Safeco,2
2020-11,covA_band,400-599K,Progressive / ASI,3
2020-11,covA_band,400-599K,SageSure SafePort,4
2020-11,covA_band,400-599K,Travelers,1
2020-11,covA_band,600-999K,HOAIC,3
2020-11,covA_band,600-999K,SageSure Occidental,2
2020-11,covA_band,600-999K,SageSure SafePort,1
2020-11,covA_band,600-999K,Swyfft Benchmark,1
2020-11,covA_band,600-999K,Travelers,2
2020-11,covA_band,<200K,Liberty Mutual / Safeco,1
2020-11,covA_band,<200K,Travelers,1
2020-12,age_band,0-9,Chubb,1
2020-12,age_band,0-9,HOAIC,7
2020-12,age_band,0-9,Liberty Mutual / Safeco,3
2020-12,age_band,0-9,Progressive / ASI,8
2020-12,age_band,0-9,SageSure SafePort,2
2020-12,age_band,0-9,TWICO,1
2020-12,age_band,0-9,Travelers,12
2020-12,age_band,10-19,HOAIC,2
2020-12,age_band,10-19,Liberty Mutual / Safeco,2
2020-12,age_band,10-19,Progressive / ASI,2
2020-12,age_band,10-19,SageSure SafePort,3
2020-12,age_band,10-19,Swyfft Benchmark,2
2020-12,age_band,10-19,Travelers,3
2020-12,age_band,20-29,National General,2
2020-12,age_band,20-29,SageSure SafePort,1
2020-12,age_band,20-29,Travelers,1
2020-12,age_band,30-39,Liberty Mutual / Safeco,5
2020-12,age_band,30-39,SageSure SafePort,1
2020-12,age_band,30-39,TWICO,1
2020-12,age_band,30-39,Travelers,1
2020-12,age_band,40-59,HOAIC,1
2020-12,age_band,40-59,Liberty Mutual / Safeco,1
2020-12,age_band,40-59,SageSure Occidental,1
2020-12,age_band,40-59,SageSure SafePort,4
2020-12,age_band,40-59,Travelers,2
2020-12,age_band,60+,HOAIC,2
2020-12,age_band,60+,SageSure Occidental,1
2020-12,age_band,60+,SageSure SafePort,1
2020-12,age_band,60+,Swyfft Benchmark,1
2020-12,age_band,60+,Travelers,2
2020-12,covA_band,1M+,Chubb,1
2020-12,covA_band,1M+,Travelers,1
2020-12,covA_band,200-299K,HOAIC,4
2020-12,covA_band,200-299K,Liberty Mutual / Safeco,3
2020-12,covA_band,200-299K,National General,1
2020-12,covA_band,200-299K,Progressive / ASI,1
2020-12,covA_band,200-299K,SageSure SafePort,3
2020-12,covA_band,200-299K,Swyfft Benchmark,1
2020-12,covA_band,200-299K,TWICO,1
2020-12,covA_band,200-299K,Travelers,4
2020-12,covA_band,300-399K,HOAIC,3
2020-12,covA_band,300-399K,Liberty Mutual / Safeco,3
2020-12,covA_band,300-399K,National General,1
2020-12,covA_band,300-399K,Progressive / ASI,3
2020-12,covA_band,300-399K,SageSure SafePort,3
2020-12,covA_band,300-399K,TWICO,1
2020-12,covA_band,300-399K,Travelers,4
2020-12,covA_band,400-599K,HOAIC,1
2020-12,covA_band,400-599K,Liberty Mutual / Safeco,2
2020-12,covA_band,400-599K,Progressive / ASI,3
2020-12,covA_band,400-599K,SageSure SafePort,4
2020-12,covA_band,400-599K,Swyfft Benchmark,1
2020-12,covA_band,400-599K,Travelers,7
2020-12,covA_band,600-999K,HOAIC,2
2020-12,covA_band,600-999K,Progressive / ASI,3
2020-12,covA_band,600-999K,SageSure Occidental,2
2020-12,covA_band,600-999K,SageSure SafePort,1
2020-12,covA_band,600-999K,Travelers,2
2020-12,covA_band,<200K,SageSure SafePort,1
2020-12,covA_band,<200K,Travelers,1
2021-01,age_band,0-9,HOAIC,4
2021-01,age_band,0-9,Liberty Mutual / Safeco,2
2021-01,age_band,0-9,Progressive / ASI,2
2021-01,age_band,0-9,SageSure Occidental,1
2021-01,age_band,0-9,SageSure SafePort,1
2021-01,age_band,0-9,Swyfft Benchmark,1
2021-01,age_band,0-9,Travelers,3
2021-01,age_band,10-19,Liberty Mutual / Safeco,5
2021-01,age_band,10-19,SageSure SafePort,9
2021-01,age_band,10-19,Travelers,4
2021-01,age_band,20-29,Liberty Mutual / Safeco,5
2021-01,age_band,20-29,Progressive / ASI,1
2021-01,age_band,20-29,SageSure SafePort,1
2021-01,age_band,20-29,Swyfft Benchmark,2
2021-01,age_band,20-29,Travelers,1
2021-01,age_band,30-39,HOAIC,1
2021-01,age_band,30-39,National General,1
2021-01,age_band,30-39,Progressive / ASI,2
2021-01,age_band,30-39,SageSure SafePort,1
2021-01,age_band,40-59,HOAIC,2
2021-01,age_band,40-59,Liberty Mutual / Safeco,4
2021-01,age_band,40-59,Progressive / ASI,1
2021-01,age_band,40-59,SageSure SafePort,3
2021-01,age_band,40-59,Swyfft Benchmark,1
2021-01,age_band,40-59,Travelers,2
2021-01,age_band,60+,ARI,1
2021-01,age_band,60+,Travelers,5
2021-01,covA_band,1M+,Travelers,1
2021-01,covA_band,200-299K,HOAIC,1
2021-01,covA_band,200-299K,Liberty Mutual / Safeco,8
2021-01,covA_band,200-299K,Progressive / ASI,1
2021-01,covA_band,200-299K,SageSure SafePort,4
2021-01,covA_band,200-299K,Travelers,1
2021-01,covA_band,300-399K,HOAIC,4
2021-01,covA_band,300-399K,Liberty Mutual / Safeco,2
2021-01,covA_band,300-399K,Progressive / ASI,2
2021-01,covA_band,300-399K,SageSure SafePort,3
2021-01,covA_band,300-399K,Swyfft Benchmark,1
2021-01,covA_band,300-399K,Travelers,3
2021-01,covA_band,400-599K,HOAIC,2
2021-01,covA_band,400-599K,Liberty Mutual / Safeco,2
2021-01,covA_band,400-599K,Progressive / ASI,1
2021-01,covA_band,400-599K,SageSure SafePort,7
2021-01,covA_band,400-599K,Swyfft Benchmark,1
2021-01,covA_band,400-599K,Travelers,5
2021-01,covA_band,600-999K,Liberty Mutual / Safeco,2
2021-01,covA_band,600-999K,Progressive / ASI,2
2021-01,covA_band,600-999K,SageSure Occidental,1
2021-01,covA_band,600-999K,Swyfft Benchmark,1
2021-01,covA_band,600-999K,Travelers,3
2021-01,covA_band,<200K,ARI,1
2021-01,covA_band,<200K,Liberty Mutual / Safeco,1
2021-01,covA_band,<200K,National General,1
2021-01,covA_band,<200K,SageSure SafePort,1
2021-02,age_band,0-9,HOAIC,4
2021-02,age_band,0-9,Liberty Mutual / Safeco,1
2021-02,age_band,0-9,National General,2
2021-02,age_band,0-9,Progressive / ASI,7
2021-02,age_band,0-9,SageSure SafePort,1
2021-02,age_band,0-9,Swyfft Benchmark,1
2021-02,age_band,0-9,Travelers,7
2021-02,age_band,10-19,HOAIC,1
2021-02,age_band,10-19,Liberty Mutual / Safeco,4
2021-02,age_band,10-19,National General,1
2021-02,age_band,10-19,Progressive / ASI,1
2021-02,age_band,10-19,SageSure SafePort,5
2021-02,age_band,10-19,Swyfft Benchmark,3
2021-02,age_band,10-19,Travelers,1
2021-02,age_band,20-29,Liberty Mutual / Safeco,5
2021-02,age_band,20-29,National General,1
2021-02,age_band,20-29,Progressive / ASI,2
2021-02,age_band,20-29,SageSure SafePort,2
2021-02,age_band,20-29,Swyfft Benchmark,1
2021-02,age_band,20-29,Travelers,1
2021-02,age_band,30-39,Liberty Mutual / Safeco,1
2021-02,age_band,30-39,SageSure Occidental,1
2021-02,age_band,30-39,SageSure SafePort,3
2021-02,age_band,30-39,Travelers,1
2021-02,age_band,40-59,HOAIC,1
2021-02,age_band,40-59,Liberty Mutual / Safeco,5
2021-02,age_band,40-59,Progressive / ASI,1
2021-02,age_band,40-59,SageSure SafePort,5
2021-02,age_band,40-59,Travelers,1
2021-02,age_band,60+,HOAIC,2
2021-02,age_band,60+,Liberty Mutual / Safeco,2
2021-02,covA_band,1M+,Swyfft Benchmark,1
2021-02,covA_band,200-299K,HOAIC,2
2021-02,covA_band,200-299K,Liberty Mutual / Safeco,4
2021-02,covA_band,200-299K,Progressive / ASI,2
2021-02,covA_band,200-299K,SageSure SafePort,2
2021-02,covA_band,200-299K,Travelers,2
2021-02,covA_band,300-399K,HOAIC,1
2021-02,covA_band,300-399K,Liberty Mutual / Safeco,9
2021-02,covA_band,300-399K,National General,2
2021-02,covA_band,300-399K,Progressive / ASI,4
2021-02,covA_band,300-399K,SageSure SafePort,4
2021-02,covA_band,300-399K,Swyfft Benchmark,1
2021-02,covA_band,300-399K,Travelers,4
2021-02,covA_band,400-599K,HOAIC,4
2021-02,covA_band,400-599K,Liberty Mutual / Safeco,3
2021-02,covA_band,400-599K,National General,1
2021-02,covA_band,400-599K,Progressive / ASI,1
2021-02,covA_band,400-599K,SageSure Occidental,1
2021-02,covA_band,400-599K,SageSure SafePort,6
2021-02,covA_band,400-599K,Swyfft Benchmark,1
2021-02,covA_band,400-599K,Travelers,2
2021-02,covA_band,600-999K,National General,1
2021-02,covA_band,600-999K,Progressive / ASI,2
2021-02,covA_band,600-999K,SageSure SafePort,4
2021-02,covA_band,600-999K,Swyfft Benchmark,2
2021-02,covA_band,600-999K,Travelers,3
2021-02,covA_band,<200K,Progressive / ASI,1
2021-03,age_band,0-9,HOAIC,6
2021-03,age_band,0-9,Liberty Mutual / Safeco,1
2021-03,age_band,0-9,Progressive / ASI,6
2021-03,age_band,0-9,SageSure SafePort,1
2021-03,age_band,0-9,Travelers,12
2021-03,age_band,10-19,Liberty Mutual / Safeco,6
2021-03,age_band,10-19,National General,1
2021-03,age_band,10-19,Progressive / ASI,5
2021-03,age_band,10-19,SageSure Occidental,2
2021-03,age_band,10-19,SageSure SafePort,4
2021-03,age_band,10-19,Travelers,3
2021-03,age_band,20-29,HOAIC,1
2021-03,age_band,20-29,Liberty Mutual / Safeco,1
2021-03,age_band,20-29,National General,1
2021-03,age_band,20-29,Progressive / ASI,6
2021-03,age_band,20-29,SageSure Occidental,1
2021-03,age_band,20-29,SageSure SafePort,3
2021-03,age_band,20-29,Swyfft Benchmark,1
2021-03,age_band,20-29,Travelers,1
2021-03,age_band,30-39,HOAIC,3
2021-03,age_band,30-39,Liberty Mutual / Safeco,2
2021-03,age_band,30-39,SageSure SafePort,2
2021-03,age_band,30-39,Travelers,3
2021-03,age_band,40-59,HOAIC,1
2021-03,age_band,40-59,Liberty Mutual / Safeco,7
2021-03,age_band,40-59,Progressive / ASI,1
2021-03,age_band,40-59,SageSure SafePort,5
2021-03,age_band,40-59,Swyfft Benchmark,1
2021-03,age_band,60+,HOAIC,2
2021-03,age_band,60+,Liberty Mutual / Safeco,2
2021-03,age_band,60+,SageSure SafePort,2
2021-03,age_band,60+,Travelers,8
2021-03,covA_band,1M+,HOAIC,1
2021-03,covA_band,1M+,SageSure Occidental,1
2021-03,covA_band,1M+,SageSure SafePort,1
2021-03,covA_band,1M+,Travelers,4
2021-03,covA_band,200-299K,HOAIC,4
2021-03,covA_band,200-299K,Liberty Mutual / Safeco,7
2021-03,covA_band,200-299K,National General,1
2021-03,covA_band,200-299K,Progressive / ASI,4
2021-03,covA_band,200-299K,SageSure SafePort,2
2021-03,covA_band,200-299K,Swyfft Benchmark,1
2021-03,covA_band,200-299K,Travelers,1
2021-03,covA_band,300-399K,HOAIC,1
2021-03,covA_band,300-399K,Liberty Mutual / Safeco,6
2021-03,covA_band,300-399K,National General,1
2021-03,covA_band,300-399K,Progressive / ASI,6
2021-03,covA_band,300-399K,SageSure Occidental,1
2021-03,covA_band,300-399K,SageSure SafePort,7
2021-03,covA_band,300-399K,Travelers,3
2021-03,covA_band,400-599K,HOAIC,3
2021-03,covA_band,400-599K,Liberty Mutual / Safeco,3
2021-03,covA_band,400-599K,Progressive / ASI,3
2021-03,covA_band,400-599K,SageSure Occidental,1
2021-03,covA_band,400-599K,SageSure SafePort,2
2021-03,covA_band,400-599K,Travelers,7
2021-03,covA_band,600-999K,HOAIC,3
2021-03,covA_band,600-999K,Liberty Mutual / Safeco,2
2021-03,covA_band,600-999K,Progressive / ASI,4
2021-03,covA_band,600-999K,SageSure SafePort,3
2021-03,covA_band,600-999K,Swyfft Benchmark,1
2021-03,covA_band,600-999K,Travelers,5
2021-03,covA_band,<200K,SageSure SafePort,2
2021-03,covA_band,<200K,Travelers,1
2021-04,age_band,0-9,HOAIC,6
2021-04,age_band,0-9,Liberty Mutual / Safeco,3
2021-04,age_band,0-9,Progressive / ASI,7
2021-04,age_band,0-9,SageSure SafePort,1
2021-04,age_band,0-9,Swyfft Benchmark,2
2021-04,age_band,0-9,Travelers,15
2021-04,age_band,10-19,HOAIC,1
2021-04,age_band,10-19,Liberty Mutual / Safeco,3
2021-04,age_band,10-19,Progressive / ASI,2
2021-04,age_band,10-19,SageSure SURE,1
2021-04,age_band,10-19,SageSure SafePort,4
2021-04,age_band,10-19,Travelers,8
2021-04,age_band,20-29,HOAIC,2
2021-04,age_band,20-29,Liberty Mutual / Safeco,3
2021-04,age_band,20-29,Swyfft Benchmark,1
2021-04,age_band,20-29,Travelers,4
2021-04,age_band,30-39,HOAIC,1
2021-04,age_band,30-39,Liberty Mutual / Safeco,1
2021-04,age_band,30-39,Progressive / ASI,2
2021-04,age_band,30-39,SageSure SafePort,2
2021-04,age_band,30-39,Travelers,1
2021-04,age_band,40-59,Liberty Mutual / Safeco,3
2021-04,age_band,40-59,National General,1
2021-04,age_band,40-59,Progressive / ASI,2
2021-04,age_band,40-59,SageSure SafePort,4
2021-04,age_band,40-59,Travelers,1
2021-04,age_band,60+,HOAIC,2
2021-04,age_band,60+,Liberty Mutual / Safeco,2
2021-04,age_band,60+,SageSure SURE,1
2021-04,age_band,60+,SageSure SafePort,1
2021-04,age_band,60+,Travelers,5
2021-04,covA_band,1M+,Travelers,2
2021-04,covA_band,200-299K,HOAIC,1
2021-04,covA_band,200-299K,Liberty Mutual / Safeco,4
2021-04,covA_band,200-299K,National General,1
2021-04,covA_band,200-299K,SageSure SafePort,5
2021-04,covA_band,200-299K,Travelers,4
2021-04,covA_band,300-399K,HOAIC,4
2021-04,covA_band,300-399K,Liberty Mutual / Safeco,6
2021-04,covA_band,300-399K,Progressive / ASI,5
2021-04,covA_band,300-399K,SageSure SURE,1
2021-04,covA_band,300-399K,SageSure SafePort,2
2021-04,covA_band,300-399K,Travelers,3
2021-04,covA_band,400-599K,HOAIC,2
2021-04,covA_band,400-599K,Liberty Mutual / Safeco,3
2021-04,covA_band,400-599K,Progressive / ASI,2
2021-04,covA_band,400-599K,SageSure SafePort,3
2021-04,covA_band,400-599K,Swyfft Benchmark,2
2021-04,covA_band,400-599K,Travelers,11
2021-04,covA_band,600-999K,HOAIC,2
2021-04,covA_band,600-999K,Liberty Mutual / Safeco,1
2021-04,covA_band,600-999K,Progressive / ASI,5
2021-04,covA_band,600-999K,SageSure SURE,1
2021-04,covA_band,600-999K,SageSure SafePort,1
2021-04,covA_band,600-999K,Swyfft Benchmark,1
2021-04,covA_band,600-999K,Travelers,9
2021-04,covA_band,<200K,HOAIC,2
2021-04,covA_band,<200K,SageSure SafePort,1
2021-05,age_band,0-9,ARI,1
2021-05,age_band,0-9,Foremost,1
2021-05,age_band,0-9,HOAIC,12
2021-05,age_band,0-9,Progressive / ASI,6
2021-05,age_band,0-9,SageSure SafePort,1
2021-05,age_band,0-9,Swyfft Benchmark,2
2021-05,age_band,0-9,Travelers,10
2021-05,age_band,10-19,HOAIC,2
2021-05,age_band,10-19,Liberty Mutual / Safeco,2
2021-05,age_band,10-19,National General,1
2021-05,age_band,10-19,Progressive / ASI,1
2021-05,age_band,10-19,SageSure Occidental,1
2021-05,age_band,10-19,SageSure SURE,1
2021-05,age_band,10-19,SageSure SafePort,2
2021-05,age_band,10-19,Swyfft Benchmark,1
2021-05,age_band,10-19,Travelers,7
2021-05,age_band,20-29,HOAIC,1
2021-05,age_band,20-29,Liberty Mutual / Safeco,6
2021-05,age_band,20-29,National General,1
2021-05,age_band,20-29,Progressive / ASI,3
2021-05,age_band,20-29,SageSure SURE,2
2021-05,age_band,20-29,Travelers,2
2021-05,age_band,30-39,HOAIC,4
2021-05,age_band,30-39,Liberty Mutual / Safeco,3
2021-05,age_band,30-39,Progressive / ASI,2
2021-05,age_band,30-39,SageSure SafePort,1
2021-05,age_band,30-39,Travelers,2
2021-05,age_band,40-59,HOAIC,3
2021-05,age_band,40-59,Liberty Mutual / Safeco,6
2021-05,age_band,40-59,Progressive / ASI,3
2021-05,age_band,40-59,SageSure SafePort,1
2021-05,age_band,40-59,Travelers,1
2021-05,age_band,60+,HOAIC,2
2021-05,age_band,60+,Liberty Mutual / Safeco,3
2021-05,age_band,60+,TWICO,1
2021-05,covA_band,1M+,SageSure SafePort,1
2021-05,covA_band,1M+,Swyfft Benchmark,1
2021-05,covA_band,1M+,Travelers,2
2021-05,covA_band,200-299K,HOAIC,2
2021-05,covA_band,200-299K,Liberty Mutual / Safeco,5
2021-05,covA_band,200-299K,National General,1
2021-05,covA_band,200-299K,Progressive / ASI,3
2021-05,covA_band,200-299K,SageSure SURE,1
2021-05,covA_band,200-299K,SageSure SafePort,2
2021-05,covA_band,200-299K,Swyfft Benchmark,1
2021-05,covA_band,200-299K,Travelers,2
2021-05,covA_band,300-399K,HOAIC,4
2021-05,covA_band,300-399K,Liberty Mutual / Safeco,8
2021-05,covA_band,300-399K,National General,1
2021-05,covA_band,300-399K,Progressive / ASI,4
2021-05,covA_band,300-399K,SageSure SURE,1
2021-05,covA_band,300-399K,Travelers,5
2021-05,covA_band,400-599K,HOAIC,11
2021-05,covA_band,400-599K,Liberty Mutual / Safeco,4
2021-05,covA_band,400-599K,Progressive / ASI,4
2021-05,covA_band,400-599K,SageSure SURE,1
2021-05,covA_band,400-599K,SageSure SafePort,1
2021-05,covA_band,400-599K,Swyfft Benchmark,1
2021-05,covA_band,400-599K,Travelers,8
2021-05,covA_band,600-999K,ARI,1
2021-05,covA_band,600-999K,HOAIC,4
2021-05,covA_band,600-999K,Progressive / ASI,4
2021-05,covA_band,600-999K,SageSure Occidental,1
2021-05,covA_band,600-999K,SageSure SafePort,1
2021-05,covA_band,600-999K,Travelers,5
2021-05,covA_band,<200K,Foremost,1
2021-05,covA_band,<200K,HOAIC,2
2021-05,covA_band,<200K,Liberty Mutual / Safeco,1
2021-05,covA_band,<200K,TWICO,1
2021-06,age_band,0-9,HOAIC,10
2021-06,age_band,0-9,National General,2
2021-06,age_band,0-9,Progressive / ASI,2
2021-06,age_band,0-9,SageSure SURE,1
2021-06,age_band,0-9,SageSure SafePort,1
2021-06,age_band,0-9,Swyfft Benchmark,1
2021-06,age_band,0-9,Travelers,7
2021-06,age_band,10-19,HOAIC,1
2021-06,age_band,10-19,Liberty Mutual / Safeco,5
2021-06,age_band,10-19,National General,2
2021-06,age_band,10-19,Progressive / ASI,1
2021-06,age_band,10-19,SageSure Occidental,1
2021-06,age_band,10-19,SageSure SURE,11
2021-06,age_band,10-19,Travelers,4
2021-06,age_band,20-29,Foremost,1
2021-06,age_band,20-29,HOAIC,1
2021-06,age_band,20-29,Liberty Mutual / Safeco,2
2021-06,age_band,20-29,National General,1
2021-06,age_band,20-29,Progressive / ASI,2
2021-06,age_band,20-29,SageSure Occidental,1
2021-06,age_band,20-29,SageSure SURE,5
2021-06,age_band,20-29,Travelers,1
2021-06,age_band,30-39,HOAIC,6
2021-06,age_band,30-39,Liberty Mutual / Safeco,4
2021-06,age_band,30-39,SageSure SURE,4
2021-06,age_band,30-39,SageSure SafePort,1
2021-06,age_band,30-39,Travelers,1
2021-06,age_band,40-59,HOAIC,5
2021-06,age_band,40-59,Liberty Mutual / Safeco,8
2021-06,age_band,40-59,Progressive / ASI,3
2021-06,age_band,40-59,SageSure Occidental,1
2021-06,age_band,40-59,SageSure SURE,14
2021-06,age_band,60+,HOAIC,4
2021-06,age_band,60+,Liberty Mutual / Safeco,4
2021-06,age_band,60+,Progressive / ASI,2
2021-06,age_band,60+,SageSure SURE,2
2021-06,covA_band,1M+,National General,1
2021-06,covA_band,1M+,SageSure SURE,1
2021-06,covA_band,1M+,SageSure SafePort,1
2021-06,covA_band,200-299K,HOAIC,4
2021-06,covA_band,200-299K,Liberty Mutual / Safeco,6
2021-06,covA_band,200-299K,National General,1
2021-06,covA_band,200-299K,Progressive / ASI,4
2021-06,covA_band,200-299K,SageSure SURE,8
2021-06,covA_band,200-299K,Travelers,4
2021-06,covA_band,300-399K,HOAIC,8
2021-06,covA_band,300-399K,Liberty Mutual / Safeco,6
2021-06,covA_band,300-399K,National General,3
2021-06,covA_band,300-399K,Progressive / ASI,3
2021-06,covA_band,300-399K,SageSure SURE,11
2021-06,covA_band,300-399K,Travelers,6
2021-06,covA_band,400-599K,HOAIC,8
2021-06,covA_band,400-599K,Liberty Mutual / Safeco,9
2021-06,covA_band,400-599K,Progressive / ASI,1
2021-06,covA_band,400-599K,SageSure Occidental,1
2021-06,covA_band,400-599K,SageSure SURE,9
2021-06,covA_band,400-599K,SageSure SafePort,1
2021-06,covA_band,400-599K,Swyfft Benchmark,1
2021-06,covA_band,400-599K,Travelers,1
2021-06,covA_band,600-999K,HOAIC,4
2021-06,covA_band,600-999K,Liberty Mutual / Safeco,1
2021-06,covA_band,600-999K,National General,1
2021-06,covA_band,600-999K,Progressive / ASI,2
2021-06,covA_band,600-999K,SageSure Occidental,2
2021-06,covA_band,600-999K,SageSure SURE,7
2021-06,covA_band,600-999K,Travelers,2
2021-06,covA_band,<200K,Foremost,1
2021-06,covA_band,<200K,HOAIC,1
2021-06,covA_band,<200K,SageSure SURE,1
2021-07,age_band,0-9,HOAIC,19
2021-07,age_band,0-9,Liberty Mutual / Safeco,1
2021-07,age_band,0-9,Progressive / ASI,5
2021-07,age_band,0-9,SageSure Occidental,1
2021-07,age_band,0-9,SageSure SURE,3
2021-07,age_band,0-9,TWICO,1
2021-07,age_band,0-9,Travelers,3
2021-07,age_band,10-19,HOAIC,5
2021-07,age_band,10-19,Liberty Mutual / Safeco,5
2021-07,age_band,10-19,National General,2
2021-07,age_band,10-19,Progressive / ASI,5
2021-07,age_band,10-19,SageSure Occidental,1
2021-07,age_band,10-19,SageSure SURE,17
2021-07,age_band,10-19,Swyfft Benchmark,1
2021-07,age_band,10-19,Travelers,3
2021-07,age_band,20-29,Liberty Mutual / Safeco,2
2021-07,age_band,20-29,National General,1
2021-07,age_band,20-29,Progressive / ASI,11
2021-07,age_band,20-29,SageSure SURE,9
2021-07,age_band,20-29,Swyfft Benchmark,1
2021-07,age_band,20-29,Travelers,1
2021-07,age_band,30-39,HOAIC,4
2021-07,age_band,30-39,Liberty Mutual / Safeco,4
2021-07,age_band,30-39,National General,2
2021-07,age_band,30-39,SageSure Occidental,1
2021-07,age_band,30-39,SageSure SURE,4
2021-07,age_band,40-59,HOAIC,3
2021-07,age_band,40-59,Liberty Mutual / Safeco,8
2021-07,age_band,40-59,Progressive / ASI,2
2021-07,age_band,40-59,SageSure Occidental,1
2021-07,age_band,40-59,SageSure SURE,8
2021-07,age_band,40-59,Swyfft Benchmark,1
2021-07,age_band,60+,HOAIC,1
2021-07,age_band,60+,Liberty Mutual / Safeco,3
2021-07,age_band,60+,Progressive / ASI,2
2021-07,age_band,60+,SageSure SURE,4
2021-07,age_band,60+,Travelers,1
2021-07,covA_band,1M+,HOAIC,3
2021-07,covA_band,1M+,Liberty Mutual / Safeco,1
2021-07,covA_band,1M+,SageSure Occidental,1
2021-07,covA_band,1M+,Travelers,1
2021-07,covA_band,200-299K,HOAIC,5
2021-07,covA_band,200-299K,Liberty Mutual / Safeco,7
2021-07,covA_band,200-299K,Progressive / ASI,8
2021-07,covA_band,200-299K,SageSure SURE,11
2021-07,covA_band,200-299K,Swyfft Benchmark,1
2021-07,covA_band,200-299K,Travelers,1
2021-07,covA_band,300-399K,HOAIC,7
2021-07,covA_band,300-399K,Liberty Mutual / Safeco,6
2021-07,covA_band,300-399K,National General,1
2021-07,covA_band,300-399K,Progressive / ASI,7
2021-07,covA_band,300-399K,SageSure Occidental,1
2021-07,covA_band,300-399K,SageSure SURE,9
2021-07,covA_band,300-399K,Swyfft Benchmark,1
2021-07,covA_band,300-399K,Travelers,1
2021-07,covA_band,400-599K,HOAIC,7
2021-07,covA_band,400-599K,Liberty Mutual / Safeco,7
2021-07,covA_band,400-599K,Progressive / ASI,6
2021-07,covA_band,400-599K,SageSure Occidental,1
2021-07,covA_band,400-599K,SageSure SURE,12
2021-07,covA_band,400-599K,TWICO,1
2021-07,covA_band,400-599K,Travelers,3
2021-07,covA_band,600-999K,HOAIC,9
2021-07,covA_band,600-999K,National General,3
2021-07,covA_band,600-999K,Progressive / ASI,3
2021-07,covA_band,600-999K,SageSure Occidental,1
2021-07,covA_band,600-999K,SageSure SURE,9
2021-07,covA_band,600-999K,Travelers,2
2021-07,covA_band,<200K,HOAIC,1
2021-07,covA_band,<200K,National General,1
2021-07,covA_band,<200K,SageSure SURE,4
2021-07,covA_band,<200K,Swyfft Benchmark,1
2021-08,age_band,0-9,Chubb,1
2021-08,age_band,0-9,HOAIC,18
2021-08,age_band,0-9,Liberty Mutual / Safeco,3
2021-08,age_band,0-9,Progressive / ASI,7
2021-08,age_band,0-9,SageSure SURE,5
2021-08,age_band,0-9,SageSure SafePort,1
2021-08,age_band,0-9,Travelers,6
2021-08,age_band,10-19,HOAIC,4
2021-08,age_band,10-19,Liberty Mutual / Safeco,7
2021-08,age_band,10-19,Mercury,2
2021-08,age_band,10-19,National General,4
2021-08,age_band,10-19,Progressive / ASI,7
2021-08,age_band,10-19,SageSure Occidental,1
2021-08,age_band,10-19,SageSure SURE,10
2021-08,age_band,10-19,Swyfft Benchmark,1
2021-08,age_band,10-19,TWICO,1
2021-08,age_band,10-19,Travelers,2
2021-08,age_band,20-29,HOAIC,2
2021-08,age_band,20-29,Liberty Mutual / Safeco,5
2021-08,age_band,20-29,National General,2
2021-08,age_band,20-29,Progressive / ASI,1
2021-08,age_band,20-29,SageSure Occidental,1
2021-08,age_band,20-29,SageSure SURE,4
2021-08,age_band,20-29,Swyfft Benchmark,1
2021-08,age_band,20-29,Travelers,2
2021-08,age_band,30-39,HOAIC,2
2021-08,age_band,30-39,Liberty Mutual / Safeco,2
2021-08,age_band,30-39,Mercury,1
2021-08,age_band,30-39,National General,2
2021-08,age_band,30-39,SageSure SURE,2
2021-08,age_band,40-59,HOAIC,10
2021-08,age_band,40-59,Liberty Mutual / Safeco,4
2021-08,age_band,40-59,Mercury,2
2021-08,age_band,40-59,Progressive / ASI,1
2021-08,age_band,40-59,SageSure Occidental,1
2021-08,age_band,40-59,SageSure SURE,8
2021-08,age_band,60+,HOAIC,1
2021-08,age_band,60+,Liberty Mutual / Safeco,1
2021-08,age_band,60+,SageSure SURE,5
2021-08,covA_band,1M+,Chubb,1
2021-08,covA_band,1M+,HOAIC,2
2021-08,covA_band,1M+,Liberty Mutual / Safeco,1
2021-08,covA_band,1M+,Progressive / ASI,1
2021-08,covA_band,200-299K,HOAIC,5
2021-08,covA_band,200-299K,National General,3
2021-08,covA_band,200-299K,Progressive / ASI,3
2021-08,covA_band,200-299K,SageSure SURE,9
2021-08,covA_band,200-299K,Swyfft Benchmark,1
2021-08,covA_band,200-299K,Travelers,1
2021-08,covA_band,300-399K,HOAIC,9
2021-08,covA_band,300-399K,Liberty Mutual / Safeco,5
2021-08,covA_band,300-399K,Mercury,2
2021-08,covA_band,300-399K,National General,3
2021-08,covA_band,300-399K,Progressive / ASI,2
2021-08,covA_band,300-399K,SageSure Occidental,1
2021-08,covA_band,300-399K,SageSure SURE,12
2021-08,covA_band,400-599K,HOAIC,11
2021-08,covA_band,400-599K,Liberty Mutual / Safeco,7
2021-08,covA_band,400-599K,Mercury,2
2021-08,covA_band,400-599K,National General,1
2021-08,covA_band,400-599K,Progressive / ASI,6
2021-08,covA_band,400-599K,SageSure Occidental,2
2021-08,covA_band,400-599K,SageSure SURE,8
2021-08,covA_band,400-599K,Swyfft Benchmark,1
2021-08,covA_band,400-599K,TWICO,1
2021-08,covA_band,400-599K,Travelers,6
2021-08,covA_band,600-999K,HOAIC,9
2021-08,covA_band,600-999K,Liberty Mutual / Safeco,2
2021-08,covA_band,600-999K,Progressive / ASI,3
2021-08,covA_band,600-999K,SageSure SURE,1
2021-08,covA_band,600-999K,SageSure SafePort,1
2021-08,covA_band,600-999K,Travelers,3
2021-08,covA_band,<200K,HOAIC,1
2021-08,covA_band,<200K,National General,1
2021-08,covA_band,<200K,Progressive / ASI,1
2021-08,covA_band,<200K,SageSure SURE,4
2021-09,age_band,0-9,HOAIC,26
2021-09,age_band,0-9,Progressive / ASI,13
2021-09,age_band,0-9,SageSure Occidental,1
2021-09,age_band,0-9,Swyfft Benchmark,1
2021-09,age_band,0-9,Travelers,4
2021-09,age_band,10-19,HOAIC,4
2021-09,age_band,10-19,Liberty Mutual / Safeco,2
2021-09,age_band,10-19,Mercury,1
2021-09,age_band,10-19,National General,3
2021-09,age_band,10-19,Progressive / ASI,3
2021-09,age_band,10-19,SageSure SURE,6
2021-09,age_band,10-19,Swyfft Benchmark,1
2021-09,age_band,10-19,Travelers,7
2021-09,age_band,20-29,HOAIC,2
2021-09,age_band,20-29,Liberty Mutual / Safeco,1
2021-09,age_band,20-29,National General,1
2021-09,age_band,20-29,Progressive / ASI,2
2021-09,age_band,20-29,SageSure SURE,3
2021-09,age_band,20-29,Travelers,1
2021-09,age_band,30-39,HOAIC,4
2021-09,age_band,30-39,Liberty Mutual / Safeco,1
2021-09,age_band,30-39,Progressive / ASI,1
2021-09,age_band,30-39,SageSure SURE,4
2021-09,age_band,30-39,SageSure SafePort,1
2021-09,age_band,40-59,HOAIC,1
2021-09,age_band,40-59,Liberty Mutual / Safeco,2
2021-09,age_band,40-59,Progressive / ASI,3
2021-09,age_band,40-59,SageSure SURE,12
2021-09,age_band,60+,HOAIC,1
2021-09,age_band,60+,Liberty Mutual / Safeco,4
2021-09,age_band,60+,Mercury,1
2021-09,age_band,60+,SageSure SURE,4
2021-09,covA_band,1M+,HOAIC,1
2021-09,covA_band,1M+,SageSure SafePort,1
2021-09,covA_band,1M+,Travelers,1
2021-09,covA_band,200-299K,HOAIC,6
2021-09,covA_band,200-299K,Liberty Mutual / Safeco,5
2021-09,covA_band,200-299K,Progressive / ASI,5
2021-09,covA_band,200-299K,SageSure Occidental,1
2021-09,covA_band,200-299K,SageSure SURE,8
2021-09,covA_band,200-299K,Travelers,1
2021-09,covA_band,300-399K,HOAIC,11
2021-09,covA_band,300-399K,Liberty Mutual / Safeco,3
2021-09,covA_band,300-399K,Mercury,1
2021-09,covA_band,300-399K,National General,1
2021-09,covA_band,300-399K,Progressive / ASI,4
2021-09,covA_band,300-399K,SageSure SURE,8
2021-09,covA_band,300-399K,Swyfft Benchmark,1
2021-09,covA_band,300-399K,Travelers,3
2021-09,covA_band,400-599K,HOAIC,12
2021-09,covA_band,400-599K,Liberty Mutual / Safeco,1
2021-09,covA_band,400-599K,Progressive / ASI,6
2021-09,covA_band,400-599K,SageSure SURE,2
2021-09,covA_band,400-599K,Swyfft Benchmark,1
2021-09,covA_band,400-599K,Travelers,4
2021-09,covA_band,600-999K,HOAIC,8
2021-09,covA_band,600-999K,Progressive / ASI,5
2021-09,covA_band,600-999K,SageSure SURE,5
2021-09,covA_band,600-999K,Travelers,2
2021-09,covA_band,<200K,Mercury,1
2021-09,covA_band,<200K,Progressive / ASI,1
2021-09,covA_band,<200K,SageSure SURE,6
2021-09,covA_band,<200K,Swyfft Benchmark,1
2021-09,covA_band,<200K,Travelers,1
2021-10,age_band,0-9,HOAIC,23
2021-10,age_band,0-9,Liberty Mutual / Safeco,1
2021-10,age_band,0-9,Progressive / ASI,8
2021-10,age_band,0-9,SageSure SURE,3
2021-10,age_band,0-9,Swyfft Benchmark,2
2021-10,age_band,0-9,Travelers,2
2021-10,age_band,10-19,HOAIC,6
2021-10,age_band,10-19,Liberty Mutual / Safeco,3
2021-10,age_band,10-19,National General,2
2021-10,age_band,10-19,Progressive / ASI,3
2021-10,age_band,10-19,SageSure SURE,7
2021-10,age_band,10-19,SageSure SafePort,1
2021-10,age_band,10-19,Swyfft Benchmark,3
2021-10,age_band,10-19,TWICO,1
2021-10,age_band,10-19,Travelers,1
2021-10,age_band,20-29,HOAIC,2
2021-10,age_band,20-29,Liberty Mutual / Safeco,2
2021-10,age_band,20-29,National General,1
2021-10,age_band,20-29,Progressive / ASI,2
2021-10,age_band,20-29,SageSure SURE,4
2021-10,age_band,20-29,Travelers,2
2021-10,age_band,30-39,HOAIC,1
2021-10,age_band,30-39,Liberty Mutual / Safeco,2
2021-10,age_band,30-39,SageSure SURE,3
2021-10,age_band,30-39,Travelers,1
2021-10,age_band,40-59,HOAIC,5
2021-10,age_band,40-59,Liberty Mutual / Safeco,7
2021-10,age_band,40-59,Progressive / ASI,2
2021-10,age_band,40-59,SageSure SURE,2
2021-10,age_band,40-59,Swyfft Benchmark,1
2021-10,age_band,60+,HOAIC,1
2021-10,age_band,60+,Liberty Mutual / Safeco,1
2021-10,age_band,60+,SageSure SURE,3
2021-10,covA_band,1M+,HOAIC,1
2021-10,covA_band,200-299K,HOAIC,6
2021-10,covA_band,200-299K,Liberty Mutual / Safeco,4
2021-10,covA_band,200-299K,National General,2
2021-10,covA_band,200-299K,SageSure SURE,5
2021-10,covA_band,200-299K,Swyfft Benchmark,1
2021-10,covA_band,200-299K,TWICO,1
2021-10,covA_band,200-299K,Travelers,1
2021-10,covA_band,300-399K,HOAIC,3
2021-10,covA_band,300-399K,Liberty Mutual / Safeco,4
2021-10,covA_band,300-399K,National General,1
2021-10,covA_band,300-399K,Progressive / ASI,8
2021-10,covA_band,300-399K,SageSure SURE,3
2021-10,covA_band,300-399K,Swyfft Benchmark,3
2021-10,covA_band,300-399K,Travelers,2
2021-10,covA_band,400-599K,HOAIC,18
2021-10,covA_band,400-599K,Liberty Mutual / Safeco,5
2021-10,covA_band,400-599K,Progressive / ASI,3
2021-10,covA_band,400-599K,SageSure SURE,9
2021-10,covA_band,400-599K,Swyfft Benchmark,1
2021-10,covA_band,400-599K,Travelers,3
2021-10,covA_band,600-999K,HOAIC,10
2021-10,covA_band,600-999K,Liberty Mutual / Safeco,1
2021-10,covA_band,600-999K,Progressive / ASI,4
2021-10,covA_band,600-999K,SageSure SURE,4
2021-10,covA_band,600-999K,SageSure SafePort,1
2021-10,covA_band,600-999K,Swyfft Benchmark,1
2021-10,covA_band,<200K,Liberty Mutual / Safeco,1
2021-10,covA_band,<200K,SageSure SURE,1
2021-11,age_band,0-9,HOAIC,12
2021-11,age_band,0-9,Mercury,1
2021-11,age_band,0-9,Progressive / ASI,4
2021-11,age_band,0-9,SageSure SURE,16
2021-11,age_band,0-9,Swyfft Benchmark,1
2021-11,age_band,0-9,Travelers,7
2021-11,age_band,10-19,HOAIC,10
2021-11,age_band,10-19,Progressive / ASI,4
2021-11,age_band,10-19,SageSure SURE,12
2021-11,age_band,10-19,Swyfft Benchmark,3
2021-11,age_band,10-19,Travelers,3
2021-11,age_band,20-29,HOAIC,1
2021-11,age_band,20-29,Liberty Mutual / Safeco,4
2021-11,age_band,20-29,Progressive / ASI,2
2021-11,age_band,20-29,SageSure SURE,6
2021-11,age_band,20-29,SageSure SafePort,1
2021-11,age_band,30-39,HOAIC,2
2021-11,age_band,30-39,Liberty Mutual / Safeco,4
2021-11,age_band,30-39,Mercury,1
2021-11,age_band,30-39,Progressive / ASI,2
2021-11,age_band,30-39,SageSure SURE,7
2021-11,age_band,40-59,HOAIC,2
2021-11,age_band,40-59,Liberty Mutual / Safeco,4
2021-11,age_band,40-59,SageSure SURE,9
2021-11,age_band,40-59,Travelers,3
2021-11,age_band,60+,HOAIC,1
2021-11,age_band,60+,Liberty Mutual / Safeco,3
2021-11,age_band,60+,SageSure SURE,2
2021-11,covA_band,1M+,Progressive / ASI,1
2021-11,covA_band,1M+,SageSure SURE,1
2021-11,covA_band,200-299K,HOAIC,11
2021-11,covA_band,200-299K,Mercury,1
2021-11,covA_band,200-299K,SageSure SURE,6
2021-11,covA_band,200-299K,Swyfft Benchmark,1
2021-11,covA_band,200-299K,Travelers,2
2021-11,covA_band,300-399K,HOAIC,6
2021-11,covA_band,300-399K,Liberty Mutual / Safeco,3
2021-11,covA_band,300-399K,Mercury,1
2021-11,covA_band,300-399K,Progressive / ASI,2
2021-11,covA_band,300-399K,SageSure SURE,21
2021-11,covA_band,300-399K,Travelers,2
2021-11,covA_band,400-599K,HOAIC,4
2021-11,covA_band,400-599K,Liberty Mutual / Safeco,7
2021-11,covA_band,400-599K,Progressive / ASI,5
2021-11,covA_band,400-599K,SageSure SURE,13
2021-11,covA_band,400-599K,SageSure SafePort,1
2021-11,covA_band,400-599K,Swyfft Benchmark,1
2021-11,covA_band,400-599K,Travelers,8
2021-11,covA_band,600-999K,HOAIC,6
2021-11,covA_band,600-999K,Progressive / ASI,4
2021-11,covA_band,600-999K,SageSure SURE,9
2021-11,covA_band,600-999K,Swyfft Benchmark,2
2021-11,covA_band,600-999K,Travelers,1
2021-11,covA_band,<200K,HOAIC,1
2021-11,covA_band,<200K,Liberty Mutual / Safeco,1
2021-11,covA_band,<200K,SageSure SURE,2
2021-12,age_band,0-9,HOAIC,20
2021-12,age_band,0-9,Liberty Mutual / Safeco,1
2021-12,age_band,0-9,National General,2
2021-12,age_band,0-9,Progressive / ASI,9
2021-12,age_band,0-9,SageSure SURE,14
2021-12,age_band,0-9,SageSure SafePort,1
2021-12,age_band,0-9,Swyfft Benchmark,2
2021-12,age_band,0-9,Travelers,2
2021-12,age_band,10-19,ARI,1
2021-12,age_band,10-19,HOAIC,6
2021-12,age_band,10-19,Liberty Mutual / Safeco,4
2021-12,age_band,10-19,National General,5
2021-12,age_band,10-19,SageSure SURE,14
2021-12,age_band,10-19,Swyfft Benchmark,1
2021-12,age_band,10-19,Swyfft Lloyds (Surplus),1
2021-12,age_band,10-19,Travelers,2
2021-12,age_band,20-29,HOAIC,2
2021-12,age_band,20-29,Liberty Mutual / Safeco,2
2021-12,age_band,20-29,National General,1
2021-12,age_band,20-29,SageSure SURE,9
2021-12,age_band,20-29,Travelers,1
2021-12,age_band,30-39,Liberty Mutual / Safeco,2
2021-12,age_band,30-39,Progressive / ASI,3
2021-12,age_band,30-39,SageSure SURE,11
2021-12,age_band,40-59,HOAIC,7
2021-12,age_band,40-59,Liberty Mutual / Safeco,5
2021-12,age_band,40-59,Mercury,1
2021-12,age_band,40-59,Progressive / ASI,2
2021-12,age_band,40-59,SageSure SURE,22
2021-12,age_band,40-59,Travelers,1
2021-12,age_band,60+,HOAIC,1
2021-12,age_band,60+,Liberty Mutual / Safeco,4
2021-12,age_band,60+,SageSure SURE,6
2021-12,age_band,60+,Travelers,1
2021-12,covA_band,1M+,HOAIC,2
2021-12,covA_band,1M+,National General,1
2021-12,covA_band,1M+,SageSure SURE,1
2021-12,covA_band,1M+,SageSure SafePort,1
2021-12,covA_band,1M+,Swyfft Lloyds (Surplus),1
2021-12,covA_band,200-299K,HOAIC,5
2021-12,covA_band,200-299K,Liberty Mutual / Safeco,4
2021-12,covA_band,200-299K,National General,2
2021-12,covA_band,200-299K,Progressive / ASI,4
2021-12,covA_band,200-299K,SageSure SURE,29
2021-12,covA_band,200-299K,Travelers,1
2021-12,covA_band,300-399K,ARI,1
2021-12,covA_band,300-399K,HOAIC,10
2021-12,covA_band,300-399K,Liberty Mutual / Safeco,7
2021-12,covA_band,300-399K,Mercury,1
2021-12,covA_band,300-399K,National General,3
2021-12,covA_band,300-399K,Progressive / ASI,4
2021-12,covA_band,300-399K,SageSure SURE,22
2021-12,covA_band,300-399K,Swyfft Benchmark,2
2021-12,covA_band,400-599K,HOAIC,9
2021-12,covA_band,400-599K,Liberty Mutual / Safeco,5
2021-12,covA_band,400-599K,Progressive / ASI,3
2021-12,covA_band,400-599K,SageSure SURE,12
2021-12,covA_band,400-599K,Travelers,4
2021-12,covA_band,600-999K,HOAIC,8
2021-12,covA_band,600-999K,National General,2
2021-12,covA_band,600-999K,Progressive / ASI,3
2021-12,covA_band,600-999K,SageSure SURE,8
2021-12,covA_band,600-999K,Swyfft Benchmark,1
2021-12,covA_band,600-999K,Travelers,2
2021-12,covA_band,<200K,HOAIC,2
2021-12,covA_band,<200K,Liberty Mutual / Safeco,1
2021-12,covA_band,<200K,SageSure SURE,4
2022-01,age_band,0-9,HOAIC,16
2022-01,age_band,0-9,Progressive / ASI,5
2022-01,age_band,0-9,SageSure SURE,15
2022-01,age_band,0-9,Swyfft Benchmark,2
2022-01,age_band,0-9,Travelers,1
2022-01,age_band,10-19,HOAIC,2
2022-01,age_band,10-19,Liberty Mutual / Safeco,4
2022-01,age_band,10-19,National General,1
2022-01,age_band,10-19,Progressive / ASI,1
2022-01,age_band,10-19,SageSure SURE,19
2022-01,age_band,10-19,Swyfft Benchmark,3
2022-01,age_band,10-19,Travelers,4
2022-01,age_band,20-29,HOAIC,2
2022-01,age_band,20-29,Liberty Mutual / Safeco,4
2022-01,age_band,20-29,National General,2
2022-01,age_band,20-29,Progressive / ASI,3
2022-01,age_band,20-29,SageSure SURE,11
2022-01,age_band,20-29,SageSure SafePort,1
2022-01,age_band,20-29,Travelers,1
2022-01,age_band,30-39,HOAIC,1
2022-01,age_band,30-39,Liberty Mutual / Safeco,1
2022-01,age_band,30-39,Mercury,1
2022-01,age_band,30-39,National General,1
2022-01,age_band,30-39,Progressive / ASI,1
2022-01,age_band,30-39,SageSure SURE,6
2022-01,age_band,30-39,SageSure SafePort,1
2022-01,age_band,40-59,HOAIC,3
2022-01,age_band,40-59,Liberty Mutual / Safeco,6
2022-01,age_band,40-59,Progressive / ASI,1
2022-01,age_band,40-59,SageSure SURE,15
2022-01,age_band,40-59,SageSure SafePort,2
2022-01,age_band,40-59,Swyfft Benchmark,1
2022-01,age_band,60+,HOAIC,3
2022-01,age_band,60+,Liberty Mutual / Safeco,6
2022-01,age_band,60+,SageSure SURE,4
2022-01,covA_band,1M+,HOAIC,1
2022-01,covA_band,1M+,SageSure SURE,1
2022-01,covA_band,1M+,SageSure SafePort,3
2022-01,covA_band,1M+,Swyfft Benchmark,3
2022-01,covA_band,200-299K,ARI,1
2022-01,covA_band,200-299K,HOAIC,2
2022-01,covA_band,200-299K,Liberty Mutual / Safeco,12
2022-01,covA_band,200-299K,Progressive / ASI,6
2022-01,covA_band,200-299K,SageSure SURE,18
2022-01,covA_band,200-299K,Swyfft Benchmark,2
2022-01,covA_band,200-299K,Travelers,1
2022-01,covA_band,300-399K,HOAIC,9
2022-01,covA_band,300-399K,Liberty Mutual / Safeco,6
2022-01,covA_band,300-399K,National General,2
2022-01,covA_band,300-399K,SageSure SURE,21
2022-01,covA_band,300-399K,Swyfft Benchmark,1
2022-01,covA_band,400-599K,HOAIC,10
2022-01,covA_band,400-599K,Liberty Mutual / Safeco,3
2022-01,covA_band,400-599K,Mercury,1
2022-01,covA_band,400-599K,National General,2
2022-01,covA_band,400-599K,Progressive / ASI,4
2022-01,covA_band,400-599K,SageSure SURE,18
2022-01,covA_band,400-599K,Travelers,3
2022-01,covA_band,600-999K,HOAIC,4
2022-01,covA_band,600-999K,Progressive / ASI,1
2022-01,covA_band,600-999K,SageSure SURE,9
2022-01,covA_band,600-999K,SageSure SafePort,1
2022-01,covA_band,600-999K,Travelers,2
2022-01,covA_band,<200K,HOAIC,1
2022-01,covA_band,<200K,SageSure SURE,3
2022-02,age_band,0-9,HOAIC,15
2022-02,age_band,0-9,Liberty Mutual / Safeco,1
2022-02,age_band,0-9,Mercury,2
2022-02,age_band,0-9,Progressive / ASI,6
2022-02,age_band,0-9,SageSure SURE,10
2022-02,age_band,0-9,Swyfft Benchmark,2
2022-02,age_band,0-9,Travelers,4
2022-02,age_band,10-19,HOAIC,3
2022-02,age_band,10-19,Liberty Mutual / Safeco,6
2022-02,age_band,10-19,Mercury,3
2022-02,age_band,10-19,National General,1
2022-02,age_band,10-19,Progressive / ASI,2
2022-02,age_band,10-19,SageSure SURE,12
2022-02,age_band,10-19,Swyfft Benchmark,1
2022-02,age_band,10-19,Swyfft Lloyds (Surplus),1
2022-02,age_band,10-19,Travelers,3
2022-02,age_band,20-29,HOAIC,1
2022-02,age_band,20-29,Liberty Mutual / Safeco,1
2022-02,age_band,20-29,National General,1
2022-02,age_band,20-29,SageSure SURE,8
2022-02,age_band,20-29,Travelers,2
2022-02,age_band,30-39,Liberty Mutual / Safeco,5
2022-02,age_band,30-39,National General,3
2022-02,age_band,30-39,SageSure SURE,1
2022-02,age_band,40-59,HOAIC,4
2022-02,age_band,40-59,Liberty Mutual / Safeco,11
2022-02,age_band,40-59,Mercury,1
2022-02,age_band,40-59,SageSure SURE,13
2022-02,age_band,60+,HOAIC,2
2022-02,age_band,60+,Liberty Mutual / Safeco,3
2022-02,age_band,60+,SageSure SURE,4
2022-02,age_band,60+,Swyfft Benchmark,1
2022-02,age_band,60+,Travelers,1
2022-02,covA_band,200-299K,HOAIC,1
2022-02,covA_band,200-299K,Liberty Mutual / Safeco,4
2022-02,covA_band,200-299K,Mercury,1
2022-02,covA_band,200-299K,National General,1
2022-02,covA_band,200-299K,Progressive / ASI,1
2022-02,covA_band,200-299K,SageSure SURE,12
2022-02,covA_band,200-299K,Swyfft Benchmark,1
2022-02,covA_band,200-299K,Travelers,1
2022-02,covA_band,300-399K,HOAIC,5
2022-02,covA_band,300-399K,Liberty Mutual / Safeco,16
2022-02,covA_band,300-399K,National General,2
2022-02,covA_band,300-399K,Progressive / ASI,1
2022-02,covA_band,300-399K,SageSure SURE,12
2022-02,covA_band,300-399K,Swyfft Benchmark,1
2022-02,covA_band,300-399K,Travelers,4
2022-02,covA_band,400-599K,HOAIC,12
2022-02,covA_band,400-599K,Liberty Mutual / Safeco,5
2022-02,covA_band,400-599K,Mercury,2
2022-02,covA_band,400-599K,National General,1
2022-02,covA_band,400-599K,Progressive / ASI,5
2022-02,covA_band,400-599K,SageSure SURE,14
2022-02,covA_band,400-599K,Swyfft Benchmark,1
2022-02,covA_band,400-599K,Travelers,3
2022-02,covA_band,600-999K,HOAIC,7
2022-02,covA_band,600-999K,Liberty Mutual / Safeco,1
2022-02,covA_band,600-999K,Mercury,3
2022-02,covA_band,600-999K,National General,1
2022-02,covA_band,600-999K,Progressive / ASI,1
2022-02,covA_band,600-999K,SageSure SURE,8
2022-02,covA_band,600-999K,Swyfft Benchmark,1
2022-02,covA_band,600-999K,Swyfft Lloyds (Surplus),1
2022-02,covA_band,600-999K,Travelers,2
2022-02,covA_band,<200K,SageSure SURE,2
2022-03,age_band,0-9,Foremost,1
2022-03,age_band,0-9,HOAIC,6
2022-03,age_band,0-9,Mercury,3
2022-03,age_band,0-9,Progressive / ASI,1
2022-03,age_band,0-9,SageSure SURE,3
2022-03,age_band,0-9,Swyfft Benchmark,1
2022-03,age_band,0-9,Travelers,5
2022-03,age_band,10-19,HOAIC,1
2022-03,age_band,10-19,Liberty Mutual / Safeco,2
2022-03,age_band,10-19,Mercury,8
2022-03,age_band,10-19,Progressive / ASI,2
2022-03,age_band,10-19,SageSure SURE,1
2022-03,age_band,10-19,Swyfft Benchmark,3
2022-03,age_band,10-19,Travelers,4
2022-03,age_band,20-29,HOAIC,1
2022-03,age_band,20-29,Liberty Mutual / Safeco,6
2022-03,age_band,20-29,Mercury,2
2022-03,age_band,20-29,National General,2
2022-03,age_band,20-29,Progressive / ASI,1
2022-03,age_band,20-29,SageSure SURE,2
2022-03,age_band,20-29,Travelers,3
2022-03,age_band,30-39,Liberty Mutual / Safeco,1
2022-03,age_band,30-39,Mercury,1
2022-03,age_band,30-39,Progressive / ASI,1
2022-03,age_band,30-39,SageSure SURE,2
2022-03,age_band,40-59,HOAIC,1
2022-03,age_band,40-59,Liberty Mutual / Safeco,1
2022-03,age_band,40-59,National General,2
2022-03,age_band,40-59,Progressive / ASI,1
2022-03,age_band,40-59,SageSure SURE,5
2022-03,age_band,40-59,Travelers,1
2022-03,age_band,60+,HOAIC,1
2022-03,age_band,60+,Liberty Mutual / Safeco,2
2022-03,covA_band,1M+,Mercury,1
2022-03,covA_band,1M+,Travelers,1
2022-03,covA_band,200-299K,HOAIC,2
2022-03,covA_band,200-299K,Liberty Mutual / Safeco,1
2022-03,covA_band,200-299K,Mercury,3
2022-03,covA_band,200-299K,National General,2
2022-03,covA_band,200-299K,Progressive / ASI,1
2022-03,covA_band,200-299K,SageSure SURE,5
2022-03,covA_band,200-299K,Swyfft Benchmark,1
2022-03,covA_band,200-299K,Travelers,1
2022-03,covA_band,300-399K,HOAIC,1
2022-03,covA_band,300-399K,Liberty Mutual / Safeco,2
2022-03,covA_band,300-399K,Mercury,4
2022-03,covA_band,300-399K,Progressive / ASI,1
2022-03,covA_band,300-399K,SageSure SURE,3
2022-03,covA_band,300-399K,Travelers,4
2022-03,covA_band,400-599K,HOAIC,3
2022-03,covA_band,400-599K,Liberty Mutual / Safeco,6
2022-03,covA_band,400-599K,Mercury,5
2022-03,covA_band,400-599K,National General,2
2022-03,covA_band,400-599K,Progressive / ASI,1
2022-03,covA_band,400-599K,SageSure SURE,3
2022-03,covA_band,400-599K,Travelers,5
2022-03,covA_band,600-999K,HOAIC,3
2022-03,covA_band,600-999K,Liberty Mutual / Safeco,1
2022-03,covA_band,600-999K,Mercury,1
2022-03,covA_band,600-999K,Progressive / ASI,2
2022-03,covA_band,600-999K,SageSure SURE,2
2022-03,covA_band,600-999K,Swyfft Benchmark,3
2022-03,covA_band,600-999K,Travelers,2
2022-03,covA_band,<200K,Foremost,1
2022-03,covA_band,<200K,HOAIC,1
2022-03,covA_band,<200K,Liberty Mutual / Safeco,1
2022-03,covA_band,<200K,Progressive / ASI,1
2022-04,age_band,0-9,HOAIC,17
2022-04,age_band,0-9,Liberty Mutual / Safeco,1
2022-04,age_band,0-9,Mercury,1
2022-04,age_band,0-9,National General,2
2022-04,age_band,0-9,Progressive / ASI,2
2022-04,age_band,0-9,SageSure SURE,2
2022-04,age_band,0-9,SageSure SafePort,1
2022-04,age_band,0-9,Travelers,6
2022-04,age_band,10-19,Liberty Mutual / Safeco,6
2022-04,age_band,10-19,Mercury,2
2022-04,age_band,10-19,National General,3
2022-04,age_band,10-19,SageSure SURE,3
2022-04,age_band,10-19,Travelers,5
2022-04,age_band,20-29,HOAIC,1
2022-04,age_band,20-29,Liberty Mutual / Safeco,5
2022-04,age_band,20-29,Mercury,1
2022-04,age_band,20-29,National General,3
2022-04,age_band,20-29,Progressive / ASI,1
2022-04,age_band,20-29,SageSure SURE,1
2022-04,age_band,20-29,Swyfft Benchmark,1
2022-04,age_band,30-39,HOAIC,2
2022-04,age_band,30-39,Mercury,2
2022-04,age_band,30-39,SageSure SURE,1
2022-04,age_band,30-39,Swyfft Benchmark,1
2022-04,age_band,40-59,HOAIC,2
2022-04,age_band,40-59,Liberty Mutual / Safeco,11
2022-04,age_band,40-59,SageSure SURE,5
2022-04,age_band,40-59,SageSure SafePort,1
2022-04,age_band,40-59,Swyfft Benchmark,1
2022-04,age_band,40-59,Travelers,2
2022-04,age_band,60+,Liberty Mutual / Safeco,3
2022-04,age_band,60+,SageSure SURE,1
2022-04,covA_band,1M+,HOAIC,1
2022-04,covA_band,1M+,Travelers,2
2022-04,covA_band,200-299K,HOAIC,1
2022-04,covA_band,200-299K,Liberty Mutual / Safeco,4
2022-04,covA_band,200-299K,Mercury,2
2022-04,covA_band,200-299K,National General,3
2022-04,covA_band,200-299K,SageSure SURE,6
2022-04,covA_band,200-299K,Travelers,1
2022-04,covA_band,300-399K,HOAIC,6
2022-04,covA_band,300-399K,Liberty Mutual / Safeco,8
2022-04,covA_band,300-399K,Mercury,1
2022-04,covA_band,300-399K,National General,1
2022-04,covA_band,300-399K,SageSure SURE,2
2022-04,covA_band,300-399K,Swyfft Benchmark,1
2022-04,covA_band,300-399K,Travelers,2
2022-04,covA_band,400-599K,HOAIC,9
2022-04,covA_band,400-599K,Liberty Mutual / Safeco,10
2022-04,covA_band,400-599K,Mercury,2
2022-04,covA_band,400-599K,National General,2
2022-04,covA_band,400-599K,Progressive / ASI,2
2022-04,covA_band,400-599K,SageSure SURE,1
2022-04,covA_band,400-599K,SageSure SafePort,1
2022-04,covA_band,400-599K,Swyfft Benchmark,1
2022-04,covA_band,400-599K,Travelers,3
2022-04,covA_band,600-999K,HOAIC,6
2022-04,covA_band,600-999K,Liberty Mutual / Safeco,2
2022-04,covA_band,600-999K,Mercury,1
2022-04,covA_band,600-999K,National General,2
2022-04,covA_band,600-999K,Progressive / ASI,1
2022-04,covA_band,600-999K,SageSure SURE,4
2022-04,covA_band,600-999K,SageSure SafePort,1
2022-04,covA_band,600-999K,Swyfft Benchmark,1
2022-04,covA_band,600-999K,Travelers,5
2022-05,age_band,0-9,Chubb,2
2022-05,age_band,0-9,HOAIC,29
2022-05,age_band,0-9,Liberty Mutual / Safeco,2
2022-05,age_band,0-9,Mercury,3
2022-05,age_band,0-9,National General,5
2022-05,age_band,0-9,Progressive / ASI,3
2022-05,age_band,0-9,SageSure SURE,4
2022-05,age_band,0-9,Travelers,5
2022-05,age_band,10-19,ARI,1
2022-05,age_band,10-19,HOAIC,12
2022-05,age_band,10-19,Liberty Mutual / Safeco,4
2022-05,age_band,10-19,Mercury,1
2022-05,age_band,10-19,National General,29
2022-05,age_band,10-19,Progressive / ASI,2
2022-05,age_band,10-19,SageSure SURE,20
2022-05,age_band,10-19,SageSure SafePort,7
2022-05,age_band,10-19,Swyfft Benchmark,5
2022-05,age_band,10-19,Swyfft Lloyds (Surplus),1
2022-05,age_band,10-19,TWICO,1
2022-05,age_band,10-19,Travelers,9
2022-05,age_band,20-29,HOAIC,6
2022-05,age_band,20-29,Liberty Mutual / Safeco,7
2022-05,age_band,20-29,Mercury,1
2022-05,age_band,20-29,National General,2
2022-05,age_band,20-29,SageSure SURE,6
2022-05,age_band,20-29,Swyfft Benchmark,1
2022-05,age_band,20-29,TWICO,1
2022-05,age_band,20-29,Travelers,2
2022-05,age_band,30-39,HOAIC,7
2022-05,age_band,30-39,Liberty Mutual / Safeco,3
2022-05,age_band,30-39,National General,3
2022-05,age_band,30-39,SageSure SURE,2
2022-05,age_band,40-59,HOAIC,6
2022-05,age_band,40-59,Liberty Mutual / Safeco,7
2022-05,age_band,40-59,National General,1
2022-05,age_band,40-59,Progressive / ASI,2
2022-05,age_band,40-59,SageSure SURE,2
2022-05,age_band,40-59,Travelers,1
2022-05,age_band,60+,HOAIC,2
2022-05,age_band,60+,Liberty Mutual / Safeco,2
2022-05,age_band,60+,SageSure SURE,3
2022-05,covA_band,1M+,Chubb,2
2022-05,covA_band,1M+,Mercury,1
2022-05,covA_band,1M+,National General,1
2022-05,covA_band,200-299K,ARI,1
2022-05,covA_band,200-299K,HOAIC,11
2022-05,covA_band,200-299K,Liberty Mutual / Safeco,5
2022-05,covA_band,200-299K,Mercury,2
2022-05,covA_band,200-299K,National General,13
2022-05,covA_band,200-299K,Progressive / ASI,2
2022-05,covA_band,200-299K,SageSure SURE,10
2022-05,covA_band,200-299K,SageSure SafePort,2
2022-05,covA_band,200-299K,Swyfft Benchmark,1
2022-05,covA_band,200-299K,Travelers,4
2022-05,covA_band,300-399K,HOAIC,21
2022-05,covA_band,300-399K,Liberty Mutual / Safeco,10
2022-05,covA_band,300-399K,Mercury,1
2022-05,covA_band,300-399K,National General,15
2022-05,covA_band,300-399K,SageSure SURE,8
2022-05,covA_band,300-399K,SageSure SafePort,3
2022-05,covA_band,300-399K,Swyfft Benchmark,2
2022-05,covA_band,300-399K,TWICO,1
2022-05,covA_band,300-399K,Travelers,3
2022-05,covA_band,400-599K,HOAIC,19
2022-05,covA_band,400-599K,Liberty Mutual / Safeco,5
2022-05,covA_band,400-599K,Mercury,1
2022-05,covA_band,400-599K,National General,5
2022-05,covA_band,400-599K,Progressive / ASI,3
2022-05,covA_band,400-599K,SageSure SURE,9
2022-05,covA_band,400-599K,SageSure SafePort,1
2022-05,covA_band,400-599K,Swyfft Benchmark,2
2022-05,covA_band,400-599K,Swyfft Lloyds (Surplus),1
2022-05,covA_band,400-599K,TWICO,1
2022-05,covA_band,400-599K,Travelers,6
2022-05,covA_band,600-999K,HOAIC,10
2022-05,covA_band,600-999K,Liberty Mutual / Safeco,3
2022-05,covA_band,600-999K,National General,3
2022-05,covA_band,600-999K,Progressive / ASI,2
2022-05,covA_band,600-999K,SageSure SURE,10
2022-05,covA_band,600-999K,SageSure SafePort,1
2022-05,covA_band,600-999K,Swyfft Benchmark,1
2022-05,covA_band,600-999K,Travelers,4
2022-05,covA_band,<200K,HOAIC,1
2022-05,covA_band,<200K,Liberty Mutual / Safeco,2
2022-05,covA_band,<200K,National General,3
2022-06,age_band,0-9,HOAIC,15
2022-06,age_band,0-9,Liberty Mutual / Safeco,4
2022-06,age_band,0-9,Mercury,1
2022-06,age_band,0-9,Progressive / ASI,5
2022-06,age_band,0-9,SageSure SURE,6
2022-06,age_band,0-9,SageSure SafePort,1
2022-06,age_band,0-9,Travelers,5
2022-06,age_band,10-19,ARI,2
2022-06,age_band,10-19,Chubb,1
2022-06,age_band,10-19,HOAIC,8
2022-06,age_band,10-19,Liberty Mutual / Safeco,3
2022-06,age_band,10-19,Mercury,3
2022-06,age_band,10-19,National General,7
2022-06,age_band,10-19,Progressive / ASI,3
2022-06,age_band,10-19,SageSure SURE,1
2022-06,age_band,10-19,Travelers,4
2022-06,age_band,20-29,HOAIC,1
2022-06,age_band,20-29,Liberty Mutual / Safeco,5
2022-06,age_band,20-29,National General,1
2022-06,age_band,20-29,Progressive / ASI,3
2022-06,age_band,20-29,Swyfft Benchmark,1
2022-06,age_band,20-29,Travelers,2
2022-06,age_band,30-39,HOAIC,1
2022-06,age_band,30-39,Liberty Mutual / Safeco,2
2022-06,age_band,30-39,National General,3
2022-06,age_band,30-39,SageSure SURE,3
2022-06,age_band,40-59,HOAIC,5
2022-06,age_band,40-59,Liberty Mutual / Safeco,11
2022-06,age_band,40-59,National General,1
2022-06,age_band,40-59,Progressive / ASI,2
2022-06,age_band,40-59,SageSure SURE,4
2022-06,age_band,40-59,Travelers,2
2022-06,age_band,60+,Liberty Mutual / Safeco,1
2022-06,age_band,60+,SageSure SURE,2
2022-06,covA_band,1M+,Chubb,1
2022-06,covA_band,1M+,HOAIC,1
2022-06,covA_band,1M+,Progressive / ASI,1
2022-06,covA_band,200-299K,ARI,2
2022-06,covA_band,200-299K,HOAIC,4
2022-06,covA_band,200-299K,Liberty Mutual / Safeco,5
2022-06,covA_band,200-299K,National General,6
2022-06,covA_band,200-299K,SageSure SURE,2
2022-06,covA_band,200-299K,Swyfft Benchmark,1
2022-06,covA_band,200-299K,Travelers,2
2022-06,covA_band,300-399K,HOAIC,6
2022-06,covA_band,300-399K,Liberty Mutual / Safeco,9
2022-06,covA_band,300-399K,Mercury,2
2022-06,covA_band,300-399K,National General,2
2022-06,covA_band,300-399K,Progressive / ASI,4
2022-06,covA_band,300-399K,SageSure SURE,7
2022-06,covA_band,300-399K,SageSure SafePort,1
2022-06,covA_band,300-399K,Travelers,1
2022-06,covA_band,400-599K,HOAIC,12
2022-06,covA_band,400-599K,Liberty Mutual / Safeco,4
2022-06,covA_band,400-599K,Mercury,1
2022-06,covA_band,400-599K,National General,1
2022-06,covA_band,400-599K,Progressive / ASI,5
2022-06,covA_band,400-599K,SageSure SURE,5
2022-06,covA_band,400-599K,Travelers,6
2022-06,covA_band,600-999K,HOAIC,8
2022-06,covA_band,600-999K,Liberty Mutual / Safeco,2
2022-06,covA_band,600-999K,Mercury,1
2022-06,covA_band,600-999K,National General,3
2022-06,covA_band,600-999K,Progressive / ASI,2
2022-06,covA_band,600-999K,SageSure SURE,2
2022-06,covA_band,600-999K,Travelers,4
2022-06,covA_band,<200K,Progressive / ASI,1
2022-07,age_band,0-9,HOAIC,10
2022-07,age_band,0-9,Liberty Mutual / Safeco,2
2022-07,age_band,0-9,Mercury,3
2022-07,age_band,0-9,National General,2
2022-07,age_band,0-9,Progressive / ASI,10
2022-07,age_band,0-9,SageSure SURE,1
2022-07,age_band,0-9,Travelers,4
2022-07,age_band,10-19,HOAIC,3
2022-07,age_band,10-19,Liberty Mutual / Safeco,1
2022-07,age_band,10-19,Mercury,1
2022-07,age_band,10-19,National General,9
2022-07,age_band,10-19,Progressive / ASI,2
2022-07,age_band,10-19,SageSure SafePort,1
2022-07,age_band,10-19,Swyfft Benchmark,1
2022-07,age_band,10-19,Swyfft Lloyds (Surplus),1
2022-07,age_band,10-19,Travelers,4
2022-07,age_band,20-29,HOAIC,4
2022-07,age_band,20-29,Liberty Mutual / Safeco,2
2022-07,age_band,20-29,National General,3
2022-07,age_band,20-29,SageSure SURE,6
2022-07,age_band,20-29,Travelers,1
2022-07,age_band,30-39,HOAIC,2
2022-07,age_band,30-39,Liberty Mutual / Safeco,1
2022-07,age_band,30-39,Mercury,1
2022-07,age_band,30-39,Progressive / ASI,1
2022-07,age_band,30-39,SageSure SURE,1
2022-07,age_band,40-59,HOAIC,7
2022-07,age_band,40-59,Liberty Mutual / Safeco,5
2022-07,age_band,40-59,Mercury,1
2022-07,age_band,40-59,SageSure SURE,6
2022-07,age_band,40-59,Swyfft Benchmark,1
2022-07,age_band,60+,HOAIC,2
2022-07,age_band,60+,SageSure SURE,3
2022-07,covA_band,1M+,HOAIC,2
2022-07,covA_band,1M+,Liberty Mutual / Safeco,2
2022-07,covA_band,1M+,SageSure SafePort,1
2022-07,covA_band,200-299K,HOAIC,6
2022-07,covA_band,200-299K,Liberty Mutual / Safeco,1
2022-07,covA_band,200-299K,National General,1
2022-07,covA_band,200-299K,Progressive / ASI,4
2022-07,covA_band,200-299K,SageSure SURE,7
2022-07,covA_band,200-299K,Travelers,2
2022-07,covA_band,300-399K,HOAIC,4
2022-07,covA_band,300-399K,Liberty Mutual / Safeco,3
2022-07,covA_band,300-399K,Mercury,2
2022-07,covA_band,300-399K,National General,5
2022-07,covA_band,300-399K,Progressive / ASI,3
2022-07,covA_band,300-399K,SageSure SURE,4
2022-07,covA_band,300-399K,Swyfft Lloyds (Surplus),1
2022-07,covA_band,300-399K,Travelers,1
2022-07,covA_band,400-599K,HOAIC,7
2022-07,covA_band,400-599K,Liberty Mutual / Safeco,2
2022-07,covA_band,400-599K,Mercury,3
2022-07,covA_band,400-599K,National General,4
2022-07,covA_band,400-599K,Progressive / ASI,3
2022-07,covA_band,400-599K,SageSure SURE,3
2022-07,covA_band,400-599K,Swyfft Benchmark,1
2022-07,covA_band,400-599K,Travelers,4
2022-07,covA_band,600-999K,HOAIC,5
2022-07,covA_band,600-999K,National General,4
2022-07,covA_band,600-999K,Progressive / ASI,3
2022-07,covA_band,600-999K,SageSure SURE,3
2022-07,covA_band,600-999K,Swyfft Benchmark,1
2022-07,covA_band,600-999K,Travelers,2
2022-07,covA_band,<200K,HOAIC,4
2022-07,covA_band,<200K,Liberty Mutual / Safeco,1
2022-07,covA_band,<200K,Mercury,1
2022-08,age_band,0-9,HOAIC,21
2022-08,age_band,0-9,Liberty Mutual / Safeco,3
2022-08,age_band,0-9,Mercury,2
2022-08,age_band,0-9,National General,1
2022-08,age_band,0-9,Progressive / ASI,10
2022-08,age_band,0-9,SageSure SURE,5
2022-08,age_band,0-9,SageSure SafePort,1
2022-08,age_band,0-9,Travelers,4
2022-08,age_band,10-19,HOAIC,11
2022-08,age_band,10-19,Mercury,3
2022-08,age_band,10-19,National General,4
2022-08,age_band,10-19,Progressive / ASI,1
2022-08,age_band,10-19,SageSure SURE,2
2022-08,age_band,10-19,Swyfft Benchmark,1
2022-08,age_band,10-19,Travelers,6
2022-08,age_band,20-29,Chubb,1
2022-08,age_band,20-29,HOAIC,3
2022-08,age_band,20-29,Liberty Mutual / Safeco,1
2022-08,age_band,20-29,Mercury,1
2022-08,age_band,20-29,National General,1
2022-08,age_band,20-29,Progressive / ASI,1
2022-08,age_band,20-29,SageSure Occidental,1
2022-08,age_band,20-29,SageSure SURE,6
2022-08,age_band,20-29,Travelers,5
2022-08,age_band,30-39,HOAIC,4
2022-08,age_band,30-39,National General,1
2022-08,age_band,30-39,Travelers,2
2022-08,age_band,40-59,HOAIC,4
2022-08,age_band,40-59,Liberty Mutual / Safeco,7
2022-08,age_band,40-59,National General,1
2022-08,age_band,40-59,SageSure SURE,3
2022-08,age_band,40-59,SageSure SafePort,1
2022-08,age_band,40-59,Swyfft Benchmark,3
2022-08,age_band,40-59,Travelers,6
2022-08,age_band,60+,HOAIC,4
2022-08,age_band,60+,Liberty Mutual / Safeco,2
2022-08,age_band,60+,Mercury,1
2022-08,covA_band,1M+,Chubb,1
2022-08,covA_band,1M+,HOAIC,1
2022-08,covA_band,1M+,Mercury,1
2022-08,covA_band,1M+,National General,1
2022-08,covA_band,1M+,Progressive / ASI,1
2022-08,covA_band,1M+,SageSure SafePort,1
2022-08,covA_band,1M+,Travelers,1
2022-08,covA_band,200-299K,HOAIC,7
2022-08,covA_band,200-299K,Liberty Mutual / Safeco,4
2022-08,covA_band,200-299K,Mercury,1
2022-08,covA_band,200-299K,National General,2
2022-08,covA_band,200-299K,Progressive / ASI,4
2022-08,covA_band,200-299K,SageSure SURE,1
2022-08,covA_band,200-299K,SageSure SafePort,1
2022-08,covA_band,200-299K,Swyfft Benchmark,1
2022-08,covA_band,200-299K,Travelers,1
2022-08,covA_band,300-399K,HOAIC,13
2022-08,covA_band,300-399K,Liberty Mutual / Safeco,5
2022-08,covA_band,300-399K,Mercury,2
2022-08,covA_band,300-399K,National General,2
2022-08,covA_band,300-399K,Progressive / ASI,3
2022-08,covA_band,300-399K,SageSure SURE,10
2022-08,covA_band,300-399K,Swyfft Benchmark,2
2022-08,covA_band,300-399K,Travelers,5
2022-08,covA_band,400-599K,HOAIC,15
2022-08,covA_band,400-599K,Mercury,2
2022-08,covA_band,400-599K,National General,1
2022-08,covA_band,400-599K,SageSure Occidental,1
2022-08,covA_band,400-599K,SageSure SURE,1
2022-08,covA_band,400-599K,Swyfft Benchmark,1
2022-08,covA_band,400-599K,Travelers,10
2022-08,covA_band,600-999K,HOAIC,8
2022-08,covA_band,600-999K,Mercury,1
2022-08,covA_band,600-999K,National General,2
2022-08,covA_band,600-999K,Progressive / ASI,3
2022-08,covA_band,600-999K,SageSure SURE,4
2022-08,covA_band,600-999K,Travelers,5
2022-08,covA_band,<200K,HOAIC,3
2022-08,covA_band,<200K,Liberty Mutual / Safeco,1
2022-08,covA_band,<200K,Progressive / ASI,1
2022-08,covA_band,<200K,Travelers,1
2022-09,age_band,0-9,HOAIC,14
2022-09,age_band,0-9,Liberty Mutual / Safeco,1
2022-09,age_band,0-9,Progressive / ASI,11
2022-09,age_band,0-9,SageSure SURE,3
2022-09,age_band,0-9,Travelers,3
2022-09,age_band,10-19,Chubb,1
2022-09,age_band,10-19,HOAIC,3
2022-09,age_band,10-19,Liberty Mutual / Safeco,2
2022-09,age_band,10-19,National General,1
2022-09,age_band,10-19,Progressive / ASI,1
2022-09,age_band,10-19,SageSure SURE,6
2022-09,age_band,10-19,SageSure SafePort,1
2022-09,age_band,10-19,Swyfft Benchmark,2
2022-09,age_band,10-19,Travelers,7
2022-09,age_band,20-29,HOAIC,3
2022-09,age_band,20-29,Liberty Mutual / Safeco,2
2022-09,age_band,20-29,Progressive / ASI,2
2022-09,age_band,20-29,SageSure SURE,6
2022-09,age_band,20-29,Swyfft Benchmark,1
2022-09,age_band,20-29,Travelers,6
2022-09,age_band,30-39,HOAIC,1
2022-09,age_band,30-39,Liberty Mutual / Safeco,1
2022-09,age_band,30-39,Progressive / ASI,1
2022-09,age_band,30-39,Swyfft Benchmark,1
2022-09,age_band,30-39,Travelers,2
2022-09,age_band,40-59,HOAIC,3
2022-09,age_band,40-59,Liberty Mutual / Safeco,1
2022-09,age_band,40-59,Progressive / ASI,3
2022-09,age_band,40-59,SageSure SURE,7
2022-09,age_band,40-59,Travelers,2
2022-09,age_band,60+,HOAIC,1
2022-09,age_band,60+,Liberty Mutual / Safeco,2
2022-09,age_band,60+,Mercury,1
2022-09,age_band,60+,SageSure SURE,2
2022-09,age_band,60+,Travelers,2
2022-09,covA_band,1M+,Chubb,1
2022-09,covA_band,200-299K,HOAIC,3
2022-09,covA_band,200-299K,Liberty Mutual / Safeco,2
2022-09,covA_band,200-299K,Progressive / ASI,4
2022-09,covA_band,200-299K,SageSure SURE,6
2022-09,covA_band,200-299K,Swyfft Benchmark,2
2022-09,covA_band,200-299K,Travelers,5
2022-09,covA_band,300-399K,HOAIC,5
2022-09,covA_band,300-399K,Liberty Mutual / Safeco,4
2022-09,covA_band,300-399K,Progressive / ASI,4
2022-09,covA_band,300-399K,SageSure SURE,7
2022-09,covA_band,300-399K,SageSure SafePort,1
2022-09,covA_band,300-399K,Travelers,5
2022-09,covA_band,400-599K,HOAIC,8
2022-09,covA_band,400-599K,Mercury,1
2022-09,covA_band,400-599K,Progressive / ASI,6
2022-09,covA_band,400-599K,SageSure SURE,6
2022-09,covA_band,400-599K,Swyfft Benchmark,2
2022-09,covA_band,400-599K,Travelers,8
2022-09,covA_band,600-999K,HOAIC,9
2022-09,covA_band,600-999K,Liberty Mutual / Safeco,1
2022-09,covA_band,600-999K,National General,1
2022-09,covA_band,600-999K,Progressive / ASI,3
2022-09,covA_band,600-999K,SageSure SURE,5
2022-09,covA_band,600-999K,Travelers,3
2022-09,covA_band,<200K,Progressive / ASI,1
2022-09,covA_band,<200K,Travelers,1
2022-10,age_band,0-9,HOAIC,8
2022-10,age_band,0-9,Liberty Mutual / Safeco,3
2022-10,age_band,0-9,Mercury,1
2022-10,age_band,0-9,National General,1
2022-10,age_band,0-9,Progressive / ASI,11
2022-10,age_band,0-9,SageSure SURE,4
2022-10,age_band,0-9,Swyfft Benchmark,1
2022-10,age_band,0-9,Travelers,5
2022-10,age_band,10-19,HOAIC,1
2022-10,age_band,10-19,National General,2
2022-10,age_band,10-19,Progressive / ASI,6
2022-10,age_band,10-19,SageSure SafePort,1
2022-10,age_band,10-19,Swyfft Benchmark,4
2022-10,age_band,10-19,Travelers,4
2022-10,age_band,20-29,Liberty Mutual / Safeco,1
2022-10,age_band,20-29,Progressive / ASI,2
2022-10,age_band,20-29,SageSure SURE,1
2022-10,age_band,20-29,Travelers,5
2022-10,age_band,30-39,Progressive / ASI,1
2022-10,age_band,30-39,SageSure SURE,1
2022-10,age_band,30-39,Swyfft Benchmark,1
2022-10,age_band,40-59,HOAIC,1
2022-10,age_band,40-59,Liberty Mutual / Safeco,4
2022-10,age_band,40-59,Progressive / ASI,5
2022-10,age_band,40-59,SageSure SURE,2
2022-10,age_band,60+,SageSure SURE,1
2022-10,age_band,60+,Swyfft Benchmark,1
2022-10,age_band,60+,Travelers,1
2022-10,covA_band,1M+,HOAIC,1
2022-10,covA_band,1M+,Progressive / ASI,1
2022-10,covA_band,1M+,Swyfft Benchmark,1
2022-10,covA_band,1M+,Travelers,1
2022-10,covA_band,200-299K,HOAIC,1
2022-10,covA_band,200-299K,Liberty Mutual / Safeco,3
2022-10,covA_band,200-299K,National General,1
2022-10,covA_band,200-299K,Progressive / ASI,5
2022-10,covA_band,200-299K,SageSure SURE,3
2022-10,covA_band,200-299K,Swyfft Benchmark,1
2022-10,covA_band,200-299K,Travelers,2
2022-10,covA_band,300-399K,HOAIC,4
2022-10,covA_band,300-399K,Liberty Mutual / Safeco,2
2022-10,covA_band,300-399K,National General,1
2022-10,covA_band,300-399K,Progressive / ASI,4
2022-10,covA_band,300-399K,SageSure SURE,1
2022-10,covA_band,300-399K,Travelers,2
2022-10,covA_band,400-599K,HOAIC,3
2022-10,covA_band,400-599K,National General,1
2022-10,covA_band,400-599K,Progressive / ASI,8
2022-10,covA_band,400-599K,SageSure SURE,2
2022-10,covA_band,400-599K,Swyfft Benchmark,2
2022-10,covA_band,400-599K,Travelers,6
2022-10,covA_band,600-999K,Progressive / ASI,5
2022-10,covA_band,600-999K,SageSure SURE,1
2022-10,covA_band,600-999K,SageSure SafePort,1
2022-10,covA_band,600-999K,Swyfft Benchmark,3
2022-10,covA_band,600-999K,Travelers,4
2022-10,covA_band,<200K,Mercury,1
2022-10,covA_band,<200K,Progressive / ASI,2
2022-10,covA_band,<200K,SageSure SURE,2
2022-11,age_band,0-9,Allied Trust,1
2022-11,age_band,0-9,HOAIC,3
2022-11,age_band,0-9,National General,1
2022-11,age_band,0-9,Progressive / ASI,10
2022-11,age_band,0-9,SageSure SURE,2
2022-11,age_band,0-9,Swyfft Benchmark,2
2022-11,age_band,0-9,Travelers,6
2022-11,age_band,10-19,Liberty Mutual / Safeco,1
2022-11,age_band,10-19,National General,1
2022-11,age_band,10-19,Progressive / ASI,2
2022-11,age_band,10-19,SageSure SURE,2
2022-11,age_band,10-19,Swyfft Benchmark,7
2022-11,age_band,10-19,Swyfft Lloyds (Surplus),1
2022-11,age_band,10-19,Travelers,14
2022-11,age_band,20-29,HOAIC,1
2022-11,age_band,20-29,Progressive / ASI,4
2022-11,age_band,20-29,SageSure SURE,2
2022-11,age_band,20-29,Travelers,5
2022-11,age_band,30-39,HOAIC,1
2022-11,age_band,30-39,Liberty Mutual / Safeco,1
2022-11,age_band,30-39,Progressive / ASI,1
2022-11,age_band,30-39,Travelers,1
2022-11,age_band,40-59,HOAIC,1
2022-11,age_band,40-59,Liberty Mutual / Safeco,2
2022-11,age_band,40-59,Mercury,3
2022-11,age_band,40-59,Progressive / ASI,6
2022-11,age_band,40-59,SageSure SURE,3
2022-11,age_band,40-59,Swyfft Benchmark,1
2022-11,age_band,40-59,Travelers,3
2022-11,age_band,60+,HOAIC,1
2022-11,age_band,60+,Progressive / ASI,2
2022-11,age_band,60+,Swyfft Benchmark,1
2022-11,covA_band,1M+,HOAIC,1
2022-11,covA_band,1M+,Travelers,1
2022-11,covA_band,200-299K,HOAIC,2
2022-11,covA_band,200-299K,National General,1
2022-11,covA_band,200-299K,Progressive / ASI,3
2022-11,covA_band,200-299K,SageSure SURE,4
2022-11,covA_band,200-299K,Swyfft Benchmark,2
2022-11,covA_band,200-299K,Travelers,1
2022-11,covA_band,300-399K,HOAIC,1
2022-11,covA_band,300-399K,Liberty Mutual / Safeco,2
2022-11,covA_band,300-399K,Mercury,1
2022-11,covA_band,300-399K,Progressive / ASI,9
2022-11,covA_band,300-399K,SageSure SURE,3
2022-11,covA_band,300-399K,Swyfft Benchmark,3
2022-11,covA_band,300-399K,Travelers,7
2022-11,covA_band,400-599K,HOAIC,1
2022-11,covA_band,400-599K,Liberty Mutual / Safeco,2
2022-11,covA_band,400-599K,Mercury,1
2022-11,covA_band,400-599K,National General,1
2022-11,covA_band,400-599K,Progressive / ASI,6
2022-11,covA_band,400-599K,SageSure SURE,1
2022-11,covA_band,400-599K,Swyfft Benchmark,3
2022-11,covA_band,400-599K,Swyfft Lloyds (Surplus),1
2022-11,covA_band,400-599K,Travelers,13
2022-11,covA_band,600-999K,Allied Trust,1
2022-11,covA_band,600-999K,HOAIC,1
2022-11,covA_band,600-999K,Mercury,1
2022-11,covA_band,600-999K,Progressive / ASI,7
2022-11,covA_band,600-999K,Swyfft Benchmark,2
2022-11,covA_band,600-999K,Travelers,7
2022-11,covA_band,<200K,HOAIC,1
2022-11,covA_band,<200K,SageSure SURE,1
2022-11,covA_band,<200K,Swyfft Benchmark,1
2022-12,age_band,0-9,HOAIC,6
2022-12,age_band,0-9,Liberty Mutual / Safeco,1
2022-12,age_band,0-9,Mercury,1
2022-12,age_band,0-9,Progressive / ASI,12
2022-12,age_band,0-9,SageSure SURE,1
2022-12,age_band,0-9,Swyfft Benchmark,5
2022-12,age_band,0-9,Swyfft Topa (Surplus),1
2022-12,age_band,0-9,Travelers,8
2022-12,age_band,10-19,Chubb,1
2022-12,age_band,10-19,HOAIC,2
2022-12,age_band,10-19,Liberty Mutual / Safeco,3
2022-12,age_band,10-19,Mercury,1
2022-12,age_band,10-19,National General,1
2022-12,age_band,10-19,Progressive / ASI,2
2022-12,age_band,10-19,SageSure SURE,3
2022-12,age_band,10-19,Swyfft Benchmark,11
2022-12,age_band,10-19,TWICO,1
2022-12,age_band,10-19,Travelers,6
2022-12,age_band,20-29,Liberty Mutual / Safeco,1
2022-12,age_band,20-29,Progressive / ASI,4
2022-12,age_band,20-29,SageSure SURE,1
2022-12,age_band,20-29,Swyfft Benchmark,2
2022-12,age_band,20-29,Travelers,2
2022-12,age_band,30-39,Liberty Mutual / Safeco,1
2022-12,age_band,30-39,National General,1
2022-12,age_band,30-39,Progressive / ASI,3
2022-12,age_band,30-39,SageSure SURE,1
2022-12,age_band,30-39,Travelers,1
2022-12,age_band,40-59,HOAIC,6
2022-12,age_band,40-59,Liberty Mutual / Safeco,3
2022-12,age_band,40-59,Progressive / ASI,4
2022-12,age_band,40-59,SageSure Occidental,1
2022-12,age_band,40-59,SageSure SURE,3
2022-12,age_band,40-59,Swyfft Benchmark,2
2022-12,age_band,40-59,Travelers,3
2022-12,age_band,60+,HOAIC,1
2022-12,age_band,60+,Liberty Mutual / Safeco,1
2022-12,age_band,60+,Progressive / ASI,3
2022-12,age_band,60+,SageSure SURE,1
2022-12,age_band,60+,SageSure SafePort,1
2022-12,age_band,60+,Travelers,2
2022-12,covA_band,1M+,Chubb,1
2022-12,covA_band,1M+,Progressive / ASI,1
2022-12,covA_band,1M+,Swyfft Benchmark,2
2022-12,covA_band,200-299K,HOAIC,3
2022-12,covA_band,200-299K,Liberty Mutual / Safeco,5
2022-12,covA_band,200-299K,National General,1
2022-12,covA_band,200-299K,Progressive / ASI,9
2022-12,covA_band,200-299K,SageSure SURE,5
2022-12,covA_band,200-299K,Swyfft Benchmark,5
2022-12,covA_band,200-299K,Travelers,4
2022-12,covA_band,300-399K,HOAIC,1
2022-12,covA_band,300-399K,Liberty Mutual / Safeco,1
2022-12,covA_band,300-399K,National General,1
2022-12,covA_band,300-399K,Progressive / ASI,7
2022-12,covA_band,300-399K,SageSure SURE,3
2022-12,covA_band,300-399K,SageSure SafePort,1
2022-12,covA_band,300-399K,Swyfft Benchmark,3
2022-12,covA_band,300-399K,Travelers,5
2022-12,covA_band,400-599K,HOAIC,7
2022-12,covA_band,400-599K,Liberty Mutual / Safeco,3
2022-12,covA_band,400-599K,Mercury,2
2022-12,covA_band,400-599K,Progressive / ASI,6
2022-12,covA_band,400-599K,SageSure SURE,1
2022-12,covA_band,400-599K,Swyfft Benchmark,4
2022-12,covA_band,400-599K,Swyfft Topa (Surplus),1
2022-12,covA_band,400-599K,Travelers,6
2022-12,covA_band,600-999K,HOAIC,4
2022-12,covA_band,600-999K,Progressive / ASI,5
2022-12,covA_band,600-999K,SageSure Occidental,1
2022-12,covA_band,600-999K,SageSure SURE,1
2022-12,covA_band,600-999K,Swyfft Benchmark,5
2022-12,covA_band,600-999K,TWICO,1
2022-12,covA_band,600-999K,Travelers,7
2022-12,covA_band,<200K,Swyfft Benchmark,1
2023-01,age_band,0-9,ARI,1
2023-01,age_band,0-9,HOAIC,6
2023-01,age_band,0-9,Progressive / ASI,7
2023-01,age_band,0-9,Swyfft Benchmark,3
2023-01,age_band,0-9,Travelers,2
2023-01,age_band,10-19,HOAIC,1
2023-01,age_band,10-19,Liberty Mutual / Safeco,1
2023-01,age_band,10-19,National General,2
2023-01,age_band,10-19,Progressive / ASI,1
2023-01,age_band,10-19,Swyfft Benchmark,5
2023-01,age_band,10-19,Travelers,3
2023-01,age_band,20-29,HOAIC,2
2023-01,age_band,20-29,Liberty Mutual / Safeco,3
2023-01,age_band,20-29,Progressive / ASI,2
2023-01,age_band,20-29,SageSure SURE,3
2023-01,age_band,20-29,Steadily,1
2023-01,age_band,20-29,Travelers,1
2023-01,age_band,30-39,National General,1
2023-01,age_band,30-39,Progressive / ASI,2
2023-01,age_band,30-39,SageSure SURE,1
2023-01,age_band,40-59,HOAIC,1
2023-01,age_band,40-59,Liberty Mutual / Safeco,4
2023-01,age_band,40-59,Mercury,1
2023-01,age_band,40-59,Progressive / ASI,1
2023-01,age_band,40-59,Swyfft Benchmark,3
2023-01,age_band,40-59,Travelers,1
2023-01,age_band,60+,Liberty Mutual / Safeco,1
2023-01,age_band,60+,Progressive / ASI,1
2023-01,age_band,60+,SageSure SURE,5
2023-01,covA_band,1M+,National General,1
2023-01,covA_band,200-299K,HOAIC,3
2023-01,covA_band,200-299K,Liberty Mutual / Safeco,4
2023-01,covA_band,200-299K,Progressive / ASI,4
2023-01,covA_band,200-299K,SageSure SURE,3
2023-01,covA_band,200-299K,Swyfft Benchmark,3
2023-01,covA_band,300-399K,HOAIC,2
2023-01,covA_band,300-399K,Liberty Mutual / Safeco,2
2023-01,covA_band,300-399K,Mercury,1
2023-01,covA_band,300-399K,Progressive / ASI,5
2023-01,covA_band,300-399K,SageSure SURE,4
2023-01,covA_band,300-399K,Swyfft Benchmark,4
2023-01,covA_band,400-599K,HOAIC,5
2023-01,covA_band,400-599K,National General,2
2023-01,covA_band,400-599K,Progressive / ASI,3
2023-01,covA_band,400-599K,SageSure SURE,2
2023-01,covA_band,400-599K,Steadily,1
2023-01,covA_band,400-599K,Swyfft Benchmark,1
2023-01,covA_band,400-599K,Travelers,4
2023-01,covA_band,600-999K,ARI,1
2023-01,covA_band,600-999K,Liberty Mutual / Safeco,1
2023-01,covA_band,600-999K,Progressive / ASI,2
2023-01,covA_band,600-999K,Swyfft Benchmark,3
2023-01,covA_band,600-999K,Travelers,3
2023-01,covA_band,<200K,Liberty Mutual / Safeco,1
2023-02,age_band,0-9,ARI,1
2023-02,age_band,0-9,HOAIC,1
2023-02,age_band,0-9,Mercury,2
2023-02,age_band,0-9,National General,1
2023-02,age_band,0-9,Progressive / ASI,13
2023-02,age_band,0-9,SageSure SURE,3
2023-02,age_band,0-9,Swyfft Benchmark,3
2023-02,age_band,0-9,Travelers,7
2023-02,age_band,10-19,Liberty Mutual / Safeco,1
2023-02,age_band,10-19,Progressive / ASI,2
2023-02,age_band,10-19,SageSure SURE,5
2023-02,age_band,10-19,SageSure SafePort,2
2023-02,age_band,10-19,Swyfft Benchmark,11
2023-02,age_band,10-19,Travelers,5
2023-02,age_band,20-29,Liberty Mutual / Safeco,2
2023-02,age_band,20-29,Mercury,1
2023-02,age_band,20-29,National General,1
2023-02,age_band,20-29,Progressive / ASI,6
2023-02,age_band,20-29,SageSure SURE,3
2023-02,age_band,20-29,SageSure SafePort,1
2023-02,age_band,20-29,Swyfft Benchmark,3
2023-02,age_band,20-29,Travelers,1
2023-02,age_band,30-39,Progressive / ASI,2
2023-02,age_band,30-39,SageSure SURE,2
2023-02,age_band,30-39,Swyfft Benchmark,1
2023-02,age_band,30-39,Travelers,2
2023-02,age_band,40-59,HOAIC,1
2023-02,age_band,40-59,Liberty Mutual / Safeco,2
2023-02,age_band,40-59,Progressive / ASI,3
2023-02,age_band,40-59,SageSure SURE,6
2023-02,age_band,40-59,Travelers,5
2023-02,age_band,60+,SageSure SURE,3
2023-02,age_band,60+,Swyfft Benchmark,1
2023-02,covA_band,1M+,SageSure SafePort,1
2023-02,covA_band,200-299K,HOAIC,2
2023-02,covA_band,200-299K,Liberty Mutual / Safeco,1
2023-02,covA_band,200-299K,Mercury,2
2023-02,covA_band,200-299K,National General,1
2023-02,covA_band,200-299K,Progressive / ASI,3
2023-02,covA_band,200-299K,SageSure SURE,10
2023-02,covA_band,200-299K,Swyfft Benchmark,2
2023-02,covA_band,200-299K,Travelers,4
2023-02,covA_band,300-399K,National General,1
2023-02,covA_band,300-399K,Progressive / ASI,5
2023-02,covA_band,300-399K,SageSure SURE,1
2023-02,covA_band,300-399K,Swyfft Benchmark,7
2023-02,covA_band,300-399K,Travelers,4
2023-02,covA_band,400-599K,ARI,1
2023-02,covA_band,400-599K,Liberty Mutual / Safeco,2
2023-02,covA_band,400-599K,Progressive / ASI,10
2023-02,covA_band,400-599K,SageSure SURE,8
2023-02,covA_band,400-599K,SageSure SafePort,2
2023-02,covA_band,400-599K,Swyfft Benchmark,7
2023-02,covA_band,400-599K,Travelers,3
2023-02,covA_band,600-999K,ARI,1
2023-02,covA_band,600-999K,Mercury,1
2023-02,covA_band,600-999K,Progressive / ASI,9
2023-02,covA_band,600-999K,SageSure SURE,2
2023-02,covA_band,600-999K,Swyfft Benchmark,3
2023-02,covA_band,600-999K,Travelers,8
2023-02,covA_band,<200K,Liberty Mutual / Safeco,1
2023-02,covA_band,<200K,SageSure SURE,1
2023-02,covA_band,<200K,Travelers,1
2023-03,age_band,0-9,ARI,1
2023-03,age_band,0-9,HOAIC,6
2023-03,age_band,0-9,Liberty Mutual / Safeco,1
2023-03,age_band,0-9,Mercury,2
2023-03,age_band,0-9,National General,2
2023-03,age_band,0-9,Progressive / ASI,12
2023-03,age_band,0-9,SageSure SURE,14
2023-03,age_band,0-9,Swyfft Benchmark,1
2023-03,age_band,0-9,Travelers,5
2023-03,age_band,10-19,Liberty Mutual / Safeco,1
2023-03,age_band,10-19,Mercury,1
2023-03,age_band,10-19,National General,4
2023-03,age_band,10-19,Progressive / ASI,3
2023-03,age_band,10-19,SageSure SURE,9
2023-03,age_band,10-19,Swyfft Benchmark,7
2023-03,age_band,10-19,Swyfft Lloyds (Surplus),1
2023-03,age_band,10-19,Travelers,4
2023-03,age_band,20-29,HOAIC,2
2023-03,age_band,20-29,Mercury,5
2023-03,age_band,20-29,National General,3
2023-03,age_band,20-29,Progressive / ASI,7
2023-03,age_band,20-29,SageSure SURE,12
2023-03,age_band,20-29,Swyfft Benchmark,2
2023-03,age_band,20-29,Swyfft Lloyds (Surplus),1
2023-03,age_band,20-29,Travelers,2
2023-03,age_band,30-39,HOAIC,1
2023-03,age_band,30-39,Progressive / ASI,3
2023-03,age_band,30-39,SageSure SURE,3
2023-03,age_band,30-39,Swyfft Benchmark,1
2023-03,age_band,30-39,Travelers,3
2023-03,age_band,40-59,HOAIC,2
2023-03,age_band,40-59,Liberty Mutual / Safeco,2
2023-03,age_band,40-59,Progressive / ASI,5
2023-03,age_band,40-59,SageSure SURE,18
2023-03,age_band,40-59,SageSure SafePort,1
2023-03,age_band,40-59,Swyfft Benchmark,5
2023-03,age_band,40-59,Travelers,1
2023-03,age_band,60+,HOAIC,3
2023-03,age_band,60+,Progressive / ASI,1
2023-03,age_band,60+,SageSure SURE,4
2023-03,age_band,60+,Swyfft Benchmark,1
2023-03,covA_band,1M+,SageSure SURE,2
2023-03,covA_band,1M+,Swyfft Benchmark,1
2023-03,covA_band,1M+,Swyfft Lloyds (Surplus),1
2023-03,covA_band,200-299K,HOAIC,2
2023-03,covA_band,200-299K,Liberty Mutual / Safeco,2
2023-03,covA_band,200-299K,Mercury,1
2023-03,covA_band,200-299K,National General,4
2023-03,covA_band,200-299K,Progressive / ASI,4
2023-03,covA_band,200-299K,SageSure SURE,15
2023-03,covA_band,200-299K,Swyfft Benchmark,8
2023-03,covA_band,200-299K,Travelers,5
2023-03,covA_band,300-399K,ARI,1
2023-03,covA_band,300-399K,HOAIC,3
2023-03,covA_band,300-399K,Mercury,2
2023-03,covA_band,300-399K,National General,3
2023-03,covA_band,300-399K,Progressive / ASI,9
2023-03,covA_band,300-399K,SageSure SURE,18
2023-03,covA_band,300-399K,Swyfft Benchmark,6
2023-03,covA_band,300-399K,Travelers,4
2023-03,covA_band,400-599K,HOAIC,6
2023-03,covA_band,400-599K,Mercury,3
2023-03,covA_band,400-599K,National General,1
2023-03,covA_band,400-599K,Progressive / ASI,9
2023-03,covA_band,400-599K,SageSure SURE,15
2023-03,covA_band,400-599K,Swyfft Benchmark,3
2023-03,covA_band,400-599K,Travelers,4
2023-03,covA_band,600-999K,HOAIC,2
2023-03,covA_band,600-999K,Mercury,2
2023-03,covA_band,600-999K,National General,1
2023-03,covA_band,600-999K,Progressive / ASI,9
2023-03,covA_band,600-999K,SageSure SURE,10
2023-03,covA_band,600-999K,SageSure SafePort,1
2023-03,covA_band,600-999K,Swyfft Benchmark,3
2023-03,covA_band,600-999K,Swyfft Lloyds (Surplus),1
2023-03,covA_band,600-999K,Travelers,1
2023-03,covA_band,<200K,HOAIC,1
2023-03,covA_band,<200K,Travelers,1
2023-04,age_band,0-9,HOAIC,7
2023-04,age_band,0-9,Liberty Mutual / Safeco,1
2023-04,age_band,0-9,Mercury,1
2023-04,age_band,0-9,Progressive / ASI,14
2023-04,age_band,0-9,SageSure SURE,12
2023-04,age_band,0-9,SageSure SafePort,1
2023-04,age_band,0-9,Swyfft Benchmark,3
2023-04,age_band,0-9,Travelers,7
2023-04,age_band,10-19,ARI,1
2023-04,age_band,10-19,HOAIC,1
2023-04,age_band,10-19,National General,6
2023-04,age_band,10-19,Progressive / ASI,3
2023-04,age_band,10-19,SageSure SURE,9
2023-04,age_band,10-19,SageSure SafePort,2
2023-04,age_band,10-19,Swyfft Benchmark,3
2023-04,age_band,10-19,Swyfft Topa (Surplus),2
2023-04,age_band,10-19,Travelers,5
2023-04,age_band,20-29,HOAIC,1
2023-04,age_band,20-29,Mercury,1
2023-04,age_band,20-29,Progressive / ASI,2
2023-04,age_band,20-29,SageSure SURE,11
2023-04,age_band,20-29,Travelers,2
2023-04,age_band,30-39,HOAIC,1
2023-04,age_band,30-39,Liberty Mutual / Safeco,1
2023-04,age_band,30-39,Mercury,1
2023-04,age_band,30-39,National General,2
2023-04,age_band,30-39,Progressive / ASI,1
2023-04,age_band,30-39,SageSure SURE,5
2023-04,age_band,30-39,Travelers,2
2023-04,age_band,40-59,HOAIC,3
2023-04,age_band,40-59,Progressive / ASI,1
2023-04,age_band,40-59,SageSure SURE,9
2023-04,age_band,40-59,Swyfft Benchmark,1
2023-04,age_band,40-59,Travelers,5
2023-04,age_band,60+,Liberty Mutual / Safeco,1
2023-04,age_band,60+,Progressive / ASI,2
2023-04,age_band,60+,SageSure SURE,2
2023-04,age_band,60+,SageSure SafePort,1
2023-04,covA_band,1M+,SageSure SURE,1
2023-04,covA_band,1M+,SageSure SafePort,3
2023-04,covA_band,1M+,Travelers,1
2023-04,covA_band,200-299K,ARI,1
2023-04,covA_band,200-299K,HOAIC,2
2023-04,covA_band,200-299K,Liberty Mutual / Safeco,1
2023-04,covA_band,200-299K,National General,4
2023-04,covA_band,200-299K,Progressive / ASI,3
2023-04,covA_band,200-299K,SageSure SURE,9
2023-04,covA_band,200-299K,Swyfft Topa (Surplus),1
2023-04,covA_band,200-299K,Travelers,4
2023-04,covA_band,300-399K,HOAIC,4
2023-04,covA_band,300-399K,Liberty Mutual / Safeco,1
2023-04,covA_band,300-399K,Mercury,2
2023-04,covA_band,300-399K,National General,3
2023-04,covA_band,300-399K,Progressive / ASI,7
2023-04,covA_band,300-399K,SageSure SURE,14
2023-04,covA_band,300-399K,SageSure SafePort,1
2023-04,covA_band,300-399K,Swyfft Benchmark,2
2023-04,covA_band,300-399K,Travelers,5
2023-04,covA_band,400-599K,HOAIC,6
2023-04,covA_band,400-599K,Mercury,1
2023-04,covA_band,400-599K,National General,1
2023-04,covA_band,400-599K,Progressive / ASI,9
2023-04,covA_band,400-599K,SageSure SURE,14
2023-04,covA_band,400-599K,Swyfft Benchmark,3
2023-04,covA_band,400-599K,Travelers,9
2023-04,covA_band,600-999K,HOAIC,1
2023-04,covA_band,600-999K,Progressive / ASI,4
2023-04,covA_band,600-999K,SageSure SURE,8
2023-04,covA_band,600-999K,Swyfft Benchmark,2
2023-04,covA_band,600-999K,Swyfft Topa (Surplus),1
2023-04,covA_band,600-999K,Travelers,2
2023-04,covA_band,<200K,SageSure SURE,2
2023-04,covA_band,<200K,Travelers,1
2023-05,age_band,0-9,Chubb,1
2023-05,age_band,0-9,HOAIC,2
2023-05,age_band,0-9,Mercury,2
2023-05,age_band,0-9,Progressive / ASI,3
2023-05,age_band,0-9,SageSure SURE,13
2023-05,age_band,0-9,SageSure SafePort,1
2023-05,age_band,0-9,Swyfft Benchmark,4
2023-05,age_band,0-9,Swyfft Lloyds (Surplus),1
2023-05,age_band,0-9,Swyfft Topa (Surplus),1
2023-05,age_band,0-9,Travelers,6
2023-05,age_band,10-19,Mercury,2
2023-05,age_band,10-19,National General,2
2023-05,age_band,10-19,Progressive / ASI,4
2023-05,age_band,10-19,SageSure SURE,10
2023-05,age_band,10-19,Swyfft Benchmark,8
2023-05,age_band,10-19,Swyfft Lloyds (Surplus),1
2023-05,age_band,10-19,Travelers,6
2023-05,age_band,20-29,HOAIC,2
2023-05,age_band,20-29,Liberty Mutual / Safeco,1
2023-05,age_band,20-29,Mercury,1
2023-05,age_band,20-29,Progressive / ASI,1
2023-05,age_band,20-29,SageSure SURE,10
2023-05,age_band,20-29,SageSure SafePort,1
2023-05,age_band,20-29,Swyfft Benchmark,3
2023-05,age_band,20-29,Travelers,2
2023-05,age_band,30-39,Chubb,1
2023-05,age_band,30-39,Mercury,1
2023-05,age_band,30-39,SageSure SURE,2
2023-05,age_band,30-39,SageSure SafePort,1
2023-05,age_band,30-39,Swyfft Benchmark,2
2023-05,age_band,30-39,Travelers,3
2023-05,age_band,40-59,ARI,1
2023-05,age_band,40-59,HOAIC,2
2023-05,age_band,40-59,Liberty Mutual / Safeco,1
2023-05,age_band,40-59,Progressive / ASI,3
2023-05,age_band,40-59,SageSure SURE,14
2023-05,age_band,40-59,Swyfft Benchmark,2
2023-05,age_band,40-59,Travelers,2
2023-05,age_band,60+,Liberty Mutual / Safeco,1
2023-05,age_band,60+,Progressive / ASI,1
2023-05,age_band,60+,SageSure SURE,6
2023-05,age_band,60+,Swyfft Benchmark,2
2023-05,age_band,60+,Travelers,1
2023-05,covA_band,1M+,Chubb,2
2023-05,covA_band,1M+,SageSure SURE,1
2023-05,covA_band,1M+,SageSure SafePort,1
2023-05,covA_band,200-299K,ARI,1
2023-05,covA_band,200-299K,Liberty Mutual / Safeco,1
2023-05,covA_band,200-299K,Mercury,1
2023-05,covA_band,200-299K,National General,1
2023-05,covA_band,200-299K,Progressive / ASI,2
2023-05,covA_band,200-299K,SageSure SURE,12
2023-05,covA_band,200-299K,Swyfft Benchmark,4
2023-05,covA_band,200-299K,Travelers,2
2023-05,covA_band,300-399K,HOAIC,2
2023-05,covA_band,300-399K,Liberty Mutual / Safeco,1
2023-05,covA_band,300-399K,Mercury,1
2023-05,covA_band,300-399K,National General,1
2023-05,covA_band,300-399K,Progressive / ASI,5
2023-05,covA_band,300-399K,SageSure SURE,22
2023-05,covA_band,300-399K,Swyfft Benchmark,6
2023-05,covA_band,300-399K,Travelers,7
2023-05,covA_band,400-599K,HOAIC,1
2023-05,covA_band,400-599K,Liberty Mutual / Safeco,1
2023-05,covA_band,400-599K,Mercury,3
2023-05,covA_band,400-599K,Progressive / ASI,2
2023-05,covA_band,400-599K,SageSure SURE,10
2023-05,covA_band,400-599K,SageSure SafePort,1
2023-05,covA_band,400-599K,Swyfft Benchmark,3
2023-05,covA_band,400-599K,Swyfft Lloyds (Surplus),2
2023-05,covA_band,400-599K,Swyfft Topa (Surplus),1
2023-05,covA_band,400-599K,Travelers,7
2023-05,covA_band,600-999K,HOAIC,3
2023-05,covA_band,600-999K,Mercury,1
2023-05,covA_band,600-999K,Progressive / ASI,3
2023-05,covA_band,600-999K,SageSure SURE,8
2023-05,covA_band,600-999K,SageSure SafePort,1
2023-05,covA_band,600-999K,Swyfft Benchmark,8
2023-05,covA_band,600-999K,Travelers,4
2023-05,covA_band,<200K,SageSure SURE,3
2023-05,covA_band,<200K,Travelers,2
2023-06,age_band,0-9,Chubb,2
2023-06,age_band,0-9,HOAIC,4
2023-06,age_band,0-9,Liberty Mutual / Safeco,1
2023-06,age_band,0-9,Mercury,2
2023-06,age_band,0-9,Progressive / ASI,4
2023-06,age_band,0-9,SageSure SURE,8
2023-06,age_band,0-9,SageSure SafePort,1
2023-06,age_band,0-9,Swyfft Benchmark,4
2023-06,age_band,0-9,Travelers,10
2023-06,age_band,10-19,HOAIC,1
2023-06,age_band,10-19,Liberty Mutual / Safeco,1
2023-06,age_band,10-19,Mercury,1
2023-06,age_band,10-19,National General,1
2023-06,age_band,10-19,Progressive / ASI,1
2023-06,age_band,10-19,SageSure SURE,12
2023-06,age_band,10-19,SageSure SafePort,1
2023-06,age_band,10-19,Swyfft Benchmark,6
2023-06,age_band,10-19,Travelers,8
2023-06,age_band,20-29,Liberty Mutual / Safeco,2
2023-06,age_band,20-29,Progressive / ASI,2
2023-06,age_band,20-29,SageSure SURE,11
2023-06,age_band,20-29,SageSure SafePort,1
2023-06,age_band,20-29,Swyfft Benchmark,1
2023-06,age_band,20-29,Travelers,9
2023-06,age_band,30-39,Liberty Mutual / Safeco,1
2023-06,age_band,30-39,Mercury,2
2023-06,age_band,30-39,SageSure SURE,4
2023-06,age_band,30-39,Swyfft Benchmark,2
2023-06,age_band,30-39,Travelers,3
2023-06,age_band,40-59,HOAIC,1
2023-06,age_band,40-59,Liberty Mutual / Safeco,1
2023-06,age_band,40-59,Progressive / ASI,1
2023-06,age_band,40-59,SageSure SURE,17
2023-06,age_band,40-59,Swyfft Benchmark,1
2023-06,age_band,40-59,Travelers,5
2023-06,age_band,60+,SageSure SURE,4
2023-06,age_band,60+,Travelers,2
2023-06,covA_band,1M+,Chubb,2
2023-06,covA_band,1M+,Progressive / ASI,2
2023-06,covA_band,1M+,SageSure SafePort,2
2023-06,covA_band,1M+,Swyfft Benchmark,2
2023-06,covA_band,1M+,Travelers,1
2023-06,covA_band,200-299K,Liberty Mutual / Safeco,1
2023-06,covA_band,200-299K,Progressive / ASI,1
2023-06,covA_band,200-299K,SageSure SURE,11
2023-06,covA_band,200-299K,Swyfft Benchmark,1
2023-06,covA_band,200-299K,Travelers,2
2023-06,covA_band,300-399K,HOAIC,3
2023-06,covA_band,300-399K,Liberty Mutual / Safeco,1
2023-06,covA_band,300-399K,Mercury,2
2023-06,covA_band,300-399K,Progressive / ASI,2
2023-06,covA_band,300-399K,SageSure SURE,15
2023-06,covA_band,300-399K,Swyfft Benchmark,3
2023-06,covA_band,300-399K,Travelers,10
2023-06,covA_band,400-599K,HOAIC,2
2023-06,covA_band,400-599K,Liberty Mutual / Safeco,1
2023-06,covA_band,400-599K,Mercury,1
2023-06,covA_band,400-599K,Progressive / ASI,1
2023-06,covA_band,400-599K,SageSure SURE,17
2023-06,covA_band,400-599K,Swyfft Benchmark,3
2023-06,covA_band,400-599K,Travelers,17
2023-06,covA_band,600-999K,HOAIC,1
2023-06,covA_band,600-999K,Mercury,2
2023-06,covA_band,600-999K,National General,1
2023-06,covA_band,600-999K,Progressive / ASI,2
2023-06,covA_band,600-999K,SageSure SURE,13
2023-06,covA_band,600-999K,SageSure SafePort,1
2023-06,covA_band,600-999K,Swyfft Benchmark,5
2023-06,covA_band,600-999K,Travelers,7
2023-07,age_band,0-9,Chubb,2
2023-07,age_band,0-9,HOAIC,7
2023-07,age_band,0-9,Liberty Mutual / Safeco,1
2023-07,age_band,0-9,Mercury,1
2023-07,age_band,0-9,Progressive / ASI,1
2023-07,age_band,0-9,SageSure Occidental,2
2023-07,age_band,0-9,SageSure SURE,14
2023-07,age_band,0-9,Swyfft Benchmark,1
2023-07,age_band,0-9,Swyfft Topa (Surplus),2
2023-07,age_band,0-9,Travelers,1
2023-07,age_band,10-19,ARI,1
2023-07,age_band,10-19,Centauri,1
2023-07,age_band,10-19,Mercury,1
2023-07,age_band,10-19,Progressive / ASI,3
2023-07,age_band,10-19,SageSure SURE,15
2023-07,age_band,10-19,Swyfft Benchmark,4
2023-07,age_band,10-19,Swyfft Lloyds (Surplus),3
2023-07,age_band,10-19,Travelers,4
2023-07,age_band,20-29,ARI,1
2023-07,age_band,20-29,HOAIC,1
2023-07,age_band,20-29,Mercury,1
2023-07,age_band,20-29,Progressive / ASI,2
2023-07,age_band,20-29,SageSure Occidental,2
2023-07,age_band,20-29,SageSure SURE,17
2023-07,age_band,20-29,Swyfft Benchmark,3
2023-07,age_band,20-29,Travelers,1
2023-07,age_band,30-39,HOAIC,1
2023-07,age_band,30-39,SageSure SURE,4
2023-07,age_band,30-39,Travelers,1
2023-07,age_band,40-59,HOAIC,2
2023-07,age_band,40-59,Liberty Mutual / Safeco,1
2023-07,age_band,40-59,Mercury,1
2023-07,age_band,40-59,Progressive / ASI,1
2023-07,age_band,40-59,SageSure SURE,10
2023-07,age_band,40-59,SageSure SafePort,1
2023-07,age_band,40-59,Travelers,3
2023-07,age_band,60+,HOAIC,2
2023-07,age_band,60+,SageSure SURE,2
2023-07,age_band,60+,Travelers,1
2023-07,covA_band,1M+,Chubb,2
2023-07,covA_band,1M+,SageSure Occidental,2
2023-07,covA_band,1M+,Swyfft Benchmark,1
2023-07,covA_band,1M+,Swyfft Lloyds (Surplus),2
2023-07,covA_band,1M+,Travelers,1
2023-07,covA_band,200-299K,SageSure SURE,12
2023-07,covA_band,200-299K,Swyfft Benchmark,1
2023-07,covA_band,200-299K,Travelers,2
2023-07,covA_band,300-399K,ARI,1
2023-07,covA_band,300-399K,HOAIC,2
2023-07,covA_band,300-399K,Mercury,1
2023-07,covA_band,300-399K,Progressive / ASI,3
2023-07,covA_band,300-399K,SageSure SURE,20
2023-07,covA_band,300-399K,Swyfft Benchmark,4
2023-07,covA_band,300-399K,Swyfft Lloyds (Surplus),1
2023-07,covA_band,300-399K,Swyfft Topa (Surplus),1
2023-07,covA_band,300-399K,Travelers,5
2023-07,covA_band,400-599K,HOAIC,7
2023-07,covA_band,400-599K,Mercury,3
2023-07,covA_band,400-599K,Progressive / ASI,2
2023-07,covA_band,400-599K,SageSure SURE,25
2023-07,covA_band,400-599K,Swyfft Topa (Surplus),1
2023-07,covA_band,400-599K,Travelers,1
2023-07,covA_band,600-999K,HOAIC,4
2023-07,covA_band,600-999K,Liberty Mutual / Safeco,1
2023-07,covA_band,600-999K,Progressive / ASI,2
2023-07,covA_band,600-999K,SageSure Occidental,2
2023-07,covA_band,600-999K,SageSure SURE,5
2023-07,covA_band,600-999K,SageSure SafePort,1
2023-07,covA_band,600-999K,Swyfft Benchmark,2
2023-07,covA_band,600-999K,Travelers,2
2023-07,covA_band,<200K,ARI,1
2023-08,age_band,0-9,Chubb,1
2023-08,age_band,0-9,HOAIC,4
2023-08,age_band,0-9,Liberty Mutual / Safeco,4
2023-08,age_band,0-9,Mercury,3
2023-08,age_band,0-9,Progressive / ASI,4
2023-08,age_band,0-9,SageSure Occidental,4
2023-08,age_band,0-9,SageSure SURE,19
2023-08,age_band,0-9,SageSure SafePort,2
2023-08,age_band,0-9,Swyfft Benchmark,8
2023-08,age_band,0-9,Travelers,5
2023-08,age_band,10-19,ARI,1
2023-08,age_band,10-19,Centauri,1
2023-08,age_band,10-19,Mercury,1
2023-08,age_band,10-19,Progressive / ASI,2
2023-08,age_band,10-19,SageSure Occidental,7
2023-08,age_band,10-19,SageSure SURE,10
2023-08,age_band,10-19,SageSure SafePort,6
2023-08,age_band,10-19,Swyfft Benchmark,8
2023-08,age_band,10-19,Swyfft Lloyds (Surplus),1
2023-08,age_band,10-19,Travelers,2
2023-08,age_band,20-29,HOAIC,2
2023-08,age_band,20-29,Liberty Mutual / Safeco,1
2023-08,age_band,20-29,Mercury,1
2023-08,age_band,20-29,Progressive / ASI,1
2023-08,age_band,20-29,SageSure Occidental,7
2023-08,age_band,20-29,SageSure SURE,9
2023-08,age_band,20-29,SageSure SafePort,1
2023-08,age_band,20-29,Swyfft Benchmark,1
2023-08,age_band,20-29,Travelers,2
2023-08,age_band,30-39,ARI,1
2023-08,age_band,30-39,Liberty Mutual / Safeco,1
2023-08,age_band,30-39,SageSure Occidental,3
2023-08,age_band,30-39,SageSure SURE,5
2023-08,age_band,30-39,SageSure SafePort,2
2023-08,age_band,30-39,Swyfft Benchmark,1
2023-08,age_band,30-39,Travelers,2
2023-08,age_band,40-59,HOAIC,4
2023-08,age_band,40-59,Liberty Mutual / Safeco,5
2023-08,age_band,40-59,Progressive / ASI,2
2023-08,age_band,40-59,SageSure Occidental,3
2023-08,age_band,40-59,SageSure SURE,13
2023-08,age_band,40-59,SageSure SafePort,2
2023-08,age_band,40-59,Swyfft Benchmark,1
2023-08,age_band,60+,Progressive / ASI,1
2023-08,age_band,60+,SageSure Occidental,1
2023-08,age_band,60+,SageSure SURE,3
2023-08,age_band,60+,Swyfft Benchmark,3
2023-08,covA_band,1M+,Chubb,1
2023-08,covA_band,1M+,Progressive / ASI,1
2023-08,covA_band,1M+,SageSure Occidental,5
2023-08,covA_band,1M+,Swyfft Benchmark,1
2023-08,covA_band,200-299K,ARI,1
2023-08,covA_band,200-299K,HOAIC,1
2023-08,covA_band,200-299K,Liberty Mutual / Safeco,3
2023-08,covA_band,200-299K,Mercury,1
2023-08,covA_band,200-299K,SageSure Occidental,2
2023-08,covA_band,200-299K,SageSure SURE,9
2023-08,covA_band,200-299K,SageSure SafePort,1
2023-08,covA_band,300-399K,Centauri,1
2023-08,covA_band,300-399K,HOAIC,3
2023-08,covA_band,300-399K,Mercury,1
2023-08,covA_band,300-399K,Progressive / ASI,3
2023-08,covA_band,300-399K,SageSure Occidental,1
2023-08,covA_band,300-399K,SageSure SURE,26
2023-08,covA_band,300-399K,Swyfft Benchmark,5
2023-08,covA_band,300-399K,Travelers,3
2023-08,covA_band,400-599K,HOAIC,5
2023-08,covA_band,400-599K,Liberty Mutual / Safeco,1
2023-08,covA_band,400-599K,Mercury,3
2023-08,covA_band,400-599K,Progressive / ASI,4
2023-08,covA_band,400-599K,SageSure Occidental,5
2023-08,covA_band,400-599K,SageSure SURE,16
2023-08,covA_band,400-599K,SageSure SafePort,7
2023-08,covA_band,400-599K,Swyfft Benchmark,5
2023-08,covA_band,400-599K,Swyfft Lloyds (Surplus),1
2023-08,covA_band,400-599K,Travelers,3
2023-08,covA_band,600-999K,HOAIC,1
2023-08,covA_band,600-999K,Liberty Mutual / Safeco,1
2023-08,covA_band,600-999K,Progressive / ASI,2
2023-08,covA_band,600-999K,SageSure Occidental,13
2023-08,covA_band,600-999K,SageSure SURE,7
2023-08,covA_band,600-999K,SageSure SafePort,5
2023-08,covA_band,600-999K,Swyfft Benchmark,11
2023-08,covA_band,600-999K,Travelers,5
2023-08,covA_band,<200K,ARI,1
2023-08,covA_band,<200K,SageSure SURE,1
2023-09,age_band,0-9,ARI,1
2023-09,age_band,0-9,HOAIC,4
2023-09,age_band,0-9,Liberty Mutual / Safeco,4
2023-09,age_band,0-9,Progressive / ASI,8
2023-09,age_band,0-9,SageSure Occidental,7
2023-09,age_band,0-9,SageSure SURE,9
2023-09,age_band,0-9,Swyfft Benchmark,5
2023-09,age_band,0-9,Travelers,6
2023-09,age_band,10-19,ARI,1
2023-09,age_band,10-19,Centauri,2
2023-09,age_band,10-19,Liberty Mutual / Safeco,3
2023-09,age_band,10-19,Progressive / ASI,4
2023-09,age_band,10-19,SageSure Occidental,6
2023-09,age_band,10-19,SageSure SURE,9
2023-09,age_band,10-19,SageSure SafePort,1
2023-09,age_band,10-19,Swyfft Benchmark,10
2023-09,age_band,10-19,Travelers,3
2023-09,age_band,20-29,ARI,1
2023-09,age_band,20-29,Allied Trust,1
2023-09,age_band,20-29,Progressive / ASI,1
2023-09,age_band,20-29,SageSure Occidental,5
2023-09,age_band,20-29,SageSure SURE,6
2023-09,age_band,20-29,Swyfft Benchmark,2
2023-09,age_band,20-29,Travelers,1
2023-09,age_band,30-39,Centauri,1
2023-09,age_band,30-39,Liberty Mutual / Safeco,1
2023-09,age_band,30-39,Progressive / ASI,1
2023-09,age_band,30-39,SageSure Occidental,4
2023-09,age_band,30-39,SageSure SURE,3
2023-09,age_band,40-59,ARI,1
2023-09,age_band,40-59,HOAIC,3
2023-09,age_band,40-59,Progressive / ASI,1
2023-09,age_band,40-59,SageSure Occidental,3
2023-09,age_band,40-59,SageSure SURE,9
2023-09,age_band,40-59,Travelers,3
2023-09,age_band,60+,Liberty Mutual / Safeco,2
2023-09,age_band,60+,SageSure Occidental,1
2023-09,age_band,60+,SageSure SURE,6
2023-09,age_band,60+,Travelers,1
2023-09,covA_band,1M+,SageSure Occidental,3
2023-09,covA_band,1M+,Swyfft Benchmark,1
2023-09,covA_band,200-299K,ARI,2
2023-09,covA_band,200-299K,HOAIC,1
2023-09,covA_band,200-299K,Liberty Mutual / Safeco,3
2023-09,covA_band,200-299K,Progressive / ASI,2
2023-09,covA_band,200-299K,SageSure SURE,14
2023-09,covA_band,200-299K,Travelers,4
2023-09,covA_band,300-399K,ARI,1
2023-09,covA_band,300-399K,HOAIC,2
2023-09,covA_band,300-399K,Liberty Mutual / Safeco,2
2023-09,covA_band,300-399K,Progressive / ASI,2
2023-09,covA_band,300-399K,SageSure Occidental,3
2023-09,covA_band,300-399K,SageSure SURE,17
2023-09,covA_band,300-399K,Swyfft Benchmark,3
2023-09,covA_band,300-399K,Travelers,1
2023-09,covA_band,400-599K,Centauri,1
2023-09,covA_band,400-599K,HOAIC,3
2023-09,covA_band,400-599K,Liberty Mutual / Safeco,1
2023-09,covA_band,400-599K,Progressive / ASI,7
2023-09,covA_band,400-599K,SageSure Occidental,12
2023-09,covA_band,400-599K,SageSure SURE,8
2023-09,covA_band,400-599K,SageSure SafePort,1
2023-09,covA_band,400-599K,Swyfft Benchmark,5
2023-09,covA_band,400-599K,Travelers,5
2023-09,covA_band,600-999K,ARI,1
2023-09,covA_band,600-999K,Allied Trust,1
2023-09,covA_band,600-999K,Centauri,2
2023-09,covA_band,600-999K,HOAIC,1
2023-09,covA_band,600-999K,Liberty Mutual / Safeco,1
2023-09,covA_band,600-999K,Progressive / ASI,3
2023-09,covA_band,600-999K,SageSure Occidental,8
2023-09,covA_band,600-999K,SageSure SURE,2
2023-09,covA_band,600-999K,Swyfft Benchmark,8
2023-09,covA_band,600-999K,Travelers,4
2023-09,covA_band,<200K,Liberty Mutual / Safeco,1
2023-09,covA_band,<200K,Progressive / ASI,1
2023-09,covA_band,<200K,SageSure SURE,1
2023-10,age_band,0-9,ARI,1
2023-10,age_band,0-9,HOAIC,1
2023-10,age_band,0-9,Liberty Mutual / Safeco,2
2023-10,age_band,0-9,Progressive / ASI,7
2023-10,age_band,0-9,SageSure Auros,1
2023-10,age_band,0-9,SageSure SURE,19
2023-10,age_band,0-9,SageSure SafePort,1
2023-10,age_band,0-9,Swyfft Benchmark,5
2023-10,age_band,0-9,Travelers,9
2023-10,age_band,10-19,ARI,3
2023-10,age_band,10-19,Liberty Mutual / Safeco,7
2023-10,age_band,10-19,SageSure Occidental,3
2023-10,age_band,10-19,SageSure SURE,17
2023-10,age_band,10-19,Swyfft Benchmark,6
2023-10,age_band,10-19,Travelers,1
2023-10,age_band,20-29,Liberty Mutual / Safeco,3
2023-10,age_band,20-29,SageSure Occidental,2
2023-10,age_band,20-29,SageSure SURE,10
2023-10,age_band,20-29,Swyfft Benchmark,2
2023-10,age_band,20-29,Travelers,1
2023-10,age_band,30-39,Allied Trust,1
2023-10,age_band,30-39,Liberty Mutual / Safeco,1
2023-10,age_band,30-39,SageSure Occidental,1
2023-10,age_band,30-39,SageSure SURE,2
2023-10,age_band,30-39,Travelers,1
2023-10,age_band,40-59,ARI,1
2023-10,age_band,40-59,SageSure SURE,12
2023-10,age_band,60+,Progressive / ASI,1
2023-10,age_band,60+,SageSure SURE,6
2023-10,age_band,60+,SageSure SafePort,1
2023-10,covA_band,1M+,SageSure SURE,1
2023-10,covA_band,1M+,Swyfft Benchmark,2
2023-10,covA_band,200-299K,ARI,1
2023-10,covA_band,200-299K,HOAIC,1
2023-10,covA_band,200-299K,Liberty Mutual / Safeco,2
2023-10,covA_band,200-299K,SageSure SURE,12
2023-10,covA_band,200-299K,SageSure SafePort,1
2023-10,covA_band,200-299K,Swyfft Benchmark,1
2023-10,covA_band,200-299K,Travelers,1
2023-10,covA_band,300-399K,ARI,2
2023-10,covA_band,300-399K,Progressive / ASI,2
2023-10,covA_band,300-399K,SageSure SURE,23
2023-10,covA_band,300-399K,Swyfft Benchmark,2
2023-10,covA_band,400-599K,ARI,1
2023-10,covA_band,400-599K,Liberty Mutual / Safeco,3
2023-10,covA_band,400-599K,Progressive / ASI,3
2023-10,covA_band,400-599K,SageSure Auros,1
2023-10,covA_band,400-599K,SageSure Occidental,2
2023-10,covA_band,400-599K,SageSure SURE,17
2023-10,covA_band,400-599K,SageSure SafePort,1
2023-10,covA_band,400-599K,Swyfft Benchmark,6
2023-10,covA_band,400-599K,Travelers,4
2023-10,covA_band,600-999K,Allied Trust,1
2023-10,covA_band,600-999K,Liberty Mutual / Safeco,5
2023-10,covA_band,600-999K,Progressive / ASI,3
2023-10,covA_band,600-999K,SageSure Occidental,4
2023-10,covA_band,600-999K,SageSure SURE,13
2023-10,covA_band,600-999K,Swyfft Benchmark,2
2023-10,covA_band,600-999K,Travelers,7
2023-10,covA_band,<200K,ARI,1
2023-10,covA_band,<200K,Foremost,1
2023-10,covA_band,<200K,Liberty Mutual / Safeco,1
2023-11,age_band,0-9,Allied Trust,1
2023-11,age_band,0-9,Liberty Mutual / Safeco,3
2023-11,age_band,0-9,Progressive / ASI,5
2023-11,age_band,0-9,SageSure Occidental,2
2023-11,age_band,0-9,SageSure SURE,12
2023-11,age_band,0-9,SageSure SafePort,1
2023-11,age_band,0-9,Swyfft Benchmark,7
2023-11,age_band,0-9,Travelers,5
2023-11,age_band,10-19,Allied Trust,1
2023-11,age_band,10-19,Liberty Mutual / Safeco,4
2023-11,age_band,10-19,Progressive / ASI,1
2023-11,age_band,10-19,SageSure Occidental,2
2023-11,age_band,10-19,SageSure SURE,18
2023-11,age_band,10-19,Swyfft Benchmark,3
2023-11,age_band,10-19,Travelers,1
2023-11,age_band,20-29,Liberty Mutual / Safeco,3
2023-11,age_band,20-29,Progressive / ASI,1
2023-11,age_band,20-29,SageSure Occidental,2
2023-11,age_band,20-29,SageSure SURE,12
2023-11,age_band,20-29,Swyfft Benchmark,1
2023-11,age_band,20-29,Travelers,2
2023-11,age_band,30-39,Liberty Mutual / Safeco,1
2023-11,age_band,30-39,SageSure Occidental,1
2023-11,age_band,30-39,SageSure SURE,6
2023-11,age_band,30-39,Travelers,1
2023-11,age_band,40-59,ARI,1
2023-11,age_band,40-59,Liberty Mutual / Safeco,1
2023-11,age_band,40-59,SageSure Occidental,2
2023-11,age_band,40-59,SageSure SURE,8
2023-11,age_band,40-59,Swyfft Benchmark,3
2023-11,age_band,60+,SageSure SURE,1
2023-11,covA_band,1M+,SageSure SURE,1
2023-11,covA_band,1M+,SageSure SafePort,1
2023-11,covA_band,1M+,Swyfft Benchmark,1
2023-11,covA_band,200-299K,Liberty Mutual / Safeco,4
2023-11,covA_band,200-299K,SageSure Occidental,1
2023-11,covA_band,200-299K,SageSure SURE,6
2023-11,covA_band,300-399K,Liberty Mutual / Safeco,3
2023-11,covA_band,300-399K,SageSure Occidental,5
2023-11,covA_band,300-399K,SageSure SURE,14
2023-11,covA_band,300-399K,Swyfft Benchmark,2
2023-11,covA_band,300-399K,Travelers,5
2023-11,covA_band,400-599K,Allied Trust,1
2023-11,covA_band,400-599K,Liberty Mutual / Safeco,4
2023-11,covA_band,400-599K,Progressive / ASI,4
2023-11,covA_band,400-599K,SageSure Occidental,1
2023-11,covA_band,400-599K,SageSure SURE,18
2023-11,covA_band,400-599K,Swyfft Benchmark,7
2023-11,covA_band,400-599K,Travelers,2
2023-11,covA_band,600-999K,Allied Trust,1
2023-11,covA_band,600-999K,Progressive / ASI,3
2023-11,covA_band,600-999K,SageSure Occidental,2
2023-11,covA_band,600-999K,SageSure SURE,17
2023-11,covA_band,600-999K,Swyfft Benchmark,4
2023-11,covA_band,600-999K,Travelers,2
2023-11,covA_band,<200K,ARI,1
2023-11,covA_band,<200K,SageSure SURE,1
2023-12,age_band,0-9,Allied Trust,2
2023-12,age_band,0-9,Liberty Mutual / Safeco,1
2023-12,age_band,0-9,Mercury,2
2023-12,age_band,0-9,Progressive / ASI,7
2023-12,age_band,0-9,SageSure Occidental,2
2023-12,age_band,0-9,SageSure SURE,10
2023-12,age_band,0-9,SageSure SafePort,1
2023-12,age_band,0-9,Swyfft Benchmark,4
2023-12,age_band,0-9,Travelers,4
2023-12,age_band,10-19,Allied Trust,1
2023-12,age_band,10-19,Liberty Mutual / Safeco,2
2023-12,age_band,10-19,Mercury,1
2023-12,age_band,10-19,Progressive / ASI,1
2023-12,age_band,10-19,SageSure Occidental,5
2023-12,age_band,10-19,SageSure SURE,15
2023-12,age_band,10-19,SageSure SafePort,2
2023-12,age_band,10-19,Swyfft Benchmark,4
2023-12,age_band,20-29,ARI,1
2023-12,age_band,20-29,Liberty Mutual / Safeco,2
2023-12,age_band,20-29,SageSure Occidental,2
2023-12,age_band,20-29,SageSure SURE,5
2023-12,age_band,20-29,Travelers,1
2023-12,age_band,30-39,Allied Trust,2
2023-12,age_band,30-39,SageSure SURE,5
2023-12,age_band,30-39,Swyfft Benchmark,1
2023-12,age_band,40-59,ARI,1
2023-12,age_band,40-59,Allied Trust,2
2023-12,age_band,40-59,Liberty Mutual / Safeco,1
2023-12,age_band,40-59,Progressive / ASI,2
2023-12,age_band,40-59,SageSure SURE,6
2023-12,age_band,40-59,Swyfft Benchmark,1
2023-12,age_band,40-59,Travelers,1
2023-12,age_band,60+,Progressive / ASI,2
2023-12,age_band,60+,SageSure Occidental,1
2023-12,age_band,60+,SageSure SURE,3
2023-12,covA_band,1M+,Allied Trust,1
2023-12,covA_band,1M+,Liberty Mutual / Safeco,1
2023-12,covA_band,1M+,SageSure SURE,2
2023-12,covA_band,1M+,SageSure SafePort,1
2023-12,covA_band,1M+,Swyfft Benchmark,1
2023-12,covA_band,200-299K,Liberty Mutual / Safeco,1
2023-12,covA_band,200-299K,Mercury,1
2023-12,covA_band,200-299K,Progressive / ASI,1
2023-12,covA_band,200-299K,SageSure SURE,9
2023-12,covA_band,200-299K,Swyfft Benchmark,2
2023-12,covA_band,200-299K,Travelers,1
2023-12,covA_band,300-399K,Allied Trust,2
2023-12,covA_band,300-399K,Liberty Mutual / Safeco,3
2023-12,covA_band,300-399K,Progressive / ASI,3
2023-12,covA_band,300-399K,SageSure Occidental,3
2023-12,covA_band,300-399K,SageSure SURE,9
2023-12,covA_band,300-399K,SageSure SafePort,1
2023-12,covA_band,300-399K,Swyfft Benchmark,1
2023-12,covA_band,300-399K,Travelers,2
2023-12,covA_band,400-599K,ARI,1
2023-12,covA_band,400-599K,Allied Trust,1
2023-12,covA_band,400-599K,Liberty Mutual / Safeco,1
2023-12,covA_band,400-599K,Mercury,2
2023-12,covA_band,400-599K,Progressive / ASI,6
2023-12,covA_band,400-599K,SageSure Occidental,5
2023-12,covA_band,400-599K,SageSure SURE,11
2023-12,covA_band,400-599K,SageSure SafePort,1
2023-12,covA_band,400-599K,Swyfft Benchmark,4
2023-12,covA_band,600-999K,Allied Trust,3
2023-12,covA_band,600-999K,Progressive / ASI,2
2023-12,covA_band,600-999K,SageSure Occidental,2
2023-12,covA_band,600-999K,SageSure SURE,13
2023-12,covA_band,600-999K,Swyfft Benchmark,2
2023-12,covA_band,600-999K,Travelers,3
2023-12,covA_band,<200K,ARI,1
2024-01,age_band,0-9,Progressive / ASI,5
2024-01,age_band,0-9,SageSure SURE,12
2024-01,age_band,0-9,Swyfft Benchmark,3
2024-01,age_band,0-9,Swyfft Topa (Surplus),1
2024-01,age_band,10-19,Allied Trust,1
2024-01,age_band,10-19,Centauri,1
2024-01,age_band,10-19,Liberty Mutual / Safeco,1
2024-01,age_band,10-19,Mercury,1
2024-01,age_band,10-19,Progressive / ASI,3
2024-01,age_band,10-19,SageSure SURE,9
2024-01,age_band,10-19,SageSure SafePort,1
2024-01,age_band,10-19,Swyfft Benchmark,7
2024-01,age_band,20-29,ARI,1
2024-01,age_band,20-29,Liberty Mutual / Safeco,1
2024-01,age_band,20-29,Mercury,2
2024-01,age_band,20-29,SageSure SURE,12
2024-01,age_band,20-29,Swyfft Benchmark,5
2024-01,age_band,30-39,Liberty Mutual / Safeco,1
2024-01,age_band,30-39,Progressive / ASI,1
2024-01,age_band,30-39,SageSure SURE,8
2024-01,age_band,30-39,Swyfft Benchmark,1
2024-01,age_band,40-59,ARI,2
2024-01,age_band,40-59,Allied Trust,1
2024-01,age_band,40-59,Liberty Mutual / Safeco,1
2024-01,age_band,40-59,Progressive / ASI,2
2024-01,age_band,40-59,SageSure SURE,15
2024-01,age_band,40-59,Swyfft Benchmark,2
2024-01,age_band,60+,Chubb,1
2024-01,age_band,60+,SageSure SURE,2
2024-01,covA_band,1M+,Chubb,1
2024-01,covA_band,1M+,SageSure SURE,1
2024-01,covA_band,1M+,Swyfft Benchmark,1
2024-01,covA_band,200-299K,ARI,1
2024-01,covA_band,200-299K,Centauri,1
2024-01,covA_band,200-299K,Liberty Mutual / Safeco,1
2024-01,covA_band,200-299K,Mercury,1
2024-01,covA_band,200-299K,Progressive / ASI,2
2024-01,covA_band,200-299K,SageSure SURE,12
2024-01,covA_band,200-299K,Swyfft Benchmark,3
2024-01,covA_band,300-399K,Allied Trust,1
2024-01,covA_band,300-399K,Mercury,2
2024-01,covA_band,300-399K,Progressive / ASI,3
2024-01,covA_band,300-399K,SageSure SURE,22
2024-01,covA_band,300-399K,Swyfft Benchmark,5
2024-01,covA_band,400-599K,Liberty Mutual / Safeco,3
2024-01,covA_band,400-599K,Progressive / ASI,3
2024-01,covA_band,400-599K,SageSure SURE,19
2024-01,covA_band,400-599K,Swyfft Benchmark,1
2024-01,covA_band,600-999K,Allied Trust,1
2024-01,covA_band,600-999K,Progressive / ASI,3
2024-01,covA_band,600-999K,SageSure SURE,3
2024-01,covA_band,600-999K,SageSure SafePort,1
2024-01,covA_band,600-999K,Swyfft Benchmark,7
2024-01,covA_band,600-999K,Swyfft Topa (Surplus),1
2024-01,covA_band,<200K,SageSure SURE,1
2024-01,covA_band,<200K,Swyfft Benchmark,1
2024-02,age_band,0-9,ARI,1
2024-02,age_band,0-9,Allied Trust,2
2024-02,age_band,0-9,Liberty Mutual / Safeco,1
2024-02,age_band,0-9,Progressive / ASI,9
2024-02,age_band,0-9,SageSure SURE,10
2024-02,age_band,0-9,Swyfft Benchmark,9
2024-02,age_band,10-19,ARI,4
2024-02,age_band,10-19,Allied Trust,2
2024-02,age_band,10-19,Progressive / ASI,1
2024-02,age_band,10-19,SageSure SURE,12
2024-02,age_band,10-19,Swyfft Benchmark,6
2024-02,age_band,10-19,Swyfft Lloyds (Surplus),3
2024-02,age_band,10-19,Travelers,1
2024-02,age_band,20-29,ARI,2
2024-02,age_band,20-29,Allied Trust,2
2024-02,age_band,20-29,Mercury,1
2024-02,age_band,20-29,Progressive / ASI,1
2024-02,age_band,20-29,SageSure SURE,9
2024-02,age_band,20-29,SageSure SafePort,1
2024-02,age_band,20-29,Swyfft Benchmark,5
2024-02,age_band,20-29,Swyfft Topa (Surplus),2
2024-02,age_band,30-39,ARI,2
2024-02,age_band,30-39,Liberty Mutual / Safeco,1
2024-02,age_band,30-39,Progressive / ASI,1
2024-02,age_band,30-39,SageSure SURE,2
2024-02,age_band,30-39,Swyfft Benchmark,1
2024-02,age_band,30-39,Travelers,1
2024-02,age_band,40-59,Allied Trust,1
2024-02,age_band,40-59,Progressive / ASI,1
2024-02,age_band,40-59,SageSure SURE,14
2024-02,age_band,40-59,Swyfft Benchmark,3
2024-02,age_band,40-59,Travelers,1
2024-02,age_band,60+,Progressive / ASI,1
2024-02,age_band,60+,SageSure SURE,7
2024-02,age_band,60+,Swyfft Benchmark,1
2024-02,covA_band,1M+,Liberty Mutual / Safeco,1
2024-02,covA_band,1M+,Progressive / ASI,1
2024-02,covA_band,1M+,Swyfft Benchmark,7
2024-02,covA_band,1M+,Swyfft Topa (Surplus),1
2024-02,covA_band,200-299K,ARI,4
2024-02,covA_band,200-299K,Liberty Mutual / Safeco,1
2024-02,covA_band,200-299K,SageSure SURE,9
2024-02,covA_band,200-299K,Swyfft Benchmark,4
2024-02,covA_band,200-299K,Swyfft Lloyds (Surplus),1
2024-02,covA_band,300-399K,ARI,1
2024-02,covA_band,300-399K,Allied Trust,1
2024-02,covA_band,300-399K,Mercury,1
2024-02,covA_band,300-399K,Progressive / ASI,3
2024-02,covA_band,300-399K,SageSure SURE,16
2024-02,covA_band,300-399K,Swyfft Benchmark,6
2024-02,covA_band,300-399K,Swyfft Lloyds (Surplus),1
2024-02,covA_band,300-399K,Travelers,1
2024-02,covA_band,400-599K,ARI,1
2024-02,covA_band,400-599K,Allied Trust,4
2024-02,covA_band,400-599K,Progressive / ASI,7
2024-02,covA_band,400-599K,SageSure SURE,17
2024-02,covA_band,400-599K,Swyfft Benchmark,3
2024-02,covA_band,400-599K,Swyfft Lloyds (Surplus),1
2024-02,covA_band,400-599K,Swyfft Topa (Surplus),1
2024-02,covA_band,400-599K,Travelers,2
2024-02,covA_band,600-999K,ARI,1
2024-02,covA_band,600-999K,Allied Trust,2
2024-02,covA_band,600-999K,Progressive / ASI,3
2024-02,covA_band,600-999K,SageSure SURE,10
2024-02,covA_band,600-999K,SageSure SafePort,1
2024-02,covA_band,600-999K,Swyfft Benchmark,5
2024-02,covA_band,<200K,ARI,2
2024-02,covA_band,<200K,SageSure SURE,2
2024-03,age_band,0-9,Allied Trust,2
2024-03,age_band,0-9,Progressive / ASI,4
2024-03,age_band,0-9,SageSure Occidental,1
2024-03,age_band,0-9,SageSure SURE,16
2024-03,age_band,0-9,SageSure SafePort,1
2024-03,age_band,0-9,Swyfft Benchmark,4
2024-03,age_band,0-9,Travelers,5
2024-03,age_band,10-19,Allied Trust,3
2024-03,age_band,10-19,SageSure Occidental,1
2024-03,age_band,10-19,SageSure SURE,18
2024-03,age_band,10-19,SageSure Trium,1
2024-03,age_band,10-19,Swyfft Benchmark,12
2024-03,age_band,10-19,Swyfft Lloyds (Surplus),5
2024-03,age_band,20-29,Allied Trust,2
2024-03,age_band,20-29,Progressive / ASI,4
2024-03,age_band,20-29,SageSure SURE,10
2024-03,age_band,20-29,SageSure SafePort,1
2024-03,age_band,20-29,Swyfft Benchmark,3
2024-03,age_band,20-29,Swyfft Topa (Surplus),1
2024-03,age_band,30-39,Allied Trust,2
2024-03,age_band,30-39,Liberty Mutual / Safeco,1
2024-03,age_band,30-39,National General,1
2024-03,age_band,30-39,SageSure SURE,7
2024-03,age_band,30-39,Swyfft Benchmark,3
2024-03,age_band,40-59,Allied Trust,2
2024-03,age_band,40-59,SageSure SURE,9
2024-03,age_band,40-59,SageSure Trium,1
2024-03,age_band,40-59,Swyfft Benchmark,3
2024-03,age_band,60+,Chubb,1
2024-03,age_band,60+,Mercury,1
2024-03,age_band,60+,SageSure SURE,3
2024-03,age_band,60+,Swyfft Benchmark,1
2024-03,covA_band,1M+,Chubb,1
2024-03,covA_band,1M+,Progressive / ASI,1
2024-03,covA_band,1M+,SageSure Occidental,2
2024-03,covA_band,1M+,SageSure SURE,1
2024-03,covA_band,1M+,SageSure SafePort,1
2024-03,covA_band,1M+,Swyfft Benchmark,4
2024-03,covA_band,1M+,Swyfft Lloyds (Surplus),1
2024-03,covA_band,200-299K,Allied Trust,1
2024-03,covA_band,200-299K,Mercury,1
2024-03,covA_band,200-299K,SageSure SURE,10
2024-03,covA_band,200-299K,SageSure SafePort,1
2024-03,covA_band,200-299K,Swyfft Benchmark,2
2024-03,covA_band,300-399K,Allied Trust,2
2024-03,covA_band,300-399K,National General,1
2024-03,covA_band,300-399K,Progressive / ASI,1
2024-03,covA_band,300-399K,SageSure SURE,13
2024-03,covA_band,300-399K,SageSure Trium,1
2024-03,covA_band,300-399K,Swyfft Benchmark,5
2024-03,covA_band,300-399K,Swyfft Lloyds (Surplus),1
2024-03,covA_band,300-399K,Swyfft Topa (Surplus),1
2024-03,covA_band,300-399K,Travelers,1
2024-03,covA_band,400-599K,Allied Trust,4
2024-03,covA_band,400-599K,Liberty Mutual / Safeco,1
2024-03,covA_band,400-599K,Progressive / ASI,2
2024-03,covA_band,400-599K,SageSure SURE,22
2024-03,covA_band,400-599K,Swyfft Benchmark,10
2024-03,covA_band,400-599K,Swyfft Lloyds (Surplus),2
2024-03,covA_band,400-599K,Travelers,4
2024-03,covA_band,600-999K,Allied Trust,4
2024-03,covA_band,600-999K,Progressive / ASI,4
2024-03,covA_band,600-999K,SageSure SURE,13
2024-03,covA_band,600-999K,SageSure Trium,1
2024-03,covA_band,600-999K,Swyfft Benchmark,5
2024-03,covA_band,600-999K,Swyfft Lloyds (Surplus),1
2024-03,covA_band,<200K,SageSure SURE,3
2024-04,age_band,0-9,Allied Trust,1
2024-04,age_band,0-9,Progressive / ASI,6
2024-04,age_band,0-9,SageSure Occidental,1
2024-04,age_band,0-9,SageSure SURE,12
2024-04,age_band,0-9,SageSure SafePort,2
2024-04,age_band,0-9,Swyfft Benchmark,1
2024-04,age_band,0-9,Travelers,1
2024-04,age_band,10-19,Allied Trust,7
2024-04,age_band,10-19,Chubb,2
2024-04,age_band,10-19,Mercury,1
2024-04,age_band,10-19,Progressive / ASI,2
2024-04,age_band,10-19,SageSure SURE,9
2024-04,age_band,10-19,SageSure Trium,1
2024-04,age_band,10-19,Swyfft Benchmark,8
2024-04,age_band,10-19,Swyfft Lloyds (Surplus),2
2024-04,age_band,10-19,Swyfft Topa (Surplus),1
2024-04,age_band,10-19,Travelers,1
2024-04,age_band,20-29,Allied Trust,6
2024-04,age_band,20-29,Mercury,1
2024-04,age_band,20-29,Progressive / ASI,3
2024-04,age_band,20-29,SageSure SURE,6
2024-04,age_band,20-29,Swyfft Benchmark,5
2024-04,age_band,20-29,Travelers,1
2024-04,age_band,30-39,Allied Trust,1
2024-04,age_band,30-39,Mercury,1
2024-04,age_band,30-39,SageSure Occidental,3
2024-04,age_band,30-39,SageSure SURE,6
2024-04,age_band,30-39,Swyfft Benchmark,2
2024-04,age_band,40-59,Allied Trust,2
2024-04,age_band,40-59,Mercury,1
2024-04,age_band,40-59,Progressive / ASI,1
2024-04,age_band,40-59,SageSure Occidental,1
2024-04,age_band,40-59,SageSure SURE,11
2024-04,age_band,40-59,Swyfft Benchmark,4
2024-04,age_band,40-59,Swyfft Topa (Surplus),1
2024-04,age_band,40-59,Travelers,1
2024-04,age_band,60+,Progressive / ASI,2
2024-04,age_band,60+,SageSure SURE,11
2024-04,covA_band,1M+,Allied Trust,1
2024-04,covA_band,1M+,Chubb,2
2024-04,covA_band,1M+,Mercury,1
2024-04,covA_band,1M+,SageSure SURE,1
2024-04,covA_band,1M+,SageSure SafePort,1
2024-04,covA_band,1M+,Swyfft Benchmark,2
2024-04,covA_band,1M+,Swyfft Lloyds (Surplus),1
2024-04,covA_band,200-299K,Allied Trust,1
2024-04,covA_band,200-299K,Progressive / ASI,2
2024-04,covA_band,200-299K,SageSure Occidental,1
2024-04,covA_band,200-299K,SageSure SURE,12
2024-04,covA_band,200-299K,Swyfft Benchmark,1
2024-04,covA_band,200-299K,Travelers,1
2024-04,covA_band,300-399K,Allied Trust,1
2024-04,covA_band,300-399K,Mercury,2
2024-04,covA_band,300-399K,Progressive / ASI,1
2024-04,covA_band,300-399K,SageSure Occidental,2
2024-04,covA_band,300-399K,SageSure SURE,13
2024-04,covA_band,300-399K,SageSure Trium,1
2024-04,covA_band,300-399K,Swyfft Benchmark,8
2024-04,covA_band,300-399K,Swyfft Lloyds (Surplus),1
2024-04,covA_band,300-399K,Swyfft Topa (Surplus),2
2024-04,covA_band,300-399K,Travelers,1
2024-04,covA_band,400-599K,Allied Trust,8
2024-04,covA_band,400-599K,Mercury,1
2024-04,covA_band,400-599K,Progressive / ASI,7
2024-04,covA_band,400-599K,SageSure Occidental,1
2024-04,covA_band,400-599K,SageSure SURE,17
2024-04,covA_band,400-599K,SageSure SafePort,1
2024-04,covA_band,400-599K,Swyfft Benchmark,6
2024-04,covA_band,400-599K,Travelers,2
2024-04,covA_band,600-999K,Allied Trust,6
2024-04,covA_band,600-999K,Progressive / ASI,4
2024-04,covA_band,600-999K,SageSure Occidental,1
2024-04,covA_band,600-999K,SageSure SURE,10
2024-04,covA_band,600-999K,Swyfft Benchmark,3
2024-04,covA_band,<200K,SageSure SURE,2
2024-05,age_band,0-9,Allied Trust,4
2024-05,age_band,0-9,Mercury,2
2024-05,age_band,0-9,Progressive / ASI,7
2024-05,age_band,0-9,SageSure SURE,3
2024-05,age_band,0-9,Swyfft Benchmark,5
2024-05,age_band,0-9,Travelers,2
2024-05,age_band,10-19,Allied Trust,12
2024-05,age_band,10-19,Liberty Mutual / Safeco,4
2024-05,age_band,10-19,Mercury,2
2024-05,age_band,10-19,Progressive / ASI,2
2024-05,age_band,10-19,SageSure SURE,7
2024-05,age_band,10-19,SageSure Trium,2
2024-05,age_band,10-19,Swyfft Benchmark,17
2024-05,age_band,10-19,Swyfft Topa (Surplus),1
2024-05,age_band,10-19,Travelers,7
2024-05,age_band,20-29,Allied Trust,7
2024-05,age_band,20-29,Liberty Mutual / Safeco,6
2024-05,age_band,20-29,Mercury,3
2024-05,age_band,20-29,SageSure SURE,8
2024-05,age_band,20-29,SageSure SafePort,1
2024-05,age_band,20-29,SageSure Trium,2
2024-05,age_band,20-29,Swyfft Benchmark,6
2024-05,age_band,20-29,Travelers,1
2024-05,age_band,30-39,Allied Trust,2
2024-05,age_band,30-39,Mercury,1
2024-05,age_band,30-39,SageSure Occidental,2
2024-05,age_band,30-39,SageSure SURE,7
2024-05,age_band,30-39,Swyfft Benchmark,1
2024-05,age_band,30-39,Travelers,1
2024-05,age_band,40-59,Allied Trust,2
2024-05,age_band,40-59,Liberty Mutual / Safeco,2
2024-05,age_band,40-59,Mercury,5
2024-05,age_band,40-59,Progressive / ASI,2
2024-05,age_band,40-59,SageSure Occidental,3
2024-05,age_band,40-59,SageSure SURE,7
2024-05,age_band,40-59,SageSure SafePort,1
2024-05,age_band,40-59,SageSure Trium,2
2024-05,age_band,40-59,Swyfft Benchmark,1
2024-05,age_band,40-59,Travelers,2
2024-05,age_band,60+,Allied Trust,2
2024-05,age_band,60+,Liberty Mutual / Safeco,1
2024-05,age_band,60+,SageSure Occidental,1
2024-05,age_band,60+,SageSure SURE,4
2024-05,age_band,60+,Swyfft Benchmark,2
2024-05,age_band,60+,Swyfft Topa (Surplus),1
2024-05,age_band,60+,Travelers,1
2024-05,covA_band,1M+,Allied Trust,3
2024-05,covA_band,1M+,Progressive / ASI,1
2024-05,covA_band,1M+,SageSure Occidental,2
2024-05,covA_band,1M+,SageSure SURE,1
2024-05,covA_band,1M+,SageSure SafePort,1
2024-05,covA_band,1M+,SageSure Trium,1
2024-05,covA_band,1M+,Swyfft Benchmark,1
2024-05,covA_band,200-299K,ARI,1
2024-05,covA_band,200-299K,Allied Trust,4
2024-05,covA_band,200-299K,Liberty Mutual / Safeco,4
2024-05,covA_band,200-299K,Mercury,1
2024-05,covA_band,200-299K,Progressive / ASI,1
2024-05,covA_band,200-299K,SageSure Occidental,1
2024-05,covA_band,200-299K,SageSure SURE,7
2024-05,covA_band,200-299K,SageSure Trium,2
2024-05,covA_band,200-299K,Swyfft Benchmark,1
2024-05,covA_band,200-299K,Travelers,1
2024-05,covA_band,300-399K,Allied Trust,3
2024-05,covA_band,300-399K,Liberty Mutual / Safeco,5
2024-05,covA_band,300-399K,Mercury,3
2024-05,covA_band,300-399K,Progressive / ASI,1
2024-05,covA_band,300-399K,SageSure SURE,12
2024-05,covA_band,300-399K,SageSure SafePort,1
2024-05,covA_band,300-399K,Swyfft Benchmark,6
2024-05,covA_band,300-399K,Swyfft Topa (Surplus),1
2024-05,covA_band,300-399K,Travelers,3
2024-05,covA_band,400-599K,Allied Trust,8
2024-05,covA_band,400-599K,Liberty Mutual / Safeco,3
2024-05,covA_band,400-599K,Mercury,7
2024-05,covA_band,400-599K,Progressive / ASI,6
2024-05,covA_band,400-599K,SageSure Occidental,3
2024-05,covA_band,400-599K,SageSure SURE,10
2024-05,covA_band,400-599K,SageSure Trium,1
2024-05,covA_band,400-599K,Swyfft Benchmark,17
2024-05,covA_band,400-599K,Travelers,6
2024-05,covA_band,600-999K,Allied Trust,14
2024-05,covA_band,600-999K,Liberty Mutual / Safeco,1
2024-05,covA_band,600-999K,Mercury,2
2024-05,covA_band,600-999K,Progressive / ASI,2
2024-05,covA_band,600-999K,SageSure SURE,6
2024-05,covA_band,600-999K,SageSure Trium,2
2024-05,covA_band,600-999K,Swyfft Benchmark,7
2024-05,covA_band,600-999K,Travelers,4
2024-05,covA_band,<200K,Swyfft Topa (Surplus),1
2024-06,age_band,0-9,Allied Trust,7
2024-06,age_band,0-9,Liberty Mutual / Safeco,3
2024-06,age_band,0-9,Mercury,1
2024-06,age_band,0-9,Progressive / ASI,8
2024-06,age_band,0-9,SageSure SURE,4
2024-06,age_band,0-9,Swyfft Benchmark,4
2024-06,age_band,0-9,Travelers,3
2024-06,age_band,10-19,ARI,1
2024-06,age_band,10-19,Allied Trust,2
2024-06,age_band,10-19,Liberty Mutual / Safeco,4
2024-06,age_band,10-19,SageSure SURE,1
2024-06,age_band,10-19,SageSure SafePort,1
2024-06,age_band,10-19,Swyfft Benchmark,7
2024-06,age_band,10-19,Travelers,1
2024-06,age_band,20-29,Allied Trust,3
2024-06,age_band,20-29,Chubb,1
2024-06,age_band,20-29,Progressive / ASI,1
2024-06,age_band,20-29,SageSure SURE,1
2024-06,age_band,20-29,Swyfft Benchmark,2
2024-06,age_band,20-29,Travelers,3
2024-06,age_band,30-39,Allied Trust,1
2024-06,age_band,30-39,Progressive / ASI,1
2024-06,age_band,30-39,SageSure SURE,3
2024-06,age_band,30-39,SageSure Trium,1
2024-06,age_band,30-39,Travelers,2
2024-06,age_band,40-59,Allied Trust,3
2024-06,age_band,40-59,Chubb,1
2024-06,age_band,40-59,Liberty Mutual / Safeco,2
2024-06,age_band,40-59,Mercury,2
2024-06,age_band,40-59,National General,1
2024-06,age_band,40-59,SageSure SURE,2
2024-06,age_band,40-59,SageSure Trium,1
2024-06,age_band,40-59,Swyfft Topa (Surplus),1
2024-06,age_band,60+,SageSure SURE,2
2024-06,covA_band,1M+,Chubb,2
2024-06,covA_band,1M+,Swyfft Benchmark,3
2024-06,covA_band,200-299K,Allied Trust,1
2024-06,covA_band,200-299K,Liberty Mutual / Safeco,2
2024-06,covA_band,200-299K,Progressive / ASI,1
2024-06,covA_band,300-399K,Allied Trust,3
2024-06,covA_band,300-399K,Liberty Mutual / Safeco,4
2024-06,covA_band,300-399K,Mercury,1
2024-06,covA_band,300-399K,SageSure SURE,3
2024-06,covA_band,300-399K,Swyfft Benchmark,2
2024-06,covA_band,300-399K,Swyfft Topa (Surplus),1
2024-06,covA_band,300-399K,Travelers,1
2024-06,covA_band,400-599K,Allied Trust,7
2024-06,covA_band,400-599K,Mercury,2
2024-06,covA_band,400-599K,National General,1
2024-06,covA_band,400-599K,Progressive / ASI,5
2024-06,covA_band,400-599K,SageSure SURE,7
2024-06,covA_band,400-599K,SageSure SafePort,1
2024-06,covA_band,400-599K,SageSure Trium,2
2024-06,covA_band,400-599K,Swyfft Benchmark,5
2024-06,covA_band,400-599K,Travelers,5
2024-06,covA_band,600-999K,ARI,1
2024-06,covA_band,600-999K,Allied Trust,5
2024-06,covA_band,600-999K,Liberty Mutual / Safeco,2
2024-06,covA_band,600-999K,Progressive / ASI,4
2024-06,covA_band,600-999K,SageSure SURE,3
2024-06,covA_band,600-999K,Swyfft Benchmark,3
2024-06,covA_band,600-999K,Travelers,3
2024-07,age_band,0-9,Allied Trust,8
2024-07,age_band,0-9,Liberty Mutual / Safeco,1
2024-07,age_band,0-9,Mercury,3
2024-07,age_band,0-9,Progressive / ASI,7
2024-07,age_band,0-9,SageSure Occidental,1
2024-07,age_band,0-9,SageSure SURE,5
2024-07,age_band,0-9,Swyfft Benchmark,2
2024-07,age_band,0-9,Swyfft Topa (Surplus),1
2024-07,age_band,0-9,Travelers,7
2024-07,age_band,10-19,Allied Trust,7
2024-07,age_band,10-19,Chubb,1
2024-07,age_band,10-19,Liberty Mutual / Safeco,1
2024-07,age_band,10-19,SageSure SURE,3
2024-07,age_band,10-19,SageSure Trium,1
2024-07,age_band,10-19,Swyfft Benchmark,1
2024-07,age_band,10-19,Swyfft Topa (Surplus),3
2024-07,age_band,20-29,Allied Trust,3
2024-07,age_band,20-29,Chubb,1
2024-07,age_band,20-29,Liberty Mutual / Safeco,2
2024-07,age_band,20-29,SageSure Trium,1
2024-07,age_band,20-29,Swyfft Benchmark,2
2024-07,age_band,20-29,Travelers,3
2024-07,age_band,30-39,Allied Trust,1
2024-07,age_band,30-39,Chubb,1
2024-07,age_band,30-39,Liberty Mutual / Safeco,1
2024-07,age_band,30-39,Mercury,2
2024-07,age_band,30-39,Progressive / ASI,1
2024-07,age_band,30-39,SageSure SURE,1
2024-07,age_band,30-39,Travelers,1
2024-07,age_band,40-59,Allied Trust,1
2024-07,age_band,40-59,Progressive / ASI,2
2024-07,age_band,40-59,SageSure SURE,5
2024-07,age_band,40-59,Travelers,3
2024-07,age_band,60+,Liberty Mutual / Safeco,1
2024-07,age_band,60+,Progressive / ASI,1
2024-07,age_band,60+,SageSure SURE,5
2024-07,age_band,60+,Travelers,1
2024-07,covA_band,1M+,Allied Trust,3
2024-07,covA_band,1M+,Chubb,3
2024-07,covA_band,1M+,Liberty Mutual / Safeco,1
2024-07,covA_band,1M+,Swyfft Benchmark,1
2024-07,covA_band,200-299K,Allied Trust,1
2024-07,covA_band,200-299K,Liberty Mutual / Safeco,2
2024-07,covA_band,200-299K,Progressive / ASI,5
2024-07,covA_band,200-299K,SageSure SURE,2
2024-07,covA_band,200-299K,SageSure Trium,1
2024-07,covA_band,200-299K,Travelers,1
2024-07,covA_band,300-399K,Allied Trust,3
2024-07,covA_band,300-399K,Liberty Mutual / Safeco,1
2024-07,covA_band,300-399K,Mercury,1
2024-07,covA_band,300-399K,Progressive / ASI,4
2024-07,covA_band,300-399K,SageSure SURE,5
2024-07,covA_band,300-399K,SageSure Trium,1
2024-07,covA_band,300-399K,Swyfft Benchmark,2
2024-07,covA_band,300-399K,Swyfft Topa (Surplus),1
2024-07,covA_band,400-599K,Allied Trust,7
2024-07,covA_band,400-599K,Liberty Mutual / Safeco,1
2024-07,covA_band,400-599K,Mercury,3
2024-07,covA_band,400-599K,Progressive / ASI,1
2024-07,covA_band,400-599K,SageSure SURE,7
2024-07,covA_band,400-599K,Swyfft Benchmark,1
2024-07,covA_band,400-599K,Swyfft Topa (Surplus),3
2024-07,covA_band,400-599K,Travelers,9
2024-07,covA_band,600-999K,Allied Trust,6
2024-07,covA_band,600-999K,Liberty Mutual / Safeco,1
2024-07,covA_band,600-999K,Mercury,1
2024-07,covA_band,600-999K,Progressive / ASI,1
2024-07,covA_band,600-999K,SageSure Occidental,1
2024-07,covA_band,600-999K,SageSure SURE,4
2024-07,covA_band,600-999K,Swyfft Benchmark,1
2024-07,covA_band,600-999K,Travelers,5
2024-07,covA_band,<200K,SageSure SURE,1
2024-08,age_band,0-9,Allied Trust,8
2024-08,age_band,0-9,Liberty Mutual / Safeco,1
2024-08,age_band,0-9,Mercury,1
2024-08,age_band,0-9,Progressive / ASI,9
2024-08,age_band,0-9,SageSure SURE,8
2024-08,age_band,0-9,SageSure Trium,1
2024-08,age_band,0-9,Swyfft Topa (Surplus),1
2024-08,age_band,0-9,Travelers,11
2024-08,age_band,10-19,Allied Trust,6
2024-08,age_band,10-19,Liberty Mutual / Safeco,1
2024-08,age_band,10-19,Mercury,2
2024-08,age_band,10-19,SageSure SURE,3
2024-08,age_band,10-19,Swyfft Topa (Surplus),3
2024-08,age_band,10-19,Travelers,5
2024-08,age_band,20-29,Allied Trust,3
2024-08,age_band,20-29,SageSure SURE,7
2024-08,age_band,20-29,SageSure Trium,2
2024-08,age_band,20-29,Swyfft Topa (Surplus),1
2024-08,age_band,20-29,Travelers,5
2024-08,age_band,30-39,Allied Trust,2
2024-08,age_band,30-39,Progressive / ASI,1
2024-08,age_band,30-39,SageSure SURE,1
2024-08,age_band,30-39,Travelers,1
2024-08,age_band,40-59,Allied Trust,3
2024-08,age_band,40-59,SageSure SURE,12
2024-08,age_band,40-59,SageSure Trium,1
2024-08,age_band,40-59,Swyfft Topa (Surplus),1
2024-08,age_band,40-59,Travelers,1
2024-08,age_band,60+,Allied Trust,2
2024-08,age_band,60+,Liberty Mutual / Safeco,1
2024-08,age_band,60+,SageSure SURE,3
2024-08,age_band,60+,Swyfft Topa (Surplus),1
2024-08,age_band,60+,Travelers,2
2024-08,covA_band,1M+,SageSure SURE,2
2024-08,covA_band,200-299K,Allied Trust,2
2024-08,covA_band,200-299K,Liberty Mutual / Safeco,1
2024-08,covA_band,200-299K,SageSure SURE,6
2024-08,covA_band,200-299K,SageSure Trium,1
2024-08,covA_band,200-299K,Travelers,4
2024-08,covA_band,300-399K,Allied Trust,5
2024-08,covA_band,300-399K,Liberty Mutual / Safeco,2
2024-08,covA_band,300-399K,Mercury,2
2024-08,covA_band,300-399K,Progressive / ASI,5
2024-08,covA_band,300-399K,SageSure SURE,11
2024-08,covA_band,300-399K,Swyfft Topa (Surplus),3
2024-08,covA_band,300-399K,Travelers,4
2024-08,covA_band,400-599K,Allied Trust,13
2024-08,covA_band,400-599K,Mercury,1
2024-08,covA_band,400-599K,Progressive / ASI,2
2024-08,covA_band,400-599K,SageSure SURE,8
2024-08,covA_band,400-599K,SageSure Trium,2
2024-08,covA_band,400-599K,Swyfft Topa (Surplus),2
2024-08,covA_band,400-599K,Travelers,13
2024-08,covA_band,600-999K,Allied Trust,4
2024-08,covA_band,600-999K,Progressive / ASI,3
2024-08,covA_band,600-999K,SageSure SURE,6
2024-08,covA_band,600-999K,SageSure Trium,1
2024-08,covA_band,600-999K,Swyfft Topa (Surplus),2
2024-08,covA_band,600-999K,Travelers,4
2024-08,covA_band,<200K,SageSure SURE,1
2024-09,age_band,0-9,Allied Trust,13
2024-09,age_band,0-9,Progressive / ASI,6
2024-09,age_band,0-9,SageSure SURE,2
2024-09,age_band,0-9,Swyfft Topa (Surplus),2
2024-09,age_band,0-9,Travelers,10
2024-09,age_band,10-19,ARI,1
2024-09,age_band,10-19,Allied Trust,5
2024-09,age_band,10-19,Liberty Mutual / Safeco,1
2024-09,age_band,10-19,SageSure SURE,4
2024-09,age_band,10-19,Swyfft Topa (Surplus),3
2024-09,age_band,10-19,Travelers,7
2024-09,age_band,20-29,Allied Trust,2
2024-09,age_band,20-29,Chubb,2
2024-09,age_band,20-29,SageSure SURE,4
2024-09,age_band,20-29,Swyfft Topa (Surplus),1
2024-09,age_band,20-29,Travelers,2
2024-09,age_band,30-39,Orion180,1
2024-09,age_band,30-39,SageSure SURE,3
2024-09,age_band,40-59,Allied Trust,2
2024-09,age_band,40-59,Liberty Mutual / Safeco,1
2024-09,age_band,40-59,SageSure SURE,3
2024-09,age_band,40-59,Swyfft Benchmark,1
2024-09,age_band,40-59,Swyfft Topa (Surplus),2
2024-09,age_band,40-59,Travelers,3
2024-09,age_band,60+,Allied Trust,1
2024-09,age_band,60+,Chubb,1
2024-09,age_band,60+,Liberty Mutual / Safeco,1
2024-09,age_band,60+,SageSure SURE,2
2024-09,covA_band,1M+,Allied Trust,1
2024-09,covA_band,1M+,Chubb,3
2024-09,covA_band,1M+,SageSure SURE,1
2024-09,covA_band,1M+,Swyfft Topa (Surplus),1
2024-09,covA_band,200-299K,ARI,1
2024-09,covA_band,200-299K,Allied Trust,1
2024-09,covA_band,200-299K,Liberty Mutual / Safeco,1
2024-09,covA_band,200-299K,SageSure SURE,4
2024-09,covA_band,200-299K,Swyfft Benchmark,1
2024-09,covA_band,200-299K,Travelers,1
2024-09,covA_band,300-399K,Allied Trust,5
2024-09,covA_band,300-399K,Progressive / ASI,3
2024-09,covA_band,300-399K,SageSure SURE,7
2024-09,covA_band,300-399K,Swyfft Topa (Surplus),2
2024-09,covA_band,300-399K,Travelers,3
2024-09,covA_band,400-599K,Allied Trust,9
2024-09,covA_band,400-599K,Orion180,1
2024-09,covA_band,400-599K,Progressive / ASI,2
2024-09,covA_band,400-599K,SageSure SURE,5
2024-09,covA_band,400-599K,Swyfft Topa (Surplus),4
2024-09,covA_band,400-599K,Travelers,9
2024-09,covA_band,600-999K,Allied Trust,8
2024-09,covA_band,600-999K,Liberty Mutual / Safeco,1
2024-09,covA_band,600-999K,Progressive / ASI,1
2024-09,covA_band,600-999K,SageSure SURE,1
2024-09,covA_band,600-999K,Swyfft Topa (Surplus),1
2024-09,covA_band,600-999K,Travelers,9
2024-10,age_band,0-9,Allied Trust,9
2024-10,age_band,0-9,Mercury,1
2024-10,age_band,0-9,Progressive / ASI,8
2024-10,age_band,0-9,SageSure SURE,2
2024-10,age_band,0-9,Swyfft Benchmark,1
2024-10,age_band,0-9,Swyfft Topa (Surplus),1
2024-10,age_band,0-9,Travelers,9
2024-10,age_band,10-19,Allied Trust,6
2024-10,age_band,10-19,Liberty Mutual / Safeco,1
2024-10,age_band,10-19,Progressive / ASI,1
2024-10,age_band,10-19,SageSure SURE,3
2024-10,age_band,10-19,Swyfft Benchmark,2
2024-10,age_band,10-19,Swyfft Topa (Surplus),3
2024-10,age_band,10-19,Travelers,4
2024-10,age_band,20-29,Allied Trust,5
2024-10,age_band,20-29,Liberty Mutual / Safeco,1
2024-10,age_band,20-29,SageSure SURE,3
2024-10,age_band,20-29,SageSure SafePort,1
2024-10,age_band,20-29,Swyfft Benchmark,1
2024-10,age_band,20-29,Travelers,5
2024-10,age_band,30-39,SageSure SURE,3
2024-10,age_band,30-39,Swyfft Benchmark,1
2024-10,age_band,40-59,Allied Trust,3
2024-10,age_band,40-59,Liberty Mutual / Safeco,1
2024-10,age_band,40-59,SageSure SURE,4
2024-10,age_band,40-59,SageSure SafePort,1
2024-10,age_band,40-59,SageSure Trium,1
2024-10,age_band,40-59,Travelers,3
2024-10,age_band,60+,Allied Trust,2
2024-10,age_band,60+,SageSure SURE,1
2024-10,age_band,60+,Swyfft Benchmark,1
2024-10,age_band,60+,Travelers,5
2024-10,covA_band,1M+,Allied Trust,3
2024-10,covA_band,1M+,SageSure SURE,1
2024-10,covA_band,1M+,SageSure SafePort,1
2024-10,covA_band,1M+,Travelers,1
2024-10,covA_band,200-299K,SageSure SURE,3
2024-10,covA_band,200-299K,SageSure Trium,1
2024-10,covA_band,200-299K,Travelers,4
2024-10,covA_band,300-399K,Allied Trust,3
2024-10,covA_band,300-399K,Liberty Mutual / Safeco,1
2024-10,covA_band,300-399K,Progressive / ASI,2
2024-10,covA_band,300-399K,SageSure SURE,5
2024-10,covA_band,300-399K,Swyfft Benchmark,2
2024-10,covA_band,300-399K,Swyfft Topa (Surplus),1
2024-10,covA_band,300-399K,Travelers,5
2024-10,covA_band,400-599K,Allied Trust,15
2024-10,covA_band,400-599K,Liberty Mutual / Safeco,1
2024-10,covA_band,400-599K,Mercury,1
2024-10,covA_band,400-599K,Progressive / ASI,1
2024-10,covA_band,400-599K,SageSure SURE,3
2024-10,covA_band,400-599K,SageSure SafePort,1
2024-10,covA_band,400-599K,Swyfft Benchmark,3
2024-10,covA_band,400-599K,Swyfft Topa (Surplus),2
2024-10,covA_band,400-599K,Travelers,13
2024-10,covA_band,600-999K,Allied Trust,4
2024-10,covA_band,600-999K,Liberty Mutual / Safeco,1
2024-10,covA_band,600-999K,Progressive / ASI,6
2024-10,covA_band,600-999K,SageSure SURE,4
2024-10,covA_band,600-999K,Swyfft Benchmark,1
2024-10,covA_band,600-999K,Swyfft Topa (Surplus),1
2024-10,covA_band,600-999K,Travelers,2
2024-10,covA_band,<200K,Travelers,1
2024-11,age_band,0-9,Allied Trust,8
2024-11,age_band,0-9,Chubb,3
2024-11,age_band,0-9,Mercury,4
2024-11,age_band,0-9,Progressive / ASI,5
2024-11,age_band,0-9,SageSure SURE,3
2024-11,age_band,0-9,Swyfft Benchmark,2
2024-11,age_band,0-9,Travelers,3
2024-11,age_band,10-19,ARI,2
2024-11,age_band,10-19,Allied Trust,2
2024-11,age_band,10-19,Mercury,1
2024-11,age_band,10-19,SageSure Auros,1
2024-11,age_band,10-19,SageSure SURE,2
2024-11,age_band,10-19,Swyfft Benchmark,4
2024-11,age_band,10-19,Swyfft Topa (Surplus),1
2024-11,age_band,10-19,Travelers,2
2024-11,age_band,20-29,Allied Trust,2
2024-11,age_band,20-29,Progressive / ASI,2
2024-11,age_band,20-29,SageSure SURE,1
2024-11,age_band,20-29,SageSure Trium,1
2024-11,age_band,20-29,Swyfft Benchmark,1
2024-11,age_band,20-29,Travelers,7
2024-11,age_band,30-39,Allied Trust,1
2024-11,age_band,30-39,Travelers,2
2024-11,age_band,40-59,Mercury,1
2024-11,age_band,40-59,SageSure SURE,3
2024-11,age_band,40-59,SageSure Trium,1
2024-11,age_band,40-59,Swyfft Benchmark,3
2024-11,age_band,60+,HOAIC,1
2024-11,age_band,60+,SageSure SURE,3
2024-11,age_band,60+,Swyfft Benchmark,1
2024-11,covA_band,1M+,Allied Trust,1
2024-11,covA_band,1M+,Chubb,3
2024-11,covA_band,1M+,SageSure SURE,1
2024-11,covA_band,1M+,Swyfft Topa (Surplus),1
2024-11,covA_band,200-299K,ARI,1
2024-11,covA_band,200-299K,Mercury,3
2024-11,covA_band,200-299K,SageSure SURE,1
2024-11,covA_band,200-299K,Swyfft Benchmark,4
2024-11,covA_band,300-399K,Allied Trust,1
2024-11,covA_band,300-399K,HOAIC,1
2024-11,covA_band,300-399K,Mercury,3
2024-11,covA_band,300-399K,Progressive / ASI,2
2024-11,covA_band,300-399K,SageSure SURE,5
2024-11,covA_band,300-399K,SageSure Trium,1
2024-11,covA_band,300-399K,Swyfft Benchmark,3
2024-11,covA_band,300-399K,Travelers,1
2024-11,covA_band,400-599K,ARI,1
2024-11,covA_band,400-599K,Allied Trust,7
2024-11,covA_band,400-599K,Progressive / ASI,4
2024-11,covA_band,400-599K,SageSure Auros,1
2024-11,covA_band,400-599K,SageSure SURE,5
2024-11,covA_band,400-599K,SageSure Trium,1
2024-11,covA_band,400-599K,Swyfft Benchmark,3
2024-11,covA_band,400-599K,Travelers,11
2024-11,covA_band,600-999K,Allied Trust,4
2024-11,covA_band,600-999K,Progressive / ASI,1
2024-11,covA_band,600-999K,Swyfft Benchmark,1
2024-11,covA_band,600-999K,Travelers,2
2024-12,age_band,0-9,ARI,1
2024-12,age_band,0-9,Allied Trust,5
2024-12,age_band,0-9,HOAIC,1
2024-12,age_band,0-9,Progressive / ASI,2
2024-12,age_band,0-9,SageSure SURE,4
2024-12,age_band,0-9,SageSure SafePort,2
2024-12,age_band,0-9,Swyfft Benchmark,5
2024-12,age_band,0-9,Travelers,10
2024-12,age_band,10-19,ARI,1
2024-12,age_band,10-19,Allied Trust,7
2024-12,age_band,10-19,Liberty Mutual / Safeco,1
2024-12,age_band,10-19,SageSure SURE,2
2024-12,age_band,10-19,SageSure Trium,1
2024-12,age_band,10-19,Swyfft Benchmark,5
2024-12,age_band,10-19,Swyfft Lloyds (Surplus),1
2024-12,age_band,10-19,Travelers,2
2024-12,age_band,20-29,Liberty Mutual / Safeco,1
2024-12,age_band,20-29,SageSure SURE,1
2024-12,age_band,20-29,SageSure SafePort,2
2024-12,age_band,20-29,SageSure Trium,2
2024-12,age_band,20-29,Swyfft Benchmark,3
2024-12,age_band,30-39,Allied Trust,1
2024-12,age_band,30-39,SageSure SURE,2
2024-12,age_band,40-59,SageSure Auros,1
2024-12,age_band,40-59,SageSure SURE,6
2024-12,age_band,40-59,Swyfft Benchmark,2
2024-12,age_band,60+,SageSure SURE,1
2024-12,covA_band,1M+,Allied Trust,1
2024-12,covA_band,1M+,Liberty Mutual / Safeco,1
2024-12,covA_band,1M+,SageSure SURE,1
2024-12,covA_band,1M+,Swyfft Benchmark,1
2024-12,covA_band,200-299K,Allied Trust,1
2024-12,covA_band,200-299K,SageSure SURE,4
2024-12,covA_band,200-299K,SageSure SafePort,1
2024-12,covA_band,200-299K,SageSure Trium,1
2024-12,covA_band,200-299K,Swyfft Benchmark,1
2024-12,covA_band,200-299K,Travelers,2
2024-12,covA_band,300-399K,ARI,1
2024-12,covA_band,300-399K,Allied Trust,1
2024-12,covA_band,300-399K,SageSure SURE,4
2024-12,covA_band,300-399K,SageSure SafePort,1
2024-12,covA_band,300-399K,Swyfft Benchmark,7
2024-12,covA_band,300-399K,Travelers,1
2024-12,covA_band,400-599K,Allied Trust,5
2024-12,covA_band,400-599K,HOAIC,1
2024-12,covA_band,400-599K,Progressive / ASI,1
2024-12,covA_band,400-599K,SageSure SURE,5
2024-12,covA_band,400-599K,SageSure Trium,1
2024-12,covA_band,400-599K,Swyfft Benchmark,3
2024-12,covA_band,400-599K,Travelers,7
2024-12,covA_band,600-999K,ARI,1
2024-12,covA_band,600-999K,Allied Trust,5
2024-12,covA_band,600-999K,Progressive / ASI,1
2024-12,covA_band,600-999K,SageSure Auros,1
2024-12,covA_band,600-999K,SageSure SURE,1
2024-12,covA_band,600-999K,SageSure SafePort,2
2024-12,covA_band,600-999K,SageSure Trium,1
2024-12,covA_band,600-999K,Swyfft Benchmark,3
2024-12,covA_band,600-999K,Swyfft Lloyds (Surplus),1
2024-12,covA_band,600-999K,Travelers,2
2025-01,age_band,0-9,Allied Trust,2
2025-01,age_band,0-9,Liberty Mutual / Safeco,2
2025-01,age_band,0-9,Progressive / ASI,2
2025-01,age_band,0-9,SageSure Occidental,1
2025-01,age_band,0-9,SageSure SURE,5
2025-01,age_band,0-9,SageSure SafePort,1
2025-01,age_band,0-9,Swyfft Benchmark,3
2025-01,age_band,0-9,Swyfft Topa (Surplus),1
2025-01,age_band,0-9,Travelers,4
2025-01,age_band,10-19,Allied Trust,2
2025-01,age_band,10-19,Liberty Mutual / Safeco,2
2025-01,age_band,10-19,SageSure Occidental,3
2025-01,age_band,10-19,SageSure SURE,1
2025-01,age_band,10-19,SageSure Trium,2
2025-01,age_band,10-19,Swyfft Benchmark,1
2025-01,age_band,10-19,Swyfft Topa (Surplus),3
2025-01,age_band,10-19,Travelers,2
2025-01,age_band,20-29,Allied Trust,1
2025-01,age_band,20-29,Chubb,1
2025-01,age_band,20-29,Liberty Mutual / Safeco,1
2025-01,age_band,20-29,Mercury,1
2025-01,age_band,20-29,SageSure Auros,1
2025-01,age_band,20-29,SageSure Occidental,1
2025-01,age_band,20-29,SageSure SURE,2
2025-01,age_band,20-29,SageSure Trium,3
2025-01,age_band,20-29,Swyfft Benchmark,2
2025-01,age_band,20-29,Swyfft Topa (Surplus),2
2025-01,age_band,20-29,Travelers,3
2025-01,age_band,30-39,Liberty Mutual / Safeco,1
2025-01,age_band,30-39,SageSure Occidental,1
2025-01,age_band,30-39,SageSure SURE,3
2025-01,age_band,30-39,Travelers,1
2025-01,age_band,40-59,Liberty Mutual / Safeco,1
2025-01,age_band,40-59,Mercury,1
2025-01,age_band,40-59,Progressive / ASI,1
2025-01,age_band,40-59,SageSure Auros,1
2025-01,age_band,40-59,SageSure Occidental,6
2025-01,age_band,40-59,SageSure SURE,5
2025-01,age_band,40-59,SageSure SafePort,1
2025-01,age_band,40-59,Swyfft Benchmark,4
2025-01,age_band,40-59,Travelers,2
2025-01,age_band,60+,Liberty Mutual / Safeco,1
2025-01,age_band,60+,SageSure SURE,1
2025-01,age_band,60+,SageSure Trium,1
2025-01,covA_band,1M+,Chubb,1
2025-01,covA_band,1M+,Liberty Mutual / Safeco,1
2025-01,covA_band,1M+,Swyfft Benchmark,1
2025-01,covA_band,200-299K,Liberty Mutual / Safeco,1
2025-01,covA_band,200-299K,Progressive / ASI,1
2025-01,covA_band,200-299K,SageSure SURE,2
2025-01,covA_band,200-299K,Travelers,1
2025-01,covA_band,300-399K,Liberty Mutual / Safeco,1
2025-01,covA_band,300-399K,SageSure Auros,2
2025-01,covA_band,300-399K,SageSure Occidental,7
2025-01,covA_band,300-399K,SageSure SURE,4
2025-01,covA_band,300-399K,SageSure SafePort,1
2025-01,covA_band,300-399K,Swyfft Benchmark,1
2025-01,covA_band,300-399K,Swyfft Topa (Surplus),2
2025-01,covA_band,300-399K,TWICO,1
2025-01,covA_band,300-399K,Travelers,2
2025-01,covA_band,400-599K,Allied Trust,3
2025-01,covA_band,400-599K,Liberty Mutual / Safeco,2
2025-01,covA_band,400-599K,Progressive / ASI,1
2025-01,covA_band,400-599K,SageSure Occidental,2
2025-01,covA_band,400-599K,SageSure SURE,7
2025-01,covA_band,400-599K,SageSure SafePort,1
2025-01,covA_band,400-599K,SageSure Trium,2
2025-01,covA_band,400-599K,Swyfft Benchmark,4
2025-01,covA_band,400-599K,Swyfft Topa (Surplus),2
2025-01,covA_band,400-599K,Travelers,7
2025-01,covA_band,600-999K,Allied Trust,2
2025-01,covA_band,600-999K,Liberty Mutual / Safeco,2
2025-01,covA_band,600-999K,Mercury,2
2025-01,covA_band,600-999K,Progressive / ASI,1
2025-01,covA_band,600-999K,SageSure Occidental,3
2025-01,covA_band,600-999K,SageSure SURE,4
2025-01,covA_band,600-999K,SageSure Trium,4
2025-01,covA_band,600-999K,Swyfft Benchmark,4
2025-01,covA_band,600-999K,Swyfft Topa (Surplus),2
2025-01,covA_band,600-999K,Travelers,2
2025-02,age_band,0-9,ARI,1
2025-02,age_band,0-9,Allied Trust,7
2025-02,age_band,0-9,Liberty Mutual / Safeco,1
2025-02,age_band,0-9,Mercury,2
2025-02,age_band,0-9,Progressive / ASI,6
2025-02,age_band,0-9,SageSure Occidental,1
2025-02,age_band,0-9,SageSure SURE,2
2025-02,age_band,0-9,Swyfft Benchmark,5
2025-02,age_band,0-9,Travelers,2
2025-02,age_band,10-19,Allied Trust,2
2025-02,age_band,10-19,Chubb,1
2025-02,age_band,10-19,Liberty Mutual / Safeco,1
2025-02,age_band,10-19,SageSure Occidental,3
2025-02,age_band,10-19,SageSure SURE,2
2025-02,age_band,10-19,SageSure Trium,4
2025-02,age_band,10-19,Swyfft Benchmark,2
2025-02,age_band,10-19,Swyfft Topa (Surplus),1
2025-02,age_band,20-29,Allied Trust,2
2025-02,age_band,20-29,Liberty Mutual / Safeco,1
2025-02,age_band,20-29,SageSure Auros,1
2025-02,age_band,20-29,SageSure Occidental,2
2025-02,age_band,20-29,SageSure SURE,2
2025-02,age_band,20-29,SageSure Trium,5
2025-02,age_band,20-29,Swyfft Benchmark,1
2025-02,age_band,20-29,Swyfft Topa (Surplus),1
2025-02,age_band,20-29,Travelers,1
2025-02,age_band,30-39,Allied Trust,1
2025-02,age_band,30-39,SageSure SURE,1
2025-02,age_band,30-39,SageSure Trium,1
2025-02,age_band,30-39,Travelers,2
2025-02,age_band,40-59,Allied Trust,1
2025-02,age_band,40-59,Liberty Mutual / Safeco,2
2025-02,age_band,40-59,SageSure Occidental,5
2025-02,age_band,40-59,SageSure SURE,2
2025-02,age_band,40-59,Travelers,2
2025-02,age_band,60+,Chubb,1
2025-02,age_band,60+,Liberty Mutual / Safeco,1
2025-02,age_band,60+,SageSure Occidental,4
2025-02,age_band,60+,SageSure SURE,1
2025-02,age_band,60+,Swyfft Benchmark,1
2025-02,covA_band,1M+,Allied Trust,1
2025-02,covA_band,1M+,Chubb,2
2025-02,covA_band,1M+,SageSure Trium,1
2025-02,covA_band,200-299K,Mercury,1
2025-02,covA_band,200-299K,SageSure Occidental,2
2025-02,covA_band,200-299K,SageSure SURE,1
2025-02,covA_band,200-299K,SageSure Trium,2
2025-02,covA_band,200-299K,Swyfft Benchmark,1
2025-02,covA_band,200-299K,Swyfft Topa (Surplus),1
2025-02,covA_band,300-399K,Allied Trust,3
2025-02,covA_band,300-399K,Progressive / ASI,1
2025-02,covA_band,300-399K,SageSure Occidental,3
2025-02,covA_band,300-399K,SageSure SURE,4
2025-02,covA_band,300-399K,SageSure Trium,1
2025-02,covA_band,300-399K,Swyfft Benchmark,4
2025-02,covA_band,300-399K,Travelers,3
2025-02,covA_band,400-599K,ARI,1
2025-02,covA_band,400-599K,Allied Trust,5
2025-02,covA_band,400-599K,Liberty Mutual / Safeco,3
2025-02,covA_band,400-599K,Mercury,1
2025-02,covA_band,400-599K,Progressive / ASI,3
2025-02,covA_band,400-599K,SageSure Auros,1
2025-02,covA_band,400-599K,SageSure Occidental,7
2025-02,covA_band,400-599K,SageSure SURE,5
2025-02,covA_band,400-599K,SageSure Trium,5
2025-02,covA_band,400-599K,Swyfft Benchmark,3
2025-02,covA_band,400-599K,Travelers,3
2025-02,covA_band,600-999K,Allied Trust,4
2025-02,covA_band,600-999K,Progressive / ASI,2
2025-02,covA_band,600-999K,SageSure Occidental,3
2025-02,covA_band,600-999K,SageSure Trium,1
2025-02,covA_band,600-999K,Swyfft Benchmark,1
2025-02,covA_band,600-999K,Swyfft Topa (Surplus),1
2025-02,covA_band,600-999K,Travelers,1
2025-03,age_band,0-9,ARI,3
2025-03,age_band,0-9,Allied Trust,6
2025-03,age_band,0-9,HOAIC,1
2025-03,age_band,0-9,Liberty Mutual / Safeco,1
2025-03,age_band,0-9,Progressive / ASI,5
2025-03,age_band,0-9,SageSure Auros,5
2025-03,age_band,0-9,SageSure Occidental,1
2025-03,age_band,0-9,SageSure SURE,7
2025-03,age_band,0-9,Swyfft Lloyds (Surplus),1
2025-03,age_band,0-9,Travelers,4
2025-03,age_band,10-19,Allied Trust,1
2025-03,age_band,10-19,Chubb,2
2025-03,age_band,10-19,Liberty Mutual / Safeco,1
2025-03,age_band,10-19,Mercury,1
2025-03,age_band,10-19,Orion180,1
2025-03,age_band,10-19,SageSure Auros,1
2025-03,age_band,10-19,SageSure Occidental,2
2025-03,age_band,10-19,SageSure SURE,1
2025-03,age_band,10-19,SageSure Trium,1
2025-03,age_band,10-19,Swyfft Benchmark,3
2025-03,age_band,10-19,Travelers,1
2025-03,age_band,20-29,Allied Trust,2
2025-03,age_band,20-29,Liberty Mutual / Safeco,2
2025-03,age_band,20-29,SageSure Occidental,1
2025-03,age_band,20-29,SageSure SURE,3
2025-03,age_band,20-29,Swyfft Benchmark,2
2025-03,age_band,20-29,Swyfft Topa (Surplus),2
2025-03,age_band,20-29,Travelers,5
2025-03,age_band,30-39,Chubb,1
2025-03,age_band,30-39,SageSure Auros,2
2025-03,age_band,30-39,SageSure Occidental,1
2025-03,age_band,30-39,SageSure SURE,1
2025-03,age_band,30-39,Swyfft Benchmark,1
2025-03,age_band,30-39,Travelers,1
2025-03,age_band,40-59,Allied Trust,2
2025-03,age_band,40-59,SageSure Occidental,1
2025-03,age_band,40-59,SageSure SURE,4
2025-03,age_band,40-59,SageSure Trium,1
2025-03,age_band,40-59,Swyfft Benchmark,2
2025-03,age_band,40-59,Travelers,3
2025-03,age_band,60+,Liberty Mutual / Safeco,2
2025-03,age_band,60+,SageSure Occidental,1
2025-03,age_band,60+,SageSure SURE,3
2025-03,age_band,60+,TWICO,1
2025-03,age_band,60+,Travelers,1
2025-03,covA_band,1M+,Allied Trust,1
2025-03,covA_band,1M+,Chubb,3
2025-03,covA_band,1M+,SageSure Occidental,1
2025-03,covA_band,1M+,Travelers,1
2025-03,covA_band,200-299K,Progressive / ASI,1
2025-03,covA_band,200-299K,SageSure SURE,1
2025-03,covA_band,200-299K,SageSure Trium,1
2025-03,covA_band,200-299K,TWICO,1
2025-03,covA_band,200-299K,Travelers,3
2025-03,covA_band,300-399K,ARI,1
2025-03,covA_band,300-399K,Allied Trust,1
2025-03,covA_band,300-399K,Liberty Mutual / Safeco,2
2025-03,covA_band,300-399K,Progressive / ASI,2
2025-03,covA_band,300-399K,SageSure Auros,3
2025-03,covA_band,300-399K,SageSure Occidental,1
2025-03,covA_band,300-399K,SageSure SURE,6
2025-03,covA_band,300-399K,Swyfft Benchmark,4
2025-03,covA_band,300-399K,Swyfft Lloyds (Surplus),1
2025-03,covA_band,300-399K,Swyfft Topa (Surplus),2
2025-03,covA_band,300-399K,Travelers,6
2025-03,covA_band,400-599K,Allied Trust,5
2025-03,covA_band,400-599K,Liberty Mutual / Safeco,3
2025-03,covA_band,400-599K,Mercury,1
2025-03,covA_band,400-599K,Orion180,1
2025-03,covA_band,400-599K,Progressive / ASI,1
2025-03,covA_band,400-599K,SageSure Auros,2
2025-03,covA_band,400-599K,SageSure Occidental,3
2025-03,covA_band,400-599K,SageSure SURE,10
2025-03,covA_band,400-599K,Swyfft Benchmark,1
2025-03,covA_band,400-599K,Travelers,3
2025-03,covA_band,600-999K,ARI,2
2025-03,covA_band,600-999K,Allied Trust,4
2025-03,covA_band,600-999K,HOAIC,1
2025-03,covA_band,600-999K,Progressive / ASI,1
2025-03,covA_band,600-999K,SageSure Auros,3
2025-03,covA_band,600-999K,SageSure Occidental,2
2025-03,covA_band,600-999K,SageSure SURE,2
2025-03,covA_band,600-999K,SageSure Trium,1
2025-03,covA_band,600-999K,Swyfft Benchmark,3
2025-03,covA_band,600-999K,Travelers,2
2025-04,age_band,0-9,ARI,2
2025-04,age_band,0-9,Allied Trust,2
2025-04,age_band,0-9,HOAIC,4
2025-04,age_band,0-9,Liberty Mutual / Safeco,1
2025-04,age_band,0-9,Mercury,2
2025-04,age_band,0-9,National General,1
2025-04,age_band,0-9,Progressive / ASI,1
2025-04,age_band,0-9,SageSure Auros,2
2025-04,age_band,0-9,SageSure SURE,4
2025-04,age_band,0-9,SageSure Vave,1
2025-04,age_band,0-9,Swyfft Benchmark,3
2025-04,age_band,0-9,Travelers,4
2025-04,age_band,10-19,ARI,3
2025-04,age_band,10-19,Allied Trust,2
2025-04,age_band,10-19,Liberty Mutual / Safeco,3
2025-04,age_band,10-19,Mercury,1
2025-04,age_band,10-19,National General,2
2025-04,age_band,10-19,SageSure Auros,2
2025-04,age_band,10-19,SageSure Occidental,3
2025-04,age_band,10-19,SageSure SURE,5
2025-04,age_band,10-19,Swyfft Benchmark,6
2025-04,age_band,10-19,Swyfft Lloyds (Surplus),2
2025-04,age_band,10-19,Travelers,4
2025-04,age_band,20-29,Allied Trust,2
2025-04,age_band,20-29,Liberty Mutual / Safeco,2
2025-04,age_band,20-29,National General,1
2025-04,age_band,20-29,SageSure Auros,6
2025-04,age_band,20-29,SageSure Occidental,4
2025-04,age_band,20-29,SageSure SURE,2
2025-04,age_band,20-29,Swyfft Benchmark,1
2025-04,age_band,20-29,Travelers,4
2025-04,age_band,30-39,SageSure Auros,4
2025-04,age_band,30-39,SageSure SURE,1
2025-04,age_band,30-39,Swyfft Benchmark,1
2025-04,age_band,30-39,Travelers,2
2025-04,age_band,40-59,Liberty Mutual / Safeco,1
2025-04,age_band,40-59,Mercury,1
2025-04,age_band,40-59,SageSure Auros,7
2025-04,age_band,40-59,SageSure Occidental,4
2025-04,age_band,40-59,SageSure SURE,5
2025-04,age_band,40-59,Swyfft Benchmark,2
2025-04,age_band,40-59,Swyfft Topa (Surplus),1
2025-04,age_band,40-59,Travelers,1
2025-04,age_band,60+,SageSure Auros,2
2025-04,age_band,60+,SageSure Occidental,1
2025-04,age_band,60+,SageSure SURE,1
2025-04,covA_band,1M+,Allied Trust,2
2025-04,covA_band,1M+,National General,1
2025-04,covA_band,1M+,SageSure Auros,2
2025-04,covA_band,1M+,SageSure Occidental,1
2025-04,covA_band,1M+,SageSure SURE,1
2025-04,covA_band,1M+,Swyfft Benchmark,1
2025-04,covA_band,200-299K,HOAIC,1
2025-04,covA_band,200-299K,Mercury,1
2025-04,covA_band,200-299K,SageSure Auros,7
2025-04,covA_band,200-299K,SageSure Occidental,1
2025-04,covA_band,200-299K,SageSure SURE,4
2025-04,covA_band,200-299K,Swyfft Benchmark,2
2025-04,covA_band,200-299K,Travelers,1
2025-04,covA_band,300-399K,Allied Trust,1
2025-04,covA_band,300-399K,Liberty Mutual / Safeco,2
2025-04,covA_band,300-399K,Mercury,1
2025-04,covA_band,300-399K,SageSure Auros,3
2025-04,covA_band,300-399K,SageSure Occidental,2
2025-04,covA_band,300-399K,SageSure SURE,5
2025-04,covA_band,300-399K,Swyfft Benchmark,7
2025-04,covA_band,300-399K,Swyfft Topa (Surplus),1
2025-04,covA_band,300-399K,Travelers,5
2025-04,covA_band,400-599K,ARI,3
2025-04,covA_band,400-599K,Allied Trust,2
2025-04,covA_band,400-599K,HOAIC,2
2025-04,covA_band,400-599K,Liberty Mutual / Safeco,3
2025-04,covA_band,400-599K,Mercury,2
2025-04,covA_band,400-599K,National General,1
2025-04,covA_band,400-599K,SageSure Auros,4
2025-04,covA_band,400-599K,SageSure Occidental,3
2025-04,covA_band,400-599K,SageSure SURE,4
2025-04,covA_band,400-599K,SageSure Vave,1
2025-04,covA_band,400-599K,Swyfft Benchmark,2
2025-04,covA_band,400-599K,Swyfft Lloyds (Surplus),1
2025-04,covA_band,400-599K,Travelers,4
2025-04,covA_band,600-999K,ARI,2
2025-04,covA_band,600-999K,Allied Trust,1
2025-04,covA_band,600-999K,HOAIC,1
2025-04,covA_band,600-999K,Liberty Mutual / Safeco,1
2025-04,covA_band,600-999K,National General,2
2025-04,covA_band,600-999K,Progressive / ASI,1
2025-04,covA_band,600-999K,SageSure Auros,6
2025-04,covA_band,600-999K,SageSure Occidental,5
2025-04,covA_band,600-999K,SageSure SURE,4
2025-04,covA_band,600-999K,Swyfft Benchmark,1
2025-04,covA_band,600-999K,Swyfft Lloyds (Surplus),1
2025-04,covA_band,600-999K,Travelers,5
2025-04,covA_band,<200K,SageSure Auros,1
2025-05,age_band,0-9,Allied Trust,5
2025-05,age_band,0-9,Chubb,1
2025-05,age_band,0-9,HOAIC,3
2025-05,age_band,0-9,Liberty Mutual / Safeco,2
2025-05,age_band,0-9,National General,1
2025-05,age_band,0-9,Progressive / ASI,2
2025-05,age_band,0-9,SageSure Auros,6
2025-05,age_band,0-9,SageSure Occidental,2
2025-05,age_band,0-9,SageSure SURE,4
2025-05,age_band,0-9,Swyfft Benchmark,4
2025-05,age_band,0-9,Swyfft Topa (Surplus),1
2025-05,age_band,0-9,Travelers,3
2025-05,age_band,10-19,ARI,4
2025-05,age_band,10-19,Allied Trust,1
2025-05,age_band,10-19,Liberty Mutual / Safeco,2
2025-05,age_band,10-19,National General,2
2025-05,age_band,10-19,SageSure Auros,4
2025-05,age_band,10-19,SageSure Occidental,3
2025-05,age_band,10-19,SageSure SURE,4
2025-05,age_band,10-19,Swyfft Benchmark,12
2025-05,age_band,10-19,Swyfft Lloyds (Surplus),2
2025-05,age_band,10-19,Swyfft Topa (Surplus),2
2025-05,age_band,20-29,ARI,1
2025-05,age_band,20-29,Liberty Mutual / Safeco,1
2025-05,age_band,20-29,National General,2
2025-05,age_band,20-29,Progressive / ASI,1
2025-05,age_band,20-29,SageSure Auros,6
2025-05,age_band,20-29,SageSure Occidental,4
2025-05,age_band,20-29,SageSure SURE,2
2025-05,age_band,20-29,Swyfft Benchmark,6
2025-05,age_band,30-39,Chubb,1
2025-05,age_band,30-39,Liberty Mutual / Safeco,3
2025-05,age_band,30-39,SageSure Auros,3
2025-05,age_band,30-39,SageSure Occidental,1
2025-05,age_band,30-39,SageSure SURE,1
2025-05,age_band,30-39,SageSure Trium,1
2025-05,age_band,30-39,Swyfft Benchmark,1
2025-05,age_band,30-39,Travelers,2
2025-05,age_band,40-59,Liberty Mutual / Safeco,2
2025-05,age_band,40-59,National General,1
2025-05,age_band,40-59,Progressive / ASI,1
2025-05,age_band,40-59,SageSure Auros,4
2025-05,age_band,40-59,SageSure Occidental,1
2025-05,age_band,40-59,SageSure SURE,4
2025-05,age_band,40-59,Swyfft Benchmark,1
2025-05,age_band,60+,Mercury,1
2025-05,age_band,60+,SageSure Auros,2
2025-05,age_band,60+,Swyfft Benchmark,1
2025-05,age_band,60+,Travelers,2
2025-05,covA_band,1M+,Chubb,2
2025-05,covA_band,1M+,National General,1
2025-05,covA_band,1M+,SageSure SURE,1
2025-05,covA_band,1M+,Swyfft Benchmark,3
2025-05,covA_band,1M+,Swyfft Lloyds (Surplus),1
2025-05,covA_band,200-299K,ARI,1
2025-05,covA_band,200-299K,Liberty Mutual / Safeco,1
2025-05,covA_band,200-299K,Progressive / ASI,1
2025-05,covA_band,200-299K,SageSure Auros,2
2025-05,covA_band,200-299K,SageSure Occidental,1
2025-05,covA_band,200-299K,SageSure SURE,1
2025-05,covA_band,200-299K,Swyfft Benchmark,5
2025-05,covA_band,300-399K,ARI,2
2025-05,covA_band,300-399K,Allied Trust,1
2025-05,covA_band,300-399K,HOAIC,1
2025-05,covA_band,300-399K,Mercury,1
2025-05,covA_band,300-399K,National General,1
2025-05,covA_band,300-399K,Progressive / ASI,2
2025-05,covA_band,300-399K,SageSure Auros,9
2025-05,covA_band,300-399K,SageSure Occidental,3
2025-05,covA_band,300-399K,SageSure SURE,4
2025-05,covA_band,300-399K,Swyfft Benchmark,3
2025-05,covA_band,300-399K,Swyfft Lloyds (Surplus),1
2025-05,covA_band,300-399K,Swyfft Topa (Surplus),2
2025-05,covA_band,300-399K,Travelers,2
2025-05,covA_band,400-599K,Allied Trust,3
2025-05,covA_band,400-599K,HOAIC,1
2025-05,covA_band,400-599K,Liberty Mutual / Safeco,7
2025-05,covA_band,400-599K,National General,1
2025-05,covA_band,400-599K,Progressive / ASI,1
2025-05,covA_band,400-599K,SageSure Auros,7
2025-05,covA_band,400-599K,SageSure Occidental,4
2025-05,covA_band,400-599K,SageSure SURE,6
2025-05,covA_band,400-599K,Swyfft Benchmark,8
2025-05,covA_band,400-599K,Swyfft Topa (Surplus),1
2025-05,covA_band,400-599K,Travelers,2
2025-05,covA_band,600-999K,ARI,1
2025-05,covA_band,600-999K,Allied Trust,2
2025-05,covA_band,600-999K,HOAIC,1
2025-05,covA_band,600-999K,Liberty Mutual / Safeco,2
2025-05,covA_band,600-999K,National General,3
2025-05,covA_band,600-999K,SageSure Auros,7
2025-05,covA_band,600-999K,SageSure Occidental,3
2025-05,covA_band,600-999K,SageSure SURE,3
2025-05,covA_band,600-999K,SageSure Trium,1
2025-05,covA_band,600-999K,Swyfft Benchmark,6
2025-05,covA_band,600-999K,Travelers,3
2025-06,age_band,0-9,ARI,4
2025-06,age_band,0-9,Allied Trust,7
2025-06,age_band,0-9,HOAIC,3
2025-06,age_band,0-9,Liberty Mutual / Safeco,3
2025-06,age_band,0-9,Mercury,2
2025-06,age_band,0-9,Orion180,2
2025-06,age_band,0-9,Progressive / ASI,3
2025-06,age_band,0-9,SageSure Auros,2
2025-06,age_band,0-9,SageSure Occidental,5
2025-06,age_band,0-9,SageSure SURE,5
2025-06,age_band,0-9,Swyfft Benchmark,1
2025-06,age_band,0-9,Travelers,2
2025-06,age_band,10-19,ARI,4
2025-06,age_band,10-19,Allied Trust,2
2025-06,age_band,10-19,Liberty Mutual / Safeco,1
2025-06,age_band,10-19,Mercury,1
2025-06,age_band,10-19,National General,4
2025-06,age_band,10-19,Orion180,2
2025-06,age_band,10-19,Progressive / ASI,1
2025-06,age_band,10-19,SageSure Auros,8
2025-06,age_band,10-19,SageSure Occidental,1
2025-06,age_band,10-19,SageSure SURE,1
2025-06,age_band,10-19,Swyfft Benchmark,3
2025-06,age_band,10-19,Swyfft Lloyds (Surplus),1
2025-06,age_band,20-29,Allied Trust,2
2025-06,age_band,20-29,Liberty Mutual / Safeco,6
2025-06,age_band,20-29,Orion180,3
2025-06,age_band,20-29,Progressive / ASI,1
2025-06,age_band,20-29,SageSure Auros,1
2025-06,age_band,20-29,SageSure Occidental,3
2025-06,age_band,20-29,SageSure SURE,2
2025-06,age_band,20-29,SageSure Trium,1
2025-06,age_band,20-29,Swyfft Benchmark,3
2025-06,age_band,20-29,Swyfft Topa (Surplus),1
2025-06,age_band,20-29,Travelers,1
2025-06,age_band,30-39,Allied Trust,1
2025-06,age_band,30-39,Liberty Mutual / Safeco,1
2025-06,age_band,30-39,National General,1
2025-06,age_band,30-39,Orion180,1
2025-06,age_band,30-39,SageSure SURE,2
2025-06,age_band,30-39,Travelers,1
2025-06,age_band,40-59,Mercury,1
2025-06,age_band,40-59,National General,2
2025-06,age_band,40-59,Orion180,6
2025-06,age_band,40-59,Progressive / ASI,1
2025-06,age_band,40-59,SageSure Auros,6
2025-06,age_band,40-59,SageSure Occidental,3
2025-06,age_band,40-59,SageSure SURE,2
2025-06,age_band,40-59,SageSure Trium,1
2025-06,age_band,40-59,Swyfft Benchmark,1
2025-06,age_band,40-59,Travelers,3
2025-06,age_band,60+,Mercury,1
2025-06,age_band,60+,SageSure Auros,3
2025-06,covA_band,1M+,Allied Trust,2
2025-06,covA_band,1M+,National General,1
2025-06,covA_band,1M+,SageSure Occidental,1
2025-06,covA_band,1M+,SageSure SURE,1
2025-06,covA_band,200-299K,Allied Trust,1
2025-06,covA_band,200-299K,Mercury,2
2025-06,covA_band,200-299K,Progressive / ASI,1
2025-06,covA_band,200-299K,SageSure Auros,3
2025-06,covA_band,200-299K,SageSure SURE,1
2025-06,covA_band,200-299K,Swyfft Benchmark,2
2025-06,covA_band,300-399K,ARI,4
2025-06,covA_band,300-399K,Allied Trust,1
2025-06,covA_band,300-399K,HOAIC,1
2025-06,covA_band,300-399K,Liberty Mutual / Safeco,4
2025-06,covA_band,300-399K,Mercury,3
2025-06,covA_band,300-399K,Orion180,1
2025-06,covA_band,300-399K,Progressive / ASI,1
2025-06,covA_band,300-399K,SageSure Auros,6
2025-06,covA_band,300-399K,SageSure Occidental,3
2025-06,covA_band,300-399K,SageSure SURE,1
2025-06,covA_band,300-399K,Swyfft Benchmark,1
2025-06,covA_band,300-399K,Travelers,5
2025-06,covA_band,400-599K,ARI,3
2025-06,covA_band,400-599K,Allied Trust,3
2025-06,covA_band,400-599K,HOAIC,1
2025-06,covA_band,400-599K,Liberty Mutual / Safeco,3
2025-06,covA_band,400-599K,National General,2
2025-06,covA_band,400-599K,Orion180,8
2025-06,covA_band,400-599K,Progressive / ASI,3
2025-06,covA_band,400-599K,SageSure Auros,6
2025-06,covA_band,400-599K,SageSure Occidental,4
2025-06,covA_band,400-599K,SageSure SURE,7
2025-06,covA_band,400-599K,SageSure Trium,2
2025-06,covA_band,400-599K,Swyfft Benchmark,3
2025-06,covA_band,400-599K,Swyfft Lloyds (Surplus),1
2025-06,covA_band,400-599K,Swyfft Topa (Surplus),1
2025-06,covA_band,400-599K,Travelers,1
2025-06,covA_band,600-999K,ARI,1
2025-06,covA_band,600-999K,Allied Trust,5
2025-06,covA_band,600-999K,HOAIC,1
2025-06,covA_band,600-999K,Liberty Mutual / Safeco,2
2025-06,covA_band,600-999K,National General,4
2025-06,covA_band,600-999K,Orion180,5
2025-06,covA_band,600-999K,Progressive / ASI,1
2025-06,covA_band,600-999K,SageSure Auros,5
2025-06,covA_band,600-999K,SageSure Occidental,4
2025-06,covA_band,600-999K,SageSure SURE,2
2025-06,covA_band,600-999K,Swyfft Benchmark,2
2025-06,covA_band,600-999K,Travelers,1
2025-07,age_band,0-9,ARI,4
2025-07,age_band,0-9,Allied Trust,5
2025-07,age_band,0-9,HOAIC,6
2025-07,age_band,0-9,Liberty Mutual / Safeco,1
2025-07,age_band,0-9,Mercury,1
2025-07,age_band,0-9,Orion180,1
2025-07,age_band,0-9,Progressive / ASI,1
2025-07,age_band,0-9,SageSure Auros,4
2025-07,age_band,0-9,SageSure SURE,3
2025-07,age_band,0-9,Swyfft Benchmark,3
2025-07,age_band,0-9,Travelers,4
2025-07,age_band,10-19,ARI,2
2025-07,age_band,10-19,Allied Trust,2
2025-07,age_band,10-19,Liberty Mutual / Safeco,3
2025-07,age_band,10-19,SageSure Occidental,2
2025-07,age_band,10-19,SageSure SURE,1
2025-07,age_band,10-19,SageSure Trium,1
2025-07,age_band,10-19,Swyfft Benchmark,2
2025-07,age_band,10-19,Travelers,2
2025-07,age_band,20-29,Allied Trust,1
2025-07,age_band,20-29,Liberty Mutual / Safeco,3
2025-07,age_band,20-29,National General,1
2025-07,age_band,20-29,Orion180,2
2025-07,age_band,20-29,SageSure Auros,5
2025-07,age_band,20-29,SageSure Occidental,1
2025-07,age_band,20-29,SageSure SURE,2
2025-07,age_band,20-29,SageSure Trium,2
2025-07,age_band,20-29,Swyfft Benchmark,3
2025-07,age_band,20-29,Travelers,2
2025-07,age_band,30-39,Allied Trust,1
2025-07,age_band,30-39,Foremost,1
2025-07,age_band,30-39,Liberty Mutual / Safeco,2
2025-07,age_band,30-39,Orion180,1
2025-07,age_band,30-39,SageSure Auros,3
2025-07,age_band,30-39,SageSure SURE,1
2025-07,age_band,30-39,Swyfft Benchmark,1
2025-07,age_band,30-39,Travelers,2
2025-07,age_band,40-59,Liberty Mutual / Safeco,1
2025-07,age_band,40-59,National General,2
2025-07,age_band,40-59,Orion180,1
2025-07,age_band,40-59,SageSure Auros,5
2025-07,age_band,40-59,SageSure Occidental,2
2025-07,age_band,40-59,SageSure SURE,2
2025-07,age_band,40-59,SageSure Trium,1
2025-07,age_band,40-59,Travelers,2
2025-07,age_band,60+,Liberty Mutual / Safeco,4
2025-07,age_band,60+,National General,1
2025-07,age_band,60+,SageSure Auros,2
2025-07,age_band,60+,SageSure Occidental,1
2025-07,age_band,60+,Swyfft Benchmark,1
2025-07,age_band,60+,Travelers,1
2025-07,covA_band,1M+,Liberty Mutual / Safeco,2
2025-07,covA_band,1M+,National General,1
2025-07,covA_band,1M+,Orion180,1
2025-07,covA_band,1M+,SageSure SURE,2
2025-07,covA_band,1M+,Swyfft Benchmark,1
2025-07,covA_band,200-299K,ARI,2
2025-07,covA_band,200-299K,HOAIC,1
2025-07,covA_band,200-299K,Liberty Mutual / Safeco,1
2025-07,covA_band,200-299K,National General,1
2025-07,covA_band,200-299K,SageSure Auros,2
2025-07,covA_band,200-299K,SageSure SURE,1
2025-07,covA_band,200-299K,Swyfft Benchmark,2
2025-07,covA_band,300-399K,ARI,1
2025-07,covA_band,300-399K,HOAIC,1
2025-07,covA_band,300-399K,Liberty Mutual / Safeco,4
2025-07,covA_band,300-399K,National General,2
2025-07,covA_band,300-399K,Orion180,1
2025-07,covA_band,300-399K,Progressive / ASI,1
2025-07,covA_band,300-399K,SageSure Auros,7
2025-07,covA_band,300-399K,SageSure SURE,2
2025-07,covA_band,300-399K,SageSure Trium,1
2025-07,covA_band,300-399K,Swyfft Benchmark,4
2025-07,covA_band,300-399K,Travelers,6
2025-07,covA_band,400-599K,ARI,4
2025-07,covA_band,400-599K,Allied Trust,5
2025-07,covA_band,400-599K,HOAIC,2
2025-07,covA_band,400-599K,Liberty Mutual / Safeco,4
2025-07,covA_band,400-599K,Orion180,3
2025-07,covA_band,400-599K,SageSure Auros,4
2025-07,covA_band,400-599K,SageSure Occidental,3
2025-07,covA_band,400-599K,SageSure SURE,2
2025-07,covA_band,400-599K,SageSure Trium,3
2025-07,covA_band,400-599K,Swyfft Benchmark,1
2025-07,covA_band,400-599K,Travelers,4
2025-07,covA_band,600-999K,ARI,1
2025-07,covA_band,600-999K,Allied Trust,4
2025-07,covA_band,600-999K,HOAIC,2
2025-07,covA_band,600-999K,Liberty Mutual / Safeco,1
2025-07,covA_band,600-999K,Mercury,1
2025-07,covA_band,600-999K,SageSure Auros,6
2025-07,covA_band,600-999K,SageSure Occidental,2
2025-07,covA_band,600-999K,SageSure SURE,2
2025-07,covA_band,600-999K,Swyfft Benchmark,2
2025-07,covA_band,600-999K,Travelers,3
2025-07,covA_band,<200K,Foremost,1
2025-07,covA_band,<200K,SageSure Occidental,1
2025-08,age_band,0-9,ARI,5
2025-08,age_band,0-9,Allied Trust,2
2025-08,age_band,0-9,Foremost,1
2025-08,age_band,0-9,HOAIC,5
2025-08,age_band,0-9,Orion180,1
2025-08,age_band,0-9,Progressive / ASI,3
2025-08,age_band,0-9,SageSure Auros,5
2025-08,age_band,0-9,SageSure Occidental,2
2025-08,age_band,0-9,SageSure SURE,1
2025-08,age_band,0-9,Swyfft Benchmark,2
2025-08,age_band,0-9,Travelers,3
2025-08,age_band,10-19,Allied Trust,1
2025-08,age_band,10-19,National General,4
2025-08,age_band,10-19,Orion180,3
2025-08,age_band,10-19,SageSure Auros,2
2025-08,age_band,10-19,SageSure SURE,1
2025-08,age_band,10-19,Swyfft Benchmark,2
2025-08,age_band,10-19,TWICO,1
2025-08,age_band,20-29,Liberty Mutual / Safeco,3
2025-08,age_band,20-29,Orion180,1
2025-08,age_band,20-29,SageSure Auros,4
2025-08,age_band,20-29,SageSure Occidental,2
2025-08,age_band,20-29,Swyfft Benchmark,1
2025-08,age_band,20-29,Swyfft Lloyds (Surplus),1
2025-08,age_band,20-29,Travelers,2
2025-08,age_band,30-39,Allied Trust,3
2025-08,age_band,30-39,Liberty Mutual / Safeco,1
2025-08,age_band,30-39,Orion180,2
2025-08,age_band,30-39,SageSure Auros,2
2025-08,age_band,40-59,Allied Trust,1
2025-08,age_band,40-59,Liberty Mutual / Safeco,1
2025-08,age_band,40-59,National General,2
2025-08,age_band,40-59,Orion180,1
2025-08,age_band,40-59,SageSure Auros,8
2025-08,age_band,40-59,SageSure SURE,1
2025-08,age_band,40-59,Swyfft Lloyds (Surplus),1
2025-08,age_band,60+,Allied Trust,1
2025-08,age_band,60+,National General,2
2025-08,age_band,60+,SageSure Auros,1
2025-08,age_band,60+,SageSure Occidental,1
2025-08,age_band,60+,Swyfft Benchmark,1
2025-08,covA_band,1M+,Liberty Mutual / Safeco,1
2025-08,covA_band,1M+,National General,5
2025-08,covA_band,1M+,Orion180,2
2025-08,covA_band,1M+,Progressive / ASI,1
2025-08,covA_band,200-299K,Allied Trust,1
2025-08,covA_band,200-299K,HOAIC,1
2025-08,covA_band,200-299K,SageSure Auros,3
2025-08,covA_band,200-299K,SageSure Occidental,1
2025-08,covA_band,300-399K,ARI,1
2025-08,covA_band,300-399K,Allied Trust,1
2025-08,covA_band,300-399K,HOAIC,2
2025-08,covA_band,300-399K,National General,1
2025-08,covA_band,300-399K,Orion180,1
2025-08,covA_band,300-399K,SageSure Auros,7
2025-08,covA_band,300-399K,SageSure Occidental,1
2025-08,covA_band,300-399K,SageSure SURE,1
2025-08,covA_band,300-399K,Swyfft Benchmark,2
2025-08,covA_band,300-399K,Travelers,4
2025-08,covA_band,400-599K,ARI,5
2025-08,covA_band,400-599K,Allied Trust,2
2025-08,covA_band,400-599K,HOAIC,1
2025-08,covA_band,400-599K,Liberty Mutual / Safeco,2
2025-08,covA_band,400-599K,National General,2
2025-08,covA_band,400-599K,Orion180,2
2025-08,covA_band,400-599K,Progressive / ASI,1
2025-08,covA_band,400-599K,SageSure Auros,10
2025-08,covA_band,400-599K,Swyfft Benchmark,3
2025-08,covA_band,400-599K,Swyfft Lloyds (Surplus),1
2025-08,covA_band,400-599K,TWICO,1
2025-08,covA_band,400-599K,Travelers,1
2025-08,covA_band,600-999K,ARI,3
2025-08,covA_band,600-999K,Allied Trust,4
2025-08,covA_band,600-999K,HOAIC,1
2025-08,covA_band,600-999K,Liberty Mutual / Safeco,2
2025-08,covA_band,600-999K,Orion180,3
2025-08,covA_band,600-999K,Progressive / ASI,1
2025-08,covA_band,600-999K,SageSure Auros,2
2025-08,covA_band,600-999K,SageSure Occidental,3
2025-08,covA_band,600-999K,SageSure SURE,2
2025-08,covA_band,600-999K,Swyfft Benchmark,1
2025-08,covA_band,600-999K,Swyfft Lloyds (Surplus),1
2025-08,covA_band,<200K,Foremost,1
2025-09,age_band,0-9,ARI,4
2025-09,age_band,0-9,Allied Trust,1
2025-09,age_band,0-9,HOAIC,8
2025-09,age_band,0-9,Liberty Mutual / Safeco,2
2025-09,age_band,0-9,Mercury,1
2025-09,age_band,0-9,Orion180,3
2025-09,age_band,0-9,SageSure Auros,2
2025-09,age_band,0-9,Swyfft Benchmark,2
2025-09,age_band,0-9,Swyfft Lloyds (Surplus),1
2025-09,age_band,0-9,Travelers,2
2025-09,age_band,10-19,ARI,6
2025-09,age_band,10-19,Allied Trust,2
2025-09,age_band,10-19,Foremost,1
2025-09,age_band,10-19,National General,1
2025-09,age_band,10-19,Orion180,3
2025-09,age_band,10-19,SageSure Auros,14
2025-09,age_band,10-19,SageSure Occidental,2
2025-09,age_band,10-19,SageSure SURE,1
2025-09,age_band,10-19,Travelers,1
2025-09,age_band,20-29,Allied Trust,1
2025-09,age_band,20-29,Foremost,1
2025-09,age_band,20-29,Liberty Mutual / Safeco,2
2025-09,age_band,20-29,Mercury,1
2025-09,age_band,20-29,Orion180,5
2025-09,age_band,20-29,SageSure Auros,4
2025-09,age_band,20-29,SageSure Occidental,2
2025-09,age_band,20-29,Swyfft Benchmark,2
2025-09,age_band,20-29,TWICO,1
2025-09,age_band,30-39,Orion180,1
2025-09,age_band,30-39,SageSure Auros,1
2025-09,age_band,40-59,Liberty Mutual / Safeco,5
2025-09,age_band,40-59,National General,1
2025-09,age_band,40-59,Orion180,3
2025-09,age_band,40-59,SageSure Auros,5
2025-09,age_band,40-59,SageSure Occidental,1
2025-09,age_band,40-59,SageSure SURE,1
2025-09,age_band,40-59,Swyfft Benchmark,1
2025-09,age_band,40-59,Swyfft Topa (Surplus),1
2025-09,age_band,60+,ARI,1
2025-09,age_band,60+,Liberty Mutual / Safeco,1
2025-09,age_band,60+,SageSure Auros,2
2025-09,age_band,60+,SageSure Occidental,1
2025-09,age_band,60+,SageSure SafePort,1
2025-09,age_band,60+,Travelers,1
2025-09,covA_band,1M+,HOAIC,1
2025-09,covA_band,1M+,National General,1
2025-09,covA_band,1M+,Orion180,1
2025-09,covA_band,1M+,SageSure Auros,2
2025-09,covA_band,1M+,SageSure Occidental,2
2025-09,covA_band,1M+,Swyfft Benchmark,1
2025-09,covA_band,200-299K,ARI,3
2025-09,covA_band,200-299K,Liberty Mutual / Safeco,1
2025-09,covA_band,200-299K,Mercury,1
2025-09,covA_band,200-299K,SageSure Auros,2
2025-09,covA_band,200-299K,SageSure SURE,1
2025-09,covA_band,200-299K,Swyfft Benchmark,1
2025-09,covA_band,200-299K,Swyfft Lloyds (Surplus),1
2025-09,covA_band,200-299K,Travelers,1
2025-09,covA_band,300-399K,ARI,2
2025-09,covA_band,300-399K,Allied Trust,2
2025-09,covA_band,300-399K,HOAIC,2
2025-09,covA_band,300-399K,Liberty Mutual / Safeco,3
2025-09,covA_band,300-399K,Orion180,3
2025-09,covA_band,300-399K,SageSure Auros,7
2025-09,covA_band,300-399K,SageSure SafePort,1
2025-09,covA_band,300-399K,Swyfft Benchmark,3
2025-09,covA_band,300-399K,Swyfft Topa (Surplus),1
2025-09,covA_band,300-399K,Travelers,1
2025-09,covA_band,400-599K,ARI,5
2025-09,covA_band,400-599K,Allied Trust,1
2025-09,covA_band,400-599K,HOAIC,2
2025-09,covA_band,400-599K,Liberty Mutual / Safeco,3
2025-09,covA_band,400-599K,Mercury,1
2025-09,covA_band,400-599K,National General,1
2025-09,covA_band,400-599K,Orion180,6
2025-09,covA_band,400-599K,SageSure Auros,10
2025-09,covA_band,400-599K,Travelers,2
2025-09,covA_band,600-999K,ARI,1
2025-09,covA_band,600-999K,Allied Trust,1
2025-09,covA_band,600-999K,HOAIC,3
2025-09,covA_band,600-999K,Liberty Mutual / Safeco,3
2025-09,covA_band,600-999K,Orion180,5
2025-09,covA_band,600-999K,SageSure Auros,6
2025-09,covA_band,600-999K,SageSure Occidental,4
2025-09,covA_band,600-999K,SageSure SURE,1
2025-09,covA_band,600-999K,TWICO,1
2025-09,covA_band,<200K,ARI,1
2025-09,covA_band,<200K,Foremost,2
2025-09,covA_band,<200K,SageSure Auros,1
2025-10,age_band,0-9,ARI,2
2025-10,age_band,0-9,Allied Trust,2
2025-10,age_band,0-9,Chubb,1
2025-10,age_band,0-9,HOAIC,20
2025-10,age_band,0-9,Liberty Mutual / Safeco,1
2025-10,age_band,0-9,National General,1
2025-10,age_band,0-9,Orion180,3
2025-10,age_band,0-9,Progressive / ASI,2
2025-10,age_band,0-9,SageSure Auros,9
2025-10,age_band,0-9,SageSure Occidental,3
2025-10,age_band,0-9,SageSure SURE,1
2025-10,age_band,0-9,Swyfft Benchmark,1
2025-10,age_band,0-9,Swyfft Topa (Surplus),1
2025-10,age_band,0-9,Travelers,5
2025-10,age_band,10-19,ARI,3
2025-10,age_band,10-19,Allied Trust,1
2025-10,age_band,10-19,Mercury,1
2025-10,age_band,10-19,National General,3
2025-10,age_band,10-19,SageSure Auros,7
2025-10,age_band,10-19,SageSure Occidental,2
2025-10,age_band,10-19,SageSure SURE,1
2025-10,age_band,10-19,Swyfft Benchmark,3
2025-10,age_band,10-19,Travelers,2
2025-10,age_band,20-29,ARI,2
2025-10,age_band,20-29,Allied Trust,2
2025-10,age_band,20-29,Liberty Mutual / Safeco,1
2025-10,age_band,20-29,Orion180,3
2025-10,age_band,20-29,SageSure Auros,3
2025-10,age_band,20-29,Swyfft Benchmark,1
2025-10,age_band,20-29,Travelers,3
2025-10,age_band,30-39,Orion180,3
2025-10,age_band,30-39,SageSure Auros,2
2025-10,age_band,30-39,SageSure Occidental,1
2025-10,age_band,30-39,SageSure SURE,1
2025-10,age_band,40-59,ARI,1
2025-10,age_band,40-59,Allied Trust,1
2025-10,age_band,40-59,Liberty Mutual / Safeco,2
2025-10,age_band,40-59,National General,2
2025-10,age_band,40-59,Orion180,2
2025-10,age_band,40-59,SageSure Auros,5
2025-10,age_band,40-59,SageSure SURE,1
2025-10,age_band,40-59,Swyfft Benchmark,1
2025-10,age_band,40-59,Travelers,1
2025-10,age_band,60+,ARI,1
2025-10,age_band,60+,Liberty Mutual / Safeco,3
2025-10,age_band,60+,National General,2
2025-10,age_band,60+,SageSure Auros,5
2025-10,covA_band,1M+,Allied Trust,1
2025-10,covA_band,1M+,Chubb,1
2025-10,covA_band,1M+,HOAIC,1
2025-10,covA_band,1M+,Progressive / ASI,1
2025-10,covA_band,1M+,SageSure Auros,1
2025-10,covA_band,1M+,SageSure Occidental,3
2025-10,covA_band,200-299K,ARI,4
2025-10,covA_band,200-299K,HOAIC,4
2025-10,covA_band,200-299K,Liberty Mutual / Safeco,1
2025-10,covA_band,200-299K,SageSure Auros,2
2025-10,covA_band,200-299K,SageSure SURE,1
2025-10,covA_band,300-399K,ARI,3
2025-10,covA_band,300-399K,HOAIC,5
2025-10,covA_band,300-399K,Liberty Mutual / Safeco,4
2025-10,covA_band,300-399K,National General,3
2025-10,covA_band,300-399K,Orion180,5
2025-10,covA_band,300-399K,SageSure Auros,7
2025-10,covA_band,300-399K,Swyfft Benchmark,1
2025-10,covA_band,300-399K,Swyfft Topa (Surplus),1
2025-10,covA_band,300-399K,Travelers,3
2025-10,covA_band,400-599K,ARI,4
2025-10,covA_band,400-599K,Allied Trust,4
2025-10,covA_band,400-599K,HOAIC,3
2025-10,covA_band,400-599K,Liberty Mutual / Safeco,2
2025-10,covA_band,400-599K,National General,3
2025-10,covA_band,400-599K,Orion180,4
2025-10,covA_band,400-599K,Progressive / ASI,1
2025-10,covA_band,400-599K,SageSure Auros,12
2025-10,covA_band,400-599K,SageSure Occidental,2
2025-10,covA_band,400-599K,SageSure SURE,3
2025-10,covA_band,400-599K,Swyfft Benchmark,2
2025-10,covA_band,400-599K,Travelers,5
2025-10,covA_band,600-999K,Allied Trust,1
2025-10,covA_band,600-999K,HOAIC,7
2025-10,covA_band,600-999K,Mercury,1
2025-10,covA_band,600-999K,National General,2
2025-10,covA_band,600-999K,Orion180,2
2025-10,covA_band,600-999K,SageSure Auros,9
2025-10,covA_band,600-999K,SageSure Occidental,1
2025-10,covA_band,600-999K,Swyfft Benchmark,3
2025-10,covA_band,600-999K,Travelers,3
2025-10,covA_band,<200K,ARI,1
2025-11,age_band,0-9,Allied Trust,3
2025-11,age_band,0-9,HOAIC,11
2025-11,age_band,0-9,Mercury,2
2025-11,age_band,0-9,Orion180,5
2025-11,age_band,0-9,Progressive / ASI,1
2025-11,age_band,0-9,SageSure Auros,5
2025-11,age_band,0-9,SageSure SURE,2
2025-11,age_band,0-9,Swyfft Benchmark,4
2025-11,age_band,0-9,Travelers,6
2025-11,age_band,10-19,ARI,3
2025-11,age_band,10-19,Centauri,1
2025-11,age_band,10-19,Liberty Mutual / Safeco,1
2025-11,age_band,10-19,Orion180,1
2025-11,age_band,10-19,SageSure Auros,5
2025-11,age_band,10-19,Swyfft Benchmark,1
2025-11,age_band,10-19,Travelers,2
2025-11,age_band,20-29,ARI,1
2025-11,age_band,20-29,Allied Trust,2
2025-11,age_band,20-29,Liberty Mutual / Safeco,3
2025-11,age_band,20-29,Mercury,2
2025-11,age_band,20-29,Orion180,3
2025-11,age_band,20-29,SageSure Auros,2
2025-11,age_band,20-29,SageSure Trium,3
2025-11,age_band,20-29,Travelers,1
2025-11,age_band,30-39,Allied Trust,1
2025-11,age_band,30-39,SageSure Auros,2
2025-11,age_band,30-39,SageSure Occidental,1
2025-11,age_band,30-39,Swyfft Benchmark,1
2025-11,age_band,40-59,Orion180,3
2025-11,age_band,40-59,SageSure Auros,2
2025-11,age_band,40-59,SageSure SURE,3
2025-11,age_band,40-59,Swyfft Benchmark,1
2025-11,age_band,40-59,Travelers,1
2025-11,age_band,60+,Orion180,1
2025-11,age_band,60+,SageSure Auros,2
2025-11,covA_band,1M+,Allied Trust,2
2025-11,covA_band,1M+,Progressive / ASI,1
2025-11,covA_band,1M+,Swyfft Benchmark,1
2025-11,covA_band,200-299K,ARI,1
2025-11,covA_band,200-299K,Allied Trust,1
2025-11,covA_band,200-299K,HOAIC,1
2025-11,covA_band,200-299K,Mercury,2
2025-11,covA_band,200-299K,SageSure Auros,1
2025-11,covA_band,200-299K,Travelers,1
2025-11,covA_band,300-399K,ARI,1
2025-11,covA_band,300-399K,Centauri,1
2025-11,covA_band,300-399K,HOAIC,7
2025-11,covA_band,300-399K,Liberty Mutual / Safeco,1
2025-11,covA_band,300-399K,Orion180,7
2025-11,covA_band,300-399K,SageSure Auros,2
2025-11,covA_band,300-399K,SageSure Trium,1
2025-11,covA_band,300-399K,Swyfft Benchmark,1
2025-11,covA_band,400-599K,ARI,1
2025-11,covA_band,400-599K,Allied Trust,3
2025-11,covA_band,400-599K,HOAIC,3
2025-11,covA_band,400-599K,Liberty Mutual / Safeco,2
2025-11,covA_band,400-599K,Orion180,3
2025-11,covA_band,400-599K,SageSure Auros,9
2025-11,covA_band,400-599K,SageSure Occidental,1
2025-11,covA_band,400-599K,SageSure SURE,2
2025-11,covA_band,400-599K,Swyfft Benchmark,4
2025-11,covA_band,400-599K,Travelers,6
2025-11,covA_band,600-999K,ARI,1
2025-11,covA_band,600-999K,Liberty Mutual / Safeco,1
2025-11,covA_band,600-999K,Mercury,2
2025-11,covA_band,600-999K,Orion180,3
2025-11,covA_band,600-999K,SageSure Auros,6
2025-11,covA_band,600-999K,SageSure SURE,3
2025-11,covA_band,600-999K,SageSure Trium,2
2025-11,covA_band,600-999K,Swyfft Benchmark,1
2025-11,covA_band,600-999K,Travelers,3
2025-12,age_band,0-9,ARI,2
2025-12,age_band,0-9,Allied Trust,2
2025-12,age_band,0-9,HOAIC,28
2025-12,age_band,0-9,Liberty Mutual / Safeco,1
2025-12,age_band,0-9,Mercury,1
2025-12,age_band,0-9,National General,1
2025-12,age_band,0-9,Orion180,4
2025-12,age_band,0-9,Progressive / ASI,3
2025-12,age_band,0-9,SageSure Auros,2
2025-12,age_band,0-9,Swyfft Benchmark,2
2025-12,age_band,0-9,Travelers,1
2025-12,age_band,10-19,ARI,1
2025-12,age_band,10-19,Centauri,2
2025-12,age_band,10-19,Mercury,1
2025-12,age_band,10-19,National General,3
2025-12,age_band,10-19,Orion180,1
2025-12,age_band,10-19,SageSure Auros,4
2025-12,age_band,10-19,SageSure SURE,1
2025-12,age_band,10-19,Swyfft Benchmark,1
2025-12,age_band,20-29,Allied Trust,4
2025-12,age_band,20-29,Liberty Mutual / Safeco,1
2025-12,age_band,20-29,Orion180,1
2025-12,age_band,20-29,SageSure Auros,1
2025-12,age_band,20-29,SageSure SURE,3
2025-12,age_band,20-29,Swyfft Benchmark,3
2025-12,age_band,20-29,Swyfft Lloyds (Surplus),1
2025-12,age_band,20-29,Travelers,2
2025-12,age_band,30-39,Allied Trust,2
2025-12,age_band,30-39,Foremost,1
2025-12,age_band,30-39,Orion180,2
2025-12,age_band,30-39,SageSure Auros,1
2025-12,age_band,30-39,SageSure Occidental,1
2025-12,age_band,30-39,Swyfft Benchmark,1
2025-12,age_band,30-39,TWICO,1
2025-12,age_band,40-59,Orion180,4
2025-12,age_band,40-59,SageSure Auros,7
2025-12,age_band,40-59,Swyfft Benchmark,2
2025-12,age_band,40-59,Travelers,1
2025-12,age_band,60+,Liberty Mutual / Safeco,1
2025-12,age_band,60+,Mercury,1
2025-12,age_band,60+,National General,3
2025-12,age_band,60+,SageSure Auros,1
2025-12,covA_band,1M+,Allied Trust,1
2025-12,covA_band,1M+,Orion180,1
2025-12,covA_band,1M+,SageSure Occidental,1
2025-12,covA_band,1M+,SageSure SURE,1
2025-12,covA_band,1M+,Swyfft Lloyds (Surplus),1
2025-12,covA_band,200-299K,Allied Trust,1
2025-12,covA_band,200-299K,HOAIC,1
2025-12,covA_band,200-299K,Mercury,1
2025-12,covA_band,200-299K,SageSure Auros,3
2025-12,covA_band,200-299K,SageSure SURE,1
2025-12,covA_band,200-299K,Swyfft Benchmark,1
2025-12,covA_band,200-299K,TWICO,1
2025-12,covA_band,300-399K,ARI,1
2025-12,covA_band,300-399K,Allied Trust,3
2025-12,covA_band,300-399K,Centauri,1
2025-12,covA_band,300-399K,HOAIC,10
2025-12,covA_band,300-399K,Mercury,2
2025-12,covA_band,300-399K,National General,1
2025-12,covA_band,300-399K,Orion180,1
2025-12,covA_band,300-399K,SageSure Auros,3
2025-12,covA_band,300-399K,SageSure SURE,1
2025-12,covA_band,300-399K,Swyfft Benchmark,4
2025-12,covA_band,300-399K,Travelers,2
2025-12,covA_band,400-599K,Allied Trust,1
2025-12,covA_band,400-599K,Centauri,1
2025-12,covA_band,400-599K,HOAIC,12
2025-12,covA_band,400-599K,Liberty Mutual / Safeco,3
2025-12,covA_band,400-599K,National General,3
2025-12,covA_band,400-599K,Orion180,6
2025-12,covA_band,400-599K,Progressive / ASI,3
2025-12,covA_band,400-599K,SageSure Auros,5
2025-12,covA_band,400-599K,Swyfft Benchmark,1
2025-12,covA_band,400-599K,Travelers,2
2025-12,covA_band,600-999K,ARI,2
2025-12,covA_band,600-999K,Allied Trust,2
2025-12,covA_band,600-999K,HOAIC,5
2025-12,covA_band,600-999K,National General,2
2025-12,covA_band,600-999K,Orion180,4
2025-12,covA_band,600-999K,SageSure Auros,5
2025-12,covA_band,600-999K,SageSure SURE,1
2025-12,covA_band,600-999K,Swyfft Benchmark,3
2025-12,covA_band,<200K,Foremost,1
2026-01,age_band,0-9,ARI,1
2026-01,age_band,0-9,Allied Trust,1
2026-01,age_band,0-9,HOAIC,17
2026-01,age_band,0-9,Mercury,2
2026-01,age_band,0-9,Orion180,3
2026-01,age_band,0-9,Progressive / ASI,1
2026-01,age_band,0-9,SageSure Auros,1
2026-01,age_band,0-9,Swyfft Lloyds (Surplus),1
2026-01,age_band,0-9,Travelers,4
2026-01,age_band,10-19,Allied Trust,3
2026-01,age_band,10-19,Centauri,1
2026-01,age_band,10-19,Mercury,1
2026-01,age_band,10-19,National General,3
2026-01,age_band,10-19,Orion180,3
2026-01,age_band,10-19,SageSure Auros,5
2026-01,age_band,10-19,SageSure Occidental,1
2026-01,age_band,10-19,Swyfft Benchmark,4
2026-01,age_band,10-19,Swyfft Lloyds (Surplus),1
2026-01,age_band,20-29,Allied Trust,4
2026-01,age_band,20-29,National General,2
2026-01,age_band,20-29,Orion180,3
2026-01,age_band,20-29,SageSure Auros,4
2026-01,age_band,20-29,SageSure Trium,4
2026-01,age_band,20-29,Swyfft Benchmark,2
2026-01,age_band,20-29,Travelers,1
2026-01,age_band,30-39,Allied Trust,1
2026-01,age_band,30-39,Mercury,1
2026-01,age_band,30-39,Orion180,1
2026-01,age_band,30-39,SageSure Auros,3
2026-01,age_band,30-39,SageSure Occidental,1
2026-01,age_band,30-39,Travelers,1
2026-01,age_band,40-59,Mercury,1
2026-01,age_band,40-59,National General,2
2026-01,age_band,40-59,Orion180,2
2026-01,age_band,40-59,SageSure Auros,4
2026-01,age_band,40-59,Swyfft Benchmark,2
2026-01,age_band,40-59,TWICO,1
2026-01,age_band,40-59,Travelers,1
2026-01,age_band,60+,Liberty Mutual / Safeco,1
2026-01,covA_band,1M+,Allied Trust,1
2026-01,covA_band,1M+,Mercury,1
2026-01,covA_band,1M+,National General,1
2026-01,covA_band,1M+,Progressive / ASI,1
2026-01,covA_band,1M+,SageSure Auros,1
2026-01,covA_band,1M+,Swyfft Lloyds (Surplus),1
2026-01,covA_band,1M+,Travelers,1
2026-01,covA_band,200-299K,HOAIC,1
2026-01,covA_band,200-299K,Mercury,3
2026-01,covA_band,200-299K,National General,1
2026-01,covA_band,200-299K,TWICO,1
2026-01,covA_band,200-299K,Travelers,1
2026-01,covA_band,300-399K,ARI,1
2026-01,covA_band,300-399K,Centauri,1
2026-01,covA_band,300-399K,HOAIC,6
2026-01,covA_band,300-399K,National General,3
2026-01,covA_band,300-399K,Orion180,2
2026-01,covA_band,300-399K,SageSure Auros,5
2026-01,covA_band,300-399K,SageSure Occidental,1
2026-01,covA_band,300-399K,SageSure Trium,1
2026-01,covA_band,300-399K,Swyfft Benchmark,3
2026-01,covA_band,300-399K,Travelers,2
2026-01,covA_band,400-599K,Allied Trust,4
2026-01,covA_band,400-599K,HOAIC,7
2026-01,covA_band,400-599K,Liberty Mutual / Safeco,1
2026-01,covA_band,400-599K,Mercury,1
2026-01,covA_band,400-599K,National General,1
2026-01,covA_band,400-599K,Orion180,6
2026-01,covA_band,400-599K,SageSure Auros,7
2026-01,covA_band,400-599K,SageSure Occidental,1
2026-01,covA_band,400-599K,SageSure Trium,3
2026-01,covA_band,400-599K,Swyfft Benchmark,3
2026-01,covA_band,400-599K,Swyfft Lloyds (Surplus),1
2026-01,covA_band,400-599K,Travelers,1
2026-01,covA_band,600-999K,Allied Trust,4
2026-01,covA_band,600-999K,HOAIC,3
2026-01,covA_band,600-999K,National General,1
2026-01,covA_band,600-999K,Orion180,4
2026-01,covA_band,600-999K,SageSure Auros,4
2026-01,covA_band,600-999K,Swyfft Benchmark,2
2026-01,covA_band,600-999K,Travelers,2
2026-02,age_band,0-9,ARI,5
2026-02,age_band,0-9,Allied Trust,2
2026-02,age_band,0-9,Chubb,1
2026-02,age_band,0-9,HOAIC,16
2026-02,age_band,0-9,Mercury,2
2026-02,age_band,0-9,Orion180,2
2026-02,age_band,0-9,Progressive / ASI,1
2026-02,age_band,0-9,SageSure Auros,7
2026-02,age_band,0-9,Swyfft Benchmark,3
2026-02,age_band,0-9,Travelers,3
2026-02,age_band,10-19,ARI,2
2026-02,age_band,10-19,Allied Trust,4
2026-02,age_band,10-19,Orion180,1
2026-02,age_band,10-19,SageSure SURE,2
2026-02,age_band,10-19,SageSure Trium,2
2026-02,age_band,10-19,Travelers,1
2026-02,age_band,20-29,Allied Trust,2
2026-02,age_band,20-29,Liberty Mutual / Safeco,2
2026-02,age_band,20-29,National General,3
2026-02,age_band,20-29,Orion180,4
2026-02,age_band,20-29,Progressive / ASI,1
2026-02,age_band,20-29,SageSure Auros,3
2026-02,age_band,20-29,SageSure SURE,2
2026-02,age_band,20-29,SageSure Trium,5
2026-02,age_band,20-29,Swyfft Benchmark,5
2026-02,age_band,20-29,Travelers,5
2026-02,age_band,30-39,Allied Trust,2
2026-02,age_band,30-39,Mercury,1
2026-02,age_band,30-39,National General,1
2026-02,age_band,30-39,Orion180,1
2026-02,age_band,30-39,SageSure Auros,3
2026-02,age_band,30-39,SageSure Trium,1
2026-02,age_band,30-39,Swyfft Benchmark,1
2026-02,age_band,30-39,Travelers,1
2026-02,age_band,40-59,Liberty Mutual / Safeco,3
2026-02,age_band,40-59,National General,2
2026-02,age_band,40-59,Orion180,4
2026-02,age_band,40-59,SageSure Auros,4
2026-02,age_band,40-59,SageSure SURE,2
2026-02,age_band,40-59,Swyfft Benchmark,1
2026-02,age_band,40-59,Travelers,1
2026-02,age_band,60+,Allied Trust,1
2026-02,age_band,60+,Liberty Mutual / Safeco,2
2026-02,age_band,60+,National General,2
2026-02,age_band,60+,SageSure Auros,5
2026-02,age_band,60+,Swyfft Benchmark,2
2026-02,covA_band,1M+,Allied Trust,2
2026-02,covA_band,1M+,Chubb,1
2026-02,covA_band,1M+,National General,1
2026-02,covA_band,1M+,SageSure SURE,2
2026-02,covA_band,1M+,SageSure Trium,2
2026-02,covA_band,1M+,Travelers,1
2026-02,covA_band,200-299K,ARI,2
2026-02,covA_band,200-299K,HOAIC,3
2026-02,covA_band,200-299K,Liberty Mutual / Safeco,2
2026-02,covA_band,200-299K,Mercury,2
2026-02,covA_band,200-299K,SageSure Auros,5
2026-02,covA_band,200-299K,SageSure SURE,1
2026-02,covA_band,200-299K,SageSure Trium,1
2026-02,covA_band,200-299K,Swyfft Benchmark,3
2026-02,covA_band,300-399K,ARI,4
2026-02,covA_band,300-399K,Allied Trust,1
2026-02,covA_band,300-399K,HOAIC,4
2026-02,covA_band,300-399K,Liberty Mutual / Safeco,3
2026-02,covA_band,300-399K,National General,3
2026-02,covA_band,300-399K,Orion180,2
2026-02,covA_band,300-399K,Progressive / ASI,2
2026-02,covA_band,300-399K,SageSure Auros,5
2026-02,covA_band,300-399K,SageSure SURE,1
2026-02,covA_band,300-399K,Swyfft Benchmark,3
2026-02,covA_band,300-399K,Travelers,3
2026-02,covA_band,400-599K,ARI,2
2026-02,covA_band,400-599K,Allied Trust,4
2026-02,covA_band,400-599K,HOAIC,6
2026-02,covA_band,400-599K,National General,2
2026-02,covA_band,400-599K,Orion180,7
2026-02,covA_band,400-599K,SageSure Auros,8
2026-02,covA_band,400-599K,SageSure SURE,2
2026-02,covA_band,400-599K,SageSure Trium,2
2026-02,covA_band,400-599K,Swyfft Benchmark,5
2026-02,covA_band,400-599K,Travelers,6
2026-02,covA_band,600-999K,Allied Trust,4
2026-02,covA_band,600-999K,HOAIC,3
2026-02,covA_band,600-999K,Liberty Mutual / Safeco,1
2026-02,covA_band,600-999K,Mercury,1
2026-02,covA_band,600-999K,National General,2
2026-02,covA_band,600-999K,Orion180,3
2026-02,covA_band,600-999K,SageSure Auros,4
2026-02,covA_band,600-999K,SageSure Trium,3
2026-02,covA_band,600-999K,Swyfft Benchmark,1
2026-02,covA_band,600-999K,Travelers,1
2026-03,age_band,0-9,ARI,2
2026-03,age_band,0-9,Allied Trust,2
2026-03,age_band,0-9,HOAIC,20
2026-03,age_band,0-9,Mercury,1
2026-03,age_band,0-9,Orion180,6
2026-03,age_band,0-9,SageSure Auros,4
2026-03,age_band,0-9,SageSure Trium,1
2026-03,age_band,0-9,Swyfft Benchmark,4
2026-03,age_band,0-9,Swyfft Lloyds (Surplus),1
2026-03,age_band,0-9,Travelers,3
2026-03,age_band,10-19,ARI,2
2026-03,age_band,10-19,Allied Trust,3
2026-03,age_band,10-19,Mercury,1
2026-03,age_band,10-19,Orion180,2
2026-03,age_band,10-19,SageSure Auros,2
2026-03,age_band,10-19,SageSure Occidental,1
2026-03,age_band,10-19,SageSure Trium,3
2026-03,age_band,10-19,Swyfft Benchmark,2
2026-03,age_band,10-19,Swyfft Lloyds (Surplus),1
2026-03,age_band,20-29,ARI,1
2026-03,age_band,20-29,Allied Trust,1
2026-03,age_band,20-29,Liberty Mutual / Safeco,4
2026-03,age_band,20-29,National General,2
2026-03,age_band,20-29,Orion180,4
2026-03,age_band,20-29,Progressive / ASI,1
2026-03,age_band,20-29,SageSure Auros,3
2026-03,age_band,20-29,SageSure Occidental,1
2026-03,age_band,20-29,SageSure Trium,4
2026-03,age_band,20-29,Swyfft Benchmark,1
2026-03,age_band,20-29,Travelers,1
2026-03,age_band,30-39,Allied Trust,3
2026-03,age_band,30-39,Orion180,2
2026-03,age_band,30-39,SageSure Auros,1
2026-03,age_band,40-59,Allied Trust,1
2026-03,age_band,40-59,Foremost,1
2026-03,age_band,40-59,Mercury,1
2026-03,age_band,40-59,National General,1
2026-03,age_band,40-59,Orion180,5
2026-03,age_band,40-59,SageSure Auros,3
2026-03,age_band,40-59,SageSure SURE,1
2026-03,age_band,40-59,SageSure Trium,2
2026-03,age_band,40-59,Swyfft Benchmark,1
2026-03,age_band,40-59,Travelers,3
2026-03,age_band,60+,Chubb,1
2026-03,age_band,60+,Liberty Mutual / Safeco,1
2026-03,age_band,60+,Mercury,2
2026-03,age_band,60+,National General,3
2026-03,age_band,60+,Orion180,2
2026-03,age_band,60+,SageSure Auros,2
2026-03,age_band,60+,SageSure SURE,2
2026-03,covA_band,1M+,Allied Trust,1
2026-03,covA_band,1M+,Chubb,1
2026-03,covA_band,1M+,Orion180,1
2026-03,covA_band,1M+,Swyfft Benchmark,2
2026-03,covA_band,1M+,Swyfft Lloyds (Surplus),1
2026-03,covA_band,200-299K,Foremost,1
2026-03,covA_band,200-299K,HOAIC,2
2026-03,covA_band,200-299K,Liberty Mutual / Safeco,1
2026-03,covA_band,200-299K,Mercury,2
2026-03,covA_band,200-299K,National General,1
2026-03,covA_band,200-299K,SageSure Auros,2
2026-03,covA_band,200-299K,SageSure Trium,1
2026-03,covA_band,200-299K,Swyfft Benchmark,1
2026-03,covA_band,200-299K,Travelers,1
2026-03,covA_band,300-399K,ARI,1
2026-03,covA_band,300-399K,Allied Trust,2
2026-03,covA_band,300-399K,HOAIC,6
2026-03,covA_band,300-399K,Liberty Mutual / Safeco,2
2026-03,covA_band,300-399K,Mercury,2
2026-03,covA_band,300-399K,National General,1
2026-03,covA_band,300-399K,Orion180,4
2026-03,covA_band,300-399K,Progressive / ASI,1
2026-03,covA_band,300-399K,SageSure Auros,5
2026-03,covA_band,300-399K,SageSure SURE,2
2026-03,covA_band,300-399K,SageSure Trium,1
2026-03,covA_band,300-399K,Swyfft Benchmark,2
2026-03,covA_band,300-399K,Travelers,2
2026-03,covA_band,400-599K,ARI,2
2026-03,covA_band,400-599K,Allied Trust,5
2026-03,covA_band,400-599K,HOAIC,10
2026-03,covA_band,400-599K,Liberty Mutual / Safeco,2
2026-03,covA_band,400-599K,National General,2
2026-03,covA_band,400-599K,Orion180,9
2026-03,covA_band,400-599K,SageSure Auros,5
2026-03,covA_band,400-599K,SageSure Occidental,1
2026-03,covA_band,400-599K,SageSure SURE,1
2026-03,covA_band,400-599K,SageSure Trium,5
2026-03,covA_band,400-599K,Swyfft Benchmark,1
2026-03,covA_band,400-599K,Swyfft Lloyds (Surplus),1
2026-03,covA_band,400-599K,Travelers,3
2026-03,covA_band,600-999K,Allied Trust,2
2026-03,covA_band,600-999K,HOAIC,2
2026-03,covA_band,600-999K,Mercury,1
2026-03,covA_band,600-999K,National General,2
2026-03,covA_band,600-999K,Orion180,7
2026-03,covA_band,600-999K,SageSure Auros,2
2026-03,covA_band,600-999K,SageSure Occidental,1
2026-03,covA_band,600-999K,SageSure Trium,3
2026-03,covA_band,600-999K,Swyfft Benchmark,2
2026-03,covA_band,600-999K,Travelers,1
2026-03,covA_band,<200K,SageSure Auros,1
2026-04,age_band,0-9,ARI,3
2026-04,age_band,0-9,Allied Trust,1
2026-04,age_band,0-9,HOAIC,15
2026-04,age_band,0-9,Liberty Mutual / Safeco,1
2026-04,age_band,0-9,Mercury,8
2026-04,age_band,0-9,Orion180,2
2026-04,age_band,0-9,SageSure Auros,4
2026-04,age_band,0-9,Swyfft Lloyds (Surplus),1
2026-04,age_band,0-9,Travelers,5
2026-04,age_band,10-19,Allied Trust,6
2026-04,age_band,10-19,Mercury,1
2026-04,age_band,10-19,National General,1
2026-04,age_band,10-19,SageSure Auros,1
2026-04,age_band,10-19,SageSure Trium,2
2026-04,age_band,10-19,Swyfft Benchmark,3
2026-04,age_band,10-19,Swyfft Lloyds (Surplus),1
2026-04,age_band,10-19,Travelers,2
2026-04,age_band,20-29,ARI,1
2026-04,age_band,20-29,Allied Trust,6
2026-04,age_band,20-29,Liberty Mutual / Safeco,1
2026-04,age_band,20-29,National General,1
2026-04,age_band,20-29,Orion180,7
2026-04,age_band,20-29,SageSure Auros,7
2026-04,age_band,20-29,SageSure SURE,1
2026-04,age_band,20-29,Swyfft Benchmark,3
2026-04,age_band,20-29,Swyfft Lloyds (Surplus),1
2026-04,age_band,20-29,Travelers,5
2026-04,age_band,30-39,HOAIC,1
2026-04,age_band,30-39,Liberty Mutual / Safeco,1
2026-04,age_band,30-39,Orion180,2
2026-04,age_band,30-39,SageSure Auros,2
2026-04,age_band,30-39,SageSure Trium,1
2026-04,age_band,30-39,Travelers,1
2026-04,age_band,40-59,Liberty Mutual / Safeco,1
2026-04,age_band,40-59,National General,1
2026-04,age_band,40-59,Orion180,1
2026-04,age_band,40-59,SageSure Auros,6
2026-04,age_band,40-59,SageSure Markel,1
2026-04,age_band,40-59,SageSure SURE,1
2026-04,age_band,40-59,Swyfft Benchmark,4
2026-04,age_band,60+,Allied Trust,1
2026-04,age_band,60+,Liberty Mutual / Safeco,1
2026-04,age_band,60+,Mercury,2
2026-04,age_band,60+,SageSure Auros,1
2026-04,age_band,60+,Travelers,2
2026-04,covA_band,1M+,Allied Trust,4
2026-04,covA_band,1M+,HOAIC,1
2026-04,covA_band,1M+,Mercury,1
2026-04,covA_band,1M+,Orion180,1
2026-04,covA_band,1M+,Swyfft Benchmark,2
2026-04,covA_band,200-299K,HOAIC,1
2026-04,covA_band,200-299K,Mercury,2
2026-04,covA_band,200-299K,National General,1
2026-04,covA_band,200-299K,SageSure Auros,4
2026-04,covA_band,200-299K,SageSure Trium,1
2026-04,covA_band,200-299K,Swyfft Benchmark,2
2026-04,covA_band,300-399K,ARI,3
2026-04,covA_band,300-399K,HOAIC,4
2026-04,covA_band,300-399K,Liberty Mutual / Safeco,5
2026-04,covA_band,300-399K,Mercury,5
2026-04,covA_band,300-399K,Orion180,1
2026-04,covA_band,300-399K,SageSure Auros,4
2026-04,covA_band,300-399K,SageSure SURE,1
2026-04,covA_band,300-399K,SageSure Trium,1
2026-04,covA_band,300-399K,Swyfft Benchmark,1
2026-04,covA_band,300-399K,Travelers,5
2026-04,covA_band,400-599K,ARI,1
2026-04,covA_band,400-599K,Allied Trust,5
2026-04,covA_band,400-599K,HOAIC,7
2026-04,covA_band,400-599K,Mercury,1
2026-04,covA_band,400-599K,Orion180,5
2026-04,covA_band,400-599K,SageSure Auros,9
2026-04,covA_band,400-599K,SageSure Markel,1
2026-04,covA_band,400-599K,SageSure Trium,1
2026-04,covA_band,400-599K,Swyfft Benchmark,5
2026-04,covA_band,400-599K,Swyfft Lloyds (Surplus),1
2026-04,covA_band,400-599K,Travelers,8
2026-04,covA_band,600-999K,Allied Trust,5
2026-04,covA_band,600-999K,HOAIC,3
2026-04,covA_band,600-999K,Mercury,2
2026-04,covA_band,600-999K,National General,2
2026-04,covA_band,600-999K,Orion180,5
2026-04,covA_band,600-999K,SageSure Auros,4
2026-04,covA_band,600-999K,SageSure SURE,1
2026-04,covA_band,600-999K,Swyfft Lloyds (Surplus),2
2026-04,covA_band,600-999K,Travelers,1
2026-04,covA_band,<200K,Travelers,1
2026-05,age_band,0-9,Allied Trust,2
2026-05,age_band,0-9,HOAIC,19
2026-05,age_band,0-9,Liberty Mutual / Safeco,1
2026-05,age_band,0-9,Mercury,1
2026-05,age_band,0-9,National General,3
2026-05,age_band,0-9,Progressive / ASI,1
2026-05,age_band,0-9,SageSure Auros,9
2026-05,age_band,0-9,SageSure Occidental,1
2026-05,age_band,0-9,SageSure SURE,1
2026-05,age_band,0-9,Swyfft Benchmark,4
2026-05,age_band,0-9,Travelers,8
2026-05,age_band,10-19,Allied Trust,5
2026-05,age_band,10-19,Liberty Mutual / Safeco,1
2026-05,age_band,10-19,National General,4
2026-05,age_band,10-19,SageSure Auros,6
2026-05,age_band,10-19,SageSure Trium,1
2026-05,age_band,10-19,Swyfft Benchmark,2
2026-05,age_band,10-19,Travelers,2
2026-05,age_band,20-29,Liberty Mutual / Safeco,1
2026-05,age_band,20-29,National General,3
2026-05,age_band,20-29,Orion180,2
2026-05,age_band,20-29,SageSure Auros,5
2026-05,age_band,20-29,Swyfft Benchmark,3
2026-05,age_band,20-29,Travelers,2
2026-05,age_band,30-39,Allied Trust,2
2026-05,age_band,30-39,Foremost,1
2026-05,age_band,30-39,National General,2
2026-05,age_band,30-39,Orion180,1
2026-05,age_band,30-39,SageSure Auros,3
2026-05,age_band,30-39,SageSure SURE,1
2026-05,age_band,30-39,SageSure Trium,1
2026-05,age_band,40-59,Liberty Mutual / Safeco,2
2026-05,age_band,40-59,National General,3
2026-05,age_band,40-59,Orion180,3
2026-05,age_band,40-59,SageSure Auros,10
2026-05,age_band,40-59,SageSure Trium,2
2026-05,age_band,40-59,Swyfft Benchmark,2
2026-05,age_band,60+,Liberty Mutual / Safeco,1
2026-05,age_band,60+,Mercury,1
2026-05,age_band,60+,National General,6
2026-05,age_band,60+,Orion180,1
2026-05,age_band,60+,SageSure Auros,3
2026-05,covA_band,1M+,Mercury,1
2026-05,covA_band,1M+,Orion180,1
2026-05,covA_band,1M+,Progressive / ASI,1
2026-05,covA_band,1M+,SageSure SURE,1
2026-05,covA_band,1M+,Swyfft Benchmark,1
2026-05,covA_band,200-299K,HOAIC,2
2026-05,covA_band,200-299K,Mercury,1
2026-05,covA_band,200-299K,National General,4
2026-05,covA_band,200-299K,SageSure Auros,7
2026-05,covA_band,200-299K,SageSure Trium,2
2026-05,covA_band,200-299K,Swyfft Benchmark,2
2026-05,covA_band,300-399K,Allied Trust,2
2026-05,covA_band,300-399K,HOAIC,8
2026-05,covA_band,300-399K,Liberty Mutual / Safeco,2
2026-05,covA_band,300-399K,National General,3
2026-05,covA_band,300-399K,Orion180,4
2026-05,covA_band,300-399K,SageSure Auros,8
2026-05,covA_band,300-399K,Swyfft Benchmark,1
2026-05,covA_band,300-399K,Travelers,4
2026-05,covA_band,400-599K,Allied Trust,3
2026-05,covA_band,400-599K,HOAIC,6
2026-05,covA_band,400-599K,Liberty Mutual / Safeco,2
2026-05,covA_band,400-599K,National General,6
2026-05,covA_band,400-599K,Orion180,1
2026-05,covA_band,400-599K,SageSure Auros,11
2026-05,covA_band,400-599K,SageSure Occidental,1
2026-05,covA_band,400-599K,SageSure SURE,1
2026-05,covA_band,400-599K,SageSure Trium,1
2026-05,covA_band,400-599K,Swyfft Benchmark,4
2026-05,covA_band,400-599K,Travelers,2
2026-05,covA_band,600-999K,Allied Trust,4
2026-05,covA_band,600-999K,HOAIC,3
2026-05,covA_band,600-999K,Liberty Mutual / Safeco,1
2026-05,covA_band,600-999K,National General,8
2026-05,covA_band,600-999K,Orion180,1
2026-05,covA_band,600-999K,SageSure Auros,10
2026-05,covA_band,600-999K,SageSure Trium,1
2026-05,covA_band,600-999K,Swyfft Benchmark,3
2026-05,covA_band,600-999K,Travelers,6
2026-05,covA_band,<200K,Foremost,1
2026-06,age_band,0-9,ARI,1
2026-06,age_band,0-9,HOAIC,21
2026-06,age_band,0-9,Mercury,3
2026-06,age_band,0-9,National General,1
2026-06,age_band,0-9,Orion180,4
2026-06,age_band,0-9,Progressive / ASI,2
2026-06,age_band,0-9,SageSure Auros,12
2026-06,age_band,0-9,Swyfft Benchmark,1
2026-06,age_band,0-9,Swyfft Lloyds (Surplus),1
2026-06,age_band,0-9,Travelers,7
2026-06,age_band,10-19,ARI,2
2026-06,age_band,10-19,Allied Trust,3
2026-06,age_band,10-19,Chubb,1
2026-06,age_band,10-19,Mercury,1
2026-06,age_band,10-19,National General,3
2026-06,age_band,10-19,Orion180,2
2026-06,age_band,10-19,Progressive / ASI,1
2026-06,age_band,10-19,SageSure Auros,5
2026-06,age_band,10-19,SageSure SURE,1
2026-06,age_band,10-19,Swyfft Benchmark,2
2026-06,age_band,10-19,Travelers,1
2026-06,age_band,20-29,ARI,1
2026-06,age_band,20-29,Allied Trust,1
2026-06,age_band,20-29,National General,6
2026-06,age_band,20-29,SageSure Auros,3
2026-06,age_band,20-29,SageSure Trium,1
2026-06,age_band,20-29,Swyfft Benchmark,1
2026-06,age_band,20-29,Swyfft Lloyds (Surplus),1
2026-06,age_band,20-29,Travelers,2
2026-06,age_band,30-39,National General,4
2026-06,age_band,30-39,Orion180,3
2026-06,age_band,30-39,Progressive / ASI,1
2026-06,age_band,30-39,SageSure Auros,5
2026-06,age_band,30-39,Travelers,2
2026-06,age_band,40-59,HOAIC,1
2026-06,age_band,40-59,Liberty Mutual / Safeco,1
2026-06,age_band,40-59,National General,2
2026-06,age_band,40-59,Orion180,7
2026-06,age_band,40-59,SageSure Auros,6
2026-06,age_band,40-59,SageSure Occidental,1
2026-06,age_band,40-59,SageSure Trium,2
2026-06,age_band,40-59,Swyfft Benchmark,1
2026-06,age_band,40-59,Travelers,1
2026-06,age_band,60+,SageSure Auros,2
2026-06,age_band,60+,SageSure SURE,1
2026-06,covA_band,1M+,Allied Trust,2
2026-06,covA_band,1M+,Chubb,1
2026-06,covA_band,1M+,HOAIC,1
2026-06,covA_band,1M+,Progressive / ASI,2
2026-06,covA_band,1M+,SageSure SURE,1
2026-06,covA_band,1M+,Swyfft Benchmark,1
2026-06,covA_band,200-299K,ARI,1
2026-06,covA_band,200-299K,HOAIC,2
2026-06,covA_band,200-299K,Mercury,1
2026-06,covA_band,200-299K,National General,2
2026-06,covA_band,200-299K,SageSure Auros,4
2026-06,covA_band,300-399K,ARI,1
2026-06,covA_band,300-399K,HOAIC,8
2026-06,covA_band,300-399K,Liberty Mutual / Safeco,1
2026-06,covA_band,300-399K,Mercury,2
2026-06,covA_band,300-399K,National General,6
2026-06,covA_band,300-399K,Orion180,5
2026-06,covA_band,300-399K,SageSure Auros,4
2026-06,covA_band,300-399K,SageSure Occidental,1
2026-06,covA_band,300-399K,Swyfft Benchmark,2
2026-06,covA_band,300-399K,Swyfft Lloyds (Surplus),1
2026-06,covA_band,400-599K,ARI,2
2026-06,covA_band,400-599K,HOAIC,10
2026-06,covA_band,400-599K,Mercury,1
2026-06,covA_band,400-599K,National General,6
2026-06,covA_band,400-599K,Orion180,5
2026-06,covA_band,400-599K,Progressive / ASI,1
2026-06,covA_band,400-599K,SageSure Auros,17
2026-06,covA_band,400-599K,SageSure SURE,1
2026-06,covA_band,400-599K,SageSure Trium,2
2026-06,covA_band,400-599K,Swyfft Benchmark,2
2026-06,covA_band,400-599K,Swyfft Lloyds (Surplus),1
2026-06,covA_band,400-599K,Travelers,5
2026-06,covA_band,600-999K,Allied Trust,2
2026-06,covA_band,600-999K,HOAIC,1
2026-06,covA_band,600-999K,National General,2
2026-06,covA_band,600-999K,Orion180,6
2026-06,covA_band,600-999K,Progressive / ASI,1
2026-06,covA_band,600-999K,SageSure Auros,8
2026-06,covA_band,600-999K,SageSure Trium,1
2026-06,covA_band,600-999K,Travelers,8
2026-07,age_band,0-9,HOAIC,22
2026-07,age_band,0-9,Mercury,2
2026-07,age_band,0-9,National General,1
2026-07,age_band,0-9,Orion180,2
2026-07,age_band,0-9,Progressive / ASI,2
2026-07,age_band,0-9,SageSure Auros,4
2026-07,age_band,0-9,SageSure SURE,1
2026-07,age_band,0-9,Swyfft Benchmark,1
2026-07,age_band,0-9,Travelers,8
2026-07,age_band,10-19,Allied Trust,1
2026-07,age_band,10-19,National General,6
2026-07,age_band,10-19,Orion180,1
2026-07,age_band,10-19,SageSure Auros,3
2026-07,age_band,10-19,SageSure Occidental,1
2026-07,age_band,10-19,SageSure SURE,2
2026-07,age_band,10-19,SageSure Trium,2
2026-07,age_band,10-19,Swyfft Benchmark,1
2026-07,age_band,10-19,Travelers,2
2026-07,age_band,20-29,ARI,1
2026-07,age_band,20-29,Allied Trust,1
2026-07,age_band,20-29,HOAIC,1
2026-07,age_band,20-29,Liberty Mutual / Safeco,1
2026-07,age_band,20-29,National General,5
2026-07,age_band,20-29,Orion180,2
2026-07,age_band,20-29,SageSure Auros,3
2026-07,age_band,20-29,Swyfft Benchmark,1
2026-07,age_band,20-29,Travelers,2
2026-07,age_band,30-39,Allied Trust,1
2026-07,age_band,30-39,National General,5
2026-07,age_band,30-39,Progressive / ASI,1
2026-07,age_band,30-39,SageSure Auros,2
2026-07,age_band,30-39,Swyfft Benchmark,1
2026-07,age_band,40-59,Allied Trust,1
2026-07,age_band,40-59,HOAIC,1
2026-07,age_band,40-59,Liberty Mutual / Safeco,1
2026-07,age_band,40-59,Mercury,2
2026-07,age_band,40-59,National General,6
2026-07,age_band,40-59,Orion180,3
2026-07,age_band,40-59,SageSure Auros,8
2026-07,age_band,40-59,Travelers,1
2026-07,age_band,60+,HOAIC,1
2026-07,age_band,60+,National General,3
2026-07,age_band,60+,Orion180,1
2026-07,age_band,60+,SageSure Auros,5
2026-07,covA_band,1M+,National General,2
2026-07,covA_band,1M+,Progressive / ASI,1
2026-07,covA_band,1M+,SageSure SURE,3
2026-07,covA_band,1M+,Travelers,2
2026-07,covA_band,200-299K,HOAIC,3
2026-07,covA_band,200-299K,Mercury,1
2026-07,covA_band,200-299K,National General,2
2026-07,covA_band,200-299K,SageSure Auros,1
2026-07,covA_band,300-399K,ARI,1
2026-07,covA_band,300-399K,Allied Trust,2
2026-07,covA_band,300-399K,HOAIC,7
2026-07,covA_band,300-399K,Mercury,2
2026-07,covA_band,300-399K,National General,1
2026-07,covA_band,300-399K,Orion180,1
2026-07,covA_band,300-399K,Progressive / ASI,1
2026-07,covA_band,300-399K,SageSure Auros,8
2026-07,covA_band,300-399K,Swyfft Benchmark,3
2026-07,covA_band,300-399K,TWICO,1
2026-07,covA_band,300-399K,Travelers,1
2026-07,covA_band,400-599K,HOAIC,9
2026-07,covA_band,400-599K,Liberty Mutual / Safeco,2
2026-07,covA_band,400-599K,Mercury,1
2026-07,covA_band,400-599K,National General,10
2026-07,covA_band,400-599K,Orion180,2
2026-07,covA_band,400-599K,SageSure Auros,5
2026-07,covA_band,400-599K,SageSure Occidental,1
2026-07,covA_band,400-599K,SageSure Trium,1
2026-07,covA_band,400-599K,Travelers,7
2026-07,covA_band,600-999K,Allied Trust,2
2026-07,covA_band,600-999K,HOAIC,6
2026-07,covA_band,600-999K,National General,11
2026-07,covA_band,600-999K,Orion180,5
2026-07,covA_band,600-999K,Progressive / ASI,1
2026-07,covA_band,600-999K,SageSure Auros,10
2026-07,covA_band,600-999K,SageSure Trium,1
2026-07,covA_band,600-999K,Swyfft Benchmark,1
2026-07,covA_band,600-999K,Travelers,3
2026-07,covA_band,<200K,SageSure Auros,1
2026-08,age_band,0-9,ARI,1
2026-08,age_band,0-9,Allied Trust,1
2026-08,age_band,0-9,HOAIC,19
2026-08,age_band,0-9,National General,3
2026-08,age_band,0-9,Orion180,3
2026-08,age_band,0-9,Progressive / ASI,3
2026-08,age_band,0-9,SageSure Auros,3
2026-08,age_band,0-9,SageSure Trium,1
2026-08,age_band,0-9,Swyfft Benchmark,1
2026-08,age_band,0-9,Travelers,5
2026-08,age_band,10-19,Allied Trust,2
2026-08,age_band,10-19,HOAIC,2
2026-08,age_band,10-19,National General,2
2026-08,age_band,10-19,Orion180,1
2026-08,age_band,10-19,SageSure Auros,5
2026-08,age_band,10-19,SageSure SURE,1
2026-08,age_band,10-19,SageSure SafePort,1
2026-08,age_band,10-19,SageSure Trium,2
2026-08,age_band,10-19,Swyfft Benchmark,2
2026-08,age_band,10-19,Travelers,3
2026-08,age_band,20-29,Allied Trust,2
2026-08,age_band,20-29,Foremost,1
2026-08,age_band,20-29,Liberty Mutual / Safeco,1
2026-08,age_band,20-29,Mercury,1
2026-08,age_band,20-29,National General,5
2026-08,age_band,20-29,SageSure Auros,4
2026-08,age_band,20-29,SageSure Trium,4
2026-08,age_band,20-29,Swyfft Benchmark,2
2026-08,age_band,20-29,Swyfft Lloyds (Surplus),1
2026-08,age_band,20-29,Travelers,4
2026-08,age_band,30-39,Foremost,1
2026-08,age_band,30-39,Liberty Mutual / Safeco,1
2026-08,age_band,30-39,Mercury,1
2026-08,age_band,30-39,National General,3
2026-08,age_band,30-39,Progressive / ASI,1
2026-08,age_band,30-39,SageSure Auros,2
2026-08,age_band,30-39,SageSure Trium,1
2026-08,age_band,30-39,Swyfft Benchmark,1
2026-08,age_band,40-59,Allied Trust,1
2026-08,age_band,40-59,Chubb,1
2026-08,age_band,40-59,Foremost,1
2026-08,age_band,40-59,HOAIC,2
2026-08,age_band,40-59,Liberty Mutual / Safeco,2
2026-08,age_band,40-59,Mercury,1
2026-08,age_band,40-59,National General,11
2026-08,age_band,40-59,SageSure Auros,11
2026-08,age_band,40-59,Swyfft Benchmark,1
2026-08,age_band,40-59,Travelers,1
2026-08,age_band,60+,National General,3
2026-08,age_band,60+,Progressive / ASI,1
2026-08,age_band,60+,SageSure Auros,4
2026-08,age_band,60+,SageSure Occidental,1
2026-08,age_band,60+,Swyfft Benchmark,1
2026-08,covA_band,1M+,Chubb,1
2026-08,covA_band,1M+,HOAIC,1
2026-08,covA_band,1M+,National General,2
2026-08,covA_band,1M+,Progressive / ASI,1
2026-08,covA_band,1M+,SageSure Auros,1
2026-08,covA_band,200-299K,ARI,1
2026-08,covA_band,200-299K,HOAIC,3
2026-08,covA_band,200-299K,Liberty Mutual / Safeco,1
2026-08,covA_band,200-299K,Progressive / ASI,1
2026-08,covA_band,200-299K,SageSure Auros,4
2026-08,covA_band,200-299K,SageSure Trium,1
2026-08,covA_band,200-299K,Swyfft Benchmark,2
2026-08,covA_band,300-399K,Allied Trust,2
2026-08,covA_band,300-399K,HOAIC,4
2026-08,covA_band,300-399K,Liberty Mutual / Safeco,1
2026-08,covA_band,300-399K,Mercury,1
2026-08,covA_band,300-399K,National General,8
2026-08,covA_band,300-399K,Progressive / ASI,3
2026-08,covA_band,300-399K,SageSure Auros,10
2026-08,covA_band,300-399K,SageSure Occidental,1
2026-08,covA_band,300-399K,SageSure Trium,1
2026-08,covA_band,300-399K,Swyfft Benchmark,4
2026-08,covA_band,300-399K,Travelers,2
2026-08,covA_band,400-599K,Allied Trust,3
2026-08,covA_band,400-599K,HOAIC,9
2026-08,covA_band,400-599K,Liberty Mutual / Safeco,2
2026-08,covA_band,400-599K,Mercury,2
2026-08,covA_band,400-599K,National General,9
2026-08,covA_band,400-599K,Orion180,1
2026-08,covA_band,400-599K,SageSure Auros,8
2026-08,covA_band,400-599K,SageSure SURE,1
2026-08,covA_band,400-599K,SageSure SafePort,1
2026-08,covA_band,400-599K,SageSure Trium,4
2026-08,covA_band,400-599K,Swyfft Benchmark,2
2026-08,covA_band,400-599K,Swyfft Lloyds (Surplus),1
2026-08,covA_band,400-599K,Travelers,8
2026-08,covA_band,600-999K,Allied Trust,1
2026-08,covA_band,600-999K,HOAIC,5
2026-08,covA_band,600-999K,National General,8
2026-08,covA_band,600-999K,Orion180,3
2026-08,covA_band,600-999K,SageSure Auros,6
2026-08,covA_band,600-999K,SageSure Trium,2
2026-08,covA_band,600-999K,Travelers,3
2026-08,covA_band,<200K,Foremost,3
2026-08,covA_band,<200K,National General,1
2026-09,age_band,0-9,HOAIC,23
2026-09,age_band,0-9,Liberty Mutual / Safeco,2
2026-09,age_band,0-9,Mercury,3
2026-09,age_band,0-9,National General,1
2026-09,age_band,0-9,Orion180,1
2026-09,age_band,0-9,Progressive / ASI,4
2026-09,age_band,0-9,SageSure Auros,10
2026-09,age_band,0-9,SageSure SURE,1
2026-09,age_band,0-9,SageSure SafePort,1
2026-09,age_band,0-9,Swyfft Benchmark,1
2026-09,age_band,0-9,Travelers,2
2026-09,age_band,10-19,ARI,1
2026-09,age_band,10-19,Allied Trust,1
2026-09,age_band,10-19,HOAIC,4
2026-09,age_band,10-19,Mercury,1
2026-09,age_band,10-19,National General,1
2026-09,age_band,10-19,SageSure Auros,4
2026-09,age_band,10-19,Travelers,3
2026-09,age_band,20-29,HOAIC,1
2026-09,age_band,20-29,Mercury,1
2026-09,age_band,20-29,National General,4
2026-09,age_band,20-29,Orion180,3
2026-09,age_band,20-29,SageSure Auros,4
2026-09,age_band,20-29,SageSure SURE,1
2026-09,age_band,20-29,Swyfft Benchmark,4
2026-09,age_band,20-29,TWICO,1
2026-09,age_band,20-29,Travelers,1
2026-09,age_band,30-39,Allied Trust,2
2026-09,age_band,30-39,Mercury,1
2026-09,age_band,30-39,National General,1
2026-09,age_band,30-39,Orion180,2
2026-09,age_band,30-39,SageSure Auros,1
2026-09,age_band,30-39,SageSure SafePort,1
2026-09,age_band,30-39,Swyfft Lloyds (Surplus),1
2026-09,age_band,30-39,Travelers,1
2026-09,age_band,40-59,HOAIC,3
2026-09,age_band,40-59,Mercury,2
2026-09,age_band,40-59,National General,1
2026-09,age_band,40-59,Orion180,2
2026-09,age_band,40-59,Progressive / ASI,1
2026-09,age_band,40-59,SageSure Auros,3
2026-09,age_band,40-59,Travelers,1
2026-09,age_band,60+,Mercury,2
2026-09,age_band,60+,National General,1
2026-09,age_band,60+,Orion180,1
2026-09,covA_band,1M+,HOAIC,1
2026-09,covA_band,1M+,Progressive / ASI,1
2026-09,covA_band,1M+,SageSure SURE,1
2026-09,covA_band,1M+,SageSure SafePort,2
2026-09,covA_band,200-299K,HOAIC,2
2026-09,covA_band,200-299K,National General,1
2026-09,covA_band,200-299K,Progressive / ASI,2
2026-09,covA_band,200-299K,SageSure Auros,3
2026-09,covA_band,200-299K,Swyfft Benchmark,1
2026-09,covA_band,300-399K,ARI,1
2026-09,covA_band,300-399K,HOAIC,7
2026-09,covA_band,300-399K,Mercury,4
2026-09,covA_band,300-399K,Orion180,6
2026-09,covA_band,300-399K,SageSure Auros,1
2026-09,covA_band,300-399K,Swyfft Benchmark,3
2026-09,covA_band,300-399K,Swyfft Lloyds (Surplus),1
2026-09,covA_band,300-399K,Travelers,2
2026-09,covA_band,400-599K,Allied Trust,1
2026-09,covA_band,400-599K,HOAIC,14
2026-09,covA_band,400-599K,Liberty Mutual / Safeco,1
2026-09,covA_band,400-599K,Mercury,6
2026-09,covA_band,400-599K,National General,3
2026-09,covA_band,400-599K,Orion180,1
2026-09,covA_band,400-599K,Progressive / ASI,2
2026-09,covA_band,400-599K,SageSure Auros,12
2026-09,covA_band,400-599K,Travelers,4
2026-09,covA_band,600-999K,Allied Trust,2
2026-09,covA_band,600-999K,HOAIC,7
2026-09,covA_band,600-999K,National General,5
2026-09,covA_band,600-999K,Orion180,2
2026-09,covA_band,600-999K,SageSure Auros,5
2026-09,covA_band,600-999K,SageSure SURE,1
2026-09,covA_band,600-999K,Swyfft Benchmark,1
2026-09,covA_band,600-999K,Travelers,2
2026-09,covA_band,<200K,SageSure Auros,1
2026-10,age_band,0-9,HOAIC,1
2026-10,age_band,0-9,Mercury,1
2026-10,age_band,0-9,National General,1
2026-10,age_band,0-9,Orion180,1
2026-10,age_band,0-9,Progressive / ASI,1
2026-10,age_band,0-9,SageSure Auros,2
2026-10,age_band,0-9,Travelers,1
2026-10,age_band,10-19,ARI,1
2026-10,age_band,10-19,Allied Trust,1
2026-10,age_band,10-19,SageSure Auros,1
2026-10,age_band,10-19,SageSure Trium,1
2026-10,age_band,20-29,Swyfft Benchmark,1
2026-10,age_band,20-29,Travelers,1
2026-10,age_band,40-59,HOAIC,3
2026-10,age_band,40-59,SageSure Auros,4
2026-10,age_band,60+,HOAIC,1
2026-10,age_band,60+,Mercury,1
2026-10,covA_band,1M+,Mercury,1
2026-10,covA_band,200-299K,SageSure Trium,1
2026-10,covA_band,300-399K,HOAIC,2
2026-10,covA_band,300-399K,National General,1
2026-10,covA_band,300-399K,SageSure Auros,5
2026-10,covA_band,400-599K,ARI,1
2026-10,covA_band,400-599K,Allied Trust,1
2026-10,covA_band,400-599K,HOAIC,2
2026-10,covA_band,400-599K,Orion180,1
2026-10,covA_band,400-599K,Progressive / ASI,1
2026-10,covA_band,400-599K,SageSure Auros,2
2026-10,covA_band,400-599K,Swyfft Benchmark,1
2026-10,covA_band,400-599K,Travelers,1
2026-10,covA_band,600-999K,HOAIC,2
2026-10,covA_band,600-999K,Mercury,1
2026-10,covA_band,600-999K,Travelers,1
