month,county,market,n
2003-07,Harris,Progressive / ASI,1
2004-02,Waller,Liberty Mutual / Safeco,1
2004-04,Harris,Progressive / ASI,1
2004-05,Harris,Progressive / ASI,2
2004-06,Harris,Progressive / ASI,3
2004-06,Llano,Progressive / ASI,1
2004-07,Fort Bend,Progressive / ASI,1
2004-07,Harris,Liberty Mutual / Safeco,3
2004-07,Harris,Progressive / ASI,4
2004-08,Fort Bend,Progressive / ASI,2
2004-08,Harris,Progressive / ASI,5
2004-09,Fort Bend,Progressive / ASI,1
2004-09,Harris,Progressive / ASI,1
2004-11,Fort Bend,Progressive / ASI,1
2004-12,Fort Bend,Liberty Mutual / Safeco,1
2005-01,Fort Bend,SageSure Occidental,1
2005-01,Harris,Liberty Mutual / Safeco,2
2005-01,Harris,Progressive / ASI,1
2005-02,Harris,Liberty Mutual / Safeco,2
2005-02,Harris,Progressive / ASI,1
2005-03,Fort Bend,Liberty Mutual / Safeco,1
2005-04,Fort Bend,Liberty Mutual / Safeco,1
2005-06,Franklin,Progressive / ASI,1
2005-06,Harris,Liberty Mutual / Safeco,2
2005-06,Harris,Progressive / ASI,1
2005-07,Harris,Progressive / ASI,2
2005-08,Galveston,Progressive / ASI,1
2005-09,Harris,Progressive / ASI,1
2005-10,Harris,HOAIC,1
2005-10,Harris,Progressive / ASI,2
2005-11,Harris,HOAIC,1
2005-12,Fort Bend,Progressive / ASI,1
2006-01,Harris,Progressive / ASI,2
2006-01,Montgomery,Liberty Mutual / Safeco,1
2006-02,Harris,Liberty Mutual / Safeco,2
2006-03,Harris,Chubb,1
2006-03,Harris,Liberty Mutual / Safeco,2
2006-03,Harris,Progressive / ASI,2
2006-03,Hays,Progressive / ASI,1
2006-04,Harris,Liberty Mutual / Safeco,5
2006-05,Harris,Foremost,1
2006-05,Harris,Liberty Mutual / Safeco,9
2006-05,Harris,Progressive / ASI,4
2006-05,Montgomery,Liberty Mutual / Safeco,1
2006-06,Dallas,Liberty Mutual / Safeco,1
2006-06,Fort Bend,Liberty Mutual / Safeco,1
2006-06,Fort Bend,Progressive / ASI,2
2006-06,Harris,Foremost,1
2006-06,Harris,Liberty Mutual / Safeco,10
2006-06,Harris,Progressive / ASI,5
2006-06,Montgomery,Progressive / ASI,1
2006-06,Travis,Liberty Mutual / Safeco,1
2006-07,Brazoria,Progressive / ASI,1
2006-07,Fort Bend,Progressive / ASI,4
2006-07,Galveston,Progressive / ASI,1
2006-07,Harris,Foremost,4
2006-07,Harris,HOAIC,2
2006-07,Harris,Liberty Mutual / Safeco,42
2006-07,Harris,Progressive / ASI,15
2006-07,Harris,SageSure Occidental,1
2006-07,Hays,Liberty Mutual / Safeco,1
2006-07,Jefferson,Progressive / ASI,1
2006-07,Montgomery,Liberty Mutual / Safeco,1
2006-07,Travis,Liberty Mutual / Safeco,1
2006-08,Brazoria,Progressive / ASI,10
2006-08,Brazoria,SageSure Occidental,1
2006-08,Brazos,Liberty Mutual / Safeco,1
2006-08,Brazos,Progressive / ASI,1
2006-08,Ector,Progressive / ASI,1
2006-08,Fort Bend,Liberty Mutual / Safeco,5
2006-08,Fort Bend,Progressive / ASI,4
2006-08,Galveston,Progressive / ASI,3
2006-08,Harris,HOAIC,1
2006-08,Harris,Liberty Mutual / Safeco,32
2006-08,Harris,Progressive / ASI,19
2006-09,Brazoria,Progressive / ASI,1
2006-09,Brazos,Liberty Mutual / Safeco,1
2006-09,Fort Bend,Liberty Mutual / Safeco,1
2006-09,Fort Bend,Progressive / ASI,1
2006-09,Harris,Liberty Mutual / Safeco,14
2006-09,Harris,Progressive / ASI,6
2006-10,Blanco,Progressive / ASI,1
2006-10,Brazoria,Progressive / ASI,2
2006-10,Fort Bend,Liberty Mutual / Safeco,2
2006-10,Galveston,Progressive / ASI,1
2006-10,Harris,Foremost,1
2006-10,Harris,Liberty Mutual / Safeco,10
2006-10,Harris,Progressive / ASI,4
2006-10,Montgomery,Progressive / ASI,1
2006-11,Fort Bend,Liberty Mutual / Safeco,2
2006-11,Fort Bend,Progressive / ASI,2
2006-11,Galveston,Progressive / ASI,1
2006-11,Harris,HOAIC,1
2006-11,Harris,Liberty Mutual / Safeco,7
2006-11,Harris,Progressive / ASI,6
2006-12,Brazoria,Progressive / ASI,1
2006-12,Dallas,Progressive / ASI,1
2006-12,Fort Bend,Liberty Mutual / Safeco,1
2006-12,Galveston,Progressive / ASI,2
2006-12,Harris,HOAIC,2
2006-12,Harris,Liberty Mutual / Safeco,11
2006-12,Harris,Progressive / ASI,5
2006-12,Montgomery,Liberty Mutual / Safeco,1
2007-01,Dallas,Liberty Mutual / Safeco,1
2007-01,Fort Bend,Liberty Mutual / Safeco,2
2007-01,Harris,Liberty Mutual / Safeco,6
2007-01,Harris,Progressive / ASI,1
2007-02,Brazoria,Progressive / ASI,1
2007-02,Fort Bend,Liberty Mutual / Safeco,4
2007-02,Galveston,Progressive / ASI,1
2007-02,Harris,Liberty Mutual / Safeco,4
2007-02,Harris,Progressive / ASI,3
2007-02,Travis,Liberty Mutual / Safeco,1
2007-03,Harris,Liberty Mutual / Safeco,4
2007-04,Chambers,Progressive / ASI,1
2007-04,Fort Bend,Liberty Mutual / Safeco,2
2007-04,Harris,Liberty Mutual / Safeco,5
2007-04,Harris,Progressive / ASI,2
2007-05,Brazoria,Progressive / ASI,1
2007-05,Fort Bend,Liberty Mutual / Safeco,5
2007-05,Fort Bend,Progressive / ASI,1
2007-05,Galveston,Progressive / ASI,2
2007-05,Harris,Liberty Mutual / Safeco,6
2007-05,Harris,Progressive / ASI,3
2007-05,Montgomery,Liberty Mutual / Safeco,1
2007-05,Travis,Liberty Mutual / Safeco,1
2007-06,Brazoria,Progressive / ASI,1
2007-06,Fort Bend,Liberty Mutual / Safeco,3
2007-06,Galveston,Progressive / ASI,2
2007-06,Harris,Liberty Mutual / Safeco,8
2007-07,Fort Bend,Liberty Mutual / Safeco,1
2007-07,Fort Bend,Progressive / ASI,1
2007-07,Galveston,Progressive / ASI,1
2007-07,Harris,HOAIC,1
2007-07,Harris,Liberty Mutual / Safeco,11
2007-07,Harris,Progressive / ASI,2
2007-07,Randall,Progressive / ASI,1
2007-08,Brazoria,Progressive / ASI,1
2007-08,Fort Bend,Liberty Mutual / Safeco,5
2007-08,Fort Bend,Progressive / ASI,2
2007-08,Harris,HOAIC,2
2007-08,Harris,Liberty Mutual / Safeco,13
2007-08,Harris,Progressive / ASI,4
2007-08,Montgomery,Liberty Mutual / Safeco,1
2007-08,Montgomery,Progressive / ASI,2
2007-08,Travis,Liberty Mutual / Safeco,1
2007-09,Brazoria,Progressive / ASI,2
2007-09,Fort Bend,Liberty Mutual / Safeco,4
2007-09,Harris,Liberty Mutual / Safeco,10
2007-09,Harris,Progressive / ASI,4
2007-09,Liberty,Progressive / ASI,1
2007-09,Montgomery,Liberty Mutual / Safeco,1
2007-09,Orange,Liberty Mutual / Safeco,1
2007-10,Brazoria,Progressive / ASI,2
2007-10,Fort Bend,Liberty Mutual / Safeco,5
2007-10,Fort Bend,Progressive / ASI,1
2007-10,Harris,Liberty Mutual / Safeco,6
2007-10,Montgomery,Liberty Mutual / Safeco,1
2007-11,Fort Bend,Liberty Mutual / Safeco,3
2007-11,Galveston,Progressive / ASI,2
2007-11,Harris,Liberty Mutual / Safeco,8
2007-11,Harris,Progressive / ASI,2
2007-12,Brazoria,Progressive / ASI,1
2007-12,Fort Bend,Liberty Mutual / Safeco,5
2007-12,Harris,Liberty Mutual / Safeco,10
2007-12,Harris,Progressive / ASI,7
2007-12,Rockwall,Liberty Mutual / Safeco,1
2008-01,Fort Bend,Liberty Mutual / Safeco,6
2008-01,Harris,Liberty Mutual / Safeco,11
2008-01,Harris,Progressive / ASI,1
2008-02,Brazoria,Progressive / ASI,1
2008-02,Fort Bend,HOAIC,1
2008-02,Fort Bend,Liberty Mutual / Safeco,3
2008-02,Fort Bend,Progressive / ASI,1
2008-02,Harris,Liberty Mutual / Safeco,6
2008-02,Harris,Progressive / ASI,2
2008-02,Randall,Progressive / ASI,1
2008-03,Fort Bend,Liberty Mutual / Safeco,4
2008-03,Galveston,Progressive / ASI,2
2008-03,Harris,Liberty Mutual / Safeco,10
2008-03,Hays,Liberty Mutual / Safeco,1
2008-03,Travis,Liberty Mutual / Safeco,1
2008-04,Collin,Liberty Mutual / Safeco,1
2008-04,Dallas,Liberty Mutual / Safeco,1
2008-04,Fort Bend,HOAIC,1
2008-04,Fort Bend,Liberty Mutual / Safeco,3
2008-04,Harris,Liberty Mutual / Safeco,17
2008-04,Harris,Progressive / ASI,1
2008-04,Harris,Travelers,1
2008-05,Brazoria,Progressive / ASI,1
2008-05,Comal,Liberty Mutual / Safeco,1
2008-05,Fort Bend,Liberty Mutual / Safeco,4
2008-05,Guadalupe,Liberty Mutual / Safeco,1
2008-05,Harris,Liberty Mutual / Safeco,12
2008-05,Harris,Progressive / ASI,1
2008-05,Harris,SageSure Occidental,1
2008-05,Montgomery,Liberty Mutual / Safeco,1
2008-06,Chambers,Progressive / ASI,1
2008-06,Fort Bend,Centauri,1
2008-06,Fort Bend,Liberty Mutual / Safeco,13
2008-06,Fort Bend,Progressive / ASI,1
2008-06,Galveston,Progressive / ASI,1
2008-06,Guadalupe,Liberty Mutual / Safeco,1
2008-06,Harris,Liberty Mutual / Safeco,31
2008-06,Harris,Progressive / ASI,2
2008-06,Travis,Liberty Mutual / Safeco,1
2008-07,Dallas,Liberty Mutual / Safeco,1
2008-07,Denton,Liberty Mutual / Safeco,1
2008-07,Fort Bend,Liberty Mutual / Safeco,6
2008-07,Galveston,Progressive / ASI,1
2008-07,Harris,Liberty Mutual / Safeco,19
2008-07,Harris,Travelers,1
2008-07,Liberty,Liberty Mutual / Safeco,1
2008-08,Bexar,Liberty Mutual / Safeco,1
2008-08,Denton,Liberty Mutual / Safeco,1
2008-08,Fort Bend,Liberty Mutual / Safeco,5
2008-08,Harris,Liberty Mutual / Safeco,17
2008-08,Harris,Progressive / ASI,2
2008-08,Montgomery,Liberty Mutual / Safeco,3
2008-08,Tarrant,Liberty Mutual / Safeco,1
2008-09,Fort Bend,Chubb,1
2008-09,Fort Bend,Liberty Mutual / Safeco,4
2008-09,Fort Bend,Progressive / ASI,2
2008-09,Harris,Liberty Mutual / Safeco,9
2008-09,Harris,Progressive / ASI,2
2008-09,Montgomery,Liberty Mutual / Safeco,1
2008-09,Travis,Liberty Mutual / Safeco,1
2008-10,Dallas,Liberty Mutual / Safeco,1
2008-10,Harris,Liberty Mutual / Safeco,13
2008-10,Harris,Progressive / ASI,3
2008-10,Harris,SageSure Occidental,1
2008-10,San Jacinto,Liberty Mutual / Safeco,1
2008-10,Walker,Liberty Mutual / Safeco,1
2008-10,Waller,Liberty Mutual / Safeco,1
2008-11,Fort Bend,Liberty Mutual / Safeco,6
2008-11,Fort Bend,Progressive / ASI,2
2008-11,Fort Bend,Travelers,1
2008-11,Harris,Liberty Mutual / Safeco,20
2008-11,Harris,Progressive / ASI,2
2008-12,Brazoria,HOAIC,1
2008-12,Brazoria,Progressive / ASI,4
2008-12,Dallas,Liberty Mutual / Safeco,1
2008-12,Fort Bend,HOAIC,1
2008-12,Fort Bend,Liberty Mutual / Safeco,6
2008-12,Fort Bend,Progressive / ASI,3
2008-12,Galveston,Progressive / ASI,1
2008-12,Harris,Centauri,1
2008-12,Harris,Liberty Mutual / Safeco,19
2008-12,Harris,Progressive / ASI,3
2008-12,Montgomery,Liberty Mutual / Safeco,2
2009-01,Brazoria,Progressive / ASI,5
2009-01,Cherokee,Liberty Mutual / Safeco,1
2009-01,Fort Bend,Liberty Mutual / Safeco,5
2009-01,Fort Bend,Progressive / ASI,2
2009-01,Harris,HOAIC,1
2009-01,Harris,Liberty Mutual / Safeco,20
2009-01,Harris,Progressive / ASI,11
2009-01,Montgomery,Chubb,1
2009-01,Montgomery,Liberty Mutual / Safeco,1
2009-02,Brazoria,Progressive / ASI,7
2009-02,Fort Bend,Liberty Mutual / Safeco,3
2009-02,Fort Bend,Progressive / ASI,3
2009-02,Harris,Liberty Mutual / Safeco,9
2009-02,Harris,Progressive / ASI,11
2009-03,Brazoria,Progressive / ASI,6
2009-03,Chambers,Progressive / ASI,1
2009-03,Edwards,Liberty Mutual / Safeco,1
2009-03,Fort Bend,Liberty Mutual / Safeco,5
2009-03,Fort Bend,Progressive / ASI,4
2009-03,Galveston,Progressive / ASI,1
2009-03,Harris,Liberty Mutual / Safeco,13
2009-03,Harris,Progressive / ASI,9
2009-03,Polk,Liberty Mutual / Safeco,1
2009-04,Brazoria,HOAIC,1
2009-04,Brazoria,Progressive / ASI,1
2009-04,Fort Bend,Liberty Mutual / Safeco,6
2009-04,Fort Bend,Progressive / ASI,4
2009-04,Harris,Liberty Mutual / Safeco,11
2009-04,Harris,Progressive / ASI,3
2009-04,Liberty,Liberty Mutual / Safeco,1
2009-05,Bexar,Progressive / ASI,1
2009-05,Brazoria,Progressive / ASI,2
2009-05,Fort Bend,Liberty Mutual / Safeco,2
2009-05,Fort Bend,Progressive / ASI,2
2009-05,Galveston,Progressive / ASI,2
2009-05,Harris,HOAIC,1
2009-05,Harris,Liberty Mutual / Safeco,14
2009-05,Harris,Progressive / ASI,4
2009-05,Harris,Travelers,1
2009-05,Hays,Liberty Mutual / Safeco,1
2009-05,Montgomery,Liberty Mutual / Safeco,1
2009-06,Brazoria,Progressive / ASI,1
2009-06,Brazoria,SageSure SURE,1
2009-06,Brazos,Progressive / ASI,2
2009-06,Fort Bend,Liberty Mutual / Safeco,3
2009-06,Fort Bend,Progressive / ASI,2
2009-06,Harris,Liberty Mutual / Safeco,21
2009-06,Harris,Progressive / ASI,15
2009-06,Harris,SageSure Occidental,2
2009-06,Harris,Travelers,1
2009-06,Tarrant,Liberty Mutual / Safeco,1
2009-07,Aransas,Progressive / ASI,1
2009-07,Brazoria,Progressive / ASI,4
2009-07,Fort Bend,Liberty Mutual / Safeco,3
2009-07,Fort Bend,Progressive / ASI,5
2009-07,Harris,Liberty Mutual / Safeco,27
2009-07,Harris,Progressive / ASI,24
2009-07,Hays,Liberty Mutual / Safeco,1
2009-07,Hays,Progressive / ASI,1
2009-07,Liberty,Liberty Mutual / Safeco,1
2009-07,Montgomery,Liberty Mutual / Safeco,1
2009-08,Brazoria,Progressive / ASI,4
2009-08,Fort Bend,Liberty Mutual / Safeco,2
2009-08,Fort Bend,Progressive / ASI,4
2009-08,Harris,Liberty Mutual / Safeco,10
2009-08,Harris,Progressive / ASI,22
2009-08,Montgomery,Liberty Mutual / Safeco,1
2009-08,Travis,Liberty Mutual / Safeco,1
2009-08,Travis,Travelers,1
2009-09,Brazoria,HOAIC,1
2009-09,Brazoria,Progressive / ASI,4
2009-09,Fort Bend,Liberty Mutual / Safeco,6
2009-09,Fort Bend,Progressive / ASI,10
2009-09,Harris,Liberty Mutual / Safeco,8
2009-09,Harris,Progressive / ASI,12
2009-10,Bexar,Liberty Mutual / Safeco,1
2009-10,Brazoria,Progressive / ASI,2
2009-10,Fort Bend,Progressive / ASI,6
2009-10,Harris,Liberty Mutual / Safeco,6
2009-10,Harris,Progressive / ASI,5
2009-10,Travis,Liberty Mutual / Safeco,1
2009-11,Bexar,Liberty Mutual / Safeco,1
2009-11,El Paso,Progressive / ASI,1
2009-11,Fort Bend,Liberty Mutual / Safeco,3
2009-11,Harris,Liberty Mutual / Safeco,5
2009-11,Harris,Progressive / ASI,1
2009-11,Hays,Progressive / ASI,1
2009-12,Fort Bend,Liberty Mutual / Safeco,4
2009-12,Fort Bend,Progressive / ASI,3
2009-12,Harris,HOAIC,2
2009-12,Harris,Liberty Mutual / Safeco,9
2009-12,Harris,Progressive / ASI,6
2009-12,Harris,SageSure Occidental,1
2009-12,Liberty,Liberty Mutual / Safeco,1
2010-01,Brazoria,Progressive / ASI,1
2010-01,Fort Bend,Liberty Mutual / Safeco,4
2010-01,Fort Bend,Progressive / ASI,1
2010-01,Harris,Liberty Mutual / Safeco,8
2010-01,Harris,Progressive / ASI,6
2010-02,Brazoria,HOAIC,1
2010-02,Brazoria,Progressive / ASI,3
2010-02,Burleson,Liberty Mutual / Safeco,1
2010-02,Burnet,Liberty Mutual / Safeco,1
2010-02,Fort Bend,HOAIC,1
2010-02,Fort Bend,Liberty Mutual / Safeco,4
2010-02,Fort Bend,Progressive / ASI,2
2010-02,Harris,Liberty Mutual / Safeco,13
2010-02,Harris,Progressive / ASI,1
2010-02,Montgomery,Liberty Mutual / Safeco,1
2010-03,Brazoria,Progressive / ASI,4
2010-03,Fort Bend,Liberty Mutual / Safeco,4
2010-03,Harris,HOAIC,1
2010-03,Harris,Liberty Mutual / Safeco,16
2010-03,Harris,Progressive / ASI,2
2010-03,Travis,Liberty Mutual / Safeco,1
2010-04,Brazoria,Progressive / ASI,1
2010-04,Fort Bend,Liberty Mutual / Safeco,2
2010-04,Galveston,Progressive / ASI,2
2010-04,Harris,Liberty Mutual / Safeco,10
2010-04,Harris,Progressive / ASI,8
2010-05,Cameron,Progressive / ASI,1
2010-05,Comal,Liberty Mutual / Safeco,1
2010-05,Fort Bend,Liberty Mutual / Safeco,2
2010-05,Fort Bend,Progressive / ASI,2
2010-05,Galveston,Progressive / ASI,2
2010-05,Harris,Liberty Mutual / Safeco,10
2010-05,Harris,Progressive / ASI,4
2010-06,Fort Bend,HOAIC,1
2010-06,Fort Bend,Liberty Mutual / Safeco,4
2010-06,Galveston,Progressive / ASI,1
2010-06,Harris,HOAIC,1
2010-06,Harris,Liberty Mutual / Safeco,18
2010-06,Harris,Progressive / ASI,5
2010-06,Lubbock,Liberty Mutual / Safeco,1
2010-06,Montgomery,Liberty Mutual / Safeco,1
2010-07,Brazos,Liberty Mutual / Safeco,1
2010-07,Fort Bend,Liberty Mutual / Safeco,3
2010-07,Fort Bend,Progressive / ASI,1
2010-07,Harris,Liberty Mutual / Safeco,15
2010-07,Harris,Progressive / ASI,2
2010-07,Montgomery,Liberty Mutual / Safeco,2
2010-07,Rockwall,Liberty Mutual / Safeco,2
2010-07,Travis,Liberty Mutual / Safeco,1
2010-08,Brazoria,Progressive / ASI,3
2010-08,Collin,Liberty Mutual / Safeco,1
2010-08,Denton,Liberty Mutual / Safeco,1
2010-08,Fort Bend,Liberty Mutual / Safeco,1
2010-08,Harris,HOAIC,1
2010-08,Harris,Liberty Mutual / Safeco,15
2010-08,Harris,Progressive / ASI,5
2010-08,Harris,SageSure Occidental,1
2010-08,Waller,HOAIC,1
2010-08,Waller,Liberty Mutual / Safeco,1
2010-09,Brazoria,Progressive / ASI,2
2010-09,Fort Bend,Liberty Mutual / Safeco,8
2010-09,Fort Bend,Progressive / ASI,1
2010-09,Galveston,Progressive / ASI,1
2010-09,Harris,Liberty Mutual / Safeco,14
2010-09,Harris,Progressive / ASI,2
2010-09,Midland,Liberty Mutual / Safeco,1
2010-09,Waller,Liberty Mutual / Safeco,2
2010-10,Denton,Liberty Mutual / Safeco,1
2010-10,Fort Bend,Liberty Mutual / Safeco,1
2010-10,Harris,Liberty Mutual / Safeco,10
2010-10,Harris,Progressive / ASI,2
2010-10,Harris,Travelers,1
2010-10,Montgomery,Liberty Mutual / Safeco,2
2010-11,Bexar,Progressive / ASI,1
2010-11,Brazoria,Progressive / ASI,1
2010-11,Denton,Liberty Mutual / Safeco,1
2010-11,Fort Bend,Progressive / ASI,1
2010-11,Harris,HOAIC,1
2010-11,Harris,Liberty Mutual / Safeco,12
2010-11,Harris,Progressive / ASI,2
2010-11,Montgomery,Liberty Mutual / Safeco,1
2010-12,Dallas,Liberty Mutual / Safeco,1
2010-12,Fort Bend,Liberty Mutual / Safeco,1
2010-12,Fort Bend,Progressive / ASI,1
2010-12,Harris,HOAIC,1
2010-12,Harris,Liberty Mutual / Safeco,7
2010-12,Harris,Progressive / ASI,4
2010-12,Jefferson,Progressive / ASI,1
2010-12,Montgomery,Liberty Mutual / Safeco,1
2011-01,Brazoria,Progressive / ASI,1
2011-01,Fort Bend,Liberty Mutual / Safeco,1
2011-01,Harris,Liberty Mutual / Safeco,5
2011-01,Harris,Progressive / ASI,2
2011-02,Fort Bend,HOAIC,1
2011-02,Fort Bend,Progressive / ASI,1
2011-02,Galveston,Progressive / ASI,1
2011-02,Harris,Liberty Mutual / Safeco,4
2011-02,Harris,Progressive / ASI,2
2011-02,Travis,Liberty Mutual / Safeco,4
2011-03,Brazoria,Progressive / ASI,1
2011-03,Fort Bend,Liberty Mutual / Safeco,3
2011-03,Fort Bend,Progressive / ASI,1
2011-03,Harris,Liberty Mutual / Safeco,5
2011-03,Harris,Progressive / ASI,8
2011-03,Harris,SageSure Occidental,1
2011-03,Harris,Travelers,1
2011-04,Brazoria,Progressive / ASI,2
2011-04,Fort Bend,Liberty Mutual / Safeco,2
2011-04,Fort Bend,Progressive / ASI,3
2011-04,Harris,Liberty Mutual / Safeco,11
2011-04,Harris,Progressive / ASI,4
2011-04,Jefferson,Progressive / ASI,1
2011-05,Brazoria,Progressive / ASI,2
2011-05,Denton,Centauri,1
2011-05,Denton,Liberty Mutual / Safeco,1
2011-05,Fort Bend,Liberty Mutual / Safeco,3
2011-05,Galveston,Progressive / ASI,1
2011-05,Harris,Liberty Mutual / Safeco,16
2011-05,Harris,Progressive / ASI,4
2011-05,Travis,Liberty Mutual / Safeco,1
2011-06,Fort Bend,HOAIC,1
2011-06,Fort Bend,Liberty Mutual / Safeco,2
2011-06,Fort Bend,Progressive / ASI,1
2011-06,Harris,HOAIC,1
2011-06,Harris,Liberty Mutual / Safeco,13
2011-06,Harris,Progressive / ASI,3
2011-06,Montgomery,Liberty Mutual / Safeco,1
2011-06,Travis,Liberty Mutual / Safeco,1
2011-07,Brazoria,Progressive / ASI,2
2011-07,Dallas,Liberty Mutual / Safeco,1
2011-07,Fort Bend,Liberty Mutual / Safeco,1
2011-07,Galveston,Progressive / ASI,1
2011-07,Harris,HOAIC,1
2011-07,Harris,Liberty Mutual / Safeco,8
2011-07,Harris,Progressive / ASI,3
2011-07,Harris,SageSure SafePort,1
2011-08,Brazoria,Progressive / ASI,3
2011-08,Fort Bend,Liberty Mutual / Safeco,1
2011-08,Galveston,Progressive / ASI,1
2011-08,Harris,Liberty Mutual / Safeco,20
2011-08,Harris,Progressive / ASI,2
2011-08,Taylor,Liberty Mutual / Safeco,1
2011-09,Brazoria,Progressive / ASI,3
2011-09,Fort Bend,Liberty Mutual / Safeco,4
2011-09,Fort Bend,Progressive / ASI,1
2011-09,Harris,Liberty Mutual / Safeco,10
2011-09,Harris,Progressive / ASI,2
2011-09,Montgomery,Liberty Mutual / Safeco,1
2011-09,Tarrant,Liberty Mutual / Safeco,1
2011-10,Brazoria,Progressive / ASI,2
2011-10,Denton,Liberty Mutual / Safeco,1
2011-10,Fort Bend,Liberty Mutual / Safeco,3
2011-10,Fort Bend,Progressive / ASI,1
2011-10,Harris,HOAIC,1
2011-10,Harris,Liberty Mutual / Safeco,7
2011-10,Harris,Progressive / ASI,1
2011-10,Karnes,Liberty Mutual / Safeco,1
2011-10,Liberty,Liberty Mutual / Safeco,1
2011-11,Denton,Liberty Mutual / Safeco,1
2011-11,Fort Bend,Liberty Mutual / Safeco,1
2011-11,Harris,Liberty Mutual / Safeco,11
2011-11,Harris,Progressive / ASI,3
2011-11,Liberty,Liberty Mutual / Safeco,1
2011-11,Montgomery,Liberty Mutual / Safeco,1
2011-11,Tarrant,Liberty Mutual / Safeco,1
2011-12,Fort Bend,Progressive / ASI,4
2011-12,Galveston,Progressive / ASI,1
2011-12,Harris,Liberty Mutual / Safeco,6
2011-12,Harris,Travelers,1
2011-12,Montgomery,Liberty Mutual / Safeco,2
2012-01,Brazoria,Progressive / ASI,2
2012-01,Fort Bend,Centauri,1
2012-01,Fort Bend,HOAIC,3
2012-01,Fort Bend,Liberty Mutual / Safeco,8
2012-01,Galveston,Progressive / ASI,2
2012-01,Harris,Liberty Mutual / Safeco,17
2012-01,Harris,Progressive / ASI,1
2012-01,Montgomery,Liberty Mutual / Safeco,1
2012-02,Fort Bend,Liberty Mutual / Safeco,4
2012-02,Harris,Liberty Mutual / Safeco,9
2012-02,Harris,Progressive / ASI,4
2012-03,Comal,Liberty Mutual / Safeco,1
2012-03,Fort Bend,HOAIC,1
2012-03,Fort Bend,Liberty Mutual / Safeco,2
2012-03,Fort Bend,Progressive / ASI,1
2012-03,Harris,Liberty Mutual / Safeco,9
2012-03,Harris,Progressive / ASI,4
2012-03,Hays,Liberty Mutual / Safeco,1
2012-03,Montgomery,HOAIC,1
2012-03,Montgomery,Liberty Mutual / Safeco,1
2012-03,Travis,Liberty Mutual / Safeco,1
2012-04,Brazoria,HOAIC,1
2012-04,Brazoria,Progressive / ASI,1
2012-04,Denton,Liberty Mutual / Safeco,1
2012-04,Fort Bend,Liberty Mutual / Safeco,4
2012-04,Galveston,Progressive / ASI,1
2012-04,Harris,HOAIC,3
2012-04,Harris,Liberty Mutual / Safeco,19
2012-04,Harris,Progressive / ASI,2
2012-04,Liberty,Liberty Mutual / Safeco,1
2012-04,Montgomery,Liberty Mutual / Safeco,1
2012-05,Brazoria,HOAIC,1
2012-05,Brazoria,Progressive / ASI,2
2012-05,Dallas,Liberty Mutual / Safeco,2
2012-05,Denton,Liberty Mutual / Safeco,1
2012-05,Fort Bend,HOAIC,6
2012-05,Fort Bend,Liberty Mutual / Safeco,6
2012-05,Galveston,Progressive / ASI,1
2012-05,Harris,HOAIC,2
2012-05,Harris,Liberty Mutual / Safeco,15
2012-05,Harris,Progressive / ASI,3
2012-05,Polk,Liberty Mutual / Safeco,1
2012-05,Waller,Liberty Mutual / Safeco,1
2012-06,Brazoria,Progressive / ASI,1
2012-06,Fort Bend,HOAIC,2
2012-06,Fort Bend,Liberty Mutual / Safeco,5
2012-06,Fort Bend,Progressive / ASI,1
2012-06,Galveston,Progressive / ASI,1
2012-06,Harris,HOAIC,3
2012-06,Harris,Liberty Mutual / Safeco,20
2012-06,Harris,Progressive / ASI,3
2012-06,Polk,Liberty Mutual / Safeco,2
2012-06,Rockwall,Liberty Mutual / Safeco,1
2012-06,Travis,Liberty Mutual / Safeco,1
2012-07,Brazoria,Progressive / ASI,1
2012-07,Brazos,Liberty Mutual / Safeco,1
2012-07,Denton,Liberty Mutual / Safeco,2
2012-07,Fort Bend,Centauri,1
2012-07,Fort Bend,HOAIC,2
2012-07,Fort Bend,Liberty Mutual / Safeco,3
2012-07,Fort Bend,Progressive / ASI,2
2012-07,Galveston,HOAIC,1
2012-07,Galveston,Progressive / ASI,2
2012-07,Harris,HOAIC,4
2012-07,Harris,Liberty Mutual / Safeco,20
2012-07,Harris,Progressive / ASI,5
2012-07,Hays,Liberty Mutual / Safeco,1
2012-07,Montgomery,HOAIC,1
2012-07,Montgomery,Liberty Mutual / Safeco,1
2012-07,Tarrant,Progressive / ASI,1
2012-08,Bell,Liberty Mutual / Safeco,1
2012-08,Dallas,Liberty Mutual / Safeco,1
2012-08,Denton,Liberty Mutual / Safeco,1
2012-08,Ector,Progressive / ASI,1
2012-08,Fort Bend,Liberty Mutual / Safeco,4
2012-08,Fort Bend,Progressive / ASI,1
2012-08,Galveston,Progressive / ASI,3
2012-08,Harris,HOAIC,2
2012-08,Harris,Liberty Mutual / Safeco,12
2012-08,Harris,Progressive / ASI,3
2012-09,Brazoria,Progressive / ASI,2
2012-09,Fort Bend,Liberty Mutual / Safeco,6
2012-09,Fort Bend,Progressive / ASI,1
2012-09,Harris,HOAIC,6
2012-09,Harris,Liberty Mutual / Safeco,10
2012-09,Harris,Progressive / ASI,4
2012-10,Brazoria,Progressive / ASI,1
2012-10,Fort Bend,HOAIC,1
2012-10,Fort Bend,Liberty Mutual / Safeco,1
2012-10,Harris,HOAIC,8
2012-10,Harris,Liberty Mutual / Safeco,8
2012-10,Harris,Progressive / ASI,1
2012-10,Harris,Travelers,1
2012-10,Montgomery,HOAIC,1
2012-10,Travis,Liberty Mutual / Safeco,1
2012-11,Brazoria,Progressive / ASI,1
2012-11,Dallas,Progressive / ASI,1
2012-11,Denton,Liberty Mutual / Safeco,1
2012-11,Fort Bend,Liberty Mutual / Safeco,1
2012-11,Fort Bend,Progressive / ASI,2
2012-11,Harris,HOAIC,2
2012-11,Harris,Liberty Mutual / Safeco,9
2012-11,Harris,Progressive / ASI,2
2012-12,Fort Bend,HOAIC,2
2012-12,Fort Bend,Liberty Mutual / Safeco,1
2012-12,Fort Bend,Progressive / ASI,2
2012-12,Harris,HOAIC,4
2012-12,Harris,Liberty Mutual / Safeco,3
2012-12,Harris,Mercury,1
2012-12,Montgomery,Liberty Mutual / Safeco,1
2013-01,Brazos,Liberty Mutual / Safeco,1
2013-01,Dallas,Progressive / ASI,3
2013-01,Fort Bend,Liberty Mutual / Safeco,1
2013-01,Fort Bend,Progressive / ASI,2
2013-01,Galveston,Progressive / ASI,1
2013-01,Harris,HOAIC,4
2013-01,Harris,Liberty Mutual / Safeco,9
2013-01,Harris,Progressive / ASI,6
2013-01,Harris,SageSure Occidental,1
2013-01,Montgomery,HOAIC,1
2013-01,Travis,Liberty Mutual / Safeco,1
2013-02,Brazoria,Progressive / ASI,3
2013-02,Denton,Progressive / ASI,2
2013-02,Fort Bend,HOAIC,1
2013-02,Fort Bend,Liberty Mutual / Safeco,1
2013-02,Fort Bend,Progressive / ASI,1
2013-02,Harris,HOAIC,5
2013-02,Harris,Liberty Mutual / Safeco,9
2013-02,Harris,Progressive / ASI,5
2013-02,Kerr,Liberty Mutual / Safeco,1
2013-03,Austin,Progressive / ASI,1
2013-03,Brazoria,Progressive / ASI,2
2013-03,Denton,Liberty Mutual / Safeco,1
2013-03,Fort Bend,HOAIC,2
2013-03,Fort Bend,Liberty Mutual / Safeco,2
2013-03,Fort Bend,Progressive / ASI,1
2013-03,Fort Bend,Travelers,1
2013-03,Harris,HOAIC,3
2013-03,Harris,Liberty Mutual / Safeco,16
2013-03,Harris,Progressive / ASI,11
2013-03,Harris,SageSure Occidental,1
2013-03,Travis,Liberty Mutual / Safeco,1
2013-04,Brazoria,HOAIC,1
2013-04,Brazoria,Progressive / ASI,3
2013-04,Dallas,Liberty Mutual / Safeco,1
2013-04,Denton,Progressive / ASI,1
2013-04,Fort Bend,HOAIC,1
2013-04,Fort Bend,Liberty Mutual / Safeco,1
2013-04,Fort Bend,Progressive / ASI,3
2013-04,Fort Bend,SageSure Occidental,1
2013-04,Harris,HOAIC,1
2013-04,Harris,Liberty Mutual / Safeco,4
2013-04,Harris,Progressive / ASI,4
2013-04,Montgomery,HOAIC,1
2013-05,Bastrop,HOAIC,1
2013-05,Comal,Progressive / ASI,1
2013-05,Dallas,Liberty Mutual / Safeco,1
2013-05,Fort Bend,HOAIC,1
2013-05,Fort Bend,Liberty Mutual / Safeco,5
2013-05,Fort Bend,Progressive / ASI,1
2013-05,Galveston,Progressive / ASI,1
2013-05,Harris,HOAIC,6
2013-05,Harris,Liberty Mutual / Safeco,9
2013-05,Harris,Progressive / ASI,4
2013-05,Montgomery,HOAIC,1
2013-06,Brazoria,HOAIC,1
2013-06,Brazoria,Progressive / ASI,1
2013-06,Chambers,Progressive / ASI,1
2013-06,Fort Bend,HOAIC,1
2013-06,Fort Bend,Progressive / ASI,1
2013-06,Harris,HOAIC,4
2013-06,Harris,Liberty Mutual / Safeco,11
2013-06,Harris,Progressive / ASI,4
2013-06,Montgomery,HOAIC,1
2013-07,Brazoria,HOAIC,1
2013-07,Fort Bend,HOAIC,3
2013-07,Fort Bend,Progressive / ASI,2
2013-07,Fort Bend,SageSure Occidental,1
2013-07,Harris,HOAIC,1
2013-07,Harris,Liberty Mutual / Safeco,8
2013-07,Harris,Progressive / ASI,1
2013-08,Fort Bend,HOAIC,2
2013-08,Fort Bend,Liberty Mutual / Safeco,2
2013-08,Galveston,Progressive / ASI,2
2013-08,Harris,HOAIC,5
2013-08,Harris,Liberty Mutual / Safeco,13
2013-08,Harris,Progressive / ASI,2
2013-08,Harris,SageSure Occidental,1
2013-08,Hays,HOAIC,1
2013-08,Montgomery,HOAIC,1
2013-08,Tarrant,Progressive / ASI,1
2013-09,Brazoria,Progressive / ASI,1
2013-09,Burleson,Liberty Mutual / Safeco,1
2013-09,Fort Bend,HOAIC,3
2013-09,Fort Bend,Liberty Mutual / Safeco,1
2013-09,Harris,HOAIC,6
2013-09,Harris,Liberty Mutual / Safeco,8
2013-09,Harris,Progressive / ASI,1
2013-09,Williamson,Liberty Mutual / Safeco,1
2013-10,Chambers,Progressive / ASI,1
2013-10,Fort Bend,HOAIC,1
2013-10,Fort Bend,Progressive / ASI,2
2013-10,Fort Bend,Travelers,1
2013-10,Galveston,Progressive / ASI,1
2013-10,Harris,Centauri,1
2013-10,Harris,HOAIC,6
2013-10,Harris,Liberty Mutual / Safeco,5
2013-10,Harris,Progressive / ASI,3
2013-10,Liberty,HOAIC,1
2013-10,Montgomery,HOAIC,1
2013-11,Brazoria,HOAIC,1
2013-11,Brazoria,Progressive / ASI,1
2013-11,Fort Bend,HOAIC,1
2013-11,Harris,HOAIC,3
2013-11,Harris,Liberty Mutual / Safeco,8
2013-11,Harris,Progressive / ASI,1
2013-11,Harris,SageSure SURE,1
2013-11,Montgomery,HOAIC,1
2013-12,Brazoria,Progressive / ASI,2
2013-12,Comal,HOAIC,1
2013-12,Fort Bend,HOAIC,1
2013-12,Fort Bend,Liberty Mutual / Safeco,1
2013-12,Fort Bend,SageSure Occidental,1
2013-12,Harris,Centauri,1
2013-12,Harris,HOAIC,4
2013-12,Harris,Liberty Mutual / Safeco,1
2013-12,Harris,Progressive / ASI,3
2014-01,Brazoria,Progressive / ASI,1
2014-01,Brazos,Liberty Mutual / Safeco,1
2014-01,Dallas,HOAIC,1
2014-01,Fort Bend,Liberty Mutual / Safeco,1
2014-01,Fort Bend,Progressive / ASI,1
2014-01,Fort Bend,Travelers,2
2014-01,Harris,HOAIC,5
2014-01,Harris,Liberty Mutual / Safeco,5
2014-01,Tyler,Liberty Mutual / Safeco,1
2014-01,Waller,Liberty Mutual / Safeco,1
2014-02,Chambers,Progressive / ASI,2
2014-02,Fort Bend,HOAIC,5
2014-02,Fort Bend,Progressive / ASI,6
2014-02,Fort Bend,SageSure Occidental,1
2014-02,Galveston,Progressive / ASI,1
2014-02,Harris,HOAIC,2
2014-02,Harris,Liberty Mutual / Safeco,4
2014-02,Harris,Progressive / ASI,5
2014-02,Harris,SageSure Occidental,1
2014-03,Bexar,Liberty Mutual / Safeco,1
2014-03,Fort Bend,HOAIC,2
2014-03,Fort Bend,Liberty Mutual / Safeco,2
2014-03,Fort Bend,Progressive / ASI,1
2014-03,Galveston,Progressive / ASI,1
2014-03,Harris,HOAIC,9
2014-03,Harris,Liberty Mutual / Safeco,10
2014-03,Harris,Progressive / ASI,6
2014-03,Harris,Travelers,1
2014-03,Montgomery,Progressive / ASI,1
2014-03,Tarrant,Progressive / ASI,1
2014-04,Fort Bend,HOAIC,4
2014-04,Fort Bend,Liberty Mutual / Safeco,2
2014-04,Fort Bend,Progressive / ASI,2
2014-04,Harris,HOAIC,3
2014-04,Harris,Liberty Mutual / Safeco,5
2014-04,Harris,Progressive / ASI,5
2014-05,Brazoria,Progressive / ASI,4
2014-05,Comal,HOAIC,1
2014-05,Dallas,Liberty Mutual / Safeco,1
2014-05,Fort Bend,HOAIC,5
2014-05,Fort Bend,Liberty Mutual / Safeco,1
2014-05,Fort Bend,Progressive / ASI,2
2014-05,Harris,HOAIC,5
2014-05,Harris,Liberty Mutual / Safeco,9
2014-05,Harris,Progressive / ASI,2
2014-05,Harris,SageSure Occidental,1
2014-05,Montgomery,Liberty Mutual / Safeco,1
2014-05,Montgomery,Progressive / ASI,1
2014-06,Dallas,Liberty Mutual / Safeco,1
2014-06,Fort Bend,HOAIC,5
2014-06,Fort Bend,Liberty Mutual / Safeco,1
2014-06,Galveston,Progressive / ASI,2
2014-06,Harris,HOAIC,5
2014-06,Harris,Liberty Mutual / Safeco,11
2014-06,Harris,Progressive / ASI,15
2014-06,Harris,SageSure Occidental,1
2014-06,Walker,Liberty Mutual / Safeco,1
2014-07,Ector,Liberty Mutual / Safeco,2
2014-07,Fort Bend,HOAIC,1
2014-07,Fort Bend,Liberty Mutual / Safeco,2
2014-07,Fort Bend,Progressive / ASI,1
2014-07,Hardin,Progressive / ASI,2
2014-07,Harris,HOAIC,5
2014-07,Harris,Liberty Mutual / Safeco,12
2014-07,Harris,Progressive / ASI,3
2014-07,Liberty,Liberty Mutual / Safeco,1
2014-07,Liberty,Progressive / ASI,1
2014-08,Bexar,Liberty Mutual / Safeco,1
2014-08,Brazoria,HOAIC,1
2014-08,Brazoria,Progressive / ASI,2
2014-08,Fort Bend,HOAIC,5
2014-08,Fort Bend,Liberty Mutual / Safeco,2
2014-08,Galveston,Progressive / ASI,2
2014-08,Harris,HOAIC,1
2014-08,Harris,Liberty Mutual / Safeco,16
2014-08,Harris,Progressive / ASI,6
2014-09,Aransas,Progressive / ASI,1
2014-09,Austin,Progressive / ASI,1
2014-09,Brazoria,Progressive / ASI,1
2014-09,Fort Bend,HOAIC,2
2014-09,Fort Bend,Liberty Mutual / Safeco,1
2014-09,Galveston,Progressive / ASI,2
2014-09,Harris,HOAIC,4
2014-09,Harris,Liberty Mutual / Safeco,8
2014-09,Harris,Progressive / ASI,2
2014-09,Tom Green,Liberty Mutual / Safeco,1
2014-10,Brazoria,HOAIC,1
2014-10,Brazoria,Progressive / ASI,3
2014-10,Chambers,Progressive / ASI,1
2014-10,Fort Bend,HOAIC,2
2014-10,Fort Bend,Liberty Mutual / Safeco,1
2014-10,Fort Bend,Progressive / ASI,3
2014-10,Galveston,Progressive / ASI,1
2014-10,Harris,HOAIC,3
2014-10,Harris,Liberty Mutual / Safeco,21
2014-10,Harris,Progressive / ASI,3
2014-10,Harris,Travelers,1
2014-11,Brazoria,Progressive / ASI,1
2014-11,Denton,HOAIC,1
2014-11,Fort Bend,HOAIC,5
2014-11,Fort Bend,Progressive / ASI,3
2014-11,Galveston,Progressive / ASI,1
2014-11,Harris,HOAIC,3
2014-11,Harris,Liberty Mutual / Safeco,9
2014-11,Harris,Progressive / ASI,1
2014-11,Harris,SageSure Occidental,3
2014-12,Bexar,Progressive / ASI,2
2014-12,Brazoria,Progressive / ASI,1
2014-12,Fort Bend,HOAIC,4
2014-12,Harris,Centauri,1
2014-12,Harris,HOAIC,6
2014-12,Harris,Liberty Mutual / Safeco,5
2014-12,Harris,Progressive / ASI,4
2015-01,Burleson,Liberty Mutual / Safeco,3
2015-01,Denton,Progressive / ASI,1
2015-01,Fort Bend,Centauri,1
2015-01,Fort Bend,HOAIC,1
2015-01,Fort Bend,Liberty Mutual / Safeco,1
2015-01,Fort Bend,Progressive / ASI,3
2015-01,Galveston,Progressive / ASI,1
2015-01,Harris,HOAIC,5
2015-01,Harris,Liberty Mutual / Safeco,2
2015-01,Harris,Progressive / ASI,1
2015-01,Leon,Liberty Mutual / Safeco,1
2015-01,Montgomery,Progressive / ASI,1
2015-02,Fort Bend,HOAIC,2
2015-02,Harris,HOAIC,3
2015-02,Harris,Liberty Mutual / Safeco,4
2015-02,Harris,Progressive / ASI,3
2015-02,Harris,Travelers,1
2015-02,Montgomery,HOAIC,1
2015-02,Montgomery,Liberty Mutual / Safeco,1
2015-02,Montgomery,Progressive / ASI,1
2015-03,Denton,Liberty Mutual / Safeco,1
2015-03,Fort Bend,Centauri,1
2015-03,Fort Bend,HOAIC,6
2015-03,Fort Bend,Progressive / ASI,4
2015-03,Galveston,Progressive / ASI,3
2015-03,Harris,HOAIC,5
2015-03,Harris,Liberty Mutual / Safeco,7
2015-03,Harris,Progressive / ASI,4
2015-03,Hunt,Liberty Mutual / Safeco,1
2015-03,Sabine,Liberty Mutual / Safeco,1
2015-04,Fort Bend,Centauri,1
2015-04,Fort Bend,HOAIC,4
2015-04,Fort Bend,Progressive / ASI,1
2015-04,Harris,HOAIC,12
2015-04,Harris,Liberty Mutual / Safeco,8
2015-04,Harris,Progressive / ASI,5
2015-04,Harris,TWICO,3
2015-05,Brazoria,Progressive / ASI,1
2015-05,Comal,HOAIC,1
2015-05,Dallas,Progressive / ASI,1
2015-05,Fort Bend,HOAIC,1
2015-05,Fort Bend,National General,1
2015-05,Fort Bend,Progressive / ASI,1
2015-05,Galveston,HOAIC,1
2015-05,Galveston,Progressive / ASI,2
2015-05,Harris,HOAIC,8
2015-05,Harris,Liberty Mutual / Safeco,2
2015-05,Harris,Progressive / ASI,2
2015-05,Harris,TWICO,2
2015-05,Jasper,Liberty Mutual / Safeco,1
2015-05,Travis,Liberty Mutual / Safeco,2
2015-06,Brazoria,Progressive / ASI,3
2015-06,Fort Bend,HOAIC,5
2015-06,Fort Bend,National General,1
2015-06,Fort Bend,Progressive / ASI,2
2015-06,Harris,HOAIC,11
2015-06,Harris,Liberty Mutual / Safeco,1
2015-06,Harris,Progressive / ASI,3
2015-06,Harris,TWICO,1
2015-06,Harris,Travelers,2
2015-06,Liberty,Progressive / ASI,1
2015-07,Brazoria,HOAIC,1
2015-07,Dallas,Liberty Mutual / Safeco,1
2015-07,Fort Bend,Centauri,3
2015-07,Fort Bend,HOAIC,5
2015-07,Fort Bend,Liberty Mutual / Safeco,1
2015-07,Fort Bend,National General,1
2015-07,Fort Bend,Progressive / ASI,2
2015-07,Fort Bend,SageSure SURE,1
2015-07,Harris,Centauri,2
2015-07,Harris,HOAIC,2
2015-07,Harris,Liberty Mutual / Safeco,4
2015-07,Harris,Progressive / ASI,8
2015-07,Harris,SageSure Occidental,1
2015-07,Montgomery,HOAIC,1
2015-08,Fort Bend,Centauri,1
2015-08,Fort Bend,HOAIC,5
2015-08,Fort Bend,Progressive / ASI,2
2015-08,Fort Bend,SageSure Occidental,1
2015-08,Gillespie,Liberty Mutual / Safeco,1
2015-08,Harris,HOAIC,7
2015-08,Harris,Liberty Mutual / Safeco,2
2015-08,Harris,Progressive / ASI,4
2015-08,Harris,Travelers,1
2015-08,Montgomery,HOAIC,2
2015-08,Montgomery,Progressive / ASI,1
2015-09,Brazoria,HOAIC,1
2015-09,Brazoria,Progressive / ASI,1
2015-09,Fort Bend,Centauri,1
2015-09,Fort Bend,HOAIC,4
2015-09,Fort Bend,Liberty Mutual / Safeco,1
2015-09,Fort Bend,Progressive / ASI,5
2015-09,Fort Bend,SageSure Occidental,1
2015-09,Galveston,HOAIC,1
2015-09,Galveston,Progressive / ASI,1
2015-09,Harris,Centauri,1
2015-09,Harris,HOAIC,4
2015-09,Harris,Liberty Mutual / Safeco,3
2015-09,Harris,Progressive / ASI,6
2015-10,Brazoria,HOAIC,1
2015-10,Fort Bend,Centauri,1
2015-10,Fort Bend,HOAIC,9
2015-10,Fort Bend,SageSure Occidental,1
2015-10,Harris,Centauri,1
2015-10,Harris,Foremost,1
2015-10,Harris,HOAIC,5
2015-10,Harris,Liberty Mutual / Safeco,4
2015-10,Harris,Progressive / ASI,2
2015-10,Harris,Travelers,1
2015-10,Liberty,Progressive / ASI,1
2015-10,Montgomery,Centauri,1
2015-10,Travis,Liberty Mutual / Safeco,2
2015-11,Fort Bend,Centauri,1
2015-11,Fort Bend,HOAIC,5
2015-11,Fort Bend,Liberty Mutual / Safeco,1
2015-11,Galveston,HOAIC,1
2015-11,Galveston,Progressive / ASI,1
2015-11,Harris,Centauri,3
2015-11,Harris,HOAIC,3
2015-11,Harris,Liberty Mutual / Safeco,3
2015-11,Harris,Progressive / ASI,6
2015-11,Harris,SageSure Occidental,1
2015-11,Montgomery,HOAIC,1
2015-11,Travis,Liberty Mutual / Safeco,1
2015-11,Waller,Progressive / ASI,1
2015-12,Brazoria,HOAIC,1
2015-12,Fort Bend,Centauri,1
2015-12,Fort Bend,HOAIC,2
2015-12,Fort Bend,Progressive / ASI,2
2015-12,Harris,HOAIC,7
2015-12,Harris,Liberty Mutual / Safeco,5
2015-12,Harris,Progressive / ASI,1
2015-12,Harris,SageSure Occidental,2
2015-12,Liberty,Centauri,1
2015-12,Montgomery,HOAIC,1
2016-01,Ector,Progressive / ASI,1
2016-01,Fort Bend,Centauri,2
2016-01,Fort Bend,HOAIC,1
2016-01,Galveston,HOAIC,1
2016-01,Harris,HOAIC,7
2016-01,Harris,Progressive / ASI,5
2016-01,Harris,SageSure Occidental,1
2016-01,Tarrant,Liberty Mutual / Safeco,1
2016-02,Collin,Liberty Mutual / Safeco,1
2016-02,Fort Bend,Centauri,3
2016-02,Fort Bend,Progressive / ASI,2
2016-02,Galveston,HOAIC,3
2016-02,Harris,Centauri,2
2016-02,Harris,HOAIC,5
2016-02,Harris,Liberty Mutual / Safeco,2
2016-02,Harris,Progressive / ASI,5
2016-02,Harris,SageSure Occidental,1
2016-02,Mclennan,Centauri,1
2016-02,Travis,Liberty Mutual / Safeco,1
2016-03,Brazoria,HOAIC,3
2016-03,Chambers,Progressive / ASI,1
2016-03,Fort Bend,Centauri,3
2016-03,Fort Bend,HOAIC,2
2016-03,Fort Bend,Progressive / ASI,2
2016-03,Fort Bend,SageSure Occidental,1
2016-03,Fort Bend,Travelers,1
2016-03,Galveston,HOAIC,2
2016-03,Harris,Centauri,2
2016-03,Harris,HOAIC,1
2016-03,Harris,Progressive / ASI,5
2016-03,Harris,SageSure Occidental,1
2016-03,Harris,Travelers,3
2016-03,Madison,Centauri,1
2016-03,Montgomery,Liberty Mutual / Safeco,1
2016-03,Montgomery,Travelers,1
2016-03,Wharton,Liberty Mutual / Safeco,1
2016-04,Fort Bend,Centauri,1
2016-04,Fort Bend,HOAIC,2
2016-04,Fort Bend,Progressive / ASI,1
2016-04,Galveston,HOAIC,2
2016-04,Harris,Centauri,1
2016-04,Harris,HOAIC,1
2016-04,Harris,Progressive / ASI,2
2016-04,Harris,Travelers,2
2016-05,Bandera,Liberty Mutual / Safeco,1
2016-05,Brazoria,HOAIC,1
2016-05,Brazoria,Progressive / ASI,1
2016-05,Brazoria,SageSure Occidental,1
2016-05,Fort Bend,Centauri,1
2016-05,Fort Bend,HOAIC,3
2016-05,Fort Bend,Progressive / ASI,4
2016-05,Galveston,HOAIC,1
2016-05,Harris,Centauri,7
2016-05,Harris,HOAIC,5
2016-05,Harris,Progressive / ASI,5
2016-05,Harris,SageSure SURE,1
2016-05,Harris,Travelers,2
2016-05,Montgomery,Centauri,1
2016-06,Denton,Progressive / ASI,1
2016-06,Fort Bend,Centauri,2
2016-06,Fort Bend,HOAIC,1
2016-06,Galveston,Progressive / ASI,2
2016-06,Harris,Centauri,1
2016-06,Harris,HOAIC,5
2016-06,Harris,Progressive / ASI,3
2016-06,Harris,Travelers,1
2016-06,Liberty,Centauri,1
2016-06,Montgomery,Centauri,1
2016-06,Montgomery,HOAIC,1
2016-07,Austin,Travelers,1
2016-07,Brazoria,HOAIC,1
2016-07,Fort Bend,National General,1
2016-07,Harris,HOAIC,2
2016-07,Harris,Liberty Mutual / Safeco,1
2016-07,Harris,Progressive / ASI,3
2016-07,Harris,Travelers,2
2016-07,Hays,Liberty Mutual / Safeco,1
2016-07,Hays,Progressive / ASI,1
2016-07,Montgomery,National General,1
2016-07,Montgomery,SageSure Occidental,1
2016-08,Brazoria,HOAIC,2
2016-08,Collin,Centauri,2
2016-08,Denton,HOAIC,1
2016-08,Fort Bend,HOAIC,1
2016-08,Fort Bend,Progressive / ASI,1
2016-08,Harris,HOAIC,1
2016-08,Harris,Progressive / ASI,2
2016-08,Harris,SageSure Occidental,1
2016-08,Harris,Travelers,1
2016-08,Smith,Progressive / ASI,1
2016-09,Brazoria,HOAIC,1
2016-09,Fort Bend,HOAIC,3
2016-09,Fort Bend,National General,1
2016-09,Fort Bend,Progressive / ASI,1
2016-09,Harris,HOAIC,5
2016-09,Harris,Liberty Mutual / Safeco,1
2016-09,Harris,Progressive / ASI,1
2016-09,Harris,SageSure Occidental,1
2016-09,Hays,Progressive / ASI,1
2016-09,Polk,Liberty Mutual / Safeco,1
2016-09,Travis,National General,1
2016-10,Bell,Liberty Mutual / Safeco,1
2016-10,Brazoria,HOAIC,1
2016-10,Fort Bend,HOAIC,1
2016-10,Galveston,HOAIC,1
2016-10,Galveston,SageSure SURE,1
2016-10,Harris,Centauri,1
2016-10,Harris,HOAIC,2
2016-10,Harris,Liberty Mutual / Safeco,1
2016-10,Harris,Progressive / ASI,1
2016-10,Harris,Travelers,1
2016-10,Montgomery,Centauri,1
2016-10,Montgomery,Travelers,1
2016-10,Travis,Centauri,1
2016-10,Travis,Liberty Mutual / Safeco,1
2016-10,Waller,Progressive / ASI,1
2016-11,Collin,Progressive / ASI,1
2016-11,Fort Bend,Centauri,2
2016-11,Fort Bend,HOAIC,5
2016-11,Fort Bend,Progressive / ASI,1
2016-11,Galveston,Progressive / ASI,1
2016-11,Harris,Centauri,2
2016-11,Harris,HOAIC,3
2016-11,Harris,Liberty Mutual / Safeco,2
2016-11,Harris,Progressive / ASI,2
2016-11,Hays,Progressive / ASI,1
2016-11,Montgomery,Centauri,1
2016-11,Montgomery,Travelers,1
2016-12,Brazoria,HOAIC,2
2016-12,Fort Bend,Centauri,1
2016-12,Fort Bend,HOAIC,3
2016-12,Fort Bend,Progressive / ASI,2
2016-12,Fort Bend,Travelers,1
2016-12,Galveston,Centauri,1
2016-12,Harris,HOAIC,3
2016-12,Harris,Progressive / ASI,2
2016-12,Harris,Travelers,2
2017-01,Bexar,HOAIC,1
2017-01,Brazoria,SageSure Occidental,1
2017-01,Fort Bend,HOAIC,1
2017-01,Galveston,HOAIC,1
2017-01,Harris,Centauri,1
2017-01,Harris,HOAIC,1
2017-01,Harris,Progressive / ASI,1
2017-01,Harris,SageSure Occidental,2
2017-01,Harris,SageSure SURE,1
2017-01,Harris,Travelers,1
2017-01,San Jacinto,HOAIC,1
2017-02,Brazoria,HOAIC,2
2017-02,Burleson,Progressive / ASI,1
2017-02,Fort Bend,HOAIC,3
2017-02,Fort Bend,Progressive / ASI,1
2017-02,Grimes,Liberty Mutual / Safeco,1
2017-02,Harris,Centauri,1
2017-02,Harris,HOAIC,3
2017-02,Harris,Liberty Mutual / Safeco,2
2017-02,Harris,Progressive / ASI,2
2017-02,Harris,SageSure SURE,1
2017-02,Harris,Travelers,2
2017-02,Houston,Travelers,1
2017-02,Tarrant,Travelers,1
2017-02,Travis,Liberty Mutual / Safeco,1
2017-03,Dallas,Travelers,1
2017-03,Denton,Centauri,1
2017-03,Fort Bend,Centauri,4
2017-03,Fort Bend,HOAIC,4
2017-03,Fort Bend,Progressive / ASI,1
2017-03,Galveston,HOAIC,1
2017-03,Harris,Centauri,3
2017-03,Harris,HOAIC,1
2017-03,Harris,SageSure Occidental,1
2017-03,Harris,Travelers,5
2017-03,Llano,Liberty Mutual / Safeco,2
2017-03,Montgomery,Liberty Mutual / Safeco,1
2017-03,Montgomery,National General,1
2017-03,Montgomery,Travelers,1
2017-03,Tarrant,Liberty Mutual / Safeco,1
2017-03,Travis,Centauri,2
2017-03,Travis,Liberty Mutual / Safeco,1
2017-04,Brazoria,HOAIC,1
2017-04,Fort Bend,HOAIC,3
2017-04,Galveston,HOAIC,1
2017-04,Harris,Centauri,1
2017-04,Harris,HOAIC,5
2017-04,Harris,Liberty Mutual / Safeco,1
2017-04,Harris,Progressive / ASI,1
2017-04,Harris,Travelers,6
2017-04,Montgomery,Centauri,1
2017-04,Montgomery,Travelers,1
2017-04,Travis,Centauri,1
2017-05,Fort Bend,Centauri,1
2017-05,Fort Bend,HOAIC,2
2017-05,Fort Bend,Progressive / ASI,1
2017-05,Fort Bend,SageSure Occidental,2
2017-05,Galveston,HOAIC,2
2017-05,Harris,HOAIC,5
2017-05,Harris,Progressive / ASI,3
2017-05,Harris,SageSure Occidental,8
2017-05,Harris,SageSure SURE,1
2017-05,Harris,Travelers,1
2017-05,Montgomery,Travelers,1
2017-05,Waller,Progressive / ASI,1
2017-06,Brazoria,HOAIC,2
2017-06,Brazoria,SageSure Occidental,1
2017-06,Comal,Liberty Mutual / Safeco,1
2017-06,Fort Bend,HOAIC,5
2017-06,Fort Bend,Orion180,1
2017-06,Fort Bend,SageSure Occidental,1
2017-06,Harris,Centauri,1
2017-06,Harris,HOAIC,7
2017-06,Harris,SageSure Occidental,10
2017-06,Harris,SageSure SURE,1
2017-06,Harris,Travelers,1
2017-06,Montgomery,Centauri,2
2017-06,Montgomery,Progressive / ASI,1
2017-06,Tarrant,Liberty Mutual / Safeco,1
2017-06,Waller,HOAIC,1
2017-07,Bexar,SageSure Occidental,1
2017-07,Fort Bend,HOAIC,6
2017-07,Fort Bend,Liberty Mutual / Safeco,1
2017-07,Fort Bend,SageSure Occidental,4
2017-07,Fort Bend,SageSure SURE,1
2017-07,Harris,HOAIC,12
2017-07,Harris,Liberty Mutual / Safeco,1
2017-07,Harris,Progressive / ASI,2
2017-07,Harris,SageSure Occidental,11
2017-07,Harris,SageSure SURE,2
2017-07,Harris,Travelers,1
2017-07,Montgomery,Centauri,1
2017-07,Montgomery,Travelers,1
2017-07,San Jacinto,SageSure Occidental,1
2017-07,Travis,Liberty Mutual / Safeco,2
2017-08,Brazoria,HOAIC,1
2017-08,Collin,Progressive / ASI,1
2017-08,Fort Bend,Centauri,1
2017-08,Fort Bend,HOAIC,6
2017-08,Fort Bend,Travelers,1
2017-08,Galveston,HOAIC,2
2017-08,Harris,HOAIC,10
2017-08,Harris,Progressive / ASI,2
2017-08,Harris,SageSure Occidental,4
2017-08,Harris,Travelers,1
2017-08,Kendall,SageSure Occidental,1
2017-08,Williamson,Centauri,1
2017-09,Brazoria,HOAIC,2
2017-09,Brown,Travelers,1
2017-09,Fort Bend,HOAIC,8
2017-09,Fort Bend,Liberty Mutual / Safeco,1
2017-09,Fort Bend,SageSure Occidental,1
2017-09,Galveston,HOAIC,1
2017-09,Harris,HOAIC,7
2017-09,Harris,Progressive / ASI,1
2017-09,Harris,SageSure Occidental,4
2017-09,Harris,Travelers,1
2017-09,Johnson,Centauri,1
2017-09,Montgomery,HOAIC,1
2017-10,Brazoria,HOAIC,2
2017-10,Dallas,Liberty Mutual / Safeco,1
2017-10,Fort Bend,Centauri,1
2017-10,Fort Bend,HOAIC,9
2017-10,Fort Bend,SageSure Occidental,1
2017-10,Harris,HOAIC,8
2017-10,Harris,Progressive / ASI,1
2017-10,Harris,SageSure Occidental,6
2017-10,Harris,Swyfft Benchmark,1
2017-10,Harris,Travelers,1
2017-10,Montgomery,Centauri,1
2017-10,Montgomery,Travelers,1
2017-10,Williamson,Progressive / ASI,1
2017-11,Comal,Liberty Mutual / Safeco,1
2017-11,Fort Bend,HOAIC,4
2017-11,Galveston,SageSure Occidental,1
2017-11,Harris,HOAIC,5
2017-11,Harris,Liberty Mutual / Safeco,2
2017-11,Harris,SageSure Occidental,8
2017-11,Harris,SageSure SURE,1
2017-11,Harris,Travelers,2
2017-11,Montgomery,HOAIC,2
2017-11,Montgomery,Liberty Mutual / Safeco,1
2017-11,Montgomery,Travelers,2
2017-12,Fort Bend,HOAIC,4
2017-12,Galveston,HOAIC,1
2017-12,Harris,Centauri,1
2017-12,Harris,HOAIC,5
2017-12,Harris,Progressive / ASI,1
2017-12,Harris,SageSure Occidental,5
2017-12,Liberty,SageSure Occidental,1
2017-12,Montgomery,HOAIC,1
2017-12,Travis,Liberty Mutual / Safeco,1
2018-01,Fort Bend,Chubb,1
2018-01,Fort Bend,HOAIC,2
2018-01,Fort Bend,SageSure Occidental,1
2018-01,Harris,Chubb,1
2018-01,Harris,HOAIC,8
2018-01,Harris,Liberty Mutual / Safeco,1
2018-01,Harris,Progressive / ASI,1
2018-01,Harris,SageSure Occidental,7
2018-01,Montgomery,Centauri,1
2018-01,Montgomery,HOAIC,1
2018-02,Fort Bend,HOAIC,3
2018-02,Fort Bend,SageSure Occidental,1
2018-02,Harris,HOAIC,1
2018-02,Harris,Liberty Mutual / Safeco,1
2018-02,Harris,Progressive / ASI,1
2018-02,Harris,SageSure Occidental,3
2018-02,Montgomery,Centauri,2
2018-03,Colorado,HOAIC,1
2018-03,Fort Bend,HOAIC,3
2018-03,Galveston,HOAIC,1
2018-03,Harris,HOAIC,4
2018-03,Harris,Liberty Mutual / Safeco,1
2018-03,Harris,SageSure Occidental,6
2018-03,Mclennan,Travelers,1
2018-03,Montgomery,HOAIC,1
2018-03,Montgomery,Travelers,1
2018-03,Travis,Travelers,1
2018-04,Brazos,HOAIC,1
2018-04,Comal,Progressive / ASI,1
2018-04,Galveston,HOAIC,1
2018-04,Harris,HOAIC,4
2018-04,Harris,Liberty Mutual / Safeco,1
2018-04,Harris,Progressive / ASI,1
2018-04,Harris,SageSure Occidental,4
2018-04,Harris,SageSure SURE,1
2018-04,Harris,Travelers,2
2018-05,Austin,Progressive / ASI,1
2018-05,Brazoria,HOAIC,2
2018-05,Fort Bend,HOAIC,2
2018-05,Harris,HOAIC,6
2018-05,Harris,Liberty Mutual / Safeco,2
2018-05,Harris,Progressive / ASI,1
2018-05,Harris,SageSure Occidental,6
2018-05,Harris,SageSure SURE,4
2018-05,Harris,Travelers,1
2018-05,Montgomery,Liberty Mutual / Safeco,1
2018-05,Montgomery,SageSure SURE,1
2018-05,Walker,Centauri,1
2018-06,Fort Bend,HOAIC,4
2018-06,Galveston,Progressive / ASI,1
2018-06,Harris,HOAIC,2
2018-06,Harris,Progressive / ASI,1
2018-06,Harris,SageSure Occidental,2
2018-06,Harris,SageSure SURE,4
2018-06,Harris,Travelers,1
2018-06,Kendall,Liberty Mutual / Safeco,1
2018-06,Travis,Liberty Mutual / Safeco,1
2018-06,Waller,HOAIC,1
2018-07,Bexar,HOAIC,1
2018-07,Brazoria,HOAIC,3
2018-07,Fort Bend,HOAIC,2
2018-07,Fort Bend,Progressive / ASI,1
2018-07,Fort Bend,SageSure Occidental,1
2018-07,Fort Bend,SageSure SURE,1
2018-07,Fort Bend,Swyfft Benchmark,1
2018-07,Galveston,HOAIC,2
2018-07,Guadalupe,Travelers,1
2018-07,Harris,HOAIC,5
2018-07,Harris,Liberty Mutual / Safeco,2
2018-07,Harris,Progressive / ASI,1
2018-07,Harris,SageSure Occidental,3
2018-07,Harris,SageSure SURE,2
2018-07,Harris,Swyfft Benchmark,2
2018-07,Harris,Travelers,2
2018-07,Travis,Travelers,1
2018-08,Brazoria,HOAIC,2
2018-08,Brazos,Liberty Mutual / Safeco,1
2018-08,Fort Bend,HOAIC,1
2018-08,Fort Bend,SageSure SURE,1
2018-08,Galveston,HOAIC,1
2018-08,Guadalupe,Travelers,1
2018-08,Harris,HOAIC,5
2018-08,Harris,Progressive / ASI,1
2018-08,Harris,SageSure Occidental,4
2018-08,Harris,SageSure SURE,1
2018-08,Harris,Travelers,2
2018-08,Montgomery,Centauri,1
2018-08,Montgomery,Travelers,1
2018-08,Waller,HOAIC,1
2018-09,Ellis,HOAIC,1
2018-09,Fort Bend,HOAIC,4
2018-09,Fort Bend,SageSure Occidental,2
2018-09,Fort Bend,SageSure SURE,2
2018-09,Fort Bend,Travelers,1
2018-09,Galveston,HOAIC,2
2018-09,Harris,HOAIC,11
2018-09,Harris,SageSure Occidental,6
2018-09,Travis,SageSure SURE,1
2018-09,Waller,Liberty Mutual / Safeco,1
2018-10,Fort Bend,HOAIC,2
2018-10,Harris,HOAIC,9
2018-10,Harris,Liberty Mutual / Safeco,2
2018-10,Harris,SageSure Occidental,4
2018-10,Harris,SageSure SURE,2
2018-10,Harris,Travelers,2
2018-10,Montgomery,HOAIC,2
2018-10,Montgomery,Liberty Mutual / Safeco,2
2018-10,Montgomery,SageSure SURE,1
2018-10,Travis,SageSure SURE,1
2018-10,Washington,Progressive / ASI,1
2018-11,Brazoria,HOAIC,1
2018-11,Fort Bend,Centauri,1
2018-11,Fort Bend,HOAIC,6
2018-11,Fort Bend,Progressive / ASI,2
2018-11,Fort Bend,SageSure SURE,3
2018-11,Fort Bend,Travelers,3
2018-11,Galveston,HOAIC,1
2018-11,Harris,HOAIC,6
2018-11,Harris,Liberty Mutual / Safeco,1
2018-11,Harris,Progressive / ASI,1
2018-11,Harris,SageSure Occidental,1
2018-11,Harris,SageSure SURE,4
2018-11,Harris,Travelers,1
2018-11,Hays,SageSure SURE,1
2018-11,Hidalgo,Travelers,1
2018-11,Montgomery,Progressive / ASI,1
2018-11,Travis,Liberty Mutual / Safeco,1
2018-11,Waller,HOAIC,1
2018-12,Burnet,HOAIC,1
2018-12,Ector,HOAIC,1
2018-12,Fort Bend,HOAIC,3
2018-12,Fort Bend,SageSure Occidental,1
2018-12,Galveston,HOAIC,2
2018-12,Harris,HOAIC,3
2018-12,Harris,SageSure Occidental,3
2018-12,Harris,SageSure SURE,1
2018-12,Harris,Travelers,1
2018-12,Midland,Liberty Mutual / Safeco,1
2018-12,Montgomery,HOAIC,1
2018-12,Montgomery,SageSure SURE,1
2018-12,Montgomery,Travelers,1
2018-12,Travis,ARI,1
2018-12,Waller,Progressive / ASI,2
2019-01,Coryell,HOAIC,1
2019-01,Fort Bend,HOAIC,3
2019-01,Hardin,Travelers,1
2019-01,Harris,HOAIC,1
2019-01,Harris,Liberty Mutual / Safeco,2
2019-01,Harris,SageSure Occidental,4
2019-01,Harris,Travelers,2
2019-01,Montgomery,ARI,1
2019-02,Bexar,HOAIC,1
2019-02,Brazoria,HOAIC,2
2019-02,Dallas,Travelers,2
2019-02,Fort Bend,HOAIC,1
2019-02,Fort Bend,SageSure Occidental,2
2019-02,Fort Bend,Travelers,1
2019-02,Galveston,HOAIC,1
2019-02,Harris,HOAIC,4
2019-02,Harris,SageSure Occidental,6
2019-02,Harris,Travelers,1
2019-03,Fort Bend,ARI,1
2019-03,Fort Bend,HOAIC,3
2019-03,Fort Bend,SageSure Occidental,2
2019-03,Fort Bend,Travelers,1
2019-03,Galveston,HOAIC,2
2019-03,Harris,Centauri,1
2019-03,Harris,HOAIC,3
2019-03,Harris,Liberty Mutual / Safeco,2
2019-03,Harris,SageSure Occidental,4
2019-03,Harris,Travelers,2
2019-03,Liberty,SageSure SURE,1
2019-03,Navarro,Travelers,1
2019-03,Travis,Liberty Mutual / Safeco,1
2019-03,Walker,Progressive / ASI,2
2019-04,Bexar,ARI,1
2019-04,Bexar,Liberty Mutual / Safeco,1
2019-04,Brazoria,HOAIC,1
2019-04,Caldwell,SageSure SURE,1
2019-04,Fort Bend,HOAIC,3
2019-04,Harris,HOAIC,7
2019-04,Harris,Progressive / ASI,1
2019-04,Harris,SageSure Occidental,3
2019-04,Harris,SageSure SURE,4
2019-04,Harris,SageSure Wilshire,1
2019-04,Harris,Travelers,2
2019-04,Hidalgo,SageSure SURE,1
2019-04,Matagorda,SageSure SURE,1
2019-04,Montgomery,Travelers,2
2019-04,Travis,Liberty Mutual / Safeco,1
2019-05,Brazoria,HOAIC,1
2019-05,Fort Bend,HOAIC,5
2019-05,Fort Bend,SageSure SURE,3
2019-05,Fort Bend,Swyfft Benchmark,1
2019-05,Fort Bend,Travelers,4
2019-05,Galveston,Progressive / ASI,1
2019-05,Harris,HOAIC,8
2019-05,Harris,Liberty Mutual / Safeco,1
2019-05,Harris,SageSure Occidental,2
2019-05,Harris,SageSure SURE,1
2019-05,Harris,Travelers,2
2019-05,Montgomery,HOAIC,1
2019-05,Parker,Progressive / ASI,1
2019-05,Tarrant,Travelers,1
2019-05,Walker,HOAIC,1
2019-06,Brazoria,HOAIC,1
2019-06,Comal,SageSure Occidental,1
2019-06,Ellis,Liberty Mutual / Safeco,1
2019-06,Fort Bend,HOAIC,2
2019-06,Fort Bend,SageSure SURE,1
2019-06,Fort Bend,Travelers,1
2019-06,Galveston,Progressive / ASI,1
2019-06,Harris,HOAIC,11
2019-06,Harris,Progressive / ASI,1
2019-06,Harris,SageSure Occidental,2
2019-06,Harris,SageSure SURE,8
2019-06,Harris,Travelers,4
2019-06,Midland,Travelers,1
2019-06,Montgomery,Travelers,1
2019-06,Travis,Liberty Mutual / Safeco,1
2019-06,Waller,SageSure SURE,1
2019-07,Austin,HOAIC,2
2019-07,Brazoria,Progressive / ASI,1
2019-07,Collin,Liberty Mutual / Safeco,1
2019-07,Comal,SageSure Occidental,1
2019-07,Denton,Progressive / ASI,1
2019-07,Fort Bend,HOAIC,1
2019-07,Fort Bend,SageSure SURE,1
2019-07,Harris,HOAIC,2
2019-07,Harris,Liberty Mutual / Safeco,1
2019-07,Harris,SageSure Occidental,1
2019-07,Harris,SageSure SURE,3
2019-07,Harris,Travelers,1
2019-07,Liberty,HOAIC,1
2019-07,Matagorda,SageSure SURE,1
2019-07,Montgomery,Travelers,1
2019-08,Bexar,HOAIC,1
2019-08,Brazoria,SageSure SURE,2
2019-08,Fort Bend,HOAIC,2
2019-08,Fort Bend,SageSure SURE,1
2019-08,Harris,Chubb,1
2019-08,Harris,HOAIC,7
2019-08,Harris,Liberty Mutual / Safeco,1
2019-08,Harris,Progressive / ASI,1
2019-08,Harris,SageSure Occidental,5
2019-08,Harris,SageSure SURE,3
2019-08,Harris,Travelers,3
2019-08,Maverick,SageSure SURE,1
2019-08,Midland,Travelers,1
2019-08,Montgomery,SageSure SURE,2
2019-08,Waller,HOAIC,1
2019-09,Austin,SageSure SURE,1
2019-09,Brazoria,SageSure SURE,1
2019-09,Fort Bend,HOAIC,3
2019-09,Fort Bend,SageSure SURE,1
2019-09,Galveston,HOAIC,1
2019-09,Harris,Centauri,1
2019-09,Harris,HOAIC,9
2019-09,Harris,Liberty Mutual / Safeco,2
2019-09,Harris,SageSure Occidental,3
2019-09,Harris,SageSure SURE,5
2019-09,Harris,Travelers,1
2019-09,Mclennan,Liberty Mutual / Safeco,1
2019-09,Midland,Progressive / ASI,1
2019-09,Montgomery,Travelers,1
2019-10,Austin,HOAIC,1
2019-10,Comal,SageSure Occidental,1
2019-10,Fort Bend,HOAIC,2
2019-10,Fort Bend,SageSure Occidental,1
2019-10,Fort Bend,SageSure SURE,1
2019-10,Fort Bend,Travelers,1
2019-10,Harris,HOAIC,3
2019-10,Harris,SageSure SURE,7
2019-10,Harris,Travelers,1
2019-10,Montgomery,HOAIC,1
2019-10,Montgomery,Progressive / ASI,1
2019-10,Montgomery,SageSure Occidental,1
2019-10,Smith,Liberty Mutual / Safeco,1
2019-10,Travis,Liberty Mutual / Safeco,1
2019-11,Bastrop,Travelers,1
2019-11,Brazoria,HOAIC,2
2019-11,Fort Bend,HOAIC,2
2019-11,Fort Bend,SageSure Occidental,1
2019-11,Galveston,HOAIC,1
2019-11,Harris,HOAIC,7
2019-11,Harris,Liberty Mutual / Safeco,1
2019-11,Harris,Progressive / ASI,1
2019-11,Harris,SageSure Occidental,1
2019-11,Harris,SageSure SURE,3
2019-11,Harris,Travelers,2
2019-11,San Jacinto,HOAIC,1
2019-11,Webb,SageSure SURE,1
2019-11,Williamson,HOAIC,1
2019-12,Brazoria,HOAIC,2
2019-12,Ellis,Progressive / ASI,1
2019-12,Fort Bend,HOAIC,1
2019-12,Harris,Allied Trust,1
2019-12,Harris,HOAIC,9
2019-12,Harris,Liberty Mutual / Safeco,2
2019-12,Harris,SageSure Occidental,1
2019-12,Harris,Travelers,1
2019-12,Lubbock,HOAIC,1
2019-12,Montgomery,HOAIC,2
2019-12,Montgomery,SageSure Occidental,1
2020-01,Brazoria,HOAIC,2
2020-01,Fort Bend,Allied Trust,1
2020-01,Fort Bend,HOAIC,3
2020-01,Fort Bend,Liberty Mutual / Safeco,1
2020-01,Harris,HOAIC,4
2020-01,Harris,SageSure Occidental,1
2020-01,Harris,Travelers,1
2020-01,Montgomery,HOAIC,3
2020-02,Denton,Liberty Mutual / Safeco,1
2020-02,Fort Bend,HOAIC,3
2020-02,Fort Bend,SageSure Occidental,2
2020-02,Fort Bend,Travelers,1
2020-02,Harris,HOAIC,7
2020-02,Harris,SageSure Occidental,1
2020-02,Harris,Travelers,3
2020-02,Kaufman,HOAIC,1
2020-02,Kerr,Travelers,1
2020-02,Lubbock,HOAIC,1
2020-02,Montgomery,HOAIC,1
2020-02,Montgomery,Travelers,1
2020-02,Travis,Progressive / ASI,1
2020-02,Travis,Travelers,1
2020-02,Waller,HOAIC,2
2020-02,Williamson,HOAIC,1
2020-03,Fort Bend,Centauri,1
2020-03,Fort Bend,HOAIC,1
2020-03,Fort Bend,SageSure Occidental,2
2020-03,Fort Bend,Travelers,3
2020-03,Harris,HOAIC,12
2020-03,Harris,Liberty Mutual / Safeco,3
2020-03,Harris,SageSure Occidental,3
2020-03,Harris,Travelers,2
2020-03,Hays,HOAIC,1
2020-03,Mclennan,Liberty Mutual / Safeco,1
2020-03,Montgomery,ARI,1
2020-03,Montgomery,HOAIC,1
2020-03,Travis,Travelers,1
2020-03,Waller,Progressive / ASI,1
2020-04,Austin,HOAIC,1
2020-04,Bexar,HOAIC,1
2020-04,Brazoria,HOAIC,1
2020-04,Brazoria,SageSure Occidental,1
2020-04,Brazoria,SageSure SURE,1
2020-04,Comal,Liberty Mutual / Safeco,1
2020-04,Fort Bend,HOAIC,1
2020-04,Fort Bend,SageSure Occidental,1
2020-04,Fort Bend,Travelers,1
2020-04,Harris,HOAIC,14
2020-04,Harris,Liberty Mutual / Safeco,2
2020-04,Harris,Progressive / ASI,1
2020-04,Harris,SageSure Occidental,9
2020-04,Harris,SageSure SURE,4
2020-04,Harris,Travelers,3
2020-04,Montgomery,HOAIC,2
2020-04,Montgomery,Liberty Mutual / Safeco,1
2020-04,Montgomery,Travelers,1
2020-04,Waller,HOAIC,1
2020-04,Waller,Progressive / ASI,1
2020-04,Webb,SageSure SURE,1
2020-05,Fort Bend,Liberty Mutual / Safeco,1
2020-05,Harris,Allied Trust,1
2020-05,Harris,HOAIC,7
2020-05,Harris,Liberty Mutual / Safeco,7
2020-05,Harris,SageSure Occidental,7
2020-05,Harris,SageSure SURE,3
2020-05,Harris,Travelers,3
2020-05,Montgomery,HOAIC,2
2020-05,Montgomery,Progressive / ASI,1
2020-05,Montgomery,SageSure SURE,1
2020-05,Polk,Liberty Mutual / Safeco,2
2020-05,Travis,Liberty Mutual / Safeco,1
2020-05,Walker,Liberty Mutual / Safeco,1
2020-06,Brazoria,HOAIC,1
2020-06,Comal,Liberty Mutual / Safeco,1
2020-06,Fort Bend,HOAIC,4
2020-06,Fort Bend,Liberty Mutual / Safeco,4
2020-06,Fort Bend,SageSure Occidental,2
2020-06,Fort Bend,SageSure SURE,3
2020-06,Fort Bend,Travelers,2
2020-06,Galveston,Progressive / ASI,3
2020-06,Guadalupe,HOAIC,1
2020-06,Harris,HOAIC,12
2020-06,Harris,Liberty Mutual / Safeco,17
2020-06,Harris,Mercury,1
2020-06,Harris,Progressive / ASI,4
2020-06,Harris,SageSure Occidental,10
2020-06,Harris,Travelers,2
2020-06,Montgomery,Allied Trust,1
2020-06,Montgomery,HOAIC,2
2020-06,Montgomery,SageSure SURE,1
2020-06,Montgomery,Travelers,1
2020-06,Polk,Liberty Mutual / Safeco,1
2020-06,Travis,HOAIC,1
2020-06,Travis,Liberty Mutual / Safeco,1
2020-06,Waller,Liberty Mutual / Safeco,1
2020-07,Austin,HOAIC,1
2020-07,Bexar,HOAIC,1
2020-07,Brazoria,SageSure SafePort,1
2020-07,Denton,Liberty Mutual / Safeco,1
2020-07,Fort Bend,HOAIC,2
2020-07,Fort Bend,Liberty Mutual / Safeco,2
2020-07,Fort Bend,Progressive / ASI,1
2020-07,Fort Bend,SageSure Occidental,2
2020-07,Fort Bend,Travelers,1
2020-07,Galveston,SageSure Occidental,1
2020-07,Gillespie,Liberty Mutual / Safeco,1
2020-07,Grimes,Progressive / ASI,1
2020-07,Harris,HOAIC,13
2020-07,Harris,Liberty Mutual / Safeco,16
2020-07,Harris,Progressive / ASI,5
2020-07,Harris,Travelers,2
2020-07,Montgomery,SageSure SURE,2
2020-07,Montgomery,TWICO,1
2020-07,Montgomery,Travelers,1
2020-07,San Jacinto,HOAIC,1
2020-07,San Jacinto,Travelers,1
2020-08,Bexar,HOAIC,1
2020-08,Brazoria,SageSure SURE,1
2020-08,Collin,Liberty Mutual / Safeco,1
2020-08,Fort Bend,Liberty Mutual / Safeco,2
2020-08,Fort Bend,SageSure SURE,1
2020-08,Fort Bend,Travelers,1
2020-08,Harris,ARI,1
2020-08,Harris,Chubb,1
2020-08,Harris,HOAIC,11
2020-08,Harris,Liberty Mutual / Safeco,14
2020-08,Harris,Progressive / ASI,5
2020-08,Harris,SageSure Occidental,1
2020-08,Harris,Travelers,3
2020-08,Lampasas,HOAIC,1
2020-08,Leon,Travelers,1
2020-08,Liberty,Travelers,1
2020-08,Polk,National General,1
2020-08,San Jacinto,HOAIC,1
2020-08,Victoria,Liberty Mutual / Safeco,1
2020-08,Williamson,HOAIC,1
2020-09,Brazoria,Swyfft Benchmark,1
2020-09,Denton,HOAIC,1
2020-09,Fort Bend,HOAIC,1
2020-09,Fort Bend,Progressive / ASI,1
2020-09,Fort Bend,SageSure SURE,1
2020-09,Fort Bend,Swyfft Benchmark,3
2020-09,Fort Bend,Travelers,3
2020-09,Galveston,Progressive / ASI,1
2020-09,Galveston,SageSure Occidental,1
2020-09,Galveston,Swyfft Benchmark,1
2020-09,Hardin,Travelers,1
2020-09,Harris,Allied Trust,2
2020-09,Harris,HOAIC,10
2020-09,Harris,Liberty Mutual / Safeco,10
2020-09,Harris,Progressive / ASI,3
2020-09,Harris,SageSure SURE,2
2020-09,Harris,Swyfft Benchmark,2
2020-09,Harris,TWICO,1
2020-09,Harris,Travelers,3
2020-09,Leon,Liberty Mutual / Safeco,1
2020-09,Mclennan,Liberty Mutual / Safeco,1
2020-09,Montgomery,ARI,1
2020-09,Montgomery,Liberty Mutual / Safeco,1
2020-09,Montgomery,SageSure SURE,1
2020-09,Montgomery,Travelers,1
2020-09,San Jacinto,HOAIC,1
2020-09,Travis,Liberty Mutual / Safeco,1
2020-09,Waller,HOAIC,2
2020-10,Bexar,Liberty Mutual / Safeco,1
2020-10,Brazoria,Allied Trust,1
2020-10,Brazoria,Swyfft Benchmark,2
2020-10,Brazos,HOAIC,1
2020-10,Fort Bend,ARI,1
2020-10,Fort Bend,Liberty Mutual / Safeco,1
2020-10,Fort Bend,SageSure SafePort,1
2020-10,Galveston,Progressive / ASI,2
2020-10,Harris,ARI,1
2020-10,Harris,HOAIC,6
2020-10,Harris,Liberty Mutual / Safeco,5
2020-10,Harris,Progressive / ASI,2
2020-10,Harris,SageSure SafePort,2
2020-10,Harris,Swyfft Benchmark,2
2020-10,Harris,Travelers,5
2020-10,Montgomery,HOAIC,1
2020-10,Montgomery,Travelers,1
2020-10,Travis,Liberty Mutual / Safeco,1
2020-11,Angelina,Progressive / ASI,1
2020-11,Brazoria,HOAIC,1
2020-11,Fort Bend,Liberty Mutual / Safeco,1
2020-11,Fort Bend,Progressive / ASI,1
2020-11,Fort Bend,Swyfft Benchmark,1
2020-11,Galveston,Progressive / ASI,1
2020-11,Grimes,Progressive / ASI,1
2020-11,Harris,HOAIC,5
2020-11,Harris,Liberty Mutual / Safeco,5
2020-11,Harris,National General,1
2020-11,Harris,Progressive / ASI,3
2020-11,Harris,SageSure Occidental,1
2020-11,Harris,SageSure SafePort,10
2020-11,Harris,Travelers,4
2020-11,Lee,Liberty Mutual / Safeco,1
2020-11,Montgomery,Liberty Mutual / Safeco,1
2020-11,Montgomery,TWICO,1
2020-11,Montgomery,Travelers,2
2020-11,Travis,SageSure SafePort,1
2020-11,Waller,Liberty Mutual / Safeco,1
2020-12,Aransas,SageSure SafePort,1
2020-12,Austin,Travelers,1
2020-12,Bell,HOAIC,1
2020-12,Bexar,TWICO,1
2020-12,Brazoria,Swyfft Benchmark,1
2020-12,Collin,Liberty Mutual / Safeco,1
2020-12,Fort Bend,HOAIC,1
2020-12,Fort Bend,Liberty Mutual / Safeco,2
2020-12,Fort Bend,National General,1
2020-12,Fort Bend,SageSure SafePort,2
2020-12,Fort Bend,Travelers,3
2020-12,Galveston,Progressive / ASI,1
2020-12,Grimes,Progressive / ASI,1
2020-12,Guadalupe,HOAIC,1
2020-12,Harris,Chubb,1
2020-12,Harris,HOAIC,6
2020-12,Harris,Liberty Mutual / Safeco,5
2020-12,Harris,National General,1
2020-12,Harris,Progressive / ASI,7
2020-12,Harris,SageSure Occidental,1
2020-12,Harris,SageSure SafePort,7
2020-12,Harris,Swyfft Benchmark,2
2020-12,Harris,Travelers,6
2020-12,Houston,SageSure SafePort,1
2020-12,Montgomery,Progressive / ASI,1
2020-12,Montgomery,TWICO,1
2020-12,Polk,Liberty Mutual / Safeco,1
2020-12,Polk,SageSure SafePort,1
2020-12,San Jacinto,Liberty Mutual / Safeco,1
2020-12,Tarrant,HOAIC,1
2020-12,Wharton,Liberty Mutual / Safeco,1
2021-01,Bexar,Liberty Mutual / Safeco,1
2021-01,Comal,Liberty Mutual / Safeco,1
2021-01,Denton,Liberty Mutual / Safeco,1
2021-01,Fort Bend,Liberty Mutual / Safeco,3
2021-01,Fort Bend,SageSure SafePort,3
2021-01,Fort Bend,Travelers,2
2021-01,Harris,HOAIC,7
2021-01,Harris,Liberty Mutual / Safeco,7
2021-01,Harris,National General,1
2021-01,Harris,Progressive / ASI,5
2021-01,Harris,SageSure SafePort,9
2021-01,Harris,Swyfft Benchmark,2
2021-01,Harris,Travelers,6
2021-01,Matagorda,Progressive / ASI,1
2021-01,Montgomery,Liberty Mutual / Safeco,2
2021-01,Montgomery,SageSure Occidental,1
2021-01,Real,Liberty Mutual / Safeco,1
2021-01,Waller,SageSure SafePort,1
2021-01,Williamson,SageSure SafePort,1
2021-02,Bexar,Liberty Mutual / Safeco,1
2021-02,Brazoria,Progressive / ASI,1
2021-02,Denton,Liberty Mutual / Safeco,1
2021-02,Fort Bend,HOAIC,1
2021-02,Fort Bend,Liberty Mutual / Safeco,1
2021-02,Fort Bend,National General,2
2021-02,Fort Bend,Progressive / ASI,2
2021-02,Fort Bend,SageSure SafePort,3
2021-02,Fort Bend,Travelers,5
2021-02,Harris,HOAIC,5
2021-02,Harris,Liberty Mutual / Safeco,14
2021-02,Harris,National General,2
2021-02,Harris,Progressive / ASI,6
2021-02,Harris,SageSure SafePort,11
2021-02,Harris,Swyfft Benchmark,4
2021-02,Harris,Travelers,2
2021-02,Liberty,Travelers,1
2021-02,Montgomery,SageSure SafePort,2
2021-02,Montgomery,Swyfft Benchmark,1
2021-02,Montgomery,Travelers,1
2021-02,San Jacinto,Progressive / ASI,1
2021-02,Tarrant,Progressive / ASI,1
2021-02,Travis,Liberty Mutual / Safeco,1
2021-02,Walker,HOAIC,1
2021-03,Bexar,HOAIC,1
2021-03,Brazoria,Liberty Mutual / Safeco,1
2021-03,Brazoria,SageSure SafePort,1
2021-03,Comal,HOAIC,1
2021-03,Comal,Liberty Mutual / Safeco,1
2021-03,Fort Bend,HOAIC,1
2021-03,Fort Bend,Liberty Mutual / Safeco,2
2021-03,Fort Bend,National General,1
2021-03,Fort Bend,Progressive / ASI,2
2021-03,Fort Bend,SageSure Occidental,1
2021-03,Fort Bend,SageSure SafePort,3
2021-03,Fort Bend,Travelers,6
2021-03,Galveston,Progressive / ASI,2
2021-03,Harris,HOAIC,7
2021-03,Harris,Liberty Mutual / Safeco,15
2021-03,Harris,National General,1
2021-03,Harris,Progressive / ASI,13
2021-03,Harris,SageSure SafePort,11
2021-03,Harris,Swyfft Benchmark,2
2021-03,Harris,Travelers,8
2021-03,Montgomery,HOAIC,2
2021-03,Montgomery,SageSure SafePort,1
2021-03,Montgomery,Travelers,2
2021-03,Waller,Progressive / ASI,1
2021-04,Austin,HOAIC,1
2021-04,Bexar,HOAIC,1
2021-04,Brazoria,SageSure SURE,1
2021-04,Brazoria,SageSure SafePort,1
2021-04,Fort Bend,HOAIC,2
2021-04,Fort Bend,Liberty Mutual / Safeco,2
2021-04,Fort Bend,Progressive / ASI,3
2021-04,Fort Bend,SageSure SafePort,1
2021-04,Fort Bend,Travelers,8
2021-04,Grimes,Progressive / ASI,1
2021-04,Harris,HOAIC,5
2021-04,Harris,Liberty Mutual / Safeco,11
2021-04,Harris,National General,1
2021-04,Harris,Progressive / ASI,8
2021-04,Harris,SageSure SafePort,6
2021-04,Harris,Swyfft Benchmark,3
2021-04,Harris,Travelers,13
2021-04,Montgomery,HOAIC,2
2021-04,Montgomery,Liberty Mutual / Safeco,2
2021-04,Montgomery,Travelers,1
2021-04,Waller,Progressive / ASI,1
2021-05,Bexar,HOAIC,1
2021-05,Brazos,Travelers,1
2021-05,Fort Bend,HOAIC,1
2021-05,Fort Bend,Liberty Mutual / Safeco,3
2021-05,Fort Bend,Progressive / ASI,1
2021-05,Fort Bend,SageSure SURE,1
2021-05,Fort Bend,SageSure SafePort,1
2021-05,Fort Bend,Travelers,6
2021-05,Galveston,Liberty Mutual / Safeco,1
2021-05,Galveston,Progressive / ASI,2
2021-05,Harris,HOAIC,17
2021-05,Harris,Liberty Mutual / Safeco,16
2021-05,Harris,National General,1
2021-05,Harris,Progressive / ASI,12
2021-05,Harris,SageSure Occidental,1
2021-05,Harris,SageSure SafePort,3
2021-05,Harris,Swyfft Benchmark,2
2021-05,Harris,TWICO,1
2021-05,Harris,Travelers,10
2021-05,Jasper,HOAIC,1
2021-05,Montgomery,HOAIC,2
2021-05,Montgomery,Travelers,2
2021-05,San Jacinto,Foremost,1
2021-05,Waller,ARI,1
2021-05,Williamson,HOAIC,1
2021-06,Bexar,HOAIC,1
2021-06,Bexar,Liberty Mutual / Safeco,1
2021-06,Brazoria,Progressive / ASI,1
2021-06,Denton,HOAIC,1
2021-06,Fort Bend,HOAIC,1
2021-06,Fort Bend,National General,1
2021-06,Fort Bend,SageSure SURE,4
2021-06,Fort Bend,Travelers,2
2021-06,Galveston,Progressive / ASI,2
2021-06,Harris,HOAIC,21
2021-06,Harris,Liberty Mutual / Safeco,19
2021-06,Harris,National General,3
2021-06,Harris,Progressive / ASI,6
2021-06,Harris,SageSure Occidental,2
2021-06,Harris,SageSure SURE,7
2021-06,Harris,SageSure SafePort,2
2021-06,Harris,Swyfft Benchmark,1
2021-06,Harris,Travelers,2
2021-06,Liberty,Progressive / ASI,1
2021-06,Montgomery,Foremost,1
2021-06,Montgomery,HOAIC,1
2021-06,Montgomery,Liberty Mutual / Safeco,2
2021-06,Montgomery,National General,1
2021-06,Montgomery,SageSure Occidental,1
2021-06,Polk,Liberty Mutual / Safeco,1
2021-06,Tarrant,Travelers,1
2021-07,Bexar,HOAIC,1
2021-07,Brazoria,HOAIC,1
2021-07,Brazoria,SageSure Occidental,1
2021-07,Denton,National General,1
2021-07,Fort Bend,HOAIC,5
2021-07,Fort Bend,Liberty Mutual / Safeco,2
2021-07,Fort Bend,National General,2
2021-07,Fort Bend,Progressive / ASI,3
2021-07,Fort Bend,SageSure Occidental,1
2021-07,Fort Bend,SageSure SURE,7
2021-07,Fort Bend,Travelers,3
2021-07,Galveston,Progressive / ASI,2
2021-07,Galveston,SageSure SURE,2
2021-07,Harris,HOAIC,23
2021-07,Harris,Liberty Mutual / Safeco,17
2021-07,Harris,National General,1
2021-07,Harris,Progressive / ASI,20
2021-07,Harris,SageSure Occidental,1
2021-07,Harris,SageSure SURE,10
2021-07,Harris,Swyfft Benchmark,3
2021-07,Harris,Travelers,4
2021-07,Kendall,Travelers,1
2021-07,Liberty,Liberty Mutual / Safeco,1
2021-07,Lubbock,Liberty Mutual / Safeco,1
2021-07,Taylor,HOAIC,1
2021-07,Travis,Liberty Mutual / Safeco,1
2021-07,Travis,SageSure SURE,1
2021-07,Walker,Liberty Mutual / Safeco,1
2021-07,Waller,HOAIC,1
2021-07,Waller,TWICO,1
2021-08,Bexar,HOAIC,1
2021-08,Bexar,SageSure SURE,2
2021-08,Bexar,Travelers,1
2021-08,Brazoria,HOAIC,3
2021-08,Brazoria,SageSure SURE,1
2021-08,Brazos,Liberty Mutual / Safeco,1
2021-08,Chambers,Progressive / ASI,1
2021-08,Collin,Progressive / ASI,1
2021-08,Fort Bend,HOAIC,8
2021-08,Fort Bend,Liberty Mutual / Safeco,2
2021-08,Fort Bend,Mercury,1
2021-08,Fort Bend,National General,3
2021-08,Fort Bend,Progressive / ASI,3
2021-08,Fort Bend,SageSure SURE,7
2021-08,Fort Bend,TWICO,1
2021-08,Fort Bend,Travelers,1
2021-08,Gillespie,Liberty Mutual / Safeco,1
2021-08,Harris,Chubb,1
2021-08,Harris,HOAIC,24
2021-08,Harris,Liberty Mutual / Safeco,14
2021-08,Harris,Mercury,1
2021-08,Harris,National General,5
2021-08,Harris,Progressive / ASI,10
2021-08,Harris,SageSure SURE,9
2021-08,Harris,SageSure SafePort,1
2021-08,Harris,Swyfft Benchmark,2
2021-08,Harris,Travelers,4
2021-08,Hays,Liberty Mutual / Safeco,1
2021-08,Hood,Mercury,1
2021-08,Jackson,Progressive / ASI,1
2021-08,Llano,SageSure Occidental,1
2021-08,Lubbock,Liberty Mutual / Safeco,1
2021-08,Matagorda,SageSure SURE,1
2021-08,Midland,HOAIC,1
2021-08,Montgomery,Travelers,1
2021-08,Travis,Liberty Mutual / Safeco,1
2021-08,Travis,SageSure Occidental,1
2021-08,Uvalde,Liberty Mutual / Safeco,1
2021-08,Webb,SageSure SURE,3
2021-08,Williamson,SageSure Occidental,1
2021-09,Bexar,HOAIC,1
2021-09,Bexar,Liberty Mutual / Safeco,2
2021-09,Brazoria,SageSure SURE,2
2021-09,Comal,Progressive / ASI,1
2021-09,Fort Bend,HOAIC,3
2021-09,Fort Bend,Liberty Mutual / Safeco,2
2021-09,Fort Bend,National General,2
2021-09,Fort Bend,Progressive / ASI,4
2021-09,Fort Bend,Swyfft Benchmark,1
2021-09,Fort Bend,Travelers,4
2021-09,Galveston,Progressive / ASI,2
2021-09,Harris,HOAIC,30
2021-09,Harris,Liberty Mutual / Safeco,4
2021-09,Harris,Mercury,1
2021-09,Harris,National General,1
2021-09,Harris,Progressive / ASI,9
2021-09,Harris,SageSure SURE,7
2021-09,Harris,Swyfft Benchmark,1
2021-09,Harris,Travelers,2
2021-09,Hays,Progressive / ASI,1
2021-09,Johnson,Progressive / ASI,1
2021-09,Montgomery,HOAIC,2
2021-09,Montgomery,Progressive / ASI,3
2021-09,Montgomery,Travelers,2
2021-09,Travis,Liberty Mutual / Safeco,1
2021-09,Trinity,Liberty Mutual / Safeco,1
2021-09,Walker,Progressive / ASI,1
2021-09,Waller,HOAIC,2
2021-10,Bexar,HOAIC,1
2021-10,Brazoria,HOAIC,5
2021-10,Colorado,HOAIC,1
2021-10,Comal,Liberty Mutual / Safeco,1
2021-10,Fort Bend,HOAIC,6
2021-10,Fort Bend,Liberty Mutual / Safeco,2
2021-10,Fort Bend,National General,1
2021-10,Fort Bend,Progressive / ASI,7
2021-10,Fort Bend,SageSure SURE,3
2021-10,Fort Bend,TWICO,1
2021-10,Fort Bend,Travelers,2
2021-10,Galveston,SageSure SURE,1
2021-10,Galveston,Swyfft Benchmark,1
2021-10,Harris,HOAIC,22
2021-10,Harris,Liberty Mutual / Safeco,11
2021-10,Harris,National General,1
2021-10,Harris,Progressive / ASI,6
2021-10,Harris,SageSure SURE,7
2021-10,Harris,Swyfft Benchmark,2
2021-10,Harris,Travelers,1
2021-10,Harrison,HOAIC,1
2021-10,Hays,HOAIC,1
2021-10,Midland,Liberty Mutual / Safeco,1
2021-10,Montgomery,Progressive / ASI,2
2021-10,Montgomery,Swyfft Benchmark,1
2021-10,Montgomery,Travelers,1
2021-10,Parker,Liberty Mutual / Safeco,1
2021-10,Polk,SageSure SURE,1
2021-10,Washington,HOAIC,1
2021-10,Webb,SageSure SURE,1
2021-11,Bastrop,HOAIC,1
2021-11,Bexar,Progressive / ASI,1
2021-11,Bexar,SageSure SURE,1
2021-11,Brazoria,HOAIC,2
2021-11,Brazoria,Liberty Mutual / Safeco,1
2021-11,Brazoria,SageSure SURE,1
2021-11,Chambers,Progressive / ASI,2
2021-11,Chambers,SageSure SURE,1
2021-11,Colorado,HOAIC,1
2021-11,Comal,HOAIC,1
2021-11,Fort Bend,HOAIC,3
2021-11,Fort Bend,Liberty Mutual / Safeco,2
2021-11,Fort Bend,Progressive / ASI,2
2021-11,Fort Bend,SageSure SURE,5
2021-11,Fort Bend,Travelers,6
2021-11,Galveston,Progressive / ASI,1
2021-11,Galveston,SageSure SURE,2
2021-11,Harris,HOAIC,19
2021-11,Harris,Liberty Mutual / Safeco,12
2021-11,Harris,Mercury,1
2021-11,Harris,Progressive / ASI,4
2021-11,Harris,SageSure SURE,8
2021-11,Harris,SageSure SafePort,1
2021-11,Harris,Swyfft Benchmark,3
2021-11,Harris,Travelers,5
2021-11,Leon,HOAIC,1
2021-11,Montgomery,Progressive / ASI,1
2021-11,Montgomery,SageSure SURE,1
2021-11,Montgomery,Travelers,1
2021-11,Polk,SageSure SURE,1
2021-11,Smith,Progressive / ASI,1
2021-11,Webb,SageSure SURE,2
2021-11,Wharton,SageSure SURE,1
2021-12,Angelina,Progressive / ASI,1
2021-12,Austin,HOAIC,1
2021-12,Austin,SageSure SURE,1
2021-12,Bastrop,ARI,1
2021-12,Brazoria,HOAIC,1
2021-12,Brazoria,Progressive / ASI,1
2021-12,Brazoria,SageSure SURE,1
2021-12,Chambers,SageSure SURE,1
2021-12,Fort Bend,HOAIC,8
2021-12,Fort Bend,Liberty Mutual / Safeco,1
2021-12,Fort Bend,Mercury,1
2021-12,Fort Bend,National General,2
2021-12,Fort Bend,Progressive / ASI,5
2021-12,Fort Bend,SageSure SURE,5
2021-12,Fort Bend,Travelers,2
2021-12,Galveston,Progressive / ASI,2
2021-12,Harris,HOAIC,23
2021-12,Harris,Liberty Mutual / Safeco,15
2021-12,Harris,National General,4
2021-12,Harris,Progressive / ASI,3
2021-12,Harris,SageSure SURE,16
2021-12,Harris,Swyfft Benchmark,2
2021-12,Harris,Swyfft Lloyds (Surplus),1
2021-12,Harris,Travelers,1
2021-12,Kendall,Travelers,1
2021-12,Liberty,SageSure SURE,2
2021-12,Llano,SageSure SURE,1
2021-12,Montgomery,HOAIC,3
2021-12,Montgomery,National General,1
2021-12,Montgomery,Progressive / ASI,2
2021-12,Montgomery,SageSure SURE,1
2021-12,Travis,Liberty Mutual / Safeco,1
2021-12,Travis,SageSure SURE,1
2021-12,Waller,Liberty Mutual / Safeco,1
2021-12,Webb,SageSure SURE,3
2021-12,Wharton,SageSure SURE,1
2022-01,Aransas,SageSure SURE,1
2022-01,Bell,HOAIC,1
2022-01,Bexar,Liberty Mutual / Safeco,1
2022-01,Brazoria,HOAIC,3
2022-01,Brazoria,Progressive / ASI,1
2022-01,Brazoria,SageSure SURE,1
2022-01,Denton,Travelers,1
2022-01,Fort Bend,HOAIC,1
2022-01,Fort Bend,National General,2
2022-01,Fort Bend,Progressive / ASI,2
2022-01,Fort Bend,SageSure SURE,3
2022-01,Fort Bend,Travelers,3
2022-01,Harris,HOAIC,21
2022-01,Harris,Liberty Mutual / Safeco,19
2022-01,Harris,National General,2
2022-01,Harris,Progressive / ASI,3
2022-01,Harris,SageSure SURE,17
2022-01,Harris,SageSure SafePort,2
2022-01,Harris,Swyfft Benchmark,2
2022-01,Harris,Travelers,1
2022-01,Kaufman,Progressive / ASI,1
2022-01,Montgomery,HOAIC,1
2022-01,Montgomery,Liberty Mutual / Safeco,1
2022-01,Montgomery,SageSure SURE,1
2022-01,Montgomery,Swyfft Benchmark,1
2022-01,Montgomery,Travelers,1
2022-01,Travis,Progressive / ASI,3
2022-01,Waller,Progressive / ASI,1
2022-01,Waller,SageSure SURE,1
2022-01,Webb,SageSure SURE,4
2022-02,Brazoria,HOAIC,2
2022-02,Denton,Travelers,1
2022-02,Fort Bend,HOAIC,8
2022-02,Fort Bend,Liberty Mutual / Safeco,1
2022-02,Fort Bend,Mercury,3
2022-02,Fort Bend,National General,2
2022-02,Fort Bend,Progressive / ASI,3
2022-02,Fort Bend,SageSure SURE,6
2022-02,Fort Bend,Swyfft Lloyds (Surplus),1
2022-02,Fort Bend,Travelers,3
2022-02,Gregg,Liberty Mutual / Safeco,1
2022-02,Harris,HOAIC,11
2022-02,Harris,Liberty Mutual / Safeco,24
2022-02,Harris,Mercury,1
2022-02,Harris,National General,2
2022-02,Harris,Progressive / ASI,3
2022-02,Harris,SageSure SURE,18
2022-02,Harris,Travelers,5
2022-02,Liberty,Progressive / ASI,1
2022-02,Montgomery,HOAIC,3
2022-02,Montgomery,Liberty Mutual / Safeco,1
2022-02,Montgomery,Mercury,1
2022-02,Montgomery,Progressive / ASI,1
2022-02,Montgomery,SageSure SURE,1
2022-02,Randall,National General,1
2022-02,Travis,SageSure SURE,1
2022-02,Waller,HOAIC,1
2022-02,Webb,SageSure SURE,1
2022-03,Brazoria,Progressive / ASI,1
2022-03,Ector,Mercury,1
2022-03,Fort Bend,HOAIC,1
2022-03,Fort Bend,Mercury,3
2022-03,Fort Bend,Travelers,3
2022-03,Galveston,HOAIC,1
2022-03,Galveston,SageSure SURE,1
2022-03,Grimes,HOAIC,1
2022-03,Guadalupe,Liberty Mutual / Safeco,1
2022-03,Harris,HOAIC,4
2022-03,Harris,Liberty Mutual / Safeco,8
2022-03,Harris,Mercury,7
2022-03,Harris,National General,2
2022-03,Harris,Progressive / ASI,4
2022-03,Harris,SageSure SURE,5
2022-03,Harris,Travelers,4
2022-03,Jefferson,SageSure SURE,1
2022-03,Liberty,Foremost,1
2022-03,Liberty,HOAIC,1
2022-03,Montgomery,Liberty Mutual / Safeco,1
2022-03,Montgomery,Travelers,3
2022-03,Travis,Progressive / ASI,1
2022-03,Victoria,Liberty Mutual / Safeco,1
2022-03,Waller,HOAIC,2
2022-03,Waller,National General,1
2022-03,Webb,SageSure SURE,3
2022-03,Williamson,Liberty Mutual / Safeco,1
2022-04,Brazoria,HOAIC,3
2022-04,El Paso,Liberty Mutual / Safeco,1
2022-04,Fort Bend,HOAIC,2
2022-04,Fort Bend,Liberty Mutual / Safeco,2
2022-04,Fort Bend,Progressive / ASI,2
2022-04,Fort Bend,SageSure SURE,3
2022-04,Fort Bend,Travelers,3
2022-04,Galveston,SageSure SURE,1
2022-04,Harris,HOAIC,14
2022-04,Harris,Liberty Mutual / Safeco,20
2022-04,Harris,Mercury,2
2022-04,Harris,National General,3
2022-04,Harris,Progressive / ASI,1
2022-04,Harris,SageSure SURE,4
2022-04,Harris,Travelers,1
2022-04,Lamb,Travelers,1
2022-04,Liberty,SageSure SURE,1
2022-04,Montgomery,HOAIC,3
2022-04,Montgomery,Liberty Mutual / Safeco,1
2022-04,Montgomery,Travelers,2
2022-04,Orange,Liberty Mutual / Safeco,1
2022-04,Randall,Liberty Mutual / Safeco,1
2022-04,Tarrant,Mercury,1
2022-04,Tarrant,Travelers,1
2022-04,Waller,Travelers,1
2022-04,Webb,Mercury,1
2022-04,Webb,SageSure SURE,1
2022-05,Austin,HOAIC,1
2022-05,Bexar,HOAIC,1
2022-05,Bexar,Liberty Mutual / Safeco,1
2022-05,Brazoria,HOAIC,5
2022-05,Brazoria,SageSure SURE,6
2022-05,Brazoria,SageSure SafePort,1
2022-05,Brazoria,Swyfft Benchmark,1
2022-05,Chambers,Progressive / ASI,1
2022-05,Collin,Travelers,1
2022-05,Denton,Chubb,1
2022-05,Denton,National General,1
2022-05,Fayette,HOAIC,1
2022-05,Fort Bend,HOAIC,8
2022-05,Fort Bend,National General,3
2022-05,Fort Bend,Progressive / ASI,1
2022-05,Fort Bend,SageSure SURE,3
2022-05,Fort Bend,SageSure SafePort,1
2022-05,Fort Bend,Travelers,2
2022-05,Galveston,Liberty Mutual / Safeco,1
2022-05,Galveston,Progressive / ASI,2
2022-05,Galveston,SageSure SURE,4
2022-05,Guadalupe,SageSure SURE,1
2022-05,Harris,ARI,1
2022-05,Harris,Chubb,1
2022-05,Harris,HOAIC,44
2022-05,Harris,Liberty Mutual / Safeco,15
2022-05,Harris,Mercury,1
2022-05,Harris,National General,18
2022-05,Harris,Progressive / ASI,1
2022-05,Harris,SageSure SURE,10
2022-05,Harris,SageSure SafePort,1
2022-05,Harris,Swyfft Lloyds (Surplus),1
2022-05,Harris,TWICO,1
2022-05,Harris,Travelers,7
2022-05,Hays,Liberty Mutual / Safeco,1
2022-05,Liberty,Progressive / ASI,1
2022-05,Montgomery,HOAIC,2
2022-05,Montgomery,Liberty Mutual / Safeco,5
2022-05,Montgomery,National General,1
2022-05,Montgomery,SageSure SafePort,1
2022-05,Montgomery,TWICO,1
2022-05,Montgomery,Travelers,1
2022-05,Parker,Liberty Mutual / Safeco,1
2022-05,San Patricio,Mercury,1
2022-05,Webb,SageSure SURE,2
2022-05,Webb,Travelers,1
2022-05,Williamson,Liberty Mutual / Safeco,1
2022-05,Williamson,Progressive / ASI,1
2022-06,Austin,HOAIC,1
2022-06,Austin,Progressive / ASI,1
2022-06,Bell,ARI,1
2022-06,Bexar,Travelers,1
2022-06,Brazoria,HOAIC,4
2022-06,Comal,Chubb,1
2022-06,Comal,Liberty Mutual / Safeco,3
2022-06,Dallas,Liberty Mutual / Safeco,1
2022-06,Fort Bend,HOAIC,5
2022-06,Fort Bend,Liberty Mutual / Safeco,2
2022-06,Fort Bend,Mercury,1
2022-06,Fort Bend,National General,2
2022-06,Fort Bend,Progressive / ASI,3
2022-06,Fort Bend,SageSure SURE,1
2022-06,Fort Bend,Travelers,2
2022-06,Galveston,Progressive / ASI,1
2022-06,Harris,ARI,1
2022-06,Harris,HOAIC,11
2022-06,Harris,Liberty Mutual / Safeco,15
2022-06,Harris,National General,1
2022-06,Harris,Progressive / ASI,6
2022-06,Harris,SageSure SURE,7
2022-06,Harris,Travelers,1
2022-06,Jefferson,Progressive / ASI,1
2022-06,Liberty,Travelers,1
2022-06,Midland,Liberty Mutual / Safeco,1
2022-06,Montgomery,HOAIC,6
2022-06,Montgomery,Liberty Mutual / Safeco,3
2022-06,Montgomery,Mercury,1
2022-06,Montgomery,Progressive / ASI,1
2022-06,Montgomery,SageSure SURE,1
2022-06,Montgomery,Travelers,1
2022-06,Travis,Liberty Mutual / Safeco,1
2022-06,Victoria,HOAIC,1
2022-06,Waller,HOAIC,1
2022-06,Webb,SageSure SURE,1
2022-06,Webb,SageSure SafePort,1
2022-06,Williamson,HOAIC,1
2022-07,Austin,Progressive / ASI,1
2022-07,Bee,Liberty Mutual / Safeco,1
2022-07,Bee,Progressive / ASI,1
2022-07,Brazoria,HOAIC,1
2022-07,Brazoria,SageSure SURE,1
2022-07,Fort Bend,HOAIC,7
2022-07,Fort Bend,Liberty Mutual / Safeco,1
2022-07,Fort Bend,Mercury,1
2022-07,Fort Bend,National General,3
2022-07,Fort Bend,Travelers,5
2022-07,Galveston,Progressive / ASI,1
2022-07,Galveston,SageSure SURE,2
2022-07,Harris,HOAIC,17
2022-07,Harris,Liberty Mutual / Safeco,5
2022-07,Harris,Mercury,2
2022-07,Harris,National General,4
2022-07,Harris,Progressive / ASI,5
2022-07,Harris,SageSure SURE,4
2022-07,Harris,SageSure SafePort,1
2022-07,Harris,Swyfft Lloyds (Surplus),1
2022-07,Liberty,HOAIC,1
2022-07,Montgomery,HOAIC,1
2022-07,Montgomery,Liberty Mutual / Safeco,1
2022-07,Montgomery,Progressive / ASI,5
2022-07,Montgomery,SageSure SURE,1
2022-07,Nacogdoches,Liberty Mutual / Safeco,1
2022-07,Polk,HOAIC,1
2022-07,Travis,Liberty Mutual / Safeco,2
2022-07,Waller,Mercury,1
2022-07,Waller,Travelers,1
2022-07,Webb,SageSure SURE,1
2022-08,Austin,National General,1
2022-08,Brazoria,HOAIC,4
2022-08,Brazos,HOAIC,1
2022-08,Brazos,Liberty Mutual / Safeco,1
2022-08,Brown,Travelers,1
2022-08,Collin,HOAIC,1
2022-08,Collin,Liberty Mutual / Safeco,1
2022-08,Denton,HOAIC,2
2022-08,Fort Bend,HOAIC,5
2022-08,Fort Bend,Mercury,1
2022-08,Fort Bend,Progressive / ASI,3
2022-08,Fort Bend,SageSure SURE,1
2022-08,Fort Bend,Travelers,2
2022-08,Galveston,Progressive / ASI,1
2022-08,Harris,Chubb,1
2022-08,Harris,HOAIC,32
2022-08,Harris,Liberty Mutual / Safeco,10
2022-08,Harris,Mercury,1
2022-08,Harris,National General,2
2022-08,Harris,Progressive / ASI,2
2022-08,Harris,SageSure Occidental,1
2022-08,Harris,SageSure SURE,6
2022-08,Harris,Swyfft Benchmark,2
2022-08,Harris,Travelers,7
2022-08,Liberty,Liberty Mutual / Safeco,1
2022-08,Montgomery,HOAIC,3
2022-08,Montgomery,National General,1
2022-08,Montgomery,Progressive / ASI,6
2022-08,Montgomery,Travelers,1
2022-09,Austin,Progressive / ASI,1
2022-09,Bexar,Liberty Mutual / Safeco,1
2022-09,Brazoria,HOAIC,5
2022-09,Brazoria,SageSure SURE,2
2022-09,Collin,HOAIC,1
2022-09,Fort Bend,HOAIC,2
2022-09,Fort Bend,Progressive / ASI,2
2022-09,Fort Bend,SageSure SURE,1
2022-09,Fort Bend,Travelers,3
2022-09,Harris,Chubb,1
2022-09,Harris,HOAIC,15
2022-09,Harris,Liberty Mutual / Safeco,7
2022-09,Harris,Mercury,1
2022-09,Harris,Progressive / ASI,7
2022-09,Harris,SageSure SURE,7
2022-09,Harris,Travelers,7
2022-09,Hays,Progressive / ASI,1
2022-09,Kaufman,HOAIC,1
2022-09,Liberty,Progressive / ASI,1
2022-09,Montgomery,HOAIC,1
2022-09,Montgomery,Progressive / ASI,4
2022-09,Montgomery,Travelers,1
2022-09,Orange,SageSure SURE,1
2022-09,Travis,Progressive / ASI,1
2022-09,Trinity,Progressive / ASI,1
2022-09,Webb,SageSure SURE,2
2022-09,Williamson,Liberty Mutual / Safeco,1
2022-10,Bell,Progressive / ASI,1
2022-10,Bexar,Liberty Mutual / Safeco,1
2022-10,Brazoria,Progressive / ASI,1
2022-10,Brazoria,Travelers,1
2022-10,Chambers,Progressive / ASI,1
2022-10,Chambers,Travelers,1
2022-10,Fort Bend,HOAIC,3
2022-10,Fort Bend,Progressive / ASI,4
2022-10,Fort Bend,SageSure SURE,2
2022-10,Fort Bend,Travelers,1
2022-10,Galveston,Progressive / ASI,2
2022-10,Harris,HOAIC,7
2022-10,Harris,Liberty Mutual / Safeco,4
2022-10,Harris,Progressive / ASI,8
2022-10,Harris,SageSure SURE,1
2022-10,Harris,Swyfft Benchmark,2
2022-10,Harris,Travelers,2
2022-10,Johnson,Progressive / ASI,1
2022-10,Liberty,Progressive / ASI,1
2022-10,Montgomery,Liberty Mutual / Safeco,2
2022-10,Montgomery,Mercury,1
2022-10,Montgomery,Progressive / ASI,5
2022-10,San Jacinto,National General,1
2022-10,Tyler,Travelers,1
2022-10,Webb,SageSure SURE,2
2022-10,Wharton,Progressive / ASI,1
2022-10,Williamson,Liberty Mutual / Safeco,1
2022-11,Aransas,Progressive / ASI,1
2022-11,Brazoria,HOAIC,2
2022-11,Brazoria,Progressive / ASI,1
2022-11,Brazoria,SageSure SURE,1
2022-11,Chambers,SageSure SURE,1
2022-11,Comal,Liberty Mutual / Safeco,1
2022-11,Comal,Travelers,1
2022-11,Fort Bend,Allied Trust,1
2022-11,Fort Bend,HOAIC,1
2022-11,Fort Bend,Progressive / ASI,12
2022-11,Fort Bend,SageSure SURE,1
2022-11,Fort Bend,Swyfft Benchmark,1
2022-11,Fort Bend,Swyfft Lloyds (Surplus),1
2022-11,Fort Bend,Travelers,4
2022-11,Galveston,Progressive / ASI,1
2022-11,Harris,HOAIC,4
2022-11,Harris,Liberty Mutual / Safeco,2
2022-11,Harris,Progressive / ASI,6
2022-11,Harris,SageSure SURE,1
2022-11,Harris,Swyfft Benchmark,1
2022-11,Harris,Travelers,1
2022-11,Maverick,Progressive / ASI,1
2022-11,Montgomery,Progressive / ASI,3
2022-11,Montgomery,Travelers,3
2022-11,Polk,Liberty Mutual / Safeco,1
2022-11,Polk,Mercury,1
2022-11,Polk,SageSure SURE,1
2022-11,Travis,Travelers,1
2022-11,Webb,SageSure SURE,1
2022-12,Austin,SageSure SURE,1
2022-12,Bell,Progressive / ASI,1
2022-12,Bexar,Liberty Mutual / Safeco,1
2022-12,Brazoria,HOAIC,2
2022-12,Brazoria,Liberty Mutual / Safeco,2
2022-12,Brazoria,Progressive / ASI,4
2022-12,Brazoria,SageSure SURE,1
2022-12,Brazoria,Swyfft Benchmark,1
2022-12,Burnet,Progressive / ASI,1
2022-12,Coryell,Progressive / ASI,1
2022-12,Dallas,Liberty Mutual / Safeco,1
2022-12,Fort Bend,Mercury,1
2022-12,Fort Bend,Progressive / ASI,5
2022-12,Fort Bend,SageSure SURE,1
2022-12,Fort Bend,Travelers,4
2022-12,Galveston,HOAIC,1
2022-12,Galveston,Progressive / ASI,2
2022-12,Harris,Chubb,1
2022-12,Harris,HOAIC,10
2022-12,Harris,Liberty Mutual / Safeco,4
2022-12,Harris,Mercury,1
2022-12,Harris,Progressive / ASI,8
2022-12,Harris,SageSure SURE,3
2022-12,Harris,SageSure SafePort,1
2022-12,Harris,Swyfft Benchmark,3
2022-12,Harris,Travelers,2
2022-12,Hockley,Travelers,1
2022-12,Lampasas,HOAIC,2
2022-12,Montgomery,Progressive / ASI,5
2022-12,Montgomery,Travelers,1
2022-12,Parker,Liberty Mutual / Safeco,1
2022-12,Rusk,Liberty Mutual / Safeco,1
2022-12,Smith,Travelers,1
2022-12,Travis,Progressive / ASI,1
2022-12,Waller,Travelers,1
2023-01,Austin,HOAIC,1
2023-01,Bexar,Progressive / ASI,1
2023-01,Brazoria,Swyfft Benchmark,1
2023-01,Chambers,Swyfft Benchmark,1
2023-01,Dallas,Travelers,1
2023-01,Denton,Travelers,1
2023-01,Fort Bend,ARI,1
2023-01,Fort Bend,HOAIC,3
2023-01,Fort Bend,Progressive / ASI,2
2023-01,Fort Bend,SageSure SURE,1
2023-01,Fort Bend,Travelers,1
2023-01,Galveston,Progressive / ASI,2
2023-01,Harris,HOAIC,6
2023-01,Harris,Liberty Mutual / Safeco,6
2023-01,Harris,Progressive / ASI,2
2023-01,Harris,SageSure SURE,2
2023-01,Harris,Steadily,1
2023-01,Harris,Swyfft Benchmark,2
2023-01,Harris,Travelers,1
2023-01,Hidalgo,Liberty Mutual / Safeco,2
2023-01,Liberty,Progressive / ASI,1
2023-01,Montgomery,Progressive / ASI,5
2023-01,Polk,Liberty Mutual / Safeco,1
2023-01,Tarrant,Progressive / ASI,1
2023-01,Travis,SageSure SURE,1
2023-02,Angelina,National General,1
2023-02,Austin,Progressive / ASI,2
2023-02,Bexar,Progressive / ASI,1
2023-02,Brazoria,Progressive / ASI,3
2023-02,Brazoria,SageSure SURE,2
2023-02,Brazoria,SageSure SafePort,1
2023-02,Brazoria,Swyfft Benchmark,1
2023-02,Fort Bend,ARI,1
2023-02,Fort Bend,Liberty Mutual / Safeco,1
2023-02,Fort Bend,National General,1
2023-02,Fort Bend,Progressive / ASI,7
2023-02,Fort Bend,SageSure SURE,2
2023-02,Fort Bend,Swyfft Benchmark,1
2023-02,Galveston,Progressive / ASI,4
2023-02,Harris,HOAIC,2
2023-02,Harris,Liberty Mutual / Safeco,2
2023-02,Harris,Mercury,1
2023-02,Harris,Progressive / ASI,4
2023-02,Harris,SageSure SURE,4
2023-02,Harris,SageSure SafePort,1
2023-02,Harris,Swyfft Benchmark,4
2023-02,Harris,Travelers,3
2023-02,Montgomery,ARI,1
2023-02,Montgomery,Liberty Mutual / Safeco,1
2023-02,Montgomery,Progressive / ASI,4
2023-02,San Jacinto,Travelers,1
2023-02,Travis,Liberty Mutual / Safeco,1
2023-02,Waller,Progressive / ASI,1
2023-02,Webb,SageSure SURE,2
2023-03,Bell,Progressive / ASI,1
2023-03,Bexar,Progressive / ASI,1
2023-03,Brazoria,HOAIC,1
2023-03,Brazoria,Progressive / ASI,2
2023-03,Brazoria,SageSure SURE,2
2023-03,Brazoria,Swyfft Lloyds (Surplus),1
2023-03,Chambers,Progressive / ASI,1
2023-03,Comal,Progressive / ASI,1
2023-03,Denton,Progressive / ASI,1
2023-03,Fayette,Progressive / ASI,1
2023-03,Fort Bend,Mercury,3
2023-03,Fort Bend,Progressive / ASI,3
2023-03,Fort Bend,SageSure SURE,5
2023-03,Fort Bend,Swyfft Lloyds (Surplus),1
2023-03,Fort Bend,Travelers,2
2023-03,Galveston,Progressive / ASI,5
2023-03,Galveston,SageSure SURE,1
2023-03,Galveston,Swyfft Benchmark,2
2023-03,Harris,ARI,1
2023-03,Harris,HOAIC,11
2023-03,Harris,Liberty Mutual / Safeco,4
2023-03,Harris,Mercury,3
2023-03,Harris,National General,3
2023-03,Harris,Progressive / ASI,11
2023-03,Harris,SageSure SURE,15
2023-03,Harris,SageSure SafePort,1
2023-03,Harris,Swyfft Benchmark,1
2023-03,Harris,Travelers,2
2023-03,Liberty,Progressive / ASI,1
2023-03,Montgomery,HOAIC,2
2023-03,Montgomery,Progressive / ASI,2
2023-03,Walker,Progressive / ASI,1
2023-03,Waller,Swyfft Benchmark,1
2023-03,Webb,SageSure SURE,3
2023-03,Webb,Travelers,3
2023-04,Austin,Liberty Mutual / Safeco,1
2023-04,Bexar,Progressive / ASI,1
2023-04,Brazoria,Liberty Mutual / Safeco,1
2023-04,Brazoria,Progressive / ASI,2
2023-04,Brazoria,SageSure SURE,1
2023-04,Chambers,Progressive / ASI,1
2023-04,Denton,Progressive / ASI,2
2023-04,Ellis,Progressive / ASI,1
2023-04,Fayette,Progressive / ASI,1
2023-04,Fort Bend,HOAIC,2
2023-04,Fort Bend,Progressive / ASI,1
2023-04,Fort Bend,SageSure SURE,4
2023-04,Fort Bend,SageSure SafePort,1
2023-04,Galveston,Progressive / ASI,2
2023-04,Harris,ARI,1
2023-04,Harris,HOAIC,8
2023-04,Harris,Liberty Mutual / Safeco,1
2023-04,Harris,Mercury,1
2023-04,Harris,National General,5
2023-04,Harris,Progressive / ASI,3
2023-04,Harris,SageSure SURE,11
2023-04,Harris,Swyfft Topa (Surplus),1
2023-04,Harris,Travelers,8
2023-04,Jefferson,Progressive / ASI,2
2023-04,Montgomery,HOAIC,1
2023-04,Montgomery,Progressive / ASI,6
2023-04,San Jacinto,HOAIC,1
2023-04,Tarrant,Travelers,1
2023-04,Travis,HOAIC,1
2023-04,Walker,Progressive / ASI,1
2023-04,Webb,SageSure SURE,3
2023-04,Webb,Travelers,1
2023-05,Brazoria,Progressive / ASI,1
2023-05,Brazoria,SageSure SURE,2
2023-05,Brazos,Progressive / ASI,1
2023-05,Collin,Travelers,1
2023-05,Dallas,Travelers,1
2023-05,Ellis,Travelers,1
2023-05,Fort Bend,Chubb,1
2023-05,Fort Bend,Mercury,2
2023-05,Fort Bend,National General,1
2023-05,Fort Bend,Progressive / ASI,1
2023-05,Fort Bend,SageSure SURE,10
2023-05,Fort Bend,SageSure SafePort,1
2023-05,Fort Bend,Swyfft Benchmark,4
2023-05,Fort Bend,Swyfft Lloyds (Surplus),2
2023-05,Fort Bend,Travelers,1
2023-05,Galveston,Progressive / ASI,4
2023-05,Harris,ARI,1
2023-05,Harris,Chubb,1
2023-05,Harris,HOAIC,5
2023-05,Harris,Liberty Mutual / Safeco,2
2023-05,Harris,Mercury,1
2023-05,Harris,Progressive / ASI,1
2023-05,Harris,SageSure SURE,10
2023-05,Harris,Swyfft Benchmark,3
2023-05,Harris,Travelers,1
2023-05,Midland,Liberty Mutual / Safeco,1
2023-05,Montgomery,HOAIC,2
2023-05,Montgomery,Mercury,1
2023-05,Montgomery,Progressive / ASI,1
2023-05,Montgomery,SageSure SURE,1
2023-05,Montgomery,Travelers,1
2023-05,San Patricio,Progressive / ASI,1
2023-05,Tarrant,Progressive / ASI,1
2023-05,Travis,Progressive / ASI,1
2023-05,Waller,SageSure SURE,1
2023-05,Webb,SageSure SURE,1
2023-06,Bexar,HOAIC,1
2023-06,Bexar,Liberty Mutual / Safeco,1
2023-06,Brazoria,Progressive / ASI,2
2023-06,Fort Bend,Liberty Mutual / Safeco,1
2023-06,Fort Bend,National General,1
2023-06,Fort Bend,SageSure SURE,3
2023-06,Fort Bend,Swyfft Benchmark,3
2023-06,Galveston,Progressive / ASI,1
2023-06,Grimes,Progressive / ASI,1
2023-06,Grimes,Travelers,1
2023-06,Harris,Chubb,1
2023-06,Harris,HOAIC,4
2023-06,Harris,Mercury,2
2023-06,Harris,SageSure SURE,10
2023-06,Harris,Swyfft Benchmark,2
2023-06,Harris,Travelers,6
2023-06,Hidalgo,SageSure SURE,1
2023-06,Montgomery,HOAIC,1
2023-06,Montgomery,Liberty Mutual / Safeco,1
2023-06,Montgomery,Progressive / ASI,3
2023-06,Montgomery,SageSure SURE,1
2023-06,Montgomery,Travelers,4
2023-06,Nueces,Liberty Mutual / Safeco,1
2023-06,Rusk,Liberty Mutual / Safeco,1
2023-06,Shelby,Liberty Mutual / Safeco,1
2023-06,Travis,Progressive / ASI,1
2023-06,Travis,Travelers,1
2023-06,Waller,Chubb,1
2023-06,Waller,Mercury,1
2023-07,Bexar,Travelers,1
2023-07,Brazoria,Progressive / ASI,1
2023-07,Chambers,Progressive / ASI,1
2023-07,Denton,Progressive / ASI,1
2023-07,Denton,Swyfft Lloyds (Surplus),1
2023-07,Fort Bend,Chubb,2
2023-07,Fort Bend,Mercury,1
2023-07,Fort Bend,Progressive / ASI,1
2023-07,Fort Bend,SageSure Occidental,1
2023-07,Fort Bend,SageSure SURE,6
2023-07,Fort Bend,Swyfft Benchmark,2
2023-07,Fort Bend,Swyfft Lloyds (Surplus),2
2023-07,Galveston,Progressive / ASI,1
2023-07,Harris,ARI,2
2023-07,Harris,HOAIC,11
2023-07,Harris,Liberty Mutual / Safeco,1
2023-07,Harris,SageSure Occidental,1
2023-07,Harris,SageSure SURE,15
2023-07,Harris,SageSure SafePort,1
2023-07,Harris,Swyfft Benchmark,1
2023-07,Harris,Travelers,6
2023-07,Montgomery,HOAIC,2
2023-07,Montgomery,Progressive / ASI,2
2023-07,Travis,Liberty Mutual / Safeco,1
2023-08,Aransas,SageSure Occidental,1
2023-08,Aransas,Swyfft Benchmark,1
2023-08,Austin,HOAIC,1
2023-08,Brazoria,Progressive / ASI,1
2023-08,Chambers,Liberty Mutual / Safeco,1
2023-08,Chambers,Progressive / ASI,2
2023-08,Dallas,HOAIC,1
2023-08,Fort Bend,HOAIC,1
2023-08,Fort Bend,Liberty Mutual / Safeco,2
2023-08,Fort Bend,SageSure Occidental,8
2023-08,Fort Bend,SageSure SURE,5
2023-08,Fort Bend,SageSure SafePort,1
2023-08,Fort Bend,Swyfft Benchmark,6
2023-08,Galveston,Progressive / ASI,2
2023-08,Galveston,SageSure Occidental,1
2023-08,Gillespie,Liberty Mutual / Safeco,1
2023-08,Harris,ARI,2
2023-08,Harris,Centauri,1
2023-08,Harris,HOAIC,6
2023-08,Harris,Liberty Mutual / Safeco,6
2023-08,Harris,Mercury,2
2023-08,Harris,Progressive / ASI,1
2023-08,Harris,SageSure Occidental,3
2023-08,Harris,SageSure SURE,21
2023-08,Harris,SageSure SafePort,4
2023-08,Harris,Swyfft Benchmark,2
2023-08,Harris,Swyfft Lloyds (Surplus),1
2023-08,Harris,Travelers,3
2023-08,Hidalgo,SageSure SURE,1
2023-08,Montgomery,Progressive / ASI,3
2023-08,Montgomery,Travelers,1
2023-08,Tarrant,HOAIC,1
2023-08,Travis,Chubb,1
2023-08,Waller,Progressive / ASI,1
2023-08,Waller,SageSure Occidental,1
2023-08,Washington,Liberty Mutual / Safeco,1
2023-08,Williamson,SageSure SafePort,1
2023-09,Bell,Progressive / ASI,1
2023-09,Brazoria,Progressive / ASI,2
2023-09,Brazoria,SageSure Occidental,1
2023-09,Brazoria,SageSure SURE,1
2023-09,Chambers,Liberty Mutual / Safeco,1
2023-09,Chambers,Progressive / ASI,1
2023-09,Chambers,SageSure SURE,1
2023-09,Comal,Liberty Mutual / Safeco,1
2023-09,Dallas,Liberty Mutual / Safeco,1
2023-09,Dallas,Progressive / ASI,1
2023-09,Fort Bend,ARI,1
2023-09,Fort Bend,Liberty Mutual / Safeco,1
2023-09,Fort Bend,Progressive / ASI,3
2023-09,Fort Bend,SageSure Occidental,3
2023-09,Fort Bend,SageSure SURE,8
2023-09,Fort Bend,Swyfft Benchmark,4
2023-09,Galveston,Progressive / ASI,1
2023-09,Harris,ARI,1
2023-09,Harris,Allied Trust,1
2023-09,Harris,Centauri,2
2023-09,Harris,HOAIC,5
2023-09,Harris,Liberty Mutual / Safeco,2
2023-09,Harris,Progressive / ASI,3
2023-09,Harris,SageSure Occidental,9
2023-09,Harris,SageSure SURE,8
2023-09,Harris,Swyfft Benchmark,5
2023-09,Harris,Travelers,4
2023-09,Jefferson,SageSure SURE,1
2023-09,Liberty,Progressive / ASI,1
2023-09,Liberty,Swyfft Benchmark,1
2023-09,Mclennan,Liberty Mutual / Safeco,1
2023-09,Montgomery,HOAIC,2
2023-09,Montgomery,Liberty Mutual / Safeco,1
2023-09,Montgomery,Progressive / ASI,1
2023-09,Montgomery,Travelers,1
2023-09,Polk,Travelers,1
2023-09,Rockwall,Liberty Mutual / Safeco,1
2023-09,Rockwall,Progressive / ASI,1
2023-09,Smith,Travelers,1
2023-09,Travis,ARI,1
2023-09,Webb,Liberty Mutual / Safeco,1
2023-10,Bastrop,Travelers,1
2023-10,Brazoria,Liberty Mutual / Safeco,1
2023-10,Brazoria,Progressive / ASI,1
2023-10,Brazoria,SageSure SURE,1
2023-10,Dallas,Progressive / ASI,1
2023-10,Denton,Travelers,1
2023-10,Fort Bend,ARI,2
2023-10,Fort Bend,Liberty Mutual / Safeco,2
2023-10,Fort Bend,Progressive / ASI,1
2023-10,Fort Bend,SageSure Occidental,1
2023-10,Fort Bend,SageSure SURE,9
2023-10,Fort Bend,Swyfft Benchmark,1
2023-10,Galveston,Liberty Mutual / Safeco,2
2023-10,Harris,ARI,2
2023-10,Harris,Foremost,1
2023-10,Harris,HOAIC,1
2023-10,Harris,Liberty Mutual / Safeco,4
2023-10,Harris,Progressive / ASI,2
2023-10,Harris,SageSure Occidental,2
2023-10,Harris,SageSure SURE,19
2023-10,Harris,SageSure SafePort,1
2023-10,Harris,Swyfft Benchmark,6
2023-10,Harris,Travelers,1
2023-10,Hood,Liberty Mutual / Safeco,1
2023-10,Jackson,Liberty Mutual / Safeco,1
2023-10,Milam,SageSure SURE,1
2023-10,Montgomery,ARI,1
2023-10,Montgomery,Liberty Mutual / Safeco,1
2023-10,Montgomery,Progressive / ASI,1
2023-10,Montgomery,SageSure SURE,3
2023-10,Montgomery,Travelers,1
2023-10,Tarrant,Liberty Mutual / Safeco,1
2023-10,Tarrant,Progressive / ASI,1
2023-10,Waller,Progressive / ASI,1
2023-10,Webb,SageSure SURE,1
2023-10,Williamson,SageSure SafePort,1
2023-11,Bandera,Liberty Mutual / Safeco,1
2023-11,Brazoria,Liberty Mutual / Safeco,2
2023-11,Brazoria,SageSure SURE,2
2023-11,Brazoria,Swyfft Benchmark,1
2023-11,Chambers,Allied Trust,1
2023-11,Fort Bend,Allied Trust,1
2023-11,Fort Bend,Liberty Mutual / Safeco,1
2023-11,Fort Bend,Progressive / ASI,1
2023-11,Fort Bend,SageSure Occidental,3
2023-11,Fort Bend,SageSure SURE,7
2023-11,Fort Bend,Swyfft Benchmark,3
2023-11,Galveston,Liberty Mutual / Safeco,1
2023-11,Galveston,Progressive / ASI,1
2023-11,Harris,ARI,1
2023-11,Harris,Liberty Mutual / Safeco,5
2023-11,Harris,Progressive / ASI,4
2023-11,Harris,SageSure Occidental,3
2023-11,Harris,SageSure SURE,23
2023-11,Harris,Swyfft Benchmark,9
2023-11,Harris,Travelers,4
2023-11,Lubbock,Liberty Mutual / Safeco,1
2023-11,Matagorda,Liberty Mutual / Safeco,1
2023-11,Montgomery,SageSure Occidental,1
2023-11,Montgomery,Travelers,1
2023-11,Travis,Progressive / ASI,1
2023-11,Webb,SageSure SURE,2
2023-12,Brazoria,Progressive / ASI,2
2023-12,Brazoria,Swyfft Benchmark,1
2023-12,Calhoun,SageSure SURE,1
2023-12,Dallas,Travelers,1
2023-12,Fort Bend,Allied Trust,1
2023-12,Fort Bend,Progressive / ASI,1
2023-12,Fort Bend,SageSure Occidental,4
2023-12,Fort Bend,SageSure SURE,11
2023-12,Fort Bend,SageSure SafePort,1
2023-12,Fort Bend,Swyfft Benchmark,2
2023-12,Galveston,Liberty Mutual / Safeco,1
2023-12,Galveston,Progressive / ASI,2
2023-12,Harris,ARI,2
2023-12,Harris,Allied Trust,5
2023-12,Harris,Liberty Mutual / Safeco,2
2023-12,Harris,Mercury,2
2023-12,Harris,Progressive / ASI,6
2023-12,Harris,SageSure Occidental,1
2023-12,Harris,SageSure SURE,14
2023-12,Harris,Swyfft Benchmark,7
2023-12,Harris,Travelers,2
2023-12,Matagorda,Liberty Mutual / Safeco,1
2023-12,Montgomery,Allied Trust,1
2023-12,Montgomery,Liberty Mutual / Safeco,1
2023-12,Montgomery,SageSure SURE,1
2023-12,Montgomery,SageSure SafePort,1
2023-12,San Patricio,SageSure SURE,1
2023-12,Tarrant,Progressive / ASI,1
2023-12,Webb,Liberty Mutual / Safeco,1
2024-01,Brazoria,Progressive / ASI,1
2024-01,Brazoria,SageSure SURE,1
2024-01,Brazoria,Swyfft Benchmark,1
2024-01,Fort Bend,Chubb,1
2024-01,Fort Bend,Progressive / ASI,2
2024-01,Fort Bend,SageSure SURE,7
2024-01,Fort Bend,Swyfft Benchmark,4
2024-01,Galveston,Progressive / ASI,2
2024-01,Harris,ARI,1
2024-01,Harris,Liberty Mutual / Safeco,2
2024-01,Harris,Mercury,1
2024-01,Harris,Progressive / ASI,5
2024-01,Harris,SageSure SURE,23
2024-01,Harris,SageSure SafePort,1
2024-01,Harris,Swyfft Benchmark,9
2024-01,Harris,Swyfft Topa (Surplus),1
2024-01,Liberty,Swyfft Benchmark,1
2024-01,Montgomery,Liberty Mutual / Safeco,1
2024-01,Montgomery,Progressive / ASI,1
2024-01,Montgomery,SageSure SURE,2
2024-01,Montgomery,Swyfft Benchmark,1
2024-01,Webb,SageSure SURE,1
2024-01,Williamson,Liberty Mutual / Safeco,1
2024-01,Wise,Mercury,1
2024-02,Brazoria,Allied Trust,1
2024-02,Brazoria,Progressive / ASI,1
2024-02,Brazos,Progressive / ASI,1
2024-02,Fort Bend,ARI,2
2024-02,Fort Bend,Allied Trust,1
2024-02,Fort Bend,SageSure SURE,7
2024-02,Fort Bend,SageSure SafePort,1
2024-02,Fort Bend,Swyfft Benchmark,7
2024-02,Fort Bend,Swyfft Lloyds (Surplus),2
2024-02,Galveston,Liberty Mutual / Safeco,1
2024-02,Galveston,Progressive / ASI,1
2024-02,Galveston,Swyfft Benchmark,1
2024-02,Harris,ARI,6
2024-02,Harris,Allied Trust,2
2024-02,Harris,Progressive / ASI,7
2024-02,Harris,SageSure SURE,25
2024-02,Harris,Swyfft Benchmark,13
2024-02,Harris,Swyfft Topa (Surplus),1
2024-02,Harris,Travelers,1
2024-02,Montgomery,Allied Trust,1
2024-02,Montgomery,Progressive / ASI,2
2024-02,Montgomery,SageSure SURE,1
2024-02,Nueces,Progressive / ASI,1
2024-02,San Patricio,Progressive / ASI,1
2024-02,Tarrant,Travelers,1
2024-02,Travis,Travelers,1
2024-02,Victoria,SageSure SURE,1
2024-02,Waller,Mercury,1
2024-02,Waller,SageSure SURE,1
2024-02,Webb,Liberty Mutual / Safeco,1
2024-02,Webb,Swyfft Lloyds (Surplus),1
2024-03,Brazoria,Progressive / ASI,1
2024-03,Brazoria,Swyfft Benchmark,2
2024-03,Fort Bend,Allied Trust,4
2024-03,Fort Bend,SageSure SURE,9
2024-03,Fort Bend,Swyfft Benchmark,7
2024-03,Fort Bend,Swyfft Lloyds (Surplus),2
2024-03,Galveston,Progressive / ASI,2
2024-03,Galveston,SageSure SURE,1
2024-03,Harris,Allied Trust,5
2024-03,Harris,Chubb,1
2024-03,Harris,Liberty Mutual / Safeco,1
2024-03,Harris,Mercury,1
2024-03,Harris,Progressive / ASI,3
2024-03,Harris,SageSure Occidental,1
2024-03,Harris,SageSure SURE,27
2024-03,Harris,SageSure Trium,1
2024-03,Harris,Swyfft Benchmark,14
2024-03,Harris,Swyfft Lloyds (Surplus),3
2024-03,Montgomery,Progressive / ASI,1
2024-03,Montgomery,SageSure SURE,3
2024-03,Waller,Allied Trust,1
2024-03,Waller,Progressive / ASI,1
2024-03,Washington,Travelers,1
2024-03,Webb,SageSure SURE,1
2024-03,Williamson,SageSure SURE,1
2024-04,Austin,SageSure SURE,1
2024-04,Bandera,SageSure SafePort,1
2024-04,Bexar,SageSure SURE,1
2024-04,Brazoria,Mercury,1
2024-04,Brazoria,Progressive / ASI,4
2024-04,Brazoria,SageSure SURE,3
2024-04,Brazoria,Swyfft Benchmark,2
2024-04,Chambers,Progressive / ASI,2
2024-04,Fort Bend,Allied Trust,5
2024-04,Fort Bend,Progressive / ASI,3
2024-04,Fort Bend,SageSure SURE,6
2024-04,Fort Bend,Swyfft Benchmark,6
2024-04,Fort Bend,Swyfft Lloyds (Surplus),2
2024-04,Galveston,SageSure SURE,2
2024-04,Galveston,Swyfft Benchmark,1
2024-04,Harris,Allied Trust,5
2024-04,Harris,Chubb,2
2024-04,Harris,Mercury,1
2024-04,Harris,Progressive / ASI,1
2024-04,Harris,SageSure Occidental,2
2024-04,Harris,SageSure SURE,20
2024-04,Harris,SageSure Trium,1
2024-04,Harris,Swyfft Benchmark,8
2024-04,Harris,Swyfft Topa (Surplus),1
2024-04,Harris,Travelers,2
2024-04,Hays,Progressive / ASI,1
2024-04,Hidalgo,SageSure SURE,1
2024-04,Hood,Mercury,1
2024-04,Montgomery,Allied Trust,1
2024-04,Montgomery,Progressive / ASI,1
2024-04,Montgomery,SageSure SURE,2
2024-04,Montgomery,SageSure SafePort,1
2024-04,Tarrant,Progressive / ASI,1
2024-04,Travis,SageSure SURE,2
2024-04,Waller,Progressive / ASI,1
2024-05,Bexar,Liberty Mutual / Safeco,1
2024-05,Brazoria,Liberty Mutual / Safeco,2
2024-05,Brazoria,Progressive / ASI,1
2024-05,Brazoria,SageSure SURE,1
2024-05,Brazoria,Swyfft Benchmark,2
2024-05,Collin,Progressive / ASI,1
2024-05,Dallas,Travelers,1
2024-05,Fort Bend,Allied Trust,8
2024-05,Fort Bend,Liberty Mutual / Safeco,1
2024-05,Fort Bend,Mercury,2
2024-05,Fort Bend,Progressive / ASI,2
2024-05,Fort Bend,SageSure SURE,4
2024-05,Fort Bend,SageSure Trium,2
2024-05,Fort Bend,Swyfft Benchmark,10
2024-05,Galveston,Allied Trust,2
2024-05,Galveston,Progressive / ASI,2
2024-05,Galveston,SageSure SURE,1
2024-05,Harris,Allied Trust,14
2024-05,Harris,Liberty Mutual / Safeco,8
2024-05,Harris,Mercury,5
2024-05,Harris,Progressive / ASI,2
2024-05,Harris,SageSure Occidental,5
2024-05,Harris,SageSure SURE,19
2024-05,Harris,SageSure SafePort,1
2024-05,Harris,SageSure Trium,3
2024-05,Harris,Swyfft Benchmark,19
2024-05,Harris,Swyfft Topa (Surplus),2
2024-05,Harris,Travelers,10
2024-05,Kendall,SageSure SURE,1
2024-05,Llano,Progressive / ASI,1
2024-05,Midland,Mercury,1
2024-05,Montgomery,Allied Trust,1
2024-05,Montgomery,Progressive / ASI,2
2024-05,Montgomery,SageSure SafePort,1
2024-05,Montgomery,Travelers,1
2024-05,Palo Pinto,Liberty Mutual / Safeco,1
2024-05,Parker,Mercury,1
2024-05,Travis,Mercury,1
2024-05,Waller,SageSure SURE,1
2024-05,Wharton,Swyfft Benchmark,1
2024-06,Brazoria,Allied Trust,3
2024-06,Brazoria,SageSure SURE,1
2024-06,Collin,Travelers,1
2024-06,Denton,Chubb,1
2024-06,Denton,Travelers,1
2024-06,Fort Bend,Allied Trust,1
2024-06,Fort Bend,Liberty Mutual / Safeco,2
2024-06,Fort Bend,Progressive / ASI,5
2024-06,Fort Bend,SageSure SURE,3
2024-06,Fort Bend,Swyfft Benchmark,9
2024-06,Galveston,Progressive / ASI,1
2024-06,Grimes,Liberty Mutual / Safeco,1
2024-06,Harris,Allied Trust,5
2024-06,Harris,Chubb,1
2024-06,Harris,Liberty Mutual / Safeco,5
2024-06,Harris,Mercury,2
2024-06,Harris,National General,1
2024-06,Harris,Progressive / ASI,2
2024-06,Harris,SageSure SURE,7
2024-06,Harris,SageSure SafePort,1
2024-06,Harris,SageSure Trium,2
2024-06,Harris,Swyfft Benchmark,4
2024-06,Harris,Swyfft Topa (Surplus),1
2024-06,Harris,Travelers,6
2024-06,Hays,Liberty Mutual / Safeco,1
2024-06,Montgomery,ARI,1
2024-06,Montgomery,Allied Trust,1
2024-06,Montgomery,Progressive / ASI,1
2024-06,Wharton,Progressive / ASI,1
2024-07,Austin,SageSure SURE,1
2024-07,Bandera,Travelers,1
2024-07,Bexar,SageSure SURE,3
2024-07,Brazoria,Swyfft Benchmark,1
2024-07,Colorado,SageSure SURE,1
2024-07,Comal,Travelers,1
2024-07,Ellis,Mercury,1
2024-07,Fort Bend,Allied Trust,6
2024-07,Fort Bend,Mercury,2
2024-07,Fort Bend,Progressive / ASI,4
2024-07,Fort Bend,SageSure Occidental,1
2024-07,Fort Bend,SageSure SURE,6
2024-07,Fort Bend,SageSure Trium,1
2024-07,Fort Bend,Swyfft Benchmark,1
2024-07,Fort Bend,Swyfft Topa (Surplus),1
2024-07,Galveston,Liberty Mutual / Safeco,2
2024-07,Galveston,Mercury,1
2024-07,Harris,Allied Trust,6
2024-07,Harris,Chubb,2
2024-07,Harris,Liberty Mutual / Safeco,1
2024-07,Harris,Progressive / ASI,4
2024-07,Harris,SageSure SURE,4
2024-07,Harris,SageSure Trium,1
2024-07,Harris,Swyfft Benchmark,3
2024-07,Harris,Swyfft Topa (Surplus),3
2024-07,Harris,Travelers,8
2024-07,Montgomery,Allied Trust,1
2024-07,Montgomery,Progressive / ASI,2
2024-07,Montgomery,SageSure SURE,1
2024-07,Montgomery,Travelers,1
2024-07,San Jacinto,Liberty Mutual / Safeco,1
2024-07,Travis,Chubb,1
2024-07,Travis,Liberty Mutual / Safeco,1
2024-07,Travis,Progressive / ASI,1
2024-07,Waller,SageSure SURE,1
2024-07,Williamson,Liberty Mutual / Safeco,1
2024-08,Austin,Progressive / ASI,1
2024-08,Bexar,Travelers,1
2024-08,Brazoria,Allied Trust,1
2024-08,Brazoria,Mercury,1
2024-08,Brazoria,Swyfft Topa (Surplus),1
2024-08,Comal,Travelers,1
2024-08,Denton,Progressive / ASI,1
2024-08,Fort Bend,Progressive / ASI,6
2024-08,Fort Bend,SageSure SURE,3
2024-08,Fort Bend,SageSure Trium,1
2024-08,Fort Bend,Swyfft Topa (Surplus),2
2024-08,Hardin,Progressive / ASI,1
2024-08,Harris,Allied Trust,15
2024-08,Harris,Liberty Mutual / Safeco,1
2024-08,Harris,Mercury,1
2024-08,Harris,SageSure SURE,15
2024-08,Harris,SageSure Trium,2
2024-08,Harris,Swyfft Topa (Surplus),3
2024-08,Harris,Travelers,16
2024-08,Hays,Liberty Mutual / Safeco,1
2024-08,Jefferson,Allied Trust,1
2024-08,Montgomery,Progressive / ASI,1
2024-08,Montgomery,SageSure SURE,3
2024-08,Montgomery,Swyfft Topa (Surplus),1
2024-08,Montgomery,Travelers,1
2024-08,Travis,SageSure SURE,1
2024-08,Travis,Travelers,1
2024-08,Waller,Travelers,2
2024-08,Washington,Liberty Mutual / Safeco,1
2024-08,Wise,Travelers,1
2024-09,Brazoria,Allied Trust,1
2024-09,Brazoria,Liberty Mutual / Safeco,1
2024-09,Collin,Chubb,1
2024-09,Fort Bend,Allied Trust,7
2024-09,Fort Bend,Progressive / ASI,3
2024-09,Fort Bend,SageSure SURE,2
2024-09,Fort Bend,Swyfft Topa (Surplus),3
2024-09,Galveston,Progressive / ASI,1
2024-09,Gillespie,Travelers,1
2024-09,Harris,ARI,1
2024-09,Harris,Allied Trust,6
2024-09,Harris,Chubb,2
2024-09,Harris,Liberty Mutual / Safeco,2
2024-09,Harris,Orion180,1
2024-09,Harris,SageSure SURE,7
2024-09,Harris,Swyfft Topa (Surplus),2
2024-09,Harris,Travelers,13
2024-09,Montgomery,Allied Trust,2
2024-09,Montgomery,Progressive / ASI,1
2024-09,Montgomery,SageSure SURE,2
2024-09,Montgomery,Travelers,1
2024-09,Waller,Swyfft Topa (Surplus),1
2024-09,Waller,Travelers,1
2024-09,Williamson,SageSure SURE,1
2024-10,Brazoria,Allied Trust,1
2024-10,Brazoria,Swyfft Topa (Surplus),1
2024-10,Dallas,Progressive / ASI,1
2024-10,Fort Bend,Allied Trust,7
2024-10,Fort Bend,Progressive / ASI,1
2024-10,Fort Bend,SageSure SURE,1
2024-10,Fort Bend,Swyfft Topa (Surplus),1
2024-10,Galveston,Allied Trust,1
2024-10,Harris,Allied Trust,9
2024-10,Harris,Progressive / ASI,1
2024-10,Harris,SageSure SURE,4
2024-10,Harris,Swyfft Benchmark,3
2024-10,Harris,Swyfft Topa (Surplus),2
2024-10,Harris,Travelers,10
2024-10,Montgomery,SageSure SURE,1
2024-10,Montgomery,Travelers,1
2024-11,Brazoria,Mercury,1
2024-11,Brazoria,Progressive / ASI,2
2024-11,Brazoria,Swyfft Benchmark,1
2024-11,Chambers,Mercury,1
2024-11,Fort Bend,ARI,2
2024-11,Fort Bend,Allied Trust,1
2024-11,Fort Bend,Progressive / ASI,1
2024-11,Fort Bend,SageSure SURE,2
2024-11,Fort Bend,Swyfft Topa (Surplus),1
2024-11,Galveston,Allied Trust,1
2024-11,Harris,Allied Trust,2
2024-11,Harris,Chubb,2
2024-11,Harris,HOAIC,1
2024-11,Harris,Mercury,1
2024-11,Harris,SageSure SURE,3
2024-11,Harris,SageSure Trium,1
2024-11,Harris,Swyfft Benchmark,5
2024-11,Harris,Travelers,5
2024-11,Montgomery,Chubb,1
2024-11,Williamson,Travelers,1
2024-12,Brazoria,SageSure SURE,1
2024-12,Fort Bend,Allied Trust,4
2024-12,Fort Bend,Progressive / ASI,1
2024-12,Fort Bend,SageSure SURE,4
2024-12,Fort Bend,SageSure Trium,1
2024-12,Fort Bend,Swyfft Benchmark,4
2024-12,Fort Bend,Travelers,1
2024-12,Galveston,Allied Trust,1
2024-12,Harris,Allied Trust,2
2024-12,Harris,SageSure SURE,4
2024-12,Harris,Swyfft Benchmark,6
2024-12,Harris,Travelers,4
2024-12,Montgomery,Allied Trust,2
2024-12,Montgomery,Liberty Mutual / Safeco,1
2024-12,Montgomery,SageSure SafePort,1
2024-12,Montgomery,Travelers,1
2024-12,Waller,Travelers,1
2024-12,Williamson,SageSure SURE,1
2025-01,Fort Bend,ARI,1
2025-01,Fort Bend,Allied Trust,3
2025-01,Fort Bend,SageSure Occidental,3
2025-01,Fort Bend,SageSure SURE,3
2025-01,Fort Bend,SageSure Trium,1
2025-01,Galveston,Liberty Mutual / Safeco,1
2025-01,Harris,Allied Trust,1
2025-01,Harris,Liberty Mutual / Safeco,2
2025-01,Harris,SageSure Auros,1
2025-01,Harris,SageSure Occidental,4
2025-01,Harris,SageSure SURE,3
2025-01,Harris,SageSure SafePort,2
2025-01,Harris,SageSure Trium,3
2025-01,Harris,Swyfft Benchmark,3
2025-01,Harris,Swyfft Topa (Surplus),3
2025-01,Harris,Travelers,9
2025-01,Montgomery,Progressive / ASI,1
2025-01,Montgomery,SageSure Occidental,1
2025-01,Montgomery,SageSure SURE,2
2025-01,Montgomery,Swyfft Benchmark,1
2025-01,Montgomery,Swyfft Topa (Surplus),1
2025-01,Montgomery,Travelers,1
2025-01,Travis,Liberty Mutual / Safeco,1
2025-02,Brazoria,Allied Trust,1
2025-02,Brazoria,Progressive / ASI,1
2025-02,Collin,Progressive / ASI,1
2025-02,Dallas,Liberty Mutual / Safeco,1
2025-02,Fort Bend,ARI,1
2025-02,Fort Bend,Allied Trust,1
2025-02,Fort Bend,SageSure Occidental,1
2025-02,Fort Bend,SageSure SURE,3
2025-02,Fort Bend,Swyfft Benchmark,1
2025-02,Harris,Allied Trust,4
2025-02,Harris,Chubb,2
2025-02,Harris,Liberty Mutual / Safeco,4
2025-02,Harris,Mercury,1
2025-02,Harris,Progressive / ASI,1
2025-02,Harris,SageSure Occidental,7
2025-02,Harris,SageSure SURE,2
2025-02,Harris,SageSure Trium,5
2025-02,Harris,Swyfft Benchmark,2
2025-02,Harris,Swyfft Topa (Surplus),2
2025-02,Harris,Travelers,5
2025-02,Montgomery,Allied Trust,1
2025-02,Montgomery,Progressive / ASI,1
2025-02,Montgomery,SageSure Occidental,1
2025-02,Montgomery,SageSure Trium,1
2025-02,Montgomery,Swyfft Benchmark,2
2025-03,Brazoria,Mercury,1
2025-03,Brazoria,SageSure SURE,1
2025-03,Brazoria,Swyfft Lloyds (Surplus),1
2025-03,Ellis,Travelers,1
2025-03,Fort Bend,ARI,1
2025-03,Fort Bend,Allied Trust,1
2025-03,Fort Bend,Chubb,1
2025-03,Fort Bend,Progressive / ASI,1
2025-03,Fort Bend,SageSure Auros,1
2025-03,Fort Bend,SageSure Occidental,1
2025-03,Fort Bend,SageSure Trium,1
2025-03,Fort Bend,Swyfft Benchmark,2
2025-03,Harris,ARI,1
2025-03,Harris,Allied Trust,1
2025-03,Harris,Chubb,1
2025-03,Harris,Liberty Mutual / Safeco,5
2025-03,Harris,SageSure Auros,3
2025-03,Harris,SageSure Occidental,2
2025-03,Harris,SageSure SURE,5
2025-03,Harris,SageSure Trium,1
2025-03,Harris,Swyfft Benchmark,3
2025-03,Harris,Swyfft Topa (Surplus),2
2025-03,Harris,Travelers,6
2025-03,Waller,ARI,1
2025-03,Waller,SageSure SURE,1
2025-04,Brazoria,SageSure SURE,2
2025-04,Fort Bend,ARI,2
2025-04,Fort Bend,Allied Trust,1
2025-04,Fort Bend,HOAIC,1
2025-04,Fort Bend,SageSure Auros,2
2025-04,Fort Bend,SageSure Occidental,1
2025-04,Fort Bend,SageSure SURE,5
2025-04,Fort Bend,Swyfft Benchmark,1
2025-04,Fort Bend,Swyfft Lloyds (Surplus),1
2025-04,Fort Bend,Swyfft Topa (Surplus),1
2025-04,Galveston,Liberty Mutual / Safeco,1
2025-04,Galveston,SageSure Auros,1
2025-04,Harris,Allied Trust,1
2025-04,Harris,HOAIC,1
2025-04,Harris,Mercury,1
2025-04,Harris,National General,1
2025-04,Harris,SageSure Auros,8
2025-04,Harris,SageSure Occidental,3
2025-04,Harris,SageSure SURE,6
2025-04,Harris,Swyfft Benchmark,8
2025-04,Harris,Travelers,8
2025-04,Hood,Liberty Mutual / Safeco,1
2025-04,Montgomery,Liberty Mutual / Safeco,1
2025-04,Montgomery,Progressive / ASI,1
2025-04,Montgomery,SageSure Auros,1
2025-04,Montgomery,Swyfft Benchmark,1
2025-04,Orange,Allied Trust,1
2025-04,Waller,ARI,1
2025-05,Angelina,Progressive / ASI,1
2025-05,Bastrop,Liberty Mutual / Safeco,1
2025-05,Brazoria,SageSure Auros,1
2025-05,Brazoria,SageSure SURE,1
2025-05,Brazoria,Swyfft Topa (Surplus),1
2025-05,Denton,Swyfft Lloyds (Surplus),1
2025-05,Fort Bend,Allied Trust,1
2025-05,Fort Bend,SageSure Auros,6
2025-05,Fort Bend,SageSure Occidental,1
2025-05,Fort Bend,SageSure Trium,1
2025-05,Fort Bend,Swyfft Benchmark,3
2025-05,Galveston,Progressive / ASI,1
2025-05,Harris,ARI,3
2025-05,Harris,Allied Trust,3
2025-05,Harris,Chubb,1
2025-05,Harris,HOAIC,1
2025-05,Harris,Liberty Mutual / Safeco,3
2025-05,Harris,National General,3
2025-05,Harris,Progressive / ASI,1
2025-05,Harris,SageSure Auros,5
2025-05,Harris,SageSure Occidental,6
2025-05,Harris,SageSure SURE,5
2025-05,Harris,Swyfft Benchmark,7
2025-05,Harris,Travelers,4
2025-05,Hays,SageSure Auros,1
2025-05,Llano,Chubb,1
2025-05,Montgomery,Liberty Mutual / Safeco,1
2025-05,Montgomery,SageSure Auros,1
2025-05,Montgomery,SageSure Occidental,1
2025-05,Montgomery,Travelers,1
2025-05,Tarrant,Mercury,1
2025-05,Walker,Allied Trust,1
2025-05,Wharton,SageSure Auros,1
2025-05,Williamson,Liberty Mutual / Safeco,1
2025-06,Austin,Liberty Mutual / Safeco,1
2025-06,Bexar,Swyfft Lloyds (Surplus),1
2025-06,Brazoria,Allied Trust,2
2025-06,Brazoria,Progressive / ASI,1
2025-06,Comal,SageSure Auros,1
2025-06,Fort Bend,ARI,1
2025-06,Fort Bend,Allied Trust,3
2025-06,Fort Bend,National General,2
2025-06,Fort Bend,Orion180,3
2025-06,Fort Bend,SageSure Auros,2
2025-06,Fort Bend,Swyfft Benchmark,1
2025-06,Galveston,Progressive / ASI,2
2025-06,Harris,ARI,2
2025-06,Harris,Allied Trust,1
2025-06,Harris,HOAIC,2
2025-06,Harris,Mercury,2
2025-06,Harris,National General,2
2025-06,Harris,Orion180,2
2025-06,Harris,SageSure Auros,5
2025-06,Harris,SageSure Occidental,3
2025-06,Harris,SageSure SURE,2
2025-06,Harris,Swyfft Benchmark,3
2025-06,Harris,Travelers,3
2025-06,Montgomery,ARI,2
2025-06,Montgomery,Allied Trust,2
2025-06,Montgomery,Mercury,1
2025-06,Montgomery,National General,1
2025-06,Montgomery,Orion180,1
2025-06,Montgomery,Progressive / ASI,1
2025-06,San Jacinto,Liberty Mutual / Safeco,1
2025-06,Travis,ARI,1
2025-06,Travis,Liberty Mutual / Safeco,1
2025-06,Travis,SageSure Auros,1
2025-06,Williamson,Liberty Mutual / Safeco,1
2025-06,Wood,Liberty Mutual / Safeco,1
2025-07,Austin,ARI,1
2025-07,Bexar,ARI,1
2025-07,Brazoria,SageSure Auros,1
2025-07,Fort Bend,Allied Trust,1
2025-07,Fort Bend,HOAIC,1
2025-07,Fort Bend,National General,1
2025-07,Fort Bend,Orion180,1
2025-07,Fort Bend,SageSure Auros,2
2025-07,Fort Bend,SageSure SURE,1
2025-07,Fort Bend,SageSure Trium,1
2025-07,Fort Bend,Swyfft Benchmark,2
2025-07,Galveston,Liberty Mutual / Safeco,1
2025-07,Galveston,SageSure Auros,1
2025-07,Gillespie,SageSure Occidental,1
2025-07,Harris,Allied Trust,3
2025-07,Harris,HOAIC,1
2025-07,Harris,National General,2
2025-07,Harris,Orion180,1
2025-07,Harris,SageSure Auros,3
2025-07,Harris,SageSure Occidental,1
2025-07,Harris,SageSure SURE,1
2025-07,Harris,SageSure Trium,1
2025-07,Harris,Swyfft Benchmark,4
2025-07,Harris,Travelers,4
2025-07,Hood,Liberty Mutual / Safeco,1
2025-07,Polk,Liberty Mutual / Safeco,1
2025-07,Travis,Liberty Mutual / Safeco,2
2025-07,Waller,ARI,1
2025-08,Austin,SageSure Auros,1
2025-08,Bexar,ARI,1
2025-08,Brazos,Progressive / ASI,1
2025-08,Collin,HOAIC,1
2025-08,Fort Bend,ARI,1
2025-08,Fort Bend,Allied Trust,1
2025-08,Fort Bend,HOAIC,1
2025-08,Fort Bend,National General,1
2025-08,Fort Bend,Orion180,1
2025-08,Fort Bend,Progressive / ASI,1
2025-08,Fort Bend,SageSure Auros,1
2025-08,Fort Bend,SageSure Occidental,1
2025-08,Galveston,Allied Trust,1
2025-08,Harris,ARI,2
2025-08,Harris,Allied Trust,1
2025-08,Harris,HOAIC,2
2025-08,Harris,Liberty Mutual / Safeco,1
2025-08,Harris,National General,4
2025-08,Harris,Orion180,1
2025-08,Harris,Progressive / ASI,1
2025-08,Harris,SageSure Auros,12
2025-08,Harris,SageSure Occidental,2
2025-08,Harris,Swyfft Benchmark,4
2025-08,Harris,Travelers,2
2025-08,Montgomery,ARI,1
2025-08,Montgomery,SageSure SURE,1
2025-08,Tarrant,Swyfft Lloyds (Surplus),1
2025-08,Waller,HOAIC,1
2025-08,Waller,National General,1
2025-08,Waller,SageSure Auros,1
2025-08,Williamson,National General,1
2025-09,Austin,Foremost,2
2025-09,Austin,Liberty Mutual / Safeco,1
2025-09,Comal,HOAIC,1
2025-09,Fort Bend,ARI,2
2025-09,Fort Bend,Allied Trust,2
2025-09,Fort Bend,HOAIC,2
2025-09,Fort Bend,National General,1
2025-09,Fort Bend,Orion180,4
2025-09,Fort Bend,SageSure Auros,4
2025-09,Fort Bend,Swyfft Benchmark,1
2025-09,Galveston,Liberty Mutual / Safeco,1
2025-09,Galveston,SageSure Auros,1
2025-09,Gillespie,Liberty Mutual / Safeco,1
2025-09,Grimes,Mercury,1
2025-09,Harris,ARI,3
2025-09,Harris,Allied Trust,1
2025-09,Harris,HOAIC,3
2025-09,Harris,Liberty Mutual / Safeco,1
2025-09,Harris,National General,1
2025-09,Harris,Orion180,5
2025-09,Harris,SageSure Auros,9
2025-09,Harris,SageSure Occidental,1
2025-09,Harris,SageSure SafePort,1
2025-09,Harris,Swyfft Benchmark,1
2025-09,Harris,Travelers,2
2025-09,Liberty,Liberty Mutual / Safeco,1
2025-09,Montgomery,ARI,2
2025-09,Montgomery,Mercury,1
2025-09,Montgomery,Orion180,1
2025-09,Montgomery,SageSure Auros,1
2025-09,San Jacinto,Liberty Mutual / Safeco,1
2025-09,Travis,Liberty Mutual / Safeco,1
2025-09,Travis,SageSure Auros,1
2025-09,Travis,Travelers,1
2025-10,Aransas,SageSure Auros,1
2025-10,Bexar,Liberty Mutual / Safeco,1
2025-10,Brazoria,HOAIC,1
2025-10,Brazoria,Orion180,1
2025-10,Brazoria,SageSure SURE,1
2025-10,Chambers,Allied Trust,1
2025-10,Chambers,Orion180,1
2025-10,Colorado,Swyfft Benchmark,1
2025-10,Fort Bend,ARI,1
2025-10,Fort Bend,Allied Trust,3
2025-10,Fort Bend,HOAIC,5
2025-10,Fort Bend,Liberty Mutual / Safeco,1
2025-10,Fort Bend,National General,1
2025-10,Fort Bend,Orion180,1
2025-10,Fort Bend,SageSure Auros,9
2025-10,Fort Bend,SageSure Occidental,2
2025-10,Fort Bend,Swyfft Benchmark,1
2025-10,Galveston,SageSure SURE,2
2025-10,Harris,ARI,7
2025-10,Harris,Allied Trust,1
2025-10,Harris,HOAIC,4
2025-10,Harris,Liberty Mutual / Safeco,3
2025-10,Harris,National General,5
2025-10,Harris,Orion180,4
2025-10,Harris,SageSure Auros,7
2025-10,Harris,Swyfft Benchmark,1
2025-10,Harris,Swyfft Topa (Surplus),1
2025-10,Harris,Travelers,2
2025-10,Montgomery,HOAIC,1
2025-10,Montgomery,Orion180,1
2025-10,Montgomery,Progressive / ASI,1
2025-10,Montgomery,SageSure Auros,2
2025-10,Montgomery,Swyfft Benchmark,1
2025-10,Montgomery,Travelers,1
2025-10,Rockwall,Progressive / ASI,1
2025-10,Tarrant,HOAIC,1
2025-10,Waller,HOAIC,2
2025-10,Wharton,HOAIC,1
2025-10,Williamson,HOAIC,1
2025-11,Brazoria,HOAIC,1
2025-11,Brazoria,Orion180,1
2025-11,Brazoria,SageSure Trium,1
2025-11,Chambers,SageSure Auros,1
2025-11,Chambers,SageSure SURE,2
2025-11,Denton,Progressive / ASI,1
2025-11,Fort Bend,Allied Trust,2
2025-11,Fort Bend,Centauri,1
2025-11,Fort Bend,HOAIC,3
2025-11,Fort Bend,Orion180,1
2025-11,Fort Bend,SageSure Auros,2
2025-11,Fort Bend,SageSure SURE,2
2025-11,Fort Bend,SageSure Trium,1
2025-11,Fort Bend,Swyfft Benchmark,1
2025-11,Harris,ARI,1
2025-11,Harris,Allied Trust,1
2025-11,Harris,HOAIC,2
2025-11,Harris,Mercury,1
2025-11,Harris,Orion180,5
2025-11,Harris,SageSure Auros,4
2025-11,Harris,Swyfft Benchmark,3
2025-11,Harris,Travelers,3
2025-11,Maverick,Travelers,1
2025-11,Montgomery,Mercury,1
2025-11,Montgomery,Orion180,1
2025-11,Montgomery,Swyfft Benchmark,1
2025-11,Parker,Mercury,1
2025-11,Waller,HOAIC,2
2025-11,Waller,Travelers,1
2025-11,Washington,Travelers,1
2025-11,Williamson,Liberty Mutual / Safeco,1
2025-12,Austin,TWICO,1
2025-12,Bell,HOAIC,1
2025-12,Collin,HOAIC,1
2025-12,Collin,Orion180,1
2025-12,Collin,Progressive / ASI,1
2025-12,Collin,Swyfft Lloyds (Surplus),1
2025-12,Colorado,Foremost,1
2025-12,Denton,Orion180,1
2025-12,El Paso,Mercury,1
2025-12,Fort Bend,Allied Trust,1
2025-12,Fort Bend,Centauri,1
2025-12,Fort Bend,HOAIC,4
2025-12,Fort Bend,National General,2
2025-12,Fort Bend,Orion180,3
2025-12,Fort Bend,SageSure SURE,1
2025-12,Fort Bend,Swyfft Benchmark,1
2025-12,Galveston,SageSure Auros,1
2025-12,Harris,Allied Trust,4
2025-12,Harris,Centauri,1
2025-12,Harris,HOAIC,8
2025-12,Harris,Liberty Mutual / Safeco,1
2025-12,Harris,Mercury,1
2025-12,Harris,National General,1
2025-12,Harris,Orion180,3
2025-12,Harris,SageSure Auros,6
2025-12,Harris,Swyfft Benchmark,4
2025-12,Harris,Travelers,1
2025-12,Hays,Liberty Mutual / Safeco,1
2025-12,Jackson,Liberty Mutual / Safeco,1
2025-12,Jefferson,Orion180,1
2025-12,Montgomery,ARI,1
2025-12,Montgomery,HOAIC,3
2025-12,Montgomery,Progressive / ASI,1
2026-01,Bell,HOAIC,1
2026-01,Collin,Progressive / ASI,1
2026-01,Coryell,Orion180,1
2026-01,Fort Bend,Allied Trust,1
2026-01,Fort Bend,Centauri,1
2026-01,Fort Bend,HOAIC,5
2026-01,Fort Bend,National General,1
2026-01,Fort Bend,Orion180,2
2026-01,Fort Bend,SageSure Auros,6
2026-01,Fort Bend,Swyfft Benchmark,1
2026-01,Harris,ARI,1
2026-01,Harris,Allied Trust,4
2026-01,Harris,HOAIC,2
2026-01,Harris,Mercury,1
2026-01,Harris,Orion180,2
2026-01,Harris,SageSure Auros,6
2026-01,Harris,Swyfft Benchmark,1
2026-01,Harris,Swyfft Lloyds (Surplus),1
2026-01,Harris,TWICO,1
2026-01,Harris,Travelers,1
2026-01,Jackson,National General,1
2026-01,Liberty,Mercury,1
2026-01,Montgomery,HOAIC,1
2026-01,Montgomery,National General,1
2026-01,Montgomery,SageSure Trium,1
2026-01,Waller,HOAIC,1
2026-01,Waller,Travelers,1
2026-02,Bexar,Mercury,1
2026-02,Chambers,Progressive / ASI,1
2026-02,Fort Bend,ARI,1
2026-02,Fort Bend,Allied Trust,3
2026-02,Fort Bend,HOAIC,2
2026-02,Fort Bend,Orion180,1
2026-02,Fort Bend,SageSure Auros,1
2026-02,Fort Bend,SageSure SURE,2
2026-02,Galveston,Swyfft Benchmark,1
2026-02,Grayson,Orion180,1
2026-02,Harris,Allied Trust,2
2026-02,Harris,HOAIC,5
2026-02,Harris,Liberty Mutual / Safeco,2
2026-02,Harris,National General,3
2026-02,Harris,Orion180,2
2026-02,Harris,SageSure Auros,9
2026-02,Harris,Swyfft Benchmark,2
2026-02,Harris,Travelers,5
2026-02,Hidalgo,National General,1
2026-02,Hidalgo,SageSure Auros,2
2026-02,Liberty,National General,1
2026-02,Llano,Liberty Mutual / Safeco,1
2026-02,Montgomery,ARI,1
2026-02,Montgomery,Liberty Mutual / Safeco,1
2026-02,Montgomery,Mercury,1
2026-02,Montgomery,National General,1
2026-02,Montgomery,Orion180,1
2026-02,Montgomery,SageSure SURE,1
2026-02,Parker,Orion180,1
2026-02,Tarrant,Orion180,1
2026-02,Travis,SageSure Auros,1
2026-02,Victoria,National General,1
2026-02,Williamson,HOAIC,1
2026-03,Anderson,Liberty Mutual / Safeco,1
2026-03,Bexar,ARI,1
2026-03,Bexar,SageSure Auros,1
2026-03,Brazoria,HOAIC,1
2026-03,Brazoria,Progressive / ASI,1
2026-03,Comal,Allied Trust,1
2026-03,Fort Bend,ARI,2
2026-03,Fort Bend,Allied Trust,1
2026-03,Fort Bend,HOAIC,5
2026-03,Fort Bend,Mercury,1
2026-03,Fort Bend,Orion180,2
2026-03,Fort Bend,SageSure Auros,1
2026-03,Fort Bend,SageSure Trium,1
2026-03,Fort Bend,Swyfft Benchmark,1
2026-03,Fort Bend,Swyfft Lloyds (Surplus),1
2026-03,Harris,ARI,1
2026-03,Harris,Allied Trust,5
2026-03,Harris,Chubb,1
2026-03,Harris,HOAIC,1
2026-03,Harris,Liberty Mutual / Safeco,3
2026-03,Harris,Mercury,3
2026-03,Harris,National General,3
2026-03,Harris,Orion180,6
2026-03,Harris,SageSure Auros,4
2026-03,Harris,SageSure SURE,1
2026-03,Harris,SageSure Trium,1
2026-03,Harris,Swyfft Benchmark,3
2026-03,Harris,Travelers,3
2026-03,Liberty,Orion180,1
2026-03,Llano,SageSure SURE,1
2026-03,Montgomery,ARI,1
2026-03,Montgomery,HOAIC,2
2026-03,Montgomery,SageSure Auros,1
2026-03,Montgomery,SageSure Trium,1
2026-03,Travis,Orion180,1
2026-03,Walker,HOAIC,1
2026-03,Wise,Orion180,1
2026-04,Austin,HOAIC,1
2026-04,Bell,SageSure Auros,1
2026-04,Bexar,Mercury,1
2026-04,Bexar,Orion180,1
2026-04,Brazoria,Allied Trust,2
2026-04,Brazoria,HOAIC,1
2026-04,Brazoria,SageSure Auros,2
2026-04,Brazoria,Swyfft Benchmark,1
2026-04,Chambers,Liberty Mutual / Safeco,1
2026-04,Chambers,SageSure Trium,1
2026-04,Dallas,Orion180,1
2026-04,Dallas,Travelers,2
2026-04,Fort Bend,ARI,1
2026-04,Fort Bend,Allied Trust,4
2026-04,Fort Bend,HOAIC,3
2026-04,Fort Bend,Mercury,4
2026-04,Fort Bend,National General,1
2026-04,Fort Bend,Orion180,3
2026-04,Fort Bend,SageSure Auros,2
2026-04,Fort Bend,SageSure SURE,1
2026-04,Fort Bend,SageSure Trium,1
2026-04,Fort Bend,Swyfft Benchmark,2
2026-04,Guadalupe,HOAIC,1
2026-04,Harris,Allied Trust,7
2026-04,Harris,HOAIC,1
2026-04,Harris,Liberty Mutual / Safeco,3
2026-04,Harris,Mercury,3
2026-04,Harris,Orion180,2
2026-04,Harris,SageSure Auros,2
2026-04,Harris,SageSure SURE,1
2026-04,Harris,Swyfft Benchmark,4
2026-04,Harris,Swyfft Lloyds (Surplus),1
2026-04,Harris,Travelers,7
2026-04,Montgomery,ARI,1
2026-04,Montgomery,HOAIC,3
2026-04,Montgomery,Liberty Mutual / Safeco,1
2026-04,Montgomery,National General,1
2026-04,Montgomery,Swyfft Benchmark,1
2026-04,Montgomery,Travelers,1
2026-04,Polk,SageSure Auros,1
2026-04,Rockwall,ARI,1
2026-04,Stephens,Mercury,1
2026-04,Tarrant,HOAIC,1
2026-04,Tarrant,Travelers,1
2026-04,Travis,Travelers,1
2026-04,Waller,HOAIC,1
2026-04,Waller,Travelers,1
2026-04,Webb,SageSure Auros,1
2026-04,Williamson,Mercury,1
2026-04,Williamson,SageSure Auros,2
2026-05,Austin,HOAIC,1
2026-05,Bastrop,Foremost,1
2026-05,Bexar,SageSure Auros,2
2026-05,Brazoria,HOAIC,2
2026-05,Burleson,SageSure Auros,1
2026-05,Collin,Travelers,1
2026-05,Denton,Progressive / ASI,1
2026-05,Fort Bend,ARI,1
2026-05,Fort Bend,Allied Trust,2
2026-05,Fort Bend,HOAIC,3
2026-05,Fort Bend,National General,2
2026-05,Fort Bend,SageSure Auros,4
2026-05,Fort Bend,Swyfft Benchmark,1
2026-05,Galveston,HOAIC,1
2026-05,Galveston,Liberty Mutual / Safeco,1
2026-05,Harris,Allied Trust,5
2026-05,Harris,HOAIC,8
2026-05,Harris,Liberty Mutual / Safeco,3
2026-05,Harris,Mercury,1
2026-05,Harris,National General,4
2026-05,Harris,Orion180,6
2026-05,Harris,SageSure Auros,11
2026-05,Harris,SageSure SURE,1
2026-05,Harris,Swyfft Benchmark,5
2026-05,Harris,Travelers,5
2026-05,Hays,National General,1
2026-05,Hidalgo,SageSure Auros,1
2026-05,Lavaca,National General,1
2026-05,Liberty,Travelers,1
2026-05,Montgomery,Liberty Mutual / Safeco,1
2026-05,Montgomery,National General,1
2026-05,Montgomery,SageSure Auros,3
2026-05,Montgomery,Swyfft Benchmark,1
2026-05,Montgomery,Travelers,1
2026-05,Tarrant,National General,1
2026-05,Travis,SageSure Auros,1
2026-05,Washington,Mercury,1
2026-05,Williamson,HOAIC,1
2026-05,Williamson,Liberty Mutual / Safeco,1
2026-05,Williamson,National General,2
2026-06,Aransas,Progressive / ASI,1
2026-06,Austin,SageSure Auros,1
2026-06,Bexar,HOAIC,1
2026-06,Brazoria,HOAIC,2
2026-06,Chambers,SageSure Auros,2
2026-06,Collin,Orion180,1
2026-06,Collin,Progressive / ASI,1
2026-06,Colorado,SageSure Auros,1
2026-06,Comal,ARI,1
2026-06,Comal,Chubb,1
2026-06,Dallas,Orion180,1
2026-06,Fort Bend,ARI,2
2026-06,Fort Bend,HOAIC,5
2026-06,Fort Bend,National General,4
2026-06,Fort Bend,Orion180,5
2026-06,Fort Bend,SageSure Auros,7
2026-06,Fort Bend,Swyfft Lloyds (Surplus),1
2026-06,Galveston,HOAIC,2
2026-06,Harris,Allied Trust,2
2026-06,Harris,HOAIC,4
2026-06,Harris,Mercury,2
2026-06,Harris,National General,3
2026-06,Harris,Orion180,7
2026-06,Harris,SageSure Auros,10
2026-06,Harris,SageSure SURE,1
2026-06,Harris,Swyfft Benchmark,4
2026-06,Harris,Swyfft Lloyds (Surplus),1
2026-06,Harris,Travelers,8
2026-06,Hidalgo,SageSure Auros,1
2026-06,Kendall,HOAIC,1
2026-06,Llano,HOAIC,1
2026-06,Montgomery,ARI,1
2026-06,Montgomery,HOAIC,2
2026-06,Montgomery,Mercury,2
2026-06,Montgomery,National General,2
2026-06,Montgomery,SageSure Auros,2
2026-06,Montgomery,Swyfft Benchmark,1
2026-06,Nueces,Progressive / ASI,1
2026-06,Polk,Liberty Mutual / Safeco,1
2026-06,Rusk,Travelers,1
2026-06,Travis,Allied Trust,1
2026-06,Travis,HOAIC,1
2026-06,Travis,National General,1
2026-06,Waller,HOAIC,1
2026-06,Wharton,National General,1
2026-07,Bexar,SageSure Auros,1
2026-07,Brazoria,HOAIC,1
2026-07,Burleson,HOAIC,1
2026-07,Cherokee,Travelers,1
2026-07,Collin,Progressive / ASI,1
2026-07,Denton,Travelers,1
2026-07,Fort Bend,Allied Trust,1
2026-07,Fort Bend,HOAIC,3
2026-07,Fort Bend,National General,2
2026-07,Fort Bend,Orion180,3
2026-07,Fort Bend,SageSure Auros,3
2026-07,Fort Bend,SageSure SURE,1
2026-07,Fort Bend,Travelers,2
2026-07,Galveston,Liberty Mutual / Safeco,1
2026-07,Guadalupe,National General,1
2026-07,Guadalupe,TWICO,1
2026-07,Harris,ARI,1
2026-07,Harris,Allied Trust,2
2026-07,Harris,HOAIC,8
2026-07,Harris,Mercury,4
2026-07,Harris,National General,7
2026-07,Harris,Orion180,1
2026-07,Harris,Progressive / ASI,1
2026-07,Harris,SageSure Auros,10
2026-07,Harris,SageSure SURE,1
2026-07,Harris,Swyfft Benchmark,3
2026-07,Harris,Travelers,3
2026-07,Hays,TWICO,1
2026-07,Hidalgo,SageSure Auros,1
2026-07,Leon,National General,1
2026-07,Liberty,HOAIC,1
2026-07,Lubbock,National General,1
2026-07,Montgomery,HOAIC,3
2026-07,Montgomery,National General,2
2026-07,Montgomery,Orion180,1
2026-07,Montgomery,SageSure Auros,2
2026-07,Montgomery,Travelers,1
2026-07,Nueces,Progressive / ASI,1
2026-07,Tarrant,National General,2
2026-07,Travis,SageSure SURE,1
2026-07,Waller,HOAIC,1
2026-07,Washington,HOAIC,1
2026-07,Webb,HOAIC,1
2026-07,Williamson,HOAIC,2
2026-07,Williamson,National General,3
2026-08,Austin,SageSure Auros,1
2026-08,Bell,HOAIC,1
2026-08,Bell,SageSure Auros,1
2026-08,Bexar,Liberty Mutual / Safeco,1
2026-08,Bexar,SageSure Auros,1
2026-08,Brazoria,HOAIC,3
2026-08,Brazoria,SageSure Auros,1
2026-08,Collin,HOAIC,1
2026-08,Collin,Progressive / ASI,2
2026-08,Denton,HOAIC,1
2026-08,Denton,Orion180,1
2026-08,Fort Bend,Allied Trust,1
2026-08,Fort Bend,HOAIC,5
2026-08,Fort Bend,National General,1
2026-08,Fort Bend,Orion180,1
2026-08,Fort Bend,SageSure Auros,3
2026-08,Fort Bend,Swyfft Benchmark,2
2026-08,Fort Bend,Travelers,2
2026-08,Galveston,Progressive / ASI,3
2026-08,Harris,Allied Trust,4
2026-08,Harris,Chubb,1
2026-08,Harris,HOAIC,5
2026-08,Harris,Mercury,1
2026-08,Harris,National General,16
2026-08,Harris,Orion180,2
2026-08,Harris,SageSure Auros,11
2026-08,Harris,SageSure Occidental,1
2026-08,Harris,Swyfft Benchmark,5
2026-08,Harris,Travelers,4
2026-08,Hays,HOAIC,1
2026-08,Hays,Liberty Mutual / Safeco,1
2026-08,Hidalgo,SageSure Auros,2
2026-08,Hidalgo,Travelers,1
2026-08,Liberty,Allied Trust,1
2026-08,Montgomery,ARI,1
2026-08,Montgomery,Foremost,1
2026-08,Montgomery,HOAIC,2
2026-08,Montgomery,Mercury,1
2026-08,Montgomery,SageSure Auros,1
2026-08,Montgomery,Swyfft Benchmark,1
2026-08,Montgomery,Travelers,4
2026-08,Waller,HOAIC,1
2026-08,Webb,SageSure Auros,2
2026-08,Williamson,National General,2
2026-09,Bandera,SageSure Auros,1
2026-09,Bastrop,HOAIC,1
2026-09,Bexar,ARI,1
2026-09,Brazoria,SageSure Auros,1
2026-09,Caldwell,Progressive / ASI,1
2026-09,Comal,SageSure Auros,1
2026-09,Denton,Progressive / ASI,1
2026-09,Denton,Swyfft Lloyds (Surplus),1
2026-09,Fort Bend,Allied Trust,1
2026-09,Fort Bend,HOAIC,5
2026-09,Fort Bend,Mercury,1
2026-09,Fort Bend,SageSure Auros,4
2026-09,Fort Bend,SageSure SURE,1
2026-09,Fort Bend,SageSure SafePort,1
2026-09,Fort Bend,Swyfft Benchmark,1
2026-09,Fort Bend,Travelers,3
2026-09,Guadalupe,ARI,1
2026-09,Harris,Allied Trust,1
2026-09,Harris,HOAIC,18
2026-09,Harris,Mercury,5
2026-09,Harris,National General,4
2026-09,Harris,Orion180,6
2026-09,Harris,SageSure Auros,9
2026-09,Harris,SageSure SURE,1
2026-09,Harris,Swyfft Benchmark,2
2026-09,Harris,TWICO,1
2026-09,Harris,Travelers,2
2026-09,Kendall,HOAIC,1
2026-09,Liberty,HOAIC,1
2026-09,Montgomery,Mercury,1
2026-09,Montgomery,Orion180,1
2026-09,Montgomery,Progressive / ASI,2
2026-09,Montgomery,SageSure Auros,1
2026-09,Montgomery,Swyfft Benchmark,1
2026-09,Moore,Mercury,1
2026-09,Orange,Travelers,1
2026-09,Rusk,HOAIC,1
2026-09,Travis,HOAIC,1
2026-09,Travis,Liberty Mutual / Safeco,1
2026-09,Waller,HOAIC,1
2026-09,Waller,Progressive / ASI,1
2026-09,Webb,SageSure Auros,4
2026-09,Williamson,TWICO,1
2026-10,Brazoria,Orion180,1
2026-10,Collin,HOAIC,1
2026-10,Fort Bend,Allied Trust,1
2026-10,Fort Bend,SageSure Auros,1
2026-10,Harris,Allied Trust,1
2026-10,Harris,HOAIC,4
2026-10,Harris,SageSure Auros,4
2026-10,Harris,Swyfft Benchmark,1
2026-10,Hays,SageSure Auros,1
2026-10,Montgomery,ARI,1
2026-10,Montgomery,Progressive / ASI,1
2026-10,Montgomery,SageSure Auros,1
2026-10,Parker,Travelers,1
2026-10,Waller,National General,1
