month,zip,market,n
2002-06,78609,Foremost,1
2003-01,77014,Liberty Mutual / Safeco,1
2003-07,77069,Progressive / ASI,1
2003-09,78130,Foremost,1
2003-11,77318,Foremost,1
2004-01,77075,Foremost,1
2004-01,77502,Foremost,1
2004-02,77014,Foremost,1
2004-02,77028,Foremost,2
2004-02,77083,Foremost,1
2004-02,77084,Foremost,1
2004-02,77085,Foremost,1
2004-02,77093,Foremost,1
2004-02,77423,Liberty Mutual / Safeco,1
2004-02,77429,Foremost,1
2004-02,77450,Foremost,1
2004-03,77021,Foremost,1
2004-03,77033,Foremost,1
2004-03,77072,Foremost,1
2004-03,77078,Foremost,1
2004-03,77091,Foremost,1
2004-03,77094,Foremost,1
2004-03,77502,Foremost,1
2004-04,77026,Foremost,1
2004-04,77028,Foremost,1
2004-04,77051,Foremost,1
2004-04,77053,Foremost,2
2004-04,77083,Foremost,1
2004-04,77388,Progressive / ASI,1
2004-05,77025,Progressive / ASI,1
2004-05,77079,Progressive / ASI,1
2004-05,77095,Progressive / ASI,1
2004-05,77351,Foremost,1
2004-05,77388,Progressive / ASI,1
2004-05,77429,Progressive / ASI,1
2004-05,77469,Progressive / ASI,1
2004-06,77041,Progressive / ASI,1
2004-06,77044,Foremost,1
2004-06,77077,Progressive / ASI,1
2004-06,77084,Progressive / ASI,1
2004-06,77095,Progressive / ASI,1
2004-06,77375,Progressive / ASI,3
2004-06,77469,Progressive / ASI,1
2004-06,78643,Progressive / ASI,1
2004-07,77008,Liberty Mutual / Safeco,1
2004-07,77008,Progressive / ASI,1
2004-07,77026,Foremost,1
2004-07,77028,Foremost,1
2004-07,77041,Progressive / ASI,1
2004-07,77375,Progressive / ASI,1
2004-07,77379,Liberty Mutual / Safeco,1
2004-07,77388,Progressive / ASI,1
2004-07,77449,Liberty Mutual / Safeco,1
2004-07,77450,Progressive / ASI,2
2004-07,80907,Progressive / ASI,1
2004-08,70592,Progressive / ASI,1
2004-08,77007,Progressive / ASI,1
2004-08,77009,HOAIC,1
2004-08,77073,Progressive / ASI,1
2004-08,77085,Progressive / ASI,1
2004-08,77095,Progressive / ASI,2
2004-08,77375,Progressive / ASI,1
2004-08,77459,Progressive / ASI,1
2004-08,77469,Progressive / ASI,2
2004-08,77503,Foremost,1
2004-09,77026,Foremost,1
2004-09,77066,Progressive / ASI,1
2004-09,77079,Progressive / ASI,1
2004-09,77375,Progressive / ASI,1
2004-09,77449,Progressive / ASI,1
2004-09,77469,Progressive / ASI,1
2004-10,77095,Foremost,1
2004-10,77095,Progressive / ASI,1
2004-10,77389,Foremost,1
2004-11,77053,Foremost,1
2004-11,77469,Progressive / ASI,1
2004-12,77459,Liberty Mutual / Safeco,1
2004-12,77498,SageSure Occidental,1
2004-12,77506,Foremost,1
2005-01,77027,Liberty Mutual / Safeco,1
2005-01,77373,Liberty Mutual / Safeco,1
2005-01,77449,Progressive / ASI,1
2005-01,77545,SageSure Occidental,1
2005-02,77041,Liberty Mutual / Safeco,1
2005-02,77077,Liberty Mutual / Safeco,1
2005-02,77085,Foremost,1
2005-02,77086,Progressive / ASI,1
2005-02,77093,Foremost,1
2005-03,77013,Foremost,1
2005-03,77033,Foremost,1
2005-03,77082,Foremost,1
2005-03,77401,Foremost,1
2005-03,77449,Liberty Mutual / Safeco,1
2005-03,77471,Liberty Mutual / Safeco,1
2005-04,77051,Foremost,1
2005-04,77406,Liberty Mutual / Safeco,1
2005-05,77093,Foremost,1
2005-06,75457,Progressive / ASI,1
2005-06,77024,Liberty Mutual / Safeco,1
2005-06,77085,Foremost,1
2005-06,77433,Progressive / ASI,1
2005-06,77449,Liberty Mutual / Safeco,1
2005-06,77485,Foremost,1
2005-06,77506,Foremost,1
2005-07,77336,Progressive / ASI,1
2005-07,77449,Progressive / ASI,1
2005-08,77083,Foremost,1
2005-08,77565,Progressive / ASI,1
2005-09,77079,Progressive / ASI,1
2005-09,77084,Progressive / ASI,1
2005-09,77086,HOAIC,1
2005-09,77371,Progressive / ASI,1
2005-10,77007,HOAIC,1
2005-10,77007,Progressive / ASI,1
2005-10,77084,Progressive / ASI,1
2005-10,77450,Progressive / ASI,1
2005-11,77014,Progressive / ASI,1
2005-11,77449,Progressive / ASI,1
2005-11,77532,HOAIC,1
2005-12,77407,Progressive / ASI,1
2006-01,77005,Progressive / ASI,1
2006-01,77063,Liberty Mutual / Safeco,1
2006-01,77071,Liberty Mutual / Safeco,1
2006-01,77089,Liberty Mutual / Safeco,1
2006-01,77095,Progressive / ASI,1
2006-01,77318,Liberty Mutual / Safeco,1
2006-02,77003,Liberty Mutual / Safeco,1
2006-02,77006,Liberty Mutual / Safeco,1
2006-02,77033,Foremost,1
2006-02,77079,Liberty Mutual / Safeco,1
2006-02,77355,Foremost,1
2006-02,77447,Liberty Mutual / Safeco,1
2006-03,77004,Liberty Mutual / Safeco,1
2006-03,77008,Liberty Mutual / Safeco,1
2006-03,77008,Progressive / ASI,1
2006-03,77024,Chubb,1
2006-03,77033,Foremost,1
2006-03,77047,Liberty Mutual / Safeco,1
2006-03,77074,Liberty Mutual / Safeco,1
2006-03,77075,Liberty Mutual / Safeco,1
2006-03,77095,Liberty Mutual / Safeco,1
2006-03,77373,Liberty Mutual / Safeco,1
2006-03,77379,Progressive / ASI,1
2006-03,78619,Progressive / ASI,1
2006-04,77007,Liberty Mutual / Safeco,1
2006-04,77021,Liberty Mutual / Safeco,1
2006-04,77024,Liberty Mutual / Safeco,1
2006-04,77025,Liberty Mutual / Safeco,2
2006-04,77042,Liberty Mutual / Safeco,1
2006-04,77082,Liberty Mutual / Safeco,1
2006-04,77083,Travelers,1
2006-04,77095,Progressive / ASI,1
2006-04,77338,Foremost,1
2006-04,77379,Liberty Mutual / Safeco,1
2006-04,77396,Progressive / ASI,1
2006-04,77450,Liberty Mutual / Safeco,1
2006-04,77520,Progressive / ASI,1
2006-05,77003,Liberty Mutual / Safeco,1
2006-05,77008,Liberty Mutual / Safeco,1
2006-05,77009,Liberty Mutual / Safeco,1
2006-05,77015,HOAIC,1
2006-05,77024,Travelers,1
2006-05,77035,Liberty Mutual / Safeco,1
2006-05,77035,Travelers,1
2006-05,77043,Liberty Mutual / Safeco,1
2006-05,77060,Progressive / ASI,1
2006-05,77063,Liberty Mutual / Safeco,1
2006-05,77070,Progressive / ASI,1
2006-05,77079,Liberty Mutual / Safeco,1
2006-05,77091,Progressive / ASI,1
2006-05,77095,Liberty Mutual / Safeco,1
2006-05,77339,Liberty Mutual / Safeco,1
2006-05,77375,Progressive / ASI,1
2006-05,77379,Liberty Mutual / Safeco,1
2006-05,77386,Liberty Mutual / Safeco,1
2006-05,77450,Progressive / ASI,1
2006-05,77476,HOAIC,1
2006-05,77504,Liberty Mutual / Safeco,1
2006-05,77506,Foremost,1
2006-05,77545,Progressive / ASI,1
2006-05,77573,Travelers,1
2006-05,77578,Travelers,1
2006-05,79110,Progressive / ASI,1
2006-06,75205,Liberty Mutual / Safeco,1
2006-06,77007,Liberty Mutual / Safeco,1
2006-06,77016,Progressive / ASI,1
2006-06,77027,Liberty Mutual / Safeco,1
2006-06,77042,Liberty Mutual / Safeco,1
2006-06,77044,Foremost,1
2006-06,77045,Progressive / ASI,1
2006-06,77063,Liberty Mutual / Safeco,2
2006-06,77066,Liberty Mutual / Safeco,1
2006-06,77073,Progressive / ASI,1
2006-06,77079,Liberty Mutual / Safeco,2
2006-06,77079,Progressive / ASI,1
2006-06,77084,Progressive / ASI,1
2006-06,77339,Progressive / ASI,1
2006-06,77346,Liberty Mutual / Safeco,1
2006-06,77365,Progressive / ASI,1
2006-06,77386,Progressive / ASI,2
2006-06,77388,Liberty Mutual / Safeco,1
2006-06,77396,Progressive / ASI,1
2006-06,77433,Progressive / ASI,1
2006-06,77449,Progressive / ASI,1
2006-06,77459,Liberty Mutual / Safeco,1
2006-06,77459,Progressive / ASI,1
2006-06,77493,Liberty Mutual / Safeco,1
2006-06,77503,Foremost,1
2006-06,77505,Liberty Mutual / Safeco,1
2006-06,77520,Liberty Mutual / Safeco,1
2006-06,77535,Foremost,1
2006-06,78609,Foremost,1
2006-06,78745,Liberty Mutual / Safeco,1
2006-07,77007,Progressive / ASI,1
2006-07,77009,Liberty Mutual / Safeco,1
2006-07,77013,Liberty Mutual / Safeco,1
2006-07,77016,Foremost,1
2006-07,77021,Foremost,1
2006-07,77022,Liberty Mutual / Safeco,1
2006-07,77024,Liberty Mutual / Safeco,2
2006-07,77025,Liberty Mutual / Safeco,3
2006-07,77025,Progressive / ASI,2
2006-07,77028,Foremost,1
2006-07,77031,Liberty Mutual / Safeco,1
2006-07,77033,Liberty Mutual / Safeco,2
2006-07,77034,Foremost,2
2006-07,77035,Foremost,1
2006-07,77035,Liberty Mutual / Safeco,1
2006-07,77040,Liberty Mutual / Safeco,1
2006-07,77041,Liberty Mutual / Safeco,2
2006-07,77042,Liberty Mutual / Safeco,1
2006-07,77044,HOAIC,1
2006-07,77044,Liberty Mutual / Safeco,3
2006-07,77044,Progressive / ASI,1
2006-07,77045,Foremost,1
2006-07,77047,Liberty Mutual / Safeco,1
2006-07,77048,Foremost,3
2006-07,77055,Liberty Mutual / Safeco,1
2006-07,77056,Liberty Mutual / Safeco,1
2006-07,77057,Liberty Mutual / Safeco,1
2006-07,77058,Liberty Mutual / Safeco,1
2006-07,77061,Foremost,1
2006-07,77063,Progressive / ASI,1
2006-07,77065,Liberty Mutual / Safeco,2
2006-07,77072,Foremost,1
2006-07,77072,Liberty Mutual / Safeco,1
2006-07,77073,Progressive / ASI,2
2006-07,77075,Foremost,1
2006-07,77076,Foremost,3
2006-07,77076,Liberty Mutual / Safeco,1
2006-07,77077,Foremost,1
2006-07,77077,Liberty Mutual / Safeco,3
2006-07,77079,Liberty Mutual / Safeco,4
2006-07,77080,Liberty Mutual / Safeco,1
2006-07,77081,Foremost,2
2006-07,77082,Liberty Mutual / Safeco,2
2006-07,77084,Liberty Mutual / Safeco,2
2006-07,77085,Foremost,2
2006-07,77088,Foremost,1
2006-07,77089,Foremost,1
2006-07,77089,Liberty Mutual / Safeco,1
2006-07,77091,Foremost,1
2006-07,77094,Liberty Mutual / Safeco,1
2006-07,77095,Liberty Mutual / Safeco,1
2006-07,77095,Progressive / ASI,1
2006-07,77096,Liberty Mutual / Safeco,1
2006-07,77098,Liberty Mutual / Safeco,1
2006-07,77099,Foremost,1
2006-07,77328,Liberty Mutual / Safeco,1
2006-07,77336,Foremost,1
2006-07,77338,Foremost,1
2006-07,77345,Liberty Mutual / Safeco,1
2006-07,77346,Liberty Mutual / Safeco,4
2006-07,77346,Progressive / ASI,3
2006-07,77354,Progressive / ASI,1
2006-07,77355,Liberty Mutual / Safeco,1
2006-07,77373,Liberty Mutual / Safeco,2
2006-07,77373,Progressive / ASI,1
2006-07,77375,Progressive / ASI,2
2006-07,77384,Foremost,1
2006-07,77386,Liberty Mutual / Safeco,1
2006-07,77388,Progressive / ASI,1
2006-07,77396,Foremost,1
2006-07,77429,Progressive / ASI,1
2006-07,77433,Liberty Mutual / Safeco,1
2006-07,77433,Progressive / ASI,1
2006-07,77450,Progressive / ASI,2
2006-07,77450,SageSure Occidental,1
2006-07,77451,Foremost,1
2006-07,77461,Foremost,1
2006-07,77478,Foremost,1
2006-07,77494,Progressive / ASI,2
2006-07,77502,Foremost,4
2006-07,77502,HOAIC,1
2006-07,77536,Liberty Mutual / Safeco,1
2006-07,77539,Progressive / ASI,1
2006-07,77545,Foremost,1
2006-07,77545,Progressive / ASI,5
2006-07,77547,Foremost,1
2006-07,77547,Liberty Mutual / Safeco,1
2006-07,77562,Foremost,1
2006-07,77571,Foremost,1
2006-07,77575,Foremost,1
2006-07,77581,Progressive / ASI,1
2006-07,77706,Progressive / ASI,1
2006-07,78610,Liberty Mutual / Safeco,1
2006-07,78660,Liberty Mutual / Safeco,1
2006-07,78666,Liberty Mutual / Safeco,1
2006-07,78748,Liberty Mutual / Safeco,1
2006-07,78756,Liberty Mutual / Safeco,1
2006-08,76179,Liberty Mutual / Safeco,1
2006-08,77005,HOAIC,1
2006-08,77005,Liberty Mutual / Safeco,2
2006-08,77006,Liberty Mutual / Safeco,1
2006-08,77007,Progressive / ASI,1
2006-08,77008,Progressive / ASI,1
2006-08,77014,Liberty Mutual / Safeco,1
2006-08,77016,Foremost,1
2006-08,77021,Foremost,1
2006-08,77021,Liberty Mutual / Safeco,1
2006-08,77024,Liberty Mutual / Safeco,1
2006-08,77025,Liberty Mutual / Safeco,3
2006-08,77025,Progressive / ASI,1
2006-08,77029,Foremost,1
2006-08,77033,Foremost,1
2006-08,77036,Liberty Mutual / Safeco,1
2006-08,77039,Foremost,2
2006-08,77040,Liberty Mutual / Safeco,1
2006-08,77043,Liberty Mutual / Safeco,1
2006-08,77044,Liberty Mutual / Safeco,2
2006-08,77045,Liberty Mutual / Safeco,1
2006-08,77048,Liberty Mutual / Safeco,1
2006-08,77049,Foremost,1
2006-08,77053,Foremost,1
2006-08,77054,Progressive / ASI,1
2006-08,77055,Liberty Mutual / Safeco,1
2006-08,77062,Foremost,1
2006-08,77063,Progressive / ASI,1
2006-08,77071,Liberty Mutual / Safeco,3
2006-08,77074,Foremost,1
2006-08,77077,Liberty Mutual / Safeco,1
2006-08,77079,Liberty Mutual / Safeco,4
2006-08,77080,Liberty Mutual / Safeco,1
2006-08,77081,Liberty Mutual / Safeco,1
2006-08,77082,Liberty Mutual / Safeco,1
2006-08,77083,Progressive / ASI,1
2006-08,77084,Liberty Mutual / Safeco,1
2006-08,77084,Progressive / ASI,2
2006-08,77087,Progressive / ASI,1
2006-08,77089,Liberty Mutual / Safeco,1
2006-08,77091,Progressive / ASI,1
2006-08,77092,Liberty Mutual / Safeco,1
2006-08,77095,Progressive / ASI,3
2006-08,77099,Foremost,2
2006-08,77302,Foremost,1
2006-08,77338,Progressive / ASI,1
2006-08,77345,Liberty Mutual / Safeco,1
2006-08,77346,Liberty Mutual / Safeco,4
2006-08,77346,Progressive / ASI,1
2006-08,77375,Progressive / ASI,4
2006-08,77379,Liberty Mutual / Safeco,1
2006-08,77385,Liberty Mutual / Safeco,1
2006-08,77386,Liberty Mutual / Safeco,1
2006-08,77396,Liberty Mutual / Safeco,1
2006-08,77407,Progressive / ASI,1
2006-08,77429,Progressive / ASI,1
2006-08,77433,Progressive / ASI,3
2006-08,77449,Progressive / ASI,5
2006-08,77469,Liberty Mutual / Safeco,2
2006-08,77471,Liberty Mutual / Safeco,1
2006-08,77479,Liberty Mutual / Safeco,2
2006-08,77489,HOAIC,1
2006-08,77493,Liberty Mutual / Safeco,2
2006-08,77494,Liberty Mutual / Safeco,1
2006-08,77510,Progressive / ASI,1
2006-08,77518,Foremost,1
2006-08,77520,Foremost,1
2006-08,77530,Liberty Mutual / Safeco,1
2006-08,77536,Foremost,1
2006-08,77545,Liberty Mutual / Safeco,2
2006-08,77545,Progressive / ASI,3
2006-08,77546,Liberty Mutual / Safeco,1
2006-08,77546,Progressive / ASI,1
2006-08,77554,Progressive / ASI,1
2006-08,77573,Foremost,1
2006-08,77573,Progressive / ASI,1
2006-08,77581,Progressive / ASI,3
2006-08,77583,Progressive / ASI,1
2006-08,77583,SageSure Occidental,1
2006-08,77584,Progressive / ASI,10
2006-08,77586,Foremost,1
2006-08,77836,Liberty Mutual / Safeco,1
2006-08,77845,Liberty Mutual / Safeco,1
2006-08,77845,Progressive / ASI,1
2006-08,78703,Liberty Mutual / Safeco,1
2006-08,78732,Liberty Mutual / Safeco,1
2006-08,78749,Liberty Mutual / Safeco,1
2006-08,79765,Progressive / ASI,1
2006-09,77008,Liberty Mutual / Safeco,1
2006-09,77024,Liberty Mutual / Safeco,1
2006-09,77036,Liberty Mutual / Safeco,1
2006-09,77038,Progressive / ASI,1
2006-09,77042,Liberty Mutual / Safeco,1
2006-09,77044,Liberty Mutual / Safeco,1
2006-09,77044,Progressive / ASI,4
2006-09,77055,Liberty Mutual / Safeco,1
2006-09,77060,Liberty Mutual / Safeco,1
2006-09,77061,Liberty Mutual / Safeco,1
2006-09,77065,Progressive / ASI,2
2006-09,77074,Foremost,1
2006-09,77077,Liberty Mutual / Safeco,2
2006-09,77079,Liberty Mutual / Safeco,4
2006-09,77079,Travelers,1
2006-09,77083,Foremost,1
2006-09,77084,Foremost,1
2006-09,77095,Progressive / ASI,1
2006-09,77338,Liberty Mutual / Safeco,1
2006-09,77338,Progressive / ASI,1
2006-09,77339,Foremost,1
2006-09,77346,Liberty Mutual / Safeco,1
2006-09,77375,Progressive / ASI,1
2006-09,77379,Progressive / ASI,1
2006-09,77386,Progressive / ASI,1
2006-09,77396,Liberty Mutual / Safeco,1
2006-09,77433,Liberty Mutual / Safeco,1
2006-09,77449,Foremost,1
2006-09,77449,Progressive / ASI,1
2006-09,77479,Liberty Mutual / Safeco,1
2006-09,77489,Foremost,2
2006-09,77503,Foremost,1
2006-09,77506,Foremost,1
2006-09,77545,Progressive / ASI,1
2006-09,77575,Foremost,1
2006-09,77578,Progressive / ASI,1
2006-09,77583,Progressive / ASI,1
2006-09,77845,Liberty Mutual / Safeco,1
2006-10,77005,Liberty Mutual / Safeco,1
2006-10,77024,Liberty Mutual / Safeco,2
2006-10,77024,Progressive / ASI,1
2006-10,77060,Foremost,1
2006-10,77079,Liberty Mutual / Safeco,2
2006-10,77085,Liberty Mutual / Safeco,1
2006-10,77088,Foremost,1
2006-10,77088,HOAIC,1
2006-10,77091,Centauri,1
2006-10,77091,Liberty Mutual / Safeco,1
2006-10,77095,Progressive / ASI,1
2006-10,77096,Liberty Mutual / Safeco,1
2006-10,77339,Liberty Mutual / Safeco,1
2006-10,77346,Progressive / ASI,1
2006-10,77365,Liberty Mutual / Safeco,1
2006-10,77375,Progressive / ASI,1
2006-10,77377,Liberty Mutual / Safeco,1
2006-10,77378,Progressive / ASI,1
2006-10,77381,Foremost,1
2006-10,77449,Liberty Mutual / Safeco,1
2006-10,77469,Liberty Mutual / Safeco,1
2006-10,77493,Liberty Mutual / Safeco,1
2006-10,77494,Liberty Mutual / Safeco,1
2006-10,77502,Foremost,1
2006-10,77511,Progressive / ASI,1
2006-10,77573,Progressive / ASI,1
2006-10,77581,Progressive / ASI,1
2006-10,77583,Progressive / ASI,1
2006-10,78606,Progressive / ASI,1
2006-11,77007,Liberty Mutual / Safeco,1
2006-11,77019,HOAIC,1
2006-11,77019,Liberty Mutual / Safeco,1
2006-11,77021,Progressive / ASI,1
2006-11,77037,Progressive / ASI,1
2006-11,77065,Liberty Mutual / Safeco,1
2006-11,77073,Liberty Mutual / Safeco,1
2006-11,77073,Progressive / ASI,1
2006-11,77090,Liberty Mutual / Safeco,1
2006-11,77095,Progressive / ASI,2
2006-11,77302,Foremost,1
2006-11,77346,Liberty Mutual / Safeco,1
2006-11,77354,Liberty Mutual / Safeco,1
2006-11,77365,Progressive / ASI,2
2006-11,77378,Progressive / ASI,1
2006-11,77386,Progressive / ASI,1
2006-11,77396,Liberty Mutual / Safeco,1
2006-11,77396,Progressive / ASI,1
2006-11,77450,Liberty Mutual / Safeco,1
2006-11,77469,Liberty Mutual / Safeco,1
2006-11,77469,Progressive / ASI,1
2006-11,77471,Progressive / ASI,1
2006-11,77477,Progressive / ASI,1
2006-11,77568,Progressive / ASI,1
2006-11,77584,Progressive / ASI,1
2006-11,78724,Liberty Mutual / Safeco,1
2006-12,75052,Progressive / ASI,1
2006-12,77007,Liberty Mutual / Safeco,1
2006-12,77035,Liberty Mutual / Safeco,1
2006-12,77064,Liberty Mutual / Safeco,1
2006-12,77064,Progressive / ASI,1
2006-12,77070,Liberty Mutual / Safeco,1
2006-12,77073,HOAIC,1
2006-12,77073,Liberty Mutual / Safeco,1
2006-12,77084,Liberty Mutual / Safeco,1
2006-12,77095,HOAIC,1
2006-12,77095,Progressive / ASI,2
2006-12,77098,Liberty Mutual / Safeco,1
2006-12,77304,Liberty Mutual / Safeco,1
2006-12,77338,Liberty Mutual / Safeco,1
2006-12,77346,Liberty Mutual / Safeco,2
2006-12,77373,Progressive / ASI,1
2006-12,77384,Progressive / ASI,1
2006-12,77396,Liberty Mutual / Safeco,1
2006-12,77429,Progressive / ASI,1
2006-12,77433,Liberty Mutual / Safeco,1
2006-12,77449,Progressive / ASI,1
2006-12,77469,Liberty Mutual / Safeco,1
2006-12,77469,Progressive / ASI,1
2006-12,77478,Liberty Mutual / Safeco,1
2006-12,77545,Liberty Mutual / Safeco,1
2006-12,77568,Progressive / ASI,1
2006-12,77573,Progressive / ASI,1
2006-12,77584,Progressive / ASI,1
2007-01,75115,Liberty Mutual / Safeco,1
2007-01,77009,Liberty Mutual / Safeco,1
2007-01,77063,Liberty Mutual / Safeco,1
2007-01,77071,Liberty Mutual / Safeco,1
2007-01,77073,Progressive / ASI,1
2007-01,77077,Liberty Mutual / Safeco,1
2007-01,77091,Liberty Mutual / Safeco,1
2007-01,77095,Progressive / ASI,1
2007-01,77346,Liberty Mutual / Safeco,1
2007-01,77378,Liberty Mutual / Safeco,1
2007-01,77378,Progressive / ASI,1
2007-01,77459,Liberty Mutual / Safeco,1
2007-01,77479,Liberty Mutual / Safeco,1
2007-01,77520,Liberty Mutual / Safeco,1
2007-01,77571,Foremost,1
2007-02,77006,Liberty Mutual / Safeco,1
2007-02,77077,Progressive / ASI,1
2007-02,77079,Liberty Mutual / Safeco,1
2007-02,77090,Liberty Mutual / Safeco,1
2007-02,77096,Liberty Mutual / Safeco,1
2007-02,77346,Liberty Mutual / Safeco,1
2007-02,77373,Liberty Mutual / Safeco,1
2007-02,77373,Progressive / ASI,1
2007-02,77378,Progressive / ASI,1
2007-02,77396,Liberty Mutual / Safeco,1
2007-02,77407,Liberty Mutual / Safeco,1
2007-02,77433,Progressive / ASI,2
2007-02,77449,Progressive / ASI,1
2007-02,77459,Liberty Mutual / Safeco,2
2007-02,77469,Liberty Mutual / Safeco,1
2007-02,77520,Liberty Mutual / Safeco,1
2007-02,77573,Progressive / ASI,1
2007-02,77581,Progressive / ASI,1
2007-02,78746,Liberty Mutual / Safeco,1
2007-02,79118,Progressive / ASI,1
2007-03,75551,Foremost,1
2007-03,77014,Liberty Mutual / Safeco,1
2007-03,77074,Liberty Mutual / Safeco,1
2007-03,77096,Liberty Mutual / Safeco,1
2007-03,77338,Liberty Mutual / Safeco,1
2007-03,77355,Foremost,2
2007-03,77378,Liberty Mutual / Safeco,1
2007-03,77386,Liberty Mutual / Safeco,1
2007-03,77401,Liberty Mutual / Safeco,1
2007-03,77494,Liberty Mutual / Safeco,1
2007-03,77573,Progressive / ASI,1
2007-04,77030,Liberty Mutual / Safeco,1
2007-04,77035,Liberty Mutual / Safeco,1
2007-04,77047,Liberty Mutual / Safeco,1
2007-04,77079,Liberty Mutual / Safeco,1
2007-04,77095,Progressive / ASI,1
2007-04,77373,Progressive / ASI,1
2007-04,77406,Liberty Mutual / Safeco,1
2007-04,77450,Liberty Mutual / Safeco,1
2007-04,77476,Liberty Mutual / Safeco,1
2007-04,77520,Liberty Mutual / Safeco,1
2007-04,77520,Progressive / ASI,1
2007-05,77004,Liberty Mutual / Safeco,1
2007-05,77077,Liberty Mutual / Safeco,1
2007-05,77089,Liberty Mutual / Safeco,1
2007-05,77095,Liberty Mutual / Safeco,1
2007-05,77099,Liberty Mutual / Safeco,1
2007-05,77338,Liberty Mutual / Safeco,2
2007-05,77375,Progressive / ASI,1
2007-05,77386,Liberty Mutual / Safeco,2
2007-05,77396,Progressive / ASI,1
2007-05,77407,Liberty Mutual / Safeco,1
2007-05,77459,Liberty Mutual / Safeco,1
2007-05,77469,Liberty Mutual / Safeco,1
2007-05,77479,Liberty Mutual / Safeco,1
2007-05,77493,Progressive / ASI,1
2007-05,77494,Liberty Mutual / Safeco,1
2007-05,77521,Liberty Mutual / Safeco,1
2007-05,77545,Progressive / ASI,2
2007-05,77573,Progressive / ASI,2
2007-05,77581,Progressive / ASI,1
2007-05,78746,Liberty Mutual / Safeco,1
2007-06,77027,Liberty Mutual / Safeco,1
2007-06,77029,Foremost,1
2007-06,77041,Liberty Mutual / Safeco,1
2007-06,77042,Liberty Mutual / Safeco,1
2007-06,77077,Liberty Mutual / Safeco,1
2007-06,77093,Liberty Mutual / Safeco,1
2007-06,77095,Liberty Mutual / Safeco,1
2007-06,77338,Liberty Mutual / Safeco,1
2007-06,77339,Liberty Mutual / Safeco,1
2007-06,77346,Liberty Mutual / Safeco,2
2007-06,77396,Liberty Mutual / Safeco,1
2007-06,77459,Liberty Mutual / Safeco,1
2007-06,77479,Liberty Mutual / Safeco,1
2007-06,77494,Liberty Mutual / Safeco,1
2007-06,77546,Progressive / ASI,1
2007-06,77573,Progressive / ASI,1
2007-06,77578,Progressive / ASI,1
2007-07,77014,Liberty Mutual / Safeco,1
2007-07,77025,Liberty Mutual / Safeco,1
2007-07,77048,Foremost,1
2007-07,77055,Liberty Mutual / Safeco,1
2007-07,77056,Liberty Mutual / Safeco,2
2007-07,77060,Liberty Mutual / Safeco,1
2007-07,77070,Liberty Mutual / Safeco,1
2007-07,77095,HOAIC,1
2007-07,77095,Liberty Mutual / Safeco,1
2007-07,77338,Progressive / ASI,1
2007-07,77354,Liberty Mutual / Safeco,1
2007-07,77396,Foremost,1
2007-07,77396,Liberty Mutual / Safeco,3
2007-07,77433,Liberty Mutual / Safeco,1
2007-07,77449,Liberty Mutual / Safeco,1
2007-07,77449,Progressive / ASI,1
2007-07,77450,Progressive / ASI,1
2007-07,77494,Liberty Mutual / Safeco,2
2007-07,77554,Progressive / ASI,1
2007-07,78703,Liberty Mutual / Safeco,2
2007-07,79118,Progressive / ASI,1
2007-08,55811,Progressive / ASI,1
2007-08,77007,Liberty Mutual / Safeco,1
2007-08,77014,Liberty Mutual / Safeco,2
2007-08,77014,Progressive / ASI,1
2007-08,77018,Liberty Mutual / Safeco,1
2007-08,77034,Liberty Mutual / Safeco,1
2007-08,77044,Liberty Mutual / Safeco,2
2007-08,77055,HOAIC,1
2007-08,77055,Liberty Mutual / Safeco,1
2007-08,77073,Progressive / ASI,1
2007-08,77079,Liberty Mutual / Safeco,2
2007-08,77095,Liberty Mutual / Safeco,1
2007-08,77316,Liberty Mutual / Safeco,1
2007-08,77316,Progressive / ASI,1
2007-08,77338,Progressive / ASI,1
2007-08,77407,Liberty Mutual / Safeco,1
2007-08,77449,Liberty Mutual / Safeco,1
2007-08,77459,Liberty Mutual / Safeco,2
2007-08,77459,Progressive / ASI,1
2007-08,77494,Liberty Mutual / Safeco,2
2007-08,77494,Progressive / ASI,1
2007-08,77530,Liberty Mutual / Safeco,1
2007-08,77532,HOAIC,1
2007-08,77532,Liberty Mutual / Safeco,1
2007-08,77546,Progressive / ASI,1
2007-08,77578,Progressive / ASI,2
2007-08,78230,Progressive / ASI,1
2007-08,78704,Liberty Mutual / Safeco,1
2007-09,77008,Liberty Mutual / Safeco,1
2007-09,77014,Liberty Mutual / Safeco,3
2007-09,77014,Progressive / ASI,1
2007-09,77023,Liberty Mutual / Safeco,1
2007-09,77041,Liberty Mutual / Safeco,1
2007-09,77048,Progressive / ASI,1
2007-09,77079,Liberty Mutual / Safeco,2
2007-09,77083,Liberty Mutual / Safeco,1
2007-09,77316,Liberty Mutual / Safeco,1
2007-09,77346,Liberty Mutual / Safeco,1
2007-09,77346,Progressive / ASI,1
2007-09,77386,Liberty Mutual / Safeco,2
2007-09,77396,Liberty Mutual / Safeco,1
2007-09,77407,Liberty Mutual / Safeco,3
2007-09,77429,Progressive / ASI,1
2007-09,77449,Liberty Mutual / Safeco,1
2007-09,77535,Progressive / ASI,1
2007-09,77578,Progressive / ASI,1
2007-09,77584,Progressive / ASI,1
2007-09,77630,Liberty Mutual / Safeco,1
2007-10,77004,Liberty Mutual / Safeco,1
2007-10,77025,Liberty Mutual / Safeco,1
2007-10,77053,Liberty Mutual / Safeco,1
2007-10,77055,Liberty Mutual / Safeco,1
2007-10,77065,Liberty Mutual / Safeco,1
2007-10,77079,Liberty Mutual / Safeco,1
2007-10,77095,Liberty Mutual / Safeco,2
2007-10,77346,Liberty Mutual / Safeco,1
2007-10,77365,Liberty Mutual / Safeco,1
2007-10,77396,Liberty Mutual / Safeco,1
2007-10,77407,Liberty Mutual / Safeco,1
2007-10,77407,Progressive / ASI,1
2007-10,77433,Liberty Mutual / Safeco,1
2007-10,77459,Liberty Mutual / Safeco,1
2007-10,77469,Liberty Mutual / Safeco,1
2007-10,77494,Liberty Mutual / Safeco,1
2007-10,77578,Progressive / ASI,1
2007-10,77584,Progressive / ASI,1
2007-11,77034,Liberty Mutual / Safeco,1
2007-11,77044,Liberty Mutual / Safeco,2
2007-11,77066,Liberty Mutual / Safeco,1
2007-11,77073,Progressive / ASI,1
2007-11,77095,Liberty Mutual / Safeco,2
2007-11,77096,Liberty Mutual / Safeco,1
2007-11,77302,Liberty Mutual / Safeco,1
2007-11,77338,Liberty Mutual / Safeco,1
2007-11,77381,Liberty Mutual / Safeco,1
2007-11,77406,Liberty Mutual / Safeco,2
2007-11,77459,Liberty Mutual / Safeco,1
2007-11,77493,Liberty Mutual / Safeco,1
2007-11,77586,Progressive / ASI,1
2007-11,77591,Progressive / ASI,2
2007-12,75032,Liberty Mutual / Safeco,1
2007-12,77007,Liberty Mutual / Safeco,1
2007-12,77009,Liberty Mutual / Safeco,2
2007-12,77019,Liberty Mutual / Safeco,1
2007-12,77031,Liberty Mutual / Safeco,1
2007-12,77062,Liberty Mutual / Safeco,1
2007-12,77073,Liberty Mutual / Safeco,1
2007-12,77077,Liberty Mutual / Safeco,1
2007-12,77079,Liberty Mutual / Safeco,2
2007-12,77083,Liberty Mutual / Safeco,2
2007-12,77095,Progressive / ASI,2
2007-12,77338,Liberty Mutual / Safeco,1
2007-12,77354,Liberty Mutual / Safeco,1
2007-12,77365,Progressive / ASI,1
2007-12,77375,Progressive / ASI,1
2007-12,77396,Progressive / ASI,3
2007-12,77433,Progressive / ASI,1
2007-12,77459,Liberty Mutual / Safeco,1
2007-12,77459,Progressive / ASI,1
2007-12,77469,Liberty Mutual / Safeco,1
2007-12,77471,Liberty Mutual / Safeco,1
2007-12,77494,Liberty Mutual / Safeco,1
2007-12,77498,Liberty Mutual / Safeco,1
2007-12,77581,Progressive / ASI,1
2008-01,77024,Liberty Mutual / Safeco,1
2008-01,77031,Liberty Mutual / Safeco,1
2008-01,77044,Liberty Mutual / Safeco,1
2008-01,77048,Liberty Mutual / Safeco,1
2008-01,77055,Progressive / ASI,1
2008-01,77070,Liberty Mutual / Safeco,1
2008-01,77084,Liberty Mutual / Safeco,1
2008-01,77088,Liberty Mutual / Safeco,1
2008-01,77099,Liberty Mutual / Safeco,1
2008-01,77379,Liberty Mutual / Safeco,1
2008-01,77396,Liberty Mutual / Safeco,1
2008-01,77406,Liberty Mutual / Safeco,1
2008-01,77407,Liberty Mutual / Safeco,1
2008-01,77433,Liberty Mutual / Safeco,1
2008-01,77459,Liberty Mutual / Safeco,1
2008-01,77469,Liberty Mutual / Safeco,1
2008-01,77494,Liberty Mutual / Safeco,2
2008-02,77004,Liberty Mutual / Safeco,1
2008-02,77036,Liberty Mutual / Safeco,1
2008-02,77077,Liberty Mutual / Safeco,1
2008-02,77077,Progressive / ASI,1
2008-02,77086,Progressive / ASI,1
2008-02,77095,Liberty Mutual / Safeco,2
2008-02,77302,Liberty Mutual / Safeco,1
2008-02,77346,Liberty Mutual / Safeco,1
2008-02,77386,Liberty Mutual / Safeco,1
2008-02,77407,HOAIC,1
2008-02,77407,Liberty Mutual / Safeco,2
2008-02,77407,Progressive / ASI,1
2008-02,77450,Liberty Mutual / Safeco,1
2008-02,77469,Liberty Mutual / Safeco,1
2008-02,77479,Liberty Mutual / Safeco,1
2008-02,77581,Progressive / ASI,1
2008-02,79118,Progressive / ASI,1
2008-03,77004,Liberty Mutual / Safeco,1
2008-03,77007,Liberty Mutual / Safeco,1
2008-03,77035,Liberty Mutual / Safeco,1
2008-03,77043,Liberty Mutual / Safeco,1
2008-03,77073,HOAIC,1
2008-03,77073,Liberty Mutual / Safeco,1
2008-03,77077,Liberty Mutual / Safeco,2
2008-03,77084,Liberty Mutual / Safeco,1
2008-03,77095,Liberty Mutual / Safeco,1
2008-03,77351,Liberty Mutual / Safeco,1
2008-03,77382,Liberty Mutual / Safeco,1
2008-03,77396,Liberty Mutual / Safeco,1
2008-03,77401,Liberty Mutual / Safeco,1
2008-03,77407,Liberty Mutual / Safeco,2
2008-03,77469,Liberty Mutual / Safeco,1
2008-03,77545,Liberty Mutual / Safeco,1
2008-03,77554,Progressive / ASI,1
2008-03,77573,Progressive / ASI,1
2008-03,78619,Liberty Mutual / Safeco,1
2008-03,78748,Liberty Mutual / Safeco,1
2008-04,75075,Liberty Mutual / Safeco,1
2008-04,75154,Liberty Mutual / Safeco,1
2008-04,76227,Liberty Mutual / Safeco,1
2008-04,77004,Liberty Mutual / Safeco,1
2008-04,77014,Liberty Mutual / Safeco,1
2008-04,77018,Liberty Mutual / Safeco,1
2008-04,77040,Liberty Mutual / Safeco,1
2008-04,77043,Liberty Mutual / Safeco,1
2008-04,77044,Liberty Mutual / Safeco,1
2008-04,77055,Liberty Mutual / Safeco,2
2008-04,77079,Liberty Mutual / Safeco,1
2008-04,77084,Liberty Mutual / Safeco,1
2008-04,77095,Liberty Mutual / Safeco,1
2008-04,77346,Liberty Mutual / Safeco,2
2008-04,77346,Travelers,1
2008-04,77365,Liberty Mutual / Safeco,1
2008-04,77380,Liberty Mutual / Safeco,1
2008-04,77386,Liberty Mutual / Safeco,1
2008-04,77396,Liberty Mutual / Safeco,2
2008-04,77406,Liberty Mutual / Safeco,1
2008-04,77450,Liberty Mutual / Safeco,1
2008-04,77494,HOAIC,1
2008-04,77494,Liberty Mutual / Safeco,1
2008-04,77532,Liberty Mutual / Safeco,1
2008-04,77532,Progressive / ASI,1
2008-04,77545,Liberty Mutual / Safeco,1
2008-05,77006,Liberty Mutual / Safeco,1
2008-05,77019,Liberty Mutual / Safeco,1
2008-05,77024,Liberty Mutual / Safeco,1
2008-05,77025,Liberty Mutual / Safeco,1
2008-05,77034,Liberty Mutual / Safeco,1
2008-05,77035,Liberty Mutual / Safeco,1
2008-05,77042,Liberty Mutual / Safeco,1
2008-05,77043,Liberty Mutual / Safeco,1
2008-05,77079,Liberty Mutual / Safeco,3
2008-05,77094,Liberty Mutual / Safeco,1
2008-05,77365,Liberty Mutual / Safeco,1
2008-05,77379,Progressive / ASI,1
2008-05,77407,Liberty Mutual / Safeco,2
2008-05,77429,Liberty Mutual / Safeco,1
2008-05,77450,Liberty Mutual / Safeco,2
2008-05,77459,Liberty Mutual / Safeco,2
2008-05,77494,Liberty Mutual / Safeco,1
2008-05,77520,Liberty Mutual / Safeco,1
2008-05,77520,SageSure Occidental,1
2008-05,77573,Travelers,1
2008-05,77578,Progressive / ASI,1
2008-05,78108,Liberty Mutual / Safeco,1
2008-05,78130,Liberty Mutual / Safeco,1
2008-06,77003,Liberty Mutual / Safeco,1
2008-06,77021,Liberty Mutual / Safeco,1
2008-06,77024,Liberty Mutual / Safeco,2
2008-06,77038,Liberty Mutual / Safeco,1
2008-06,77043,Liberty Mutual / Safeco,1
2008-06,77048,Liberty Mutual / Safeco,1
2008-06,77049,Liberty Mutual / Safeco,2
2008-06,77053,Centauri,1
2008-06,77053,Liberty Mutual / Safeco,2
2008-06,77073,Liberty Mutual / Safeco,1
2008-06,77079,Liberty Mutual / Safeco,3
2008-06,77080,Liberty Mutual / Safeco,1
2008-06,77083,Liberty Mutual / Safeco,1
2008-06,77084,Liberty Mutual / Safeco,1
2008-06,77094,Liberty Mutual / Safeco,1
2008-06,77095,Liberty Mutual / Safeco,2
2008-06,77338,Liberty Mutual / Safeco,1
2008-06,77339,Liberty Mutual / Safeco,3
2008-06,77346,Liberty Mutual / Safeco,2
2008-06,77346,Progressive / ASI,1
2008-06,77356,Liberty Mutual / Safeco,2
2008-06,77357,Liberty Mutual / Safeco,1
2008-06,77379,Liberty Mutual / Safeco,1
2008-06,77388,Liberty Mutual / Safeco,1
2008-06,77396,Liberty Mutual / Safeco,1
2008-06,77407,Liberty Mutual / Safeco,3
2008-06,77429,Liberty Mutual / Safeco,1
2008-06,77433,Liberty Mutual / Safeco,1
2008-06,77449,Liberty Mutual / Safeco,1
2008-06,77449,Progressive / ASI,1
2008-06,77450,Liberty Mutual / Safeco,2
2008-06,77459,Liberty Mutual / Safeco,3
2008-06,77479,Liberty Mutual / Safeco,1
2008-06,77494,Liberty Mutual / Safeco,2
2008-06,77520,Progressive / ASI,1
2008-06,77530,Liberty Mutual / Safeco,1
2008-06,77532,Liberty Mutual / Safeco,1
2008-06,77545,Progressive / ASI,1
2008-06,77568,Progressive / ASI,1
2008-06,78130,Liberty Mutual / Safeco,1
2008-06,78745,Liberty Mutual / Safeco,1
2008-06,78746,HOAIC,1
2008-07,75243,Liberty Mutual / Safeco,1
2008-07,76227,Liberty Mutual / Safeco,1
2008-07,77007,Liberty Mutual / Safeco,1
2008-07,77007,Travelers,1
2008-07,77024,Liberty Mutual / Safeco,1
2008-07,77033,Liberty Mutual / Safeco,1
2008-07,77044,Liberty Mutual / Safeco,2
2008-07,77045,Liberty Mutual / Safeco,1
2008-07,77060,Liberty Mutual / Safeco,1
2008-07,77073,Liberty Mutual / Safeco,1
2008-07,77077,Liberty Mutual / Safeco,1
2008-07,77079,HOAIC,2
2008-07,77079,Liberty Mutual / Safeco,1
2008-07,77090,Liberty Mutual / Safeco,1
2008-07,77094,Liberty Mutual / Safeco,1
2008-07,77095,Liberty Mutual / Safeco,1
2008-07,77327,Liberty Mutual / Safeco,1
2008-07,77375,Liberty Mutual / Safeco,1
2008-07,77386,Liberty Mutual / Safeco,1
2008-07,77407,Liberty Mutual / Safeco,1
2008-07,77433,Liberty Mutual / Safeco,1
2008-07,77441,Liberty Mutual / Safeco,1
2008-07,77441,Travelers,1
2008-07,77450,Liberty Mutual / Safeco,2
2008-07,77459,Liberty Mutual / Safeco,2
2008-07,77471,Liberty Mutual / Safeco,1
2008-07,77494,Liberty Mutual / Safeco,1
2008-07,77532,Liberty Mutual / Safeco,1
2008-07,77546,Progressive / ASI,1
2008-07,77587,Liberty Mutual / Safeco,1
2008-08,76051,Liberty Mutual / Safeco,1
2008-08,76205,Liberty Mutual / Safeco,1
2008-08,77009,Liberty Mutual / Safeco,1
2008-08,77024,Liberty Mutual / Safeco,2
2008-08,77039,Liberty Mutual / Safeco,1
2008-08,77043,Liberty Mutual / Safeco,1
2008-08,77044,Liberty Mutual / Safeco,2
2008-08,77072,Liberty Mutual / Safeco,1
2008-08,77079,HOAIC,1
2008-08,77084,Liberty Mutual / Safeco,2
2008-08,77316,Liberty Mutual / Safeco,1
2008-08,77346,Liberty Mutual / Safeco,1
2008-08,77381,Liberty Mutual / Safeco,1
2008-08,77385,Liberty Mutual / Safeco,1
2008-08,77386,Liberty Mutual / Safeco,2
2008-08,77388,Liberty Mutual / Safeco,1
2008-08,77407,Liberty Mutual / Safeco,2
2008-08,77433,Liberty Mutual / Safeco,1
2008-08,77433,Progressive / ASI,2
2008-08,77449,Liberty Mutual / Safeco,1
2008-08,77459,Liberty Mutual / Safeco,1
2008-08,77478,Liberty Mutual / Safeco,1
2008-08,77503,Liberty Mutual / Safeco,1
2008-08,77536,Liberty Mutual / Safeco,2
2008-08,77545,Liberty Mutual / Safeco,1
2008-08,78250,Liberty Mutual / Safeco,1
2008-09,77044,Liberty Mutual / Safeco,2
2008-09,77063,Liberty Mutual / Safeco,1
2008-09,77316,Liberty Mutual / Safeco,1
2008-09,77345,Liberty Mutual / Safeco,1
2008-09,77365,Liberty Mutual / Safeco,1
2008-09,77375,Liberty Mutual / Safeco,1
2008-09,77377,Liberty Mutual / Safeco,1
2008-09,77379,Liberty Mutual / Safeco,1
2008-09,77379,Progressive / ASI,1
2008-09,77381,Liberty Mutual / Safeco,2
2008-09,77389,Liberty Mutual / Safeco,1
2008-09,77406,Liberty Mutual / Safeco,1
2008-09,77433,Liberty Mutual / Safeco,1
2008-09,77433,Progressive / ASI,1
2008-09,77459,Progressive / ASI,1
2008-09,77469,Liberty Mutual / Safeco,2
2008-09,77479,Chubb,1
2008-09,77479,Liberty Mutual / Safeco,1
2008-09,77545,Progressive / ASI,1
2008-09,78704,Liberty Mutual / Safeco,1
2008-10,75044,Liberty Mutual / Safeco,1
2008-10,77005,Liberty Mutual / Safeco,1
2008-10,77032,Liberty Mutual / Safeco,1
2008-10,77042,Liberty Mutual / Safeco,1
2008-10,77044,Liberty Mutual / Safeco,1
2008-10,77051,Liberty Mutual / Safeco,1
2008-10,77075,Liberty Mutual / Safeco,1
2008-10,77089,Liberty Mutual / Safeco,1
2008-10,77089,SageSure Occidental,1
2008-10,77320,Liberty Mutual / Safeco,1
2008-10,77331,Liberty Mutual / Safeco,1
2008-10,77339,Liberty Mutual / Safeco,1
2008-10,77346,Liberty Mutual / Safeco,1
2008-10,77355,Liberty Mutual / Safeco,1
2008-10,77373,Liberty Mutual / Safeco,1
2008-10,77386,Liberty Mutual / Safeco,2
2008-10,77396,Liberty Mutual / Safeco,1
2008-10,77396,Progressive / ASI,2
2008-10,77401,Liberty Mutual / Safeco,1
2008-10,77429,Liberty Mutual / Safeco,1
2008-10,77494,Progressive / ASI,1
2008-11,77008,Liberty Mutual / Safeco,1
2008-11,77014,Liberty Mutual / Safeco,1
2008-11,77024,Liberty Mutual / Safeco,1
2008-11,77044,Liberty Mutual / Safeco,3
2008-11,77057,Liberty Mutual / Safeco,1
2008-11,77077,Liberty Mutual / Safeco,1
2008-11,77079,Liberty Mutual / Safeco,1
2008-11,77085,Liberty Mutual / Safeco,1
2008-11,77091,Liberty Mutual / Safeco,1
2008-11,77092,Liberty Mutual / Safeco,1
2008-11,77095,Liberty Mutual / Safeco,1
2008-11,77346,Liberty Mutual / Safeco,2
2008-11,77354,Liberty Mutual / Safeco,1
2008-11,77373,Liberty Mutual / Safeco,1
2008-11,77373,Progressive / ASI,1
2008-11,77375,Liberty Mutual / Safeco,1
2008-11,77381,Liberty Mutual / Safeco,2
2008-11,77407,Liberty Mutual / Safeco,1
2008-11,77449,Liberty Mutual / Safeco,1
2008-11,77469,Liberty Mutual / Safeco,2
2008-11,77469,Progressive / ASI,1
2008-11,77493,Liberty Mutual / Safeco,1
2008-11,77494,Liberty Mutual / Safeco,2
2008-11,77494,Progressive / ASI,1
2008-11,77498,Liberty Mutual / Safeco,1
2008-11,77498,Travelers,1
2008-11,77503,Liberty Mutual / Safeco,1
2008-11,77532,Progressive / ASI,1
2008-12,75218,Liberty Mutual / Safeco,1
2008-12,77019,Liberty Mutual / Safeco,2
2008-12,77021,Liberty Mutual / Safeco,1
2008-12,77044,Liberty Mutual / Safeco,1
2008-12,77048,HOAIC,1
2008-12,77070,Liberty Mutual / Safeco,1
2008-12,77073,Liberty Mutual / Safeco,3
2008-12,77073,Progressive / ASI,1
2008-12,77077,Liberty Mutual / Safeco,1
2008-12,77079,Liberty Mutual / Safeco,2
2008-12,77082,Liberty Mutual / Safeco,1
2008-12,77087,Centauri,1
2008-12,77087,Liberty Mutual / Safeco,1
2008-12,77088,Liberty Mutual / Safeco,1
2008-12,77302,Liberty Mutual / Safeco,1
2008-12,77339,Liberty Mutual / Safeco,1
2008-12,77346,Liberty Mutual / Safeco,1
2008-12,77365,Liberty Mutual / Safeco,2
2008-12,77372,Liberty Mutual / Safeco,1
2008-12,77373,Progressive / ASI,1
2008-12,77375,Progressive / ASI,1
2008-12,77386,Liberty Mutual / Safeco,1
2008-12,77396,Liberty Mutual / Safeco,2
2008-12,77407,HOAIC,1
2008-12,77407,Liberty Mutual / Safeco,1
2008-12,77459,Liberty Mutual / Safeco,1
2008-12,77479,Liberty Mutual / Safeco,1
2008-12,77494,Liberty Mutual / Safeco,2
2008-12,77494,Progressive / ASI,3
2008-12,77498,Liberty Mutual / Safeco,1
2008-12,77511,Progressive / ASI,1
2008-12,77571,HOAIC,1
2008-12,77571,Liberty Mutual / Safeco,1
2008-12,77573,Progressive / ASI,1
2008-12,77581,Progressive / ASI,1
2008-12,77584,HOAIC,1
2008-12,77584,Progressive / ASI,3
2009-01,75766,Liberty Mutual / Safeco,1
2009-01,77007,Progressive / ASI,1
2009-01,77021,Liberty Mutual / Safeco,1
2009-01,77024,Liberty Mutual / Safeco,1
2009-01,77025,Liberty Mutual / Safeco,1
2009-01,77044,Progressive / ASI,1
2009-01,77045,Liberty Mutual / Safeco,1
2009-01,77048,Progressive / ASI,1
2009-01,77064,Liberty Mutual / Safeco,1
2009-01,77066,Liberty Mutual / Safeco,1
2009-01,77071,Liberty Mutual / Safeco,1
2009-01,77073,Liberty Mutual / Safeco,1
2009-01,77079,Liberty Mutual / Safeco,1
2009-01,77082,Liberty Mutual / Safeco,2
2009-01,77084,Liberty Mutual / Safeco,1
2009-01,77094,Chubb,1
2009-01,77095,Liberty Mutual / Safeco,1
2009-01,77095,Progressive / ASI,1
2009-01,77318,Liberty Mutual / Safeco,1
2009-01,77338,HOAIC,1
2009-01,77338,Progressive / ASI,2
2009-01,77339,Liberty Mutual / Safeco,1
2009-01,77346,Liberty Mutual / Safeco,2
2009-01,77354,Liberty Mutual / Safeco,1
2009-01,77373,Liberty Mutual / Safeco,1
2009-01,77379,Progressive / ASI,1
2009-01,77384,Liberty Mutual / Safeco,1
2009-01,77386,Progressive / ASI,1
2009-01,77388,Liberty Mutual / Safeco,1
2009-01,77388,Progressive / ASI,1
2009-01,77407,Liberty Mutual / Safeco,1
2009-01,77407,Progressive / ASI,1
2009-01,77433,Progressive / ASI,2
2009-01,77449,Liberty Mutual / Safeco,1
2009-01,77450,Liberty Mutual / Safeco,1
2009-01,77471,Liberty Mutual / Safeco,1
2009-01,77479,Liberty Mutual / Safeco,1
2009-01,77494,Liberty Mutual / Safeco,1
2009-01,77498,Progressive / ASI,1
2009-01,77506,Liberty Mutual / Safeco,1
2009-01,77520,Liberty Mutual / Safeco,1
2009-01,77520,Progressive / ASI,1
2009-01,77581,Progressive / ASI,2
2009-01,77583,Progressive / ASI,1
2009-01,77584,Progressive / ASI,2
2009-02,77014,Liberty Mutual / Safeco,1
2009-02,77014,Progressive / ASI,1
2009-02,77018,Progressive / ASI,1
2009-02,77024,Liberty Mutual / Safeco,1
2009-02,77025,Progressive / ASI,1
2009-02,77034,Progressive / ASI,1
2009-02,77042,Liberty Mutual / Safeco,1
2009-02,77043,Liberty Mutual / Safeco,1
2009-02,77044,Liberty Mutual / Safeco,1
2009-02,77044,Progressive / ASI,1
2009-02,77053,Liberty Mutual / Safeco,1
2009-02,77079,Liberty Mutual / Safeco,1
2009-02,77095,Progressive / ASI,1
2009-02,77336,Liberty Mutual / Safeco,1
2009-02,77338,Progressive / ASI,1
2009-02,77339,Liberty Mutual / Safeco,1
2009-02,77346,Liberty Mutual / Safeco,1
2009-02,77354,Liberty Mutual / Safeco,2
2009-02,77377,Progressive / ASI,1
2009-02,77378,Liberty Mutual / Safeco,1
2009-02,77379,Progressive / ASI,1
2009-02,77429,Progressive / ASI,1
2009-02,77433,Progressive / ASI,1
2009-02,77459,Liberty Mutual / Safeco,1
2009-02,77459,Progressive / ASI,2
2009-02,77469,Liberty Mutual / Safeco,1
2009-02,77469,Progressive / ASI,1
2009-02,77581,Progressive / ASI,2
2009-02,77583,Progressive / ASI,3
2009-02,77584,Progressive / ASI,3
2009-03,77014,Progressive / ASI,2
2009-03,77016,Liberty Mutual / Safeco,1
2009-03,77021,Liberty Mutual / Safeco,1
2009-03,77035,Liberty Mutual / Safeco,2
2009-03,77047,Progressive / ASI,1
2009-03,77073,Liberty Mutual / Safeco,1
2009-03,77073,Progressive / ASI,1
2009-03,77079,Liberty Mutual / Safeco,1
2009-03,77080,Liberty Mutual / Safeco,1
2009-03,77095,Progressive / ASI,1
2009-03,77339,Liberty Mutual / Safeco,2
2009-03,77346,Liberty Mutual / Safeco,1
2009-03,77346,Progressive / ASI,1
2009-03,77351,Liberty Mutual / Safeco,1
2009-03,77365,Liberty Mutual / Safeco,1
2009-03,77373,Liberty Mutual / Safeco,1
2009-03,77373,Progressive / ASI,1
2009-03,77375,Progressive / ASI,2
2009-03,77389,Progressive / ASI,1
2009-03,77396,Progressive / ASI,1
2009-03,77407,Liberty Mutual / Safeco,1
2009-03,77407,Progressive / ASI,2
2009-03,77433,Progressive / ASI,1
2009-03,77449,Progressive / ASI,1
2009-03,77450,Liberty Mutual / Safeco,1
2009-03,77459,Liberty Mutual / Safeco,1
2009-03,77469,Progressive / ASI,1
2009-03,77479,Liberty Mutual / Safeco,1
2009-03,77494,Liberty Mutual / Safeco,1
2009-03,77494,Progressive / ASI,1
2009-03,77520,Liberty Mutual / Safeco,2
2009-03,77521,Progressive / ASI,1
2009-03,77523,Progressive / ASI,1
2009-03,77536,Progressive / ASI,1
2009-03,77554,Progressive / ASI,1
2009-03,77578,Progressive / ASI,1
2009-03,77581,Progressive / ASI,2
2009-03,77583,Progressive / ASI,1
2009-03,77584,Progressive / ASI,2
2009-03,78828,Liberty Mutual / Safeco,1
2009-04,77014,Progressive / ASI,1
2009-04,77031,Progressive / ASI,1
2009-04,77034,Progressive / ASI,1
2009-04,77044,Progressive / ASI,4
2009-04,77066,Progressive / ASI,1
2009-04,77073,Progressive / ASI,1
2009-04,77074,Liberty Mutual / Safeco,1
2009-04,77079,Liberty Mutual / Safeco,1
2009-04,77084,Liberty Mutual / Safeco,1
2009-04,77088,Liberty Mutual / Safeco,1
2009-04,77090,Liberty Mutual / Safeco,1
2009-04,77095,Liberty Mutual / Safeco,1
2009-04,77095,Progressive / ASI,1
2009-04,77339,Liberty Mutual / Safeco,1
2009-04,77345,Liberty Mutual / Safeco,1
2009-04,77345,Progressive / ASI,1
2009-04,77346,Progressive / ASI,1
2009-04,77357,Liberty Mutual / Safeco,1
2009-04,77365,Progressive / ASI,1
2009-04,77372,Liberty Mutual / Safeco,2
2009-04,77379,Progressive / ASI,1
2009-04,77396,Progressive / ASI,1
2009-04,77406,Liberty Mutual / Safeco,1
2009-04,77407,Liberty Mutual / Safeco,1
2009-04,77429,Liberty Mutual / Safeco,1
2009-04,77433,Progressive / ASI,1
2009-04,77441,Liberty Mutual / Safeco,1
2009-04,77441,Progressive / ASI,2
2009-04,77459,Liberty Mutual / Safeco,1
2009-04,77494,Liberty Mutual / Safeco,2
2009-04,77494,Progressive / ASI,1
2009-04,77530,Progressive / ASI,1
2009-04,77532,Liberty Mutual / Safeco,2
2009-04,77536,Progressive / ASI,1
2009-04,77545,Progressive / ASI,1
2009-04,77581,HOAIC,1
2009-04,77581,Progressive / ASI,1
2009-04,78258,Progressive / ASI,1
2009-04,79510,Progressive / ASI,1
2009-05,77015,Progressive / ASI,1
2009-05,77016,Progressive / ASI,1
2009-05,77024,Liberty Mutual / Safeco,1
2009-05,77044,Progressive / ASI,2
2009-05,77048,Liberty Mutual / Safeco,1
2009-05,77054,Liberty Mutual / Safeco,1
2009-05,77067,Liberty Mutual / Safeco,1
2009-05,77082,Liberty Mutual / Safeco,1
2009-05,77084,Liberty Mutual / Safeco,2
2009-05,77095,Progressive / ASI,2
2009-05,77098,Liberty Mutual / Safeco,1
2009-05,77336,Progressive / ASI,1
2009-05,77339,Liberty Mutual / Safeco,2
2009-05,77339,Travelers,1
2009-05,77345,Liberty Mutual / Safeco,1
2009-05,77346,Progressive / ASI,2
2009-05,77372,Liberty Mutual / Safeco,1
2009-05,77379,Progressive / ASI,2
2009-05,77396,Liberty Mutual / Safeco,1
2009-05,77406,Progressive / ASI,1
2009-05,77433,HOAIC,1
2009-05,77433,Progressive / ASI,2
2009-05,77449,Progressive / ASI,1
2009-05,77450,Liberty Mutual / Safeco,1
2009-05,77450,Progressive / ASI,1
2009-05,77459,Liberty Mutual / Safeco,1
2009-05,77471,Progressive / ASI,1
2009-05,77494,Liberty Mutual / Safeco,1
2009-05,77520,Liberty Mutual / Safeco,1
2009-05,77532,Liberty Mutual / Safeco,1
2009-05,77532,Progressive / ASI,2
2009-05,77565,HOAIC,1
2009-05,77568,Progressive / ASI,1
2009-05,77573,Progressive / ASI,1
2009-05,77584,Progressive / ASI,2
2009-05,78247,Progressive / ASI,1
2009-05,78676,Liberty Mutual / Safeco,1
2009-06,76133,Liberty Mutual / Safeco,1
2009-06,77004,Progressive / ASI,1
2009-06,77008,Liberty Mutual / Safeco,2
2009-06,77009,Liberty Mutual / Safeco,1
2009-06,77014,Progressive / ASI,1
2009-06,77015,Liberty Mutual / Safeco,1
2009-06,77025,Liberty Mutual / Safeco,1
2009-06,77034,Liberty Mutual / Safeco,1
2009-06,77036,Liberty Mutual / Safeco,1
2009-06,77040,Liberty Mutual / Safeco,1
2009-06,77044,Liberty Mutual / Safeco,1
2009-06,77044,Progressive / ASI,5
2009-06,77049,Progressive / ASI,2
2009-06,77054,Liberty Mutual / Safeco,1
2009-06,77061,Liberty Mutual / Safeco,1
2009-06,77064,Liberty Mutual / Safeco,1
2009-06,77064,Progressive / ASI,1
2009-06,77066,Liberty Mutual / Safeco,1
2009-06,77072,Liberty Mutual / Safeco,1
2009-06,77073,Liberty Mutual / Safeco,1
2009-06,77077,Liberty Mutual / Safeco,2
2009-06,77082,Liberty Mutual / Safeco,2
2009-06,77095,Progressive / ASI,3
2009-06,77095,SageSure Occidental,1
2009-06,77098,Progressive / ASI,2
2009-06,77346,Liberty Mutual / Safeco,2
2009-06,77357,Liberty Mutual / Safeco,1
2009-06,77365,Liberty Mutual / Safeco,1
2009-06,77373,Progressive / ASI,1
2009-06,77373,SageSure Occidental,1
2009-06,77388,Liberty Mutual / Safeco,1
2009-06,77388,Progressive / ASI,1
2009-06,77388,Travelers,1
2009-06,77396,Progressive / ASI,1
2009-06,77406,Progressive / ASI,1
2009-06,77429,Progressive / ASI,1
2009-06,77433,Progressive / ASI,1
2009-06,77469,Progressive / ASI,1
2009-06,77479,Liberty Mutual / Safeco,1
2009-06,77494,Liberty Mutual / Safeco,2
2009-06,77573,Progressive / ASI,1
2009-06,77581,Progressive / ASI,2
2009-06,77581,SageSure SURE,1
2009-06,77802,Progressive / ASI,2
2009-07,77003,Liberty Mutual / Safeco,1
2009-07,77004,Liberty Mutual / Safeco,2
2009-07,77006,Progressive / ASI,1
2009-07,77024,Liberty Mutual / Safeco,1
2009-07,77025,Liberty Mutual / Safeco,1
2009-07,77035,Liberty Mutual / Safeco,1
2009-07,77041,Liberty Mutual / Safeco,2
2009-07,77044,Progressive / ASI,3
2009-07,77055,Liberty Mutual / Safeco,1
2009-07,77055,Progressive / ASI,1
2009-07,77065,Progressive / ASI,1
2009-07,77073,Liberty Mutual / Safeco,2
2009-07,77079,Liberty Mutual / Safeco,2
2009-07,77090,Progressive / ASI,1
2009-07,77095,Progressive / ASI,1
2009-07,77301,Liberty Mutual / Safeco,1
2009-07,77338,Liberty Mutual / Safeco,1
2009-07,77338,Progressive / ASI,2
2009-07,77339,Progressive / ASI,1
2009-07,77345,Progressive / ASI,1
2009-07,77346,Liberty Mutual / Safeco,1
2009-07,77346,Progressive / ASI,1
2009-07,77365,Liberty Mutual / Safeco,1
2009-07,77373,Liberty Mutual / Safeco,1
2009-07,77379,Liberty Mutual / Safeco,1
2009-07,77388,Liberty Mutual / Safeco,3
2009-07,77389,Liberty Mutual / Safeco,1
2009-07,77396,Liberty Mutual / Safeco,2
2009-07,77396,Progressive / ASI,1
2009-07,77401,Liberty Mutual / Safeco,1
2009-07,77406,Progressive / ASI,1
2009-07,77433,Liberty Mutual / Safeco,2
2009-07,77433,Progressive / ASI,3
2009-07,77449,Progressive / ASI,2
2009-07,77459,Liberty Mutual / Safeco,2
2009-07,77459,Progressive / ASI,1
2009-07,77477,Liberty Mutual / Safeco,1
2009-07,77479,Progressive / ASI,2
2009-07,77502,Progressive / ASI,1
2009-07,77503,Liberty Mutual / Safeco,1
2009-07,77505,Progressive / ASI,3
2009-07,77520,Progressive / ASI,1
2009-07,77535,Liberty Mutual / Safeco,1
2009-07,77571,Progressive / ASI,1
2009-07,77578,Progressive / ASI,1
2009-07,77581,Progressive / ASI,3
2009-07,77583,Progressive / ASI,1
2009-07,77587,Progressive / ASI,1
2009-07,78382,Progressive / ASI,1
2009-07,78640,Liberty Mutual / Safeco,1
2009-07,78640,Progressive / ASI,1
2009-08,77007,Progressive / ASI,1
2009-08,77014,Progressive / ASI,1
2009-08,77041,Progressive / ASI,1
2009-08,77043,Liberty Mutual / Safeco,1
2009-08,77044,Progressive / ASI,2
2009-08,77049,Liberty Mutual / Safeco,1
2009-08,77059,Liberty Mutual / Safeco,1
2009-08,77070,Liberty Mutual / Safeco,1
2009-08,77076,Progressive / ASI,1
2009-08,77079,Liberty Mutual / Safeco,1
2009-08,77082,Progressive / ASI,1
2009-08,77088,Liberty Mutual / Safeco,1
2009-08,77088,Progressive / ASI,1
2009-08,77336,Progressive / ASI,1
2009-08,77338,Progressive / ASI,1
2009-08,77346,Progressive / ASI,3
2009-08,77365,Liberty Mutual / Safeco,1
2009-08,77388,Liberty Mutual / Safeco,1
2009-08,77396,Progressive / ASI,2
2009-08,77429,Progressive / ASI,1
2009-08,77433,Progressive / ASI,3
2009-08,77447,Liberty Mutual / Safeco,1
2009-08,77447,Progressive / ASI,1
2009-08,77449,Liberty Mutual / Safeco,1
2009-08,77449,Progressive / ASI,1
2009-08,77450,Liberty Mutual / Safeco,1
2009-08,77459,Liberty Mutual / Safeco,1
2009-08,77471,Progressive / ASI,1
2009-08,77479,Liberty Mutual / Safeco,1
2009-08,77493,Liberty Mutual / Safeco,1
2009-08,77494,Progressive / ASI,1
2009-08,77532,Progressive / ASI,1
2009-08,77545,Progressive / ASI,2
2009-08,77571,Progressive / ASI,1
2009-08,77581,Progressive / ASI,4
2009-08,78732,Liberty Mutual / Safeco,1
2009-08,78732,Travelers,1
2009-09,77015,Progressive / ASI,1
2009-09,77044,Liberty Mutual / Safeco,2
2009-09,77044,Progressive / ASI,1
2009-09,77049,Progressive / ASI,1
2009-09,77064,Progressive / ASI,1
2009-09,77065,Liberty Mutual / Safeco,1
2009-09,77077,Progressive / ASI,1
2009-09,77088,Progressive / ASI,1
2009-09,77095,Progressive / ASI,1
2009-09,77345,Progressive / ASI,1
2009-09,77354,Liberty Mutual / Safeco,1
2009-09,77373,Liberty Mutual / Safeco,1
2009-09,77377,Progressive / ASI,1
2009-09,77389,Progressive / ASI,1
2009-09,77396,Progressive / ASI,1
2009-09,77407,Liberty Mutual / Safeco,3
2009-09,77407,Progressive / ASI,5
2009-09,77433,Progressive / ASI,1
2009-09,77449,Liberty Mutual / Safeco,1
2009-09,77459,Liberty Mutual / Safeco,1
2009-09,77459,Progressive / ASI,1
2009-09,77479,Liberty Mutual / Safeco,1
2009-09,77494,Liberty Mutual / Safeco,1
2009-09,77494,Progressive / ASI,1
2009-09,77521,Liberty Mutual / Safeco,2
2009-09,77545,Progressive / ASI,4
2009-09,77547,Liberty Mutual / Safeco,1
2009-09,77581,Progressive / ASI,2
2009-09,77584,HOAIC,1
2009-09,77584,Progressive / ASI,2
2009-10,77018,Progressive / ASI,1
2009-10,77023,Liberty Mutual / Safeco,1
2009-10,77079,Liberty Mutual / Safeco,1
2009-10,77082,Liberty Mutual / Safeco,1
2009-10,77084,Progressive / ASI,1
2009-10,77094,Liberty Mutual / Safeco,1
2009-10,77396,Progressive / ASI,1
2009-10,77407,Progressive / ASI,5
2009-10,77429,Liberty Mutual / Safeco,1
2009-10,77429,Progressive / ASI,1
2009-10,77433,Progressive / ASI,1
2009-10,77450,Liberty Mutual / Safeco,1
2009-10,77459,Progressive / ASI,1
2009-10,77545,Progressive / ASI,1
2009-10,77581,Progressive / ASI,1
2009-10,77584,Progressive / ASI,1
2009-10,78254,Liberty Mutual / Safeco,1
2009-10,78756,Liberty Mutual / Safeco,1
2009-11,77048,Progressive / ASI,1
2009-11,77049,Liberty Mutual / Safeco,1
2009-11,77082,Liberty Mutual / Safeco,1
2009-11,77084,Liberty Mutual / Safeco,1
2009-11,77095,Liberty Mutual / Safeco,1
2009-11,77365,Foremost,1
2009-11,77377,Liberty Mutual / Safeco,1
2009-11,77377,Travelers,1
2009-11,77407,Progressive / ASI,1
2009-11,77459,Liberty Mutual / Safeco,1
2009-11,77479,Liberty Mutual / Safeco,1
2009-11,77545,Liberty Mutual / Safeco,1
2009-11,78247,Liberty Mutual / Safeco,1
2009-11,78640,Progressive / ASI,1
2009-11,79932,Progressive / ASI,1
2009-12,77005,Liberty Mutual / Safeco,1
2009-12,77007,Progressive / ASI,1
2009-12,77030,Liberty Mutual / Safeco,1
2009-12,77044,HOAIC,1
2009-12,77044,Liberty Mutual / Safeco,1
2009-12,77044,SageSure Occidental,1
2009-12,77065,Liberty Mutual / Safeco,1
2009-12,77077,Liberty Mutual / Safeco,2
2009-12,77079,Liberty Mutual / Safeco,1
2009-12,77089,Liberty Mutual / Safeco,1
2009-12,77365,Progressive / ASI,1
2009-12,77372,Liberty Mutual / Safeco,1
2009-12,77388,Liberty Mutual / Safeco,1
2009-12,77407,Progressive / ASI,1
2009-12,77433,HOAIC,1
2009-12,77433,Progressive / ASI,4
2009-12,77449,Liberty Mutual / Safeco,1
2009-12,77450,Liberty Mutual / Safeco,1
2009-12,77459,Liberty Mutual / Safeco,2
2009-12,77494,Progressive / ASI,3
2010-01,77018,Progressive / ASI,1
2010-01,77021,Liberty Mutual / Safeco,1
2010-01,77021,Progressive / ASI,1
2010-01,77024,Liberty Mutual / Safeco,1
2010-01,77041,Liberty Mutual / Safeco,1
2010-01,77055,Liberty Mutual / Safeco,1
2010-01,77074,Liberty Mutual / Safeco,1
2010-01,77079,Liberty Mutual / Safeco,1
2010-01,77092,Progressive / ASI,2
2010-01,77373,Progressive / ASI,1
2010-01,77379,Liberty Mutual / Safeco,1
2010-01,77429,Liberty Mutual / Safeco,1
2010-01,77429,Progressive / ASI,1
2010-01,77459,Liberty Mutual / Safeco,3
2010-01,77469,Liberty Mutual / Safeco,1
2010-01,77469,Progressive / ASI,1
2010-01,77581,Progressive / ASI,1
2010-02,77021,Liberty Mutual / Safeco,1
2010-02,77024,Liberty Mutual / Safeco,2
2010-02,77025,Liberty Mutual / Safeco,1
2010-02,77042,Liberty Mutual / Safeco,2
2010-02,77062,Liberty Mutual / Safeco,1
2010-02,77079,Liberty Mutual / Safeco,2
2010-02,77084,Liberty Mutual / Safeco,1
2010-02,77302,Liberty Mutual / Safeco,1
2010-02,77365,Liberty Mutual / Safeco,1
2010-02,77379,Liberty Mutual / Safeco,2
2010-02,77379,Progressive / ASI,1
2010-02,77407,Progressive / ASI,1
2010-02,77433,Liberty Mutual / Safeco,1
2010-02,77459,Liberty Mutual / Safeco,2
2010-02,77479,Liberty Mutual / Safeco,1
2010-02,77494,HOAIC,1
2010-02,77494,Liberty Mutual / Safeco,1
2010-02,77494,Progressive / ASI,1
2010-02,77578,Progressive / ASI,1
2010-02,77581,HOAIC,1
2010-02,77581,Progressive / ASI,2
2010-02,77879,Liberty Mutual / Safeco,1
2010-02,78669,Liberty Mutual / Safeco,1
2010-03,77006,Liberty Mutual / Safeco,1
2010-03,77020,Liberty Mutual / Safeco,1
2010-03,77024,Liberty Mutual / Safeco,1
2010-03,77066,Progressive / ASI,1
2010-03,77071,Liberty Mutual / Safeco,1
2010-03,77074,Liberty Mutual / Safeco,1
2010-03,77079,Liberty Mutual / Safeco,4
2010-03,77080,Liberty Mutual / Safeco,1
2010-03,77084,Liberty Mutual / Safeco,1
2010-03,77373,Progressive / ASI,1
2010-03,77377,Liberty Mutual / Safeco,1
2010-03,77396,HOAIC,1
2010-03,77396,Liberty Mutual / Safeco,1
2010-03,77401,Liberty Mutual / Safeco,1
2010-03,77407,Liberty Mutual / Safeco,2
2010-03,77433,Liberty Mutual / Safeco,1
2010-03,77450,Liberty Mutual / Safeco,1
2010-03,77459,Liberty Mutual / Safeco,1
2010-03,77494,Liberty Mutual / Safeco,1
2010-03,77581,Progressive / ASI,2
2010-03,77584,Progressive / ASI,2
2010-03,78733,Liberty Mutual / Safeco,1
2010-04,77024,Liberty Mutual / Safeco,2
2010-04,77064,Progressive / ASI,1
2010-04,77065,Progressive / ASI,2
2010-04,77079,Liberty Mutual / Safeco,1
2010-04,77094,Liberty Mutual / Safeco,1
2010-04,77303,Foremost,1
2010-04,77346,Liberty Mutual / Safeco,2
2010-04,77354,Liberty Mutual / Safeco,1
2010-04,77365,Progressive / ASI,1
2010-04,77388,Progressive / ASI,1
2010-04,77401,Liberty Mutual / Safeco,1
2010-04,77433,Liberty Mutual / Safeco,2
2010-04,77433,Progressive / ASI,1
2010-04,77449,Liberty Mutual / Safeco,1
2010-04,77449,Progressive / ASI,1
2010-04,77450,Progressive / ASI,2
2010-04,77459,Liberty Mutual / Safeco,1
2010-04,77539,Progressive / ASI,1
2010-04,77573,Progressive / ASI,1
2010-04,77584,Liberty Mutual / Safeco,1
2010-04,77584,Progressive / ASI,1
2010-05,77014,Liberty Mutual / Safeco,1
2010-05,77024,Liberty Mutual / Safeco,1
2010-05,77025,Liberty Mutual / Safeco,1
2010-05,77027,Liberty Mutual / Safeco,1
2010-05,77079,Liberty Mutual / Safeco,1
2010-05,77084,Liberty Mutual / Safeco,1
2010-05,77095,Liberty Mutual / Safeco,2
2010-05,77096,Liberty Mutual / Safeco,1
2010-05,77338,Progressive / ASI,1
2010-05,77339,Liberty Mutual / Safeco,1
2010-05,77407,Liberty Mutual / Safeco,1
2010-05,77433,Liberty Mutual / Safeco,1
2010-05,77433,Progressive / ASI,1
2010-05,77449,Progressive / ASI,1
2010-05,77459,Liberty Mutual / Safeco,1
2010-05,77477,Progressive / ASI,1
2010-05,77493,Progressive / ASI,1
2010-05,77494,Liberty Mutual / Safeco,1
2010-05,77494,Progressive / ASI,1
2010-05,77563,Progressive / ASI,1
2010-05,77568,Progressive / ASI,1
2010-05,78130,Liberty Mutual / Safeco,1
2010-05,78578,Progressive / ASI,1
2010-06,77014,Liberty Mutual / Safeco,2
2010-06,77017,Liberty Mutual / Safeco,1
2010-06,77024,Liberty Mutual / Safeco,2
2010-06,77029,Liberty Mutual / Safeco,1
2010-06,77068,Liberty Mutual / Safeco,1
2010-06,77071,Liberty Mutual / Safeco,1
2010-06,77077,Liberty Mutual / Safeco,2
2010-06,77079,Liberty Mutual / Safeco,3
2010-06,77082,Progressive / ASI,1
2010-06,77098,Liberty Mutual / Safeco,1
2010-06,77099,Liberty Mutual / Safeco,1
2010-06,77346,Progressive / ASI,1
2010-06,77356,Liberty Mutual / Safeco,1
2010-06,77379,Liberty Mutual / Safeco,1
2010-06,77388,HOAIC,1
2010-06,77396,Progressive / ASI,1
2010-06,77433,Progressive / ASI,2
2010-06,77449,Liberty Mutual / Safeco,1
2010-06,77459,HOAIC,1
2010-06,77459,Liberty Mutual / Safeco,1
2010-06,77477,Liberty Mutual / Safeco,1
2010-06,77489,Liberty Mutual / Safeco,1
2010-06,77493,Liberty Mutual / Safeco,1
2010-06,77494,Liberty Mutual / Safeco,1
2010-06,77550,Progressive / ASI,1
2010-06,79416,Liberty Mutual / Safeco,1
2010-07,75032,Liberty Mutual / Safeco,2
2010-07,77005,Liberty Mutual / Safeco,1
2010-07,77006,Liberty Mutual / Safeco,1
2010-07,77024,Liberty Mutual / Safeco,2
2010-07,77035,Liberty Mutual / Safeco,1
2010-07,77043,Liberty Mutual / Safeco,1
2010-07,77049,Liberty Mutual / Safeco,1
2010-07,77088,Liberty Mutual / Safeco,2
2010-07,77091,Liberty Mutual / Safeco,1
2010-07,77346,Liberty Mutual / Safeco,2
2010-07,77365,Liberty Mutual / Safeco,1
2010-07,77382,Liberty Mutual / Safeco,1
2010-07,77388,Liberty Mutual / Safeco,1
2010-07,77388,Progressive / ASI,1
2010-07,77407,Liberty Mutual / Safeco,1
2010-07,77433,Progressive / ASI,1
2010-07,77450,Liberty Mutual / Safeco,1
2010-07,77479,Liberty Mutual / Safeco,1
2010-07,77489,Liberty Mutual / Safeco,1
2010-07,77494,Progressive / ASI,1
2010-07,77536,Liberty Mutual / Safeco,1
2010-07,77845,Liberty Mutual / Safeco,1
2010-07,78704,Liberty Mutual / Safeco,1
2010-08,75022,Liberty Mutual / Safeco,1
2010-08,75023,Liberty Mutual / Safeco,1
2010-08,77018,Liberty Mutual / Safeco,1
2010-08,77024,Liberty Mutual / Safeco,1
2010-08,77031,Liberty Mutual / Safeco,1
2010-08,77036,Liberty Mutual / Safeco,1
2010-08,77054,Liberty Mutual / Safeco,1
2010-08,77064,Liberty Mutual / Safeco,1
2010-08,77079,Liberty Mutual / Safeco,6
2010-08,77082,HOAIC,1
2010-08,77082,Liberty Mutual / Safeco,2
2010-08,77095,Progressive / ASI,1
2010-08,77377,Liberty Mutual / Safeco,1
2010-08,77423,HOAIC,1
2010-08,77423,Liberty Mutual / Safeco,1
2010-08,77429,Progressive / ASI,4
2010-08,77429,SageSure Occidental,1
2010-08,77433,Liberty Mutual / Safeco,1
2010-08,77584,Liberty Mutual / Safeco,1
2010-08,77584,Progressive / ASI,3
2010-09,77073,Liberty Mutual / Safeco,2
2010-09,77077,Liberty Mutual / Safeco,1
2010-09,77079,Liberty Mutual / Safeco,3
2010-09,77083,Liberty Mutual / Safeco,1
2010-09,77084,Liberty Mutual / Safeco,2
2010-09,77095,Liberty Mutual / Safeco,1
2010-09,77095,Progressive / ASI,1
2010-09,77096,Liberty Mutual / Safeco,1
2010-09,77346,Liberty Mutual / Safeco,1
2010-09,77377,Progressive / ASI,1
2010-09,77407,Liberty Mutual / Safeco,2
2010-09,77407,Progressive / ASI,1
2010-09,77441,Liberty Mutual / Safeco,1
2010-09,77445,Liberty Mutual / Safeco,1
2010-09,77449,Liberty Mutual / Safeco,1
2010-09,77450,Liberty Mutual / Safeco,1
2010-09,77459,Liberty Mutual / Safeco,1
2010-09,77479,Liberty Mutual / Safeco,2
2010-09,77493,Liberty Mutual / Safeco,1
2010-09,77494,Liberty Mutual / Safeco,1
2010-09,77504,Liberty Mutual / Safeco,1
2010-09,77539,Progressive / ASI,1
2010-09,77581,Progressive / ASI,1
2010-09,77584,Progressive / ASI,1
2010-09,78606,Liberty Mutual / Safeco,1
2010-09,79703,Liberty Mutual / Safeco,1
2010-10,75077,Liberty Mutual / Safeco,1
2010-10,77008,Liberty Mutual / Safeco,1
2010-10,77016,Liberty Mutual / Safeco,1
2010-10,77041,Liberty Mutual / Safeco,1
2010-10,77072,Liberty Mutual / Safeco,1
2010-10,77082,Liberty Mutual / Safeco,1
2010-10,77339,Liberty Mutual / Safeco,1
2010-10,77346,Liberty Mutual / Safeco,1
2010-10,77379,Liberty Mutual / Safeco,1
2010-10,77379,Progressive / ASI,2
2010-10,77386,Liberty Mutual / Safeco,1
2010-10,77388,Liberty Mutual / Safeco,1
2010-10,77388,Travelers,1
2010-10,77406,Liberty Mutual / Safeco,1
2010-10,77433,Liberty Mutual / Safeco,1
2010-10,77450,Liberty Mutual / Safeco,1
2010-11,76205,Liberty Mutual / Safeco,1
2010-11,77003,Liberty Mutual / Safeco,1
2010-11,77024,Progressive / ASI,1
2010-11,77042,Liberty Mutual / Safeco,1
2010-11,77077,HOAIC,1
2010-11,77079,Liberty Mutual / Safeco,3
2010-11,77095,Liberty Mutual / Safeco,1
2010-11,77338,Liberty Mutual / Safeco,1
2010-11,77382,Liberty Mutual / Safeco,1
2010-11,77385,Liberty Mutual / Safeco,1
2010-11,77388,Liberty Mutual / Safeco,1
2010-11,77396,Liberty Mutual / Safeco,1
2010-11,77433,Liberty Mutual / Safeco,1
2010-11,77433,Progressive / ASI,1
2010-11,77450,Progressive / ASI,1
2010-11,77493,Liberty Mutual / Safeco,1
2010-11,77581,Progressive / ASI,1
2010-11,77583,Liberty Mutual / Safeco,1
2010-11,78253,Progressive / ASI,1
2010-12,75150,Liberty Mutual / Safeco,1
2010-12,77024,Liberty Mutual / Safeco,1
2010-12,77079,Liberty Mutual / Safeco,3
2010-12,77096,Liberty Mutual / Safeco,1
2010-12,77303,Liberty Mutual / Safeco,1
2010-12,77355,Liberty Mutual / Safeco,1
2010-12,77373,Liberty Mutual / Safeco,1
2010-12,77375,Liberty Mutual / Safeco,1
2010-12,77379,Progressive / ASI,1
2010-12,77407,Liberty Mutual / Safeco,1
2010-12,77407,Progressive / ASI,1
2010-12,77429,Progressive / ASI,2
2010-12,77449,HOAIC,1
2010-12,77449,Progressive / ASI,1
2010-12,77713,Progressive / ASI,1
2011-01,77018,Liberty Mutual / Safeco,1
2011-01,77035,Liberty Mutual / Safeco,1
2011-01,77039,Liberty Mutual / Safeco,1
2011-01,77063,Liberty Mutual / Safeco,1
2011-01,77375,Progressive / ASI,1
2011-01,77433,Progressive / ASI,1
2011-01,77449,Liberty Mutual / Safeco,1
2011-01,77479,Liberty Mutual / Safeco,1
2011-01,77583,Progressive / ASI,1
2011-02,77045,Liberty Mutual / Safeco,1
2011-02,77060,Liberty Mutual / Safeco,1
2011-02,77086,Progressive / ASI,1
2011-02,77379,Progressive / ASI,1
2011-02,77449,Liberty Mutual / Safeco,1
2011-02,77494,HOAIC,1
2011-02,77494,Progressive / ASI,1
2011-02,77504,Liberty Mutual / Safeco,1
2011-02,77554,Progressive / ASI,1
2011-02,78745,Liberty Mutual / Safeco,4
2011-03,77021,Liberty Mutual / Safeco,1
2011-03,77021,SageSure Occidental,1
2011-03,77089,Liberty Mutual / Safeco,1
2011-03,77095,Liberty Mutual / Safeco,1
2011-03,77095,Progressive / ASI,2
2011-03,77095,Travelers,1
2011-03,77346,Progressive / ASI,4
2011-03,77406,Liberty Mutual / Safeco,1
2011-03,77407,Liberty Mutual / Safeco,1
2011-03,77433,Progressive / ASI,1
2011-03,77469,Progressive / ASI,1
2011-03,77493,Liberty Mutual / Safeco,2
2011-03,77493,Progressive / ASI,1
2011-03,77494,Liberty Mutual / Safeco,1
2011-03,77578,Progressive / ASI,1
2011-04,77041,Liberty Mutual / Safeco,1
2011-04,77053,Liberty Mutual / Safeco,1
2011-04,77056,Progressive / ASI,1
2011-04,77075,Progressive / ASI,1
2011-04,77077,Liberty Mutual / Safeco,1
2011-04,77079,Liberty Mutual / Safeco,2
2011-04,77084,Liberty Mutual / Safeco,2
2011-04,77091,Liberty Mutual / Safeco,1
2011-04,77095,Liberty Mutual / Safeco,1
2011-04,77095,Progressive / ASI,1
2011-04,77316,Progressive / ASI,1
2011-04,77377,Progressive / ASI,1
2011-04,77385,Liberty Mutual / Safeco,1
2011-04,77406,Liberty Mutual / Safeco,1
2011-04,77406,Progressive / ASI,1
2011-04,77407,Liberty Mutual / Safeco,1
2011-04,77407,Progressive / ASI,2
2011-04,77449,Liberty Mutual / Safeco,1
2011-04,77493,Liberty Mutual / Safeco,1
2011-04,77583,Progressive / ASI,2
2011-04,77640,Progressive / ASI,1
2011-05,75022,Liberty Mutual / Safeco,1
2011-05,76227,Centauri,1
2011-05,77005,Liberty Mutual / Safeco,1
2011-05,77007,Liberty Mutual / Safeco,1
2011-05,77035,Liberty Mutual / Safeco,1
2011-05,77041,Liberty Mutual / Safeco,1
2011-05,77044,Liberty Mutual / Safeco,1
2011-05,77044,Progressive / ASI,1
2011-05,77056,Liberty Mutual / Safeco,1
2011-05,77073,Liberty Mutual / Safeco,1
2011-05,77079,Liberty Mutual / Safeco,1
2011-05,77082,Liberty Mutual / Safeco,1
2011-05,77084,Liberty Mutual / Safeco,1
2011-05,77336,Liberty Mutual / Safeco,3
2011-05,77365,Liberty Mutual / Safeco,1
2011-05,77388,Progressive / ASI,1
2011-05,77396,Liberty Mutual / Safeco,1
2011-05,77407,Liberty Mutual / Safeco,2
2011-05,77429,Liberty Mutual / Safeco,1
2011-05,77433,Liberty Mutual / Safeco,1
2011-05,77449,Progressive / ASI,2
2011-05,77494,Liberty Mutual / Safeco,1
2011-05,77565,Progressive / ASI,1
2011-05,77578,Progressive / ASI,1
2011-05,77581,Progressive / ASI,1
2011-05,78744,Liberty Mutual / Safeco,1
2011-06,77006,Liberty Mutual / Safeco,1
2011-06,77009,Progressive / ASI,1
2011-06,77055,Liberty Mutual / Safeco,1
2011-06,77063,Liberty Mutual / Safeco,1
2011-06,77079,Liberty Mutual / Safeco,1
2011-06,77082,Liberty Mutual / Safeco,2
2011-06,77083,Liberty Mutual / Safeco,1
2011-06,77084,Liberty Mutual / Safeco,2
2011-06,77089,Liberty Mutual / Safeco,1
2011-06,77346,HOAIC,1
2011-06,77354,Liberty Mutual / Safeco,1
2011-06,77406,Liberty Mutual / Safeco,1
2011-06,77407,HOAIC,1
2011-06,77407,Progressive / ASI,1
2011-06,77433,Liberty Mutual / Safeco,1
2011-06,77433,Progressive / ASI,1
2011-06,77449,Liberty Mutual / Safeco,1
2011-06,77449,Progressive / ASI,1
2011-06,77459,Liberty Mutual / Safeco,1
2011-06,77547,Liberty Mutual / Safeco,1
2011-06,78645,Liberty Mutual / Safeco,1
2011-07,75061,Liberty Mutual / Safeco,1
2011-07,77024,Liberty Mutual / Safeco,1
2011-07,77024,SageSure SafePort,1
2011-07,77043,Liberty Mutual / Safeco,1
2011-07,77056,Liberty Mutual / Safeco,2
2011-07,77088,Liberty Mutual / Safeco,1
2011-07,77091,Liberty Mutual / Safeco,2
2011-07,77375,HOAIC,1
2011-07,77375,Progressive / ASI,1
2011-07,77396,Liberty Mutual / Safeco,1
2011-07,77433,Progressive / ASI,2
2011-07,77450,Liberty Mutual / Safeco,1
2011-07,77539,Progressive / ASI,1
2011-07,77583,Progressive / ASI,2
2011-08,77008,Liberty Mutual / Safeco,2
2011-08,77009,Liberty Mutual / Safeco,1
2011-08,77039,Liberty Mutual / Safeco,1
2011-08,77041,Liberty Mutual / Safeco,1
2011-08,77051,Liberty Mutual / Safeco,1
2011-08,77077,Liberty Mutual / Safeco,1
2011-08,77079,Liberty Mutual / Safeco,1
2011-08,77083,Liberty Mutual / Safeco,1
2011-08,77084,Progressive / ASI,1
2011-08,77094,Liberty Mutual / Safeco,3
2011-08,77099,Liberty Mutual / Safeco,1
2011-08,77338,Liberty Mutual / Safeco,1
2011-08,77345,Liberty Mutual / Safeco,1
2011-08,77386,Liberty Mutual / Safeco,1
2011-08,77433,Liberty Mutual / Safeco,3
2011-08,77433,Progressive / ASI,1
2011-08,77449,Liberty Mutual / Safeco,1
2011-08,77450,Liberty Mutual / Safeco,1
2011-08,77498,Liberty Mutual / Safeco,1
2011-08,77573,Progressive / ASI,1
2011-08,77581,Progressive / ASI,1
2011-08,77583,Progressive / ASI,2
2011-08,77598,Liberty Mutual / Safeco,1
2011-08,79605,Liberty Mutual / Safeco,1
2011-09,75050,Liberty Mutual / Safeco,1
2011-09,77018,Liberty Mutual / Safeco,1
2011-09,77031,Liberty Mutual / Safeco,1
2011-09,77053,Liberty Mutual / Safeco,1
2011-09,77056,Liberty Mutual / Safeco,1
2011-09,77084,Progressive / ASI,1
2011-09,77099,Liberty Mutual / Safeco,1
2011-09,77304,Liberty Mutual / Safeco,1
2011-09,77375,Liberty Mutual / Safeco,1
2011-09,77384,Liberty Mutual / Safeco,1
2011-09,77396,Liberty Mutual / Safeco,1
2011-09,77429,Progressive / ASI,1
2011-09,77433,Liberty Mutual / Safeco,2
2011-09,77450,Liberty Mutual / Safeco,1
2011-09,77469,Progressive / ASI,1
2011-09,77494,Liberty Mutual / Safeco,2
2011-09,77498,Liberty Mutual / Safeco,2
2011-09,77583,Progressive / ASI,1
2011-09,77584,Progressive / ASI,2
2011-10,75067,Liberty Mutual / Safeco,1
2011-10,77035,Liberty Mutual / Safeco,1
2011-10,77075,Liberty Mutual / Safeco,1
2011-10,77080,Liberty Mutual / Safeco,1
2011-10,77082,Liberty Mutual / Safeco,1
2011-10,77095,Liberty Mutual / Safeco,1
2011-10,77328,Liberty Mutual / Safeco,1
2011-10,77406,Progressive / ASI,1
2011-10,77433,HOAIC,1
2011-10,77433,Progressive / ASI,1
2011-10,77469,Liberty Mutual / Safeco,1
2011-10,77479,Liberty Mutual / Safeco,1
2011-10,77493,Liberty Mutual / Safeco,1
2011-10,77494,Liberty Mutual / Safeco,1
2011-10,77521,Liberty Mutual / Safeco,2
2011-10,77581,Progressive / ASI,1
2011-10,77583,Progressive / ASI,1
2011-10,78118,Liberty Mutual / Safeco,1
2011-11,75067,Liberty Mutual / Safeco,1
2011-11,76010,Liberty Mutual / Safeco,1
2011-11,77008,Progressive / ASI,1
2011-11,77024,Liberty Mutual / Safeco,2
2011-11,77025,Liberty Mutual / Safeco,1
2011-11,77036,Liberty Mutual / Safeco,1
2011-11,77047,Liberty Mutual / Safeco,1
2011-11,77047,Progressive / ASI,1
2011-11,77056,Liberty Mutual / Safeco,1
2011-11,77077,Liberty Mutual / Safeco,1
2011-11,77090,Liberty Mutual / Safeco,1
2011-11,77303,Liberty Mutual / Safeco,1
2011-11,77381,Liberty Mutual / Safeco,1
2011-11,77396,Liberty Mutual / Safeco,1
2011-11,77406,Liberty Mutual / Safeco,1
2011-11,77433,Progressive / ASI,1
2011-11,77449,Liberty Mutual / Safeco,1
2011-11,77530,Liberty Mutual / Safeco,1
2011-11,77561,Liberty Mutual / Safeco,1
2011-12,77006,Liberty Mutual / Safeco,1
2011-12,77006,Travelers,1
2011-12,77044,Liberty Mutual / Safeco,2
2011-12,77087,Liberty Mutual / Safeco,1
2011-12,77095,Liberty Mutual / Safeco,1
2011-12,77365,Liberty Mutual / Safeco,1
2011-12,77386,Liberty Mutual / Safeco,2
2011-12,77406,Progressive / ASI,1
2011-12,77407,Progressive / ASI,1
2011-12,77441,Progressive / ASI,1
2011-12,77449,Liberty Mutual / Safeco,1
2011-12,77494,Progressive / ASI,1
2011-12,77573,Progressive / ASI,1
2012-01,77007,Liberty Mutual / Safeco,2
2012-01,77021,Liberty Mutual / Safeco,1
2012-01,77035,Liberty Mutual / Safeco,1
2012-01,77042,Liberty Mutual / Safeco,1
2012-01,77043,Liberty Mutual / Safeco,1
2012-01,77044,Liberty Mutual / Safeco,1
2012-01,77065,Liberty Mutual / Safeco,1
2012-01,77066,Liberty Mutual / Safeco,1
2012-01,77072,Liberty Mutual / Safeco,1
2012-01,77074,Liberty Mutual / Safeco,1
2012-01,77077,Liberty Mutual / Safeco,1
2012-01,77079,Liberty Mutual / Safeco,1
2012-01,77083,Liberty Mutual / Safeco,1
2012-01,77089,Liberty Mutual / Safeco,1
2012-01,77303,Liberty Mutual / Safeco,1
2012-01,77304,Liberty Mutual / Safeco,1
2012-01,77365,Progressive / ASI,1
2012-01,77379,Progressive / ASI,1
2012-01,77388,Liberty Mutual / Safeco,1
2012-01,77406,HOAIC,2
2012-01,77406,Liberty Mutual / Safeco,3
2012-01,77407,Liberty Mutual / Safeco,1
2012-01,77433,Liberty Mutual / Safeco,1
2012-01,77450,Centauri,1
2012-01,77450,Liberty Mutual / Safeco,1
2012-01,77459,Liberty Mutual / Safeco,1
2012-01,77494,HOAIC,1
2012-01,77494,Liberty Mutual / Safeco,2
2012-01,77573,Progressive / ASI,2
2012-01,77584,Progressive / ASI,2
2012-02,77053,Liberty Mutual / Safeco,1
2012-02,77084,Liberty Mutual / Safeco,3
2012-02,77318,Liberty Mutual / Safeco,1
2012-02,77346,Progressive / ASI,3
2012-02,77388,Liberty Mutual / Safeco,1
2012-02,77396,Liberty Mutual / Safeco,1
2012-02,77396,Progressive / ASI,1
2012-02,77396,Travelers,1
2012-02,77407,Liberty Mutual / Safeco,1
2012-02,77429,Liberty Mutual / Safeco,1
2012-02,77433,Liberty Mutual / Safeco,1
2012-02,77449,Liberty Mutual / Safeco,1
2012-02,77471,Liberty Mutual / Safeco,1
2012-02,77494,Liberty Mutual / Safeco,1
2012-02,77598,Liberty Mutual / Safeco,1
2012-03,77053,SageSure SURE,1
2012-03,77064,Liberty Mutual / Safeco,1
2012-03,77065,Progressive / ASI,1
2012-03,77066,Liberty Mutual / Safeco,1
2012-03,77079,Liberty Mutual / Safeco,1
2012-03,77080,Liberty Mutual / Safeco,1
2012-03,77095,Liberty Mutual / Safeco,1
2012-03,77303,Progressive / ASI,1
2012-03,77338,Liberty Mutual / Safeco,1
2012-03,77338,Progressive / ASI,1
2012-03,77346,Progressive / ASI,1
2012-03,77365,HOAIC,1
2012-03,77365,Liberty Mutual / Safeco,1
2012-03,77401,Liberty Mutual / Safeco,1
2012-03,77433,Liberty Mutual / Safeco,2
2012-03,77433,Progressive / ASI,1
2012-03,77469,HOAIC,1
2012-03,77469,Progressive / ASI,1
2012-03,77478,Liberty Mutual / Safeco,1
2012-03,77479,Liberty Mutual / Safeco,1
2012-03,78133,Liberty Mutual / Safeco,1
2012-03,78640,Liberty Mutual / Safeco,1
2012-03,78724,Liberty Mutual / Safeco,1
2012-04,75068,Liberty Mutual / Safeco,1
2012-04,77014,HOAIC,1
2012-04,77014,Liberty Mutual / Safeco,1
2012-04,77018,Liberty Mutual / Safeco,1
2012-04,77024,Liberty Mutual / Safeco,3
2012-04,77025,Liberty Mutual / Safeco,1
2012-04,77042,Liberty Mutual / Safeco,1
2012-04,77079,Liberty Mutual / Safeco,1
2012-04,77080,Liberty Mutual / Safeco,2
2012-04,77084,Progressive / ASI,1
2012-04,77086,Progressive / ASI,1
2012-04,77304,Liberty Mutual / Safeco,1
2012-04,77356,Liberty Mutual / Safeco,1
2012-04,77375,HOAIC,1
2012-04,77375,Liberty Mutual / Safeco,1
2012-04,77379,Liberty Mutual / Safeco,1
2012-04,77407,Liberty Mutual / Safeco,2
2012-04,77433,Liberty Mutual / Safeco,1
2012-04,77449,Liberty Mutual / Safeco,4
2012-04,77450,Liberty Mutual / Safeco,1
2012-04,77469,Liberty Mutual / Safeco,1
2012-04,77493,HOAIC,1
2012-04,77493,Liberty Mutual / Safeco,1
2012-04,77494,Liberty Mutual / Safeco,1
2012-04,77515,HOAIC,1
2012-04,77515,Progressive / ASI,1
2012-04,77535,Liberty Mutual / Safeco,1
2012-04,77546,Progressive / ASI,1
2012-05,75068,Liberty Mutual / Safeco,1
2012-05,75180,Liberty Mutual / Safeco,2
2012-05,77020,Liberty Mutual / Safeco,1
2012-05,77024,Liberty Mutual / Safeco,1
2012-05,77056,Liberty Mutual / Safeco,1
2012-05,77064,Liberty Mutual / Safeco,2
2012-05,77065,Liberty Mutual / Safeco,1
2012-05,77079,Liberty Mutual / Safeco,1
2012-05,77082,Liberty Mutual / Safeco,1
2012-05,77086,Liberty Mutual / Safeco,1
2012-05,77093,Liberty Mutual / Safeco,1
2012-05,77095,Liberty Mutual / Safeco,1
2012-05,77335,Liberty Mutual / Safeco,1
2012-05,77386,Liberty Mutual / Safeco,1
2012-05,77406,Liberty Mutual / Safeco,1
2012-05,77407,HOAIC,1
2012-05,77423,Liberty Mutual / Safeco,1
2012-05,77433,HOAIC,2
2012-05,77433,Liberty Mutual / Safeco,1
2012-05,77441,Liberty Mutual / Safeco,1
2012-05,77449,HOAIC,1
2012-05,77450,Liberty Mutual / Safeco,2
2012-05,77450,Progressive / ASI,1
2012-05,77459,Liberty Mutual / Safeco,1
2012-05,77469,HOAIC,2
2012-05,77494,HOAIC,2
2012-05,77494,Liberty Mutual / Safeco,3
2012-05,77494,Progressive / ASI,1
2012-05,77554,Progressive / ASI,1
2012-05,77583,HOAIC,1
2012-05,77583,Progressive / ASI,2
2012-05,77586,Progressive / ASI,1
2012-05,77598,Liberty Mutual / Safeco,1
2012-06,75087,Liberty Mutual / Safeco,1
2012-06,77007,Liberty Mutual / Safeco,1
2012-06,77007,Progressive / ASI,1
2012-06,77024,Liberty Mutual / Safeco,2
2012-06,77027,Liberty Mutual / Safeco,1
2012-06,77029,Liberty Mutual / Safeco,1
2012-06,77031,Liberty Mutual / Safeco,1
2012-06,77044,Liberty Mutual / Safeco,1
2012-06,77047,HOAIC,1
2012-06,77047,Liberty Mutual / Safeco,1
2012-06,77054,Liberty Mutual / Safeco,1
2012-06,77066,Liberty Mutual / Safeco,1
2012-06,77073,Liberty Mutual / Safeco,1
2012-06,77073,Progressive / ASI,1
2012-06,77079,Liberty Mutual / Safeco,4
2012-06,77086,Liberty Mutual / Safeco,1
2012-06,77093,Liberty Mutual / Safeco,1
2012-06,77095,HOAIC,2
2012-06,77351,Liberty Mutual / Safeco,2
2012-06,77377,Liberty Mutual / Safeco,1
2012-06,77381,Liberty Mutual / Safeco,1
2012-06,77388,Liberty Mutual / Safeco,1
2012-06,77401,Liberty Mutual / Safeco,1
2012-06,77407,Liberty Mutual / Safeco,1
2012-06,77429,Progressive / ASI,2
2012-06,77433,HOAIC,1
2012-06,77450,HOAIC,1
2012-06,77450,Liberty Mutual / Safeco,2
2012-06,77478,HOAIC,1
2012-06,77479,HOAIC,1
2012-06,77494,Liberty Mutual / Safeco,3
2012-06,77494,Progressive / ASI,1
2012-06,77554,Progressive / ASI,1
2012-06,77578,Progressive / ASI,1
2012-06,78738,Liberty Mutual / Safeco,1
2012-07,75067,Liberty Mutual / Safeco,2
2012-07,76179,Progressive / ASI,1
2012-07,77066,Liberty Mutual / Safeco,1
2012-07,77067,Liberty Mutual / Safeco,1
2012-07,77077,Liberty Mutual / Safeco,2
2012-07,77079,Liberty Mutual / Safeco,4
2012-07,77079,Progressive / ASI,1
2012-07,77084,Liberty Mutual / Safeco,1
2012-07,77084,Progressive / ASI,2
2012-07,77090,Liberty Mutual / Safeco,1
2012-07,77095,Liberty Mutual / Safeco,3
2012-07,77304,Liberty Mutual / Safeco,1
2012-07,77346,HOAIC,1
2012-07,77346,Liberty Mutual / Safeco,2
2012-07,77346,Progressive / ASI,1
2012-07,77375,HOAIC,1
2012-07,77386,HOAIC,1
2012-07,77386,Liberty Mutual / Safeco,1
2012-07,77407,HOAIC,1
2012-07,77407,Progressive / ASI,2
2012-07,77429,Liberty Mutual / Safeco,2
2012-07,77433,HOAIC,1
2012-07,77447,Liberty Mutual / Safeco,1
2012-07,77449,Liberty Mutual / Safeco,1
2012-07,77493,HOAIC,1
2012-07,77493,Progressive / ASI,1
2012-07,77494,Centauri,1
2012-07,77494,HOAIC,1
2012-07,77494,Liberty Mutual / Safeco,4
2012-07,77554,Progressive / ASI,1
2012-07,77573,HOAIC,1
2012-07,77573,Progressive / ASI,1
2012-07,77581,Progressive / ASI,1
2012-07,77586,Progressive / ASI,1
2012-07,77845,Liberty Mutual / Safeco,1
2012-07,78737,Liberty Mutual / Safeco,1
2012-08,75060,Liberty Mutual / Safeco,1
2012-08,75067,Liberty Mutual / Safeco,1
2012-08,76504,Liberty Mutual / Safeco,1
2012-08,77008,Liberty Mutual / Safeco,1
2012-08,77024,Liberty Mutual / Safeco,3
2012-08,77057,Liberty Mutual / Safeco,1
2012-08,77070,Liberty Mutual / Safeco,1
2012-08,77084,Liberty Mutual / Safeco,1
2012-08,77346,Liberty Mutual / Safeco,1
2012-08,77346,Progressive / ASI,1
2012-08,77379,HOAIC,1
2012-08,77407,Liberty Mutual / Safeco,1
2012-08,77433,Liberty Mutual / Safeco,1
2012-08,77433,Progressive / ASI,1
2012-08,77449,Liberty Mutual / Safeco,2
2012-08,77450,HOAIC,1
2012-08,77450,Liberty Mutual / Safeco,1
2012-08,77469,HOAIC,1
2012-08,77469,Liberty Mutual / Safeco,1
2012-08,77469,Progressive / ASI,1
2012-08,77479,Liberty Mutual / Safeco,1
2012-08,77494,Liberty Mutual / Safeco,1
2012-08,77546,Progressive / ASI,1
2012-08,77573,Progressive / ASI,2
2012-08,77586,Progressive / ASI,1
2012-08,79765,Progressive / ASI,1
2012-09,77036,Liberty Mutual / Safeco,1
2012-09,77053,Liberty Mutual / Safeco,1
2012-09,77071,Liberty Mutual / Safeco,1
2012-09,77078,HOAIC,1
2012-09,77079,Liberty Mutual / Safeco,1
2012-09,77084,HOAIC,1
2012-09,77089,HOAIC,1
2012-09,77098,Liberty Mutual / Safeco,1
2012-09,77339,Liberty Mutual / Safeco,1
2012-09,77373,HOAIC,1
2012-09,77375,Liberty Mutual / Safeco,2
2012-09,77379,HOAIC,1
2012-09,77379,Progressive / ASI,2
2012-09,77396,Progressive / ASI,1
2012-09,77433,HOAIC,1
2012-09,77433,Liberty Mutual / Safeco,1
2012-09,77433,Progressive / ASI,1
2012-09,77449,Liberty Mutual / Safeco,2
2012-09,77478,Liberty Mutual / Safeco,1
2012-09,77494,Liberty Mutual / Safeco,3
2012-09,77494,Progressive / ASI,1
2012-09,77498,Liberty Mutual / Safeco,1
2012-09,77578,Progressive / ASI,1
2012-09,77581,Progressive / ASI,1
2012-10,77008,Liberty Mutual / Safeco,1
2012-10,77035,Travelers,1
2012-10,77041,HOAIC,1
2012-10,77041,Progressive / ASI,1
2012-10,77070,HOAIC,1
2012-10,77079,HOAIC,1
2012-10,77082,Liberty Mutual / Safeco,1
2012-10,77302,Travelers,1
2012-10,77339,HOAIC,1
2012-10,77356,Liberty Mutual / Safeco,1
2012-10,77365,HOAIC,1
2012-10,77375,Liberty Mutual / Safeco,1
2012-10,77407,HOAIC,1
2012-10,77433,HOAIC,2
2012-10,77433,Liberty Mutual / Safeco,2
2012-10,77449,Liberty Mutual / Safeco,2
2012-10,77493,HOAIC,1
2012-10,77494,Liberty Mutual / Safeco,1
2012-10,77511,Progressive / ASI,1
2012-10,77532,HOAIC,1
2012-10,77598,Liberty Mutual / Safeco,1
2012-10,78738,Liberty Mutual / Safeco,1
2012-11,75067,Liberty Mutual / Safeco,1
2012-11,75150,Progressive / ASI,1
2012-11,77024,Liberty Mutual / Safeco,1
2012-11,77042,Liberty Mutual / Safeco,1
2012-11,77045,Liberty Mutual / Safeco,1
2012-11,77056,Liberty Mutual / Safeco,1
2012-11,77077,HOAIC,1
2012-11,77077,Liberty Mutual / Safeco,1
2012-11,77079,Liberty Mutual / Safeco,1
2012-11,77080,Liberty Mutual / Safeco,1
2012-11,77375,HOAIC,1
2012-11,77375,Progressive / ASI,1
2012-11,77396,HOAIC,1
2012-11,77407,HOAIC,1
2012-11,77407,Liberty Mutual / Safeco,1
2012-11,77449,Liberty Mutual / Safeco,1
2012-11,77450,HOAIC,1
2012-11,77479,Progressive / ASI,2
2012-11,77571,Progressive / ASI,1
2012-11,77578,Progressive / ASI,1
2012-11,77598,Liberty Mutual / Safeco,1
2012-12,77047,Mercury,1
2012-12,77051,Liberty Mutual / Safeco,1
2012-12,77055,HOAIC,1
2012-12,77079,HOAIC,1
2012-12,77084,HOAIC,1
2012-12,77095,HOAIC,1
2012-12,77095,Liberty Mutual / Safeco,1
2012-12,77386,Liberty Mutual / Safeco,1
2012-12,77389,HOAIC,1
2012-12,77406,HOAIC,1
2012-12,77407,HOAIC,1
2012-12,77407,Progressive / ASI,1
2012-12,77479,Liberty Mutual / Safeco,1
2012-12,77545,Progressive / ASI,1
2012-12,77587,Liberty Mutual / Safeco,1
2013-01,75048,Progressive / ASI,2
2013-01,75150,Progressive / ASI,1
2013-01,77007,HOAIC,1
2013-01,77007,Progressive / ASI,2
2013-01,77017,Progressive / ASI,1
2013-01,77041,Liberty Mutual / Safeco,1
2013-01,77041,SageSure Occidental,1
2013-01,77044,HOAIC,1
2013-01,77077,Liberty Mutual / Safeco,1
2013-01,77079,Liberty Mutual / Safeco,2
2013-01,77081,HOAIC,1
2013-01,77318,Liberty Mutual / Safeco,1
2013-01,77318,Travelers,1
2013-01,77345,HOAIC,2
2013-01,77365,HOAIC,1
2013-01,77375,Progressive / ASI,1
2013-01,77377,Liberty Mutual / Safeco,1
2013-01,77379,Progressive / ASI,1
2013-01,77386,Progressive / ASI,1
2013-01,77388,Liberty Mutual / Safeco,1
2013-01,77407,HOAIC,1
2013-01,77429,HOAIC,1
2013-01,77433,Liberty Mutual / Safeco,1
2013-01,77433,Progressive / ASI,1
2013-01,77449,Liberty Mutual / Safeco,2
2013-01,77450,Liberty Mutual / Safeco,1
2013-01,77459,Liberty Mutual / Safeco,1
2013-01,77469,Progressive / ASI,2
2013-01,77546,Progressive / ASI,1
2013-01,77840,Liberty Mutual / Safeco,1
2013-01,78702,Liberty Mutual / Safeco,1
2013-02,75057,Progressive / ASI,2
2013-02,77014,Liberty Mutual / Safeco,1
2013-02,77020,Liberty Mutual / Safeco,1
2013-02,77039,HOAIC,1
2013-02,77041,Liberty Mutual / Safeco,1
2013-02,77042,Liberty Mutual / Safeco,1
2013-02,77049,Progressive / ASI,1
2013-02,77055,Progressive / ASI,2
2013-02,77082,Liberty Mutual / Safeco,1
2013-02,77338,HOAIC,1
2013-02,77346,Progressive / ASI,1
2013-02,77373,HOAIC,1
2013-02,77379,Liberty Mutual / Safeco,1
2013-02,77388,Liberty Mutual / Safeco,1
2013-02,77407,HOAIC,1
2013-02,77433,HOAIC,1
2013-02,77449,Liberty Mutual / Safeco,1
2013-02,77450,Liberty Mutual / Safeco,1
2013-02,77459,Liberty Mutual / Safeco,1
2013-02,77493,HOAIC,1
2013-02,77494,Liberty Mutual / Safeco,1
2013-02,77494,Progressive / ASI,2
2013-02,77584,HOAIC,1
2013-02,77584,Progressive / ASI,3
2013-02,78028,Liberty Mutual / Safeco,1
2013-03,75068,Liberty Mutual / Safeco,1
2013-03,77006,Liberty Mutual / Safeco,1
2013-03,77009,HOAIC,1
2013-03,77009,Liberty Mutual / Safeco,1
2013-03,77024,Liberty Mutual / Safeco,2
2013-03,77040,Liberty Mutual / Safeco,1
2013-03,77044,Liberty Mutual / Safeco,1
2013-03,77044,Progressive / ASI,2
2013-03,77059,Liberty Mutual / Safeco,1
2013-03,77072,HOAIC,1
2013-03,77077,Liberty Mutual / Safeco,1
2013-03,77079,Liberty Mutual / Safeco,4
2013-03,77345,Liberty Mutual / Safeco,1
2013-03,77346,Progressive / ASI,2
2013-03,77373,HOAIC,1
2013-03,77373,Liberty Mutual / Safeco,1
2013-03,77389,Progressive / ASI,1
2013-03,77389,SageSure Occidental,1
2013-03,77396,Liberty Mutual / Safeco,1
2013-03,77396,Progressive / ASI,1
2013-03,77406,HOAIC,1
2013-03,77407,HOAIC,1
2013-03,77429,Progressive / ASI,2
2013-03,77433,Liberty Mutual / Safeco,1
2013-03,77459,Liberty Mutual / Safeco,1
2013-03,77459,Travelers,1
2013-03,77474,Progressive / ASI,1
2013-03,77494,Liberty Mutual / Safeco,1
2013-03,77494,Progressive / ASI,1
2013-03,77532,Progressive / ASI,2
2013-03,77545,Progressive / ASI,1
2013-03,77545,Travelers,1
2013-03,77581,Progressive / ASI,2
2013-03,78728,Liberty Mutual / Safeco,1
2013-04,75089,Liberty Mutual / Safeco,1
2013-04,76208,Progressive / ASI,1
2013-04,77044,HOAIC,1
2013-04,77069,Liberty Mutual / Safeco,1
2013-04,77077,Liberty Mutual / Safeco,1
2013-04,77079,Liberty Mutual / Safeco,1
2013-04,77346,Progressive / ASI,2
2013-04,77375,Liberty Mutual / Safeco,2
2013-04,77377,Progressive / ASI,1
2013-04,77386,HOAIC,2
2013-04,77396,HOAIC,1
2013-04,77406,HOAIC,1
2013-04,77407,HOAIC,1
2013-04,77407,Progressive / ASI,1
2013-04,77433,HOAIC,1
2013-04,77441,Progressive / ASI,1
2013-04,77441,SageSure Occidental,1
2013-04,77449,Progressive / ASI,1
2013-04,77494,Liberty Mutual / Safeco,1
2013-04,77494,Progressive / ASI,1
2013-04,77578,Progressive / ASI,1
2013-04,77581,HOAIC,1
2013-04,77581,Progressive / ASI,1
2013-04,77584,Progressive / ASI,1
2013-05,75063,Liberty Mutual / Safeco,1
2013-05,77042,Liberty Mutual / Safeco,1
2013-05,77044,Liberty Mutual / Safeco,1
2013-05,77055,Liberty Mutual / Safeco,1
2013-05,77056,HOAIC,1
2013-05,77070,HOAIC,1
2013-05,77070,Progressive / ASI,1
2013-05,77073,HOAIC,1
2013-05,77073,Progressive / ASI,1
2013-05,77077,Liberty Mutual / Safeco,1
2013-05,77079,Liberty Mutual / Safeco,1
2013-05,77079,Progressive / ASI,1
2013-05,77082,HOAIC,1
2013-05,77083,Progressive / ASI,1
2013-05,77095,Progressive / ASI,1
2013-05,77339,HOAIC,1
2013-05,77339,Liberty Mutual / Safeco,1
2013-05,77375,HOAIC,1
2013-05,77379,Liberty Mutual / Safeco,1
2013-05,77406,Liberty Mutual / Safeco,2
2013-05,77433,HOAIC,1
2013-05,77441,HOAIC,1
2013-05,77450,Liberty Mutual / Safeco,3
2013-05,77459,Liberty Mutual / Safeco,1
2013-05,77469,Progressive / ASI,1
2013-05,77494,Liberty Mutual / Safeco,2
2013-05,77498,Liberty Mutual / Safeco,1
2013-05,77573,Progressive / ASI,1
2013-05,78133,Progressive / ASI,1
2013-05,78621,HOAIC,1
2013-06,77005,Liberty Mutual / Safeco,1
2013-06,77024,Liberty Mutual / Safeco,2
2013-06,77044,HOAIC,1
2013-06,77044,Liberty Mutual / Safeco,1
2013-06,77047,Progressive / ASI,1
2013-06,77070,Liberty Mutual / Safeco,1
2013-06,77077,Liberty Mutual / Safeco,1
2013-06,77079,Liberty Mutual / Safeco,3
2013-06,77081,Liberty Mutual / Safeco,1
2013-06,77082,Liberty Mutual / Safeco,1
2013-06,77095,HOAIC,1
2013-06,77328,HOAIC,1
2013-06,77345,HOAIC,1
2013-06,77373,Progressive / ASI,1
2013-06,77375,Progressive / ASI,2
2013-06,77382,HOAIC,1
2013-06,77407,HOAIC,1
2013-06,77433,HOAIC,1
2013-06,77433,Liberty Mutual / Safeco,1
2013-06,77433,Progressive / ASI,1
2013-06,77449,Progressive / ASI,1
2013-06,77494,Progressive / ASI,2
2013-06,77523,Progressive / ASI,1
2013-06,77578,HOAIC,1
2013-06,77578,Progressive / ASI,2
2013-07,77047,Progressive / ASI,1
2013-07,77057,Liberty Mutual / Safeco,1
2013-07,77063,Liberty Mutual / Safeco,1
2013-07,77064,Liberty Mutual / Safeco,1
2013-07,77076,Liberty Mutual / Safeco,1
2013-07,77079,Liberty Mutual / Safeco,3
2013-07,77082,Liberty Mutual / Safeco,1
2013-07,77346,Liberty Mutual / Safeco,1
2013-07,77386,Liberty Mutual / Safeco,1
2013-07,77396,HOAIC,1
2013-07,77401,Liberty Mutual / Safeco,2
2013-07,77406,HOAIC,1
2013-07,77407,HOAIC,1
2013-07,77429,Liberty Mutual / Safeco,1
2013-07,77441,HOAIC,1
2013-07,77441,Progressive / ASI,1
2013-07,77450,Liberty Mutual / Safeco,1
2013-07,77494,Progressive / ASI,2
2013-07,77494,SageSure Occidental,1
2013-07,77581,HOAIC,1
2013-08,76053,Progressive / ASI,1
2013-08,77005,Liberty Mutual / Safeco,1
2013-08,77008,Liberty Mutual / Safeco,1
2013-08,77009,HOAIC,1
2013-08,77021,Liberty Mutual / Safeco,1
2013-08,77021,SageSure Occidental,1
2013-08,77024,Liberty Mutual / Safeco,1
2013-08,77041,Liberty Mutual / Safeco,1
2013-08,77057,HOAIC,1
2013-08,77068,Liberty Mutual / Safeco,1
2013-08,77079,Liberty Mutual / Safeco,4
2013-08,77082,Liberty Mutual / Safeco,1
2013-08,77084,HOAIC,1
2013-08,77316,HOAIC,1
2013-08,77346,Progressive / ASI,1
2013-08,77364,Liberty Mutual / Safeco,1
2013-08,77373,Liberty Mutual / Safeco,1
2013-08,77396,Liberty Mutual / Safeco,1
2013-08,77407,HOAIC,2
2013-08,77429,Liberty Mutual / Safeco,1
2013-08,77433,HOAIC,1
2013-08,77449,Progressive / ASI,1
2013-08,77450,Liberty Mutual / Safeco,1
2013-08,77450,Progressive / ASI,1
2013-08,77479,Liberty Mutual / Safeco,1
2013-08,77494,Liberty Mutual / Safeco,1
2013-08,77554,Progressive / ASI,2
2013-08,78737,HOAIC,1
2013-08,81147,HOAIC,1
2013-09,77007,HOAIC,1
2013-09,77014,HOAIC,1
2013-09,77041,Liberty Mutual / Safeco,1
2013-09,77057,Liberty Mutual / Safeco,1
2013-09,77077,Liberty Mutual / Safeco,2
2013-09,77084,HOAIC,2
2013-09,77336,HOAIC,1
2013-09,77346,Liberty Mutual / Safeco,1
2013-09,77372,Liberty Mutual / Safeco,1
2013-09,77379,Liberty Mutual / Safeco,2
2013-09,77396,HOAIC,1
2013-09,77396,Progressive / ASI,1
2013-09,77406,HOAIC,2
2013-09,77407,Liberty Mutual / Safeco,1
2013-09,77429,Liberty Mutual / Safeco,1
2013-09,77433,Liberty Mutual / Safeco,2
2013-09,77433,Progressive / ASI,1
2013-09,77441,HOAIC,2
2013-09,77459,Liberty Mutual / Safeco,1
2013-09,77494,Progressive / ASI,1
2013-09,77584,Progressive / ASI,1
2013-09,77836,Liberty Mutual / Safeco,1
2013-09,78681,Liberty Mutual / Safeco,1
2013-10,77014,Progressive / ASI,1
2013-10,77024,Liberty Mutual / Safeco,1
2013-10,77024,Progressive / ASI,1
2013-10,77044,Centauri,1
2013-10,77044,HOAIC,2
2013-10,77070,HOAIC,1
2013-10,77079,Liberty Mutual / Safeco,2
2013-10,77082,Liberty Mutual / Safeco,1
2013-10,77096,HOAIC,1
2013-10,77339,HOAIC,1
2013-10,77375,HOAIC,1
2013-10,77375,Progressive / ASI,1
2013-10,77378,Liberty Mutual / Safeco,1
2013-10,77450,Liberty Mutual / Safeco,1
2013-10,77469,Progressive / ASI,1
2013-10,77494,Progressive / ASI,1
2013-10,77498,HOAIC,1
2013-10,77498,Travelers,1
2013-10,77523,Progressive / ASI,1
2013-10,77532,HOAIC,1
2013-10,77573,Progressive / ASI,1
2013-10,77575,HOAIC,1
2013-11,77073,HOAIC,1
2013-11,77079,Liberty Mutual / Safeco,3
2013-11,77084,Liberty Mutual / Safeco,1
2013-11,77088,Liberty Mutual / Safeco,1
2013-11,77094,Liberty Mutual / Safeco,1
2013-11,77331,Liberty Mutual / Safeco,1
2013-11,77346,Liberty Mutual / Safeco,1
2013-11,77373,HOAIC,1
2013-11,77379,Centauri,1
2013-11,77379,HOAIC,1
2013-11,77379,Progressive / ASI,1
2013-11,77379,SageSure SURE,1
2013-11,77407,Liberty Mutual / Safeco,1
2013-11,77407,Travelers,1
2013-11,77433,HOAIC,1
2013-11,77441,HOAIC,1
2013-11,77449,Liberty Mutual / Safeco,1
2013-11,77494,Liberty Mutual / Safeco,1
2013-11,77583,HOAIC,1
2013-11,77583,Progressive / ASI,1
2013-12,77007,HOAIC,1
2013-12,77044,Centauri,1
2013-12,77044,HOAIC,1
2013-12,77057,Liberty Mutual / Safeco,1
2013-12,77089,Progressive / ASI,1
2013-12,77389,HOAIC,1
2013-12,77433,HOAIC,2
2013-12,77441,HOAIC,1
2013-12,77459,SageSure Occidental,1
2013-12,77469,Progressive / ASI,1
2013-12,77494,HOAIC,1
2013-12,77494,Liberty Mutual / Safeco,1
2013-12,77494,Progressive / ASI,1
2013-12,77532,Progressive / ASI,1
2013-12,77578,Progressive / ASI,1
2013-12,77581,Progressive / ASI,1
2013-12,77583,Progressive / ASI,1
2013-12,78266,HOAIC,1
2014-01,75060,HOAIC,1
2014-01,75979,Liberty Mutual / Safeco,1
2014-01,77006,Liberty Mutual / Safeco,1
2014-01,77043,HOAIC,1
2014-01,77079,Liberty Mutual / Safeco,2
2014-01,77084,HOAIC,1
2014-01,77086,Centauri,1
2014-01,77086,Liberty Mutual / Safeco,1
2014-01,77094,Liberty Mutual / Safeco,1
2014-01,77379,HOAIC,1
2014-01,77381,Progressive / ASI,1
2014-01,77389,HOAIC,1
2014-01,77407,Liberty Mutual / Safeco,1
2014-01,77407,Travelers,1
2014-01,77423,Liberty Mutual / Safeco,1
2014-01,77433,HOAIC,2
2014-01,77441,Progressive / ASI,1
2014-01,77449,Liberty Mutual / Safeco,1
2014-01,77450,Liberty Mutual / Safeco,1
2014-01,77459,Travelers,1
2014-01,77583,Progressive / ASI,1
2014-01,77807,Liberty Mutual / Safeco,1
2014-02,77024,Liberty Mutual / Safeco,1
2014-02,77024,Progressive / ASI,1
2014-02,77024,SageSure Occidental,1
2014-02,77077,Liberty Mutual / Safeco,1
2014-02,77377,Liberty Mutual / Safeco,1
2014-02,77377,Progressive / ASI,2
2014-02,77379,HOAIC,1
2014-02,77389,Progressive / ASI,1
2014-02,77396,HOAIC,1
2014-02,77406,HOAIC,1
2014-02,77407,Progressive / ASI,2
2014-02,77429,HOAIC,1
2014-02,77449,Liberty Mutual / Safeco,1
2014-02,77450,HOAIC,1
2014-02,77469,SageSure Occidental,1
2014-02,77471,HOAIC,1
2014-02,77479,HOAIC,1
2014-02,77479,Progressive / ASI,2
2014-02,77493,Progressive / ASI,1
2014-02,77494,HOAIC,1
2014-02,77494,Progressive / ASI,2
2014-02,77523,Progressive / ASI,2
2014-02,77554,Progressive / ASI,1
2014-03,76179,Progressive / ASI,1
2014-03,77004,Liberty Mutual / Safeco,1
2014-03,77008,Liberty Mutual / Safeco,1
2014-03,77009,Liberty Mutual / Safeco,1
2014-03,77018,Travelers,1
2014-03,77033,Liberty Mutual / Safeco,1
2014-03,77049,Progressive / ASI,1
2014-03,77070,Liberty Mutual / Safeco,1
2014-03,77073,HOAIC,1
2014-03,77079,Liberty Mutual / Safeco,3
2014-03,77084,HOAIC,1
2014-03,77094,Progressive / ASI,1
2014-03,77095,HOAIC,1
2014-03,77345,HOAIC,1
2014-03,77355,Progressive / ASI,1
2014-03,77377,HOAIC,1
2014-03,77377,Liberty Mutual / Safeco,2
2014-03,77379,HOAIC,1
2014-03,77388,HOAIC,1
2014-03,77389,HOAIC,1
2014-03,77389,Liberty Mutual / Safeco,1
2014-03,77389,Progressive / ASI,2
2014-03,77396,HOAIC,1
2014-03,77407,HOAIC,2
2014-03,77433,HOAIC,1
2014-03,77433,Liberty Mutual / Safeco,1
2014-03,77433,Progressive / ASI,1
2014-03,77441,HOAIC,1
2014-03,77449,Progressive / ASI,1
2014-03,77450,HOAIC,1
2014-03,77459,Liberty Mutual / Safeco,1
2014-03,77469,Liberty Mutual / Safeco,1
2014-03,77493,Progressive / ASI,1
2014-03,77494,Liberty Mutual / Safeco,2
2014-03,77494,Progressive / ASI,1
2014-03,77591,Progressive / ASI,1
2014-03,78209,Liberty Mutual / Safeco,1
2014-04,75206,Liberty Mutual / Safeco,1
2014-04,75238,Liberty Mutual / Safeco,1
2014-04,77004,Liberty Mutual / Safeco,1
2014-04,77007,HOAIC,1
2014-04,77027,Liberty Mutual / Safeco,1
2014-04,77079,Liberty Mutual / Safeco,1
2014-04,77079,Progressive / ASI,1
2014-04,77083,HOAIC,1
2014-04,77098,Liberty Mutual / Safeco,1
2014-04,77346,Progressive / ASI,1
2014-04,77365,HOAIC,1
2014-04,77375,Progressive / ASI,1
2014-04,77379,Liberty Mutual / Safeco,1
2014-04,77389,Progressive / ASI,2
2014-04,77396,HOAIC,2
2014-04,77407,HOAIC,3
2014-04,77407,Liberty Mutual / Safeco,1
2014-04,77407,Progressive / ASI,1
2014-04,77479,Liberty Mutual / Safeco,2
2014-04,77494,Liberty Mutual / Safeco,2
2014-04,77494,Progressive / ASI,1
2014-04,77584,HOAIC,1
2014-05,75137,Liberty Mutual / Safeco,1
2014-05,77005,Progressive / ASI,1
2014-05,77044,HOAIC,1
2014-05,77070,Liberty Mutual / Safeco,1
2014-05,77077,Liberty Mutual / Safeco,3
2014-05,77079,Liberty Mutual / Safeco,1
2014-05,77088,Liberty Mutual / Safeco,1
2014-05,77094,HOAIC,1
2014-05,77357,Progressive / ASI,1
2014-05,77365,Liberty Mutual / Safeco,1
2014-05,77377,Liberty Mutual / Safeco,2
2014-05,77379,Liberty Mutual / Safeco,1
2014-05,77388,HOAIC,1
2014-05,77388,SageSure Occidental,1
2014-05,77396,HOAIC,2
2014-05,77407,HOAIC,1
2014-05,77450,Progressive / ASI,1
2014-05,77469,HOAIC,1
2014-05,77469,Liberty Mutual / Safeco,1
2014-05,77479,HOAIC,2
2014-05,77479,Progressive / ASI,1
2014-05,77498,HOAIC,1
2014-05,77532,Progressive / ASI,1
2014-05,77546,Progressive / ASI,1
2014-05,77581,Progressive / ASI,2
2014-05,77583,Progressive / ASI,1
2014-05,78130,HOAIC,1
2014-06,75232,Liberty Mutual / Safeco,1
2014-06,77005,HOAIC,1
2014-06,77018,HOAIC,1
2014-06,77018,Progressive / ASI,2
2014-06,77024,Liberty Mutual / Safeco,1
2014-06,77043,Liberty Mutual / Safeco,1
2014-06,77044,HOAIC,1
2014-06,77070,Liberty Mutual / Safeco,1
2014-06,77077,Liberty Mutual / Safeco,2
2014-06,77079,Liberty Mutual / Safeco,2
2014-06,77083,HOAIC,1
2014-06,77084,Liberty Mutual / Safeco,1
2014-06,77089,Progressive / ASI,1
2014-06,77098,Liberty Mutual / Safeco,1
2014-06,77098,SageSure Occidental,1
2014-06,77340,Liberty Mutual / Safeco,1
2014-06,77345,Progressive / ASI,1
2014-06,77346,Liberty Mutual / Safeco,1
2014-06,77346,Progressive / ASI,4
2014-06,77365,HOAIC,1
2014-06,77377,Progressive / ASI,3
2014-06,77379,Progressive / ASI,2
2014-06,77406,HOAIC,1
2014-06,77407,HOAIC,1
2014-06,77441,HOAIC,1
2014-06,77450,HOAIC,1
2014-06,77450,Progressive / ASI,2
2014-06,77469,Centauri,1
2014-06,77469,Liberty Mutual / Safeco,1
2014-06,77494,Liberty Mutual / Safeco,1
2014-06,77494,Progressive / ASI,1
2014-06,77505,Liberty Mutual / Safeco,1
2014-06,77532,HOAIC,1
2014-06,77554,Progressive / ASI,1
2014-06,77584,HOAIC,1
2014-06,77650,Progressive / ASI,1
2014-07,77008,HOAIC,2
2014-07,77025,Liberty Mutual / Safeco,1
2014-07,77041,Liberty Mutual / Safeco,1
2014-07,77044,HOAIC,2
2014-07,77055,Liberty Mutual / Safeco,1
2014-07,77077,Liberty Mutual / Safeco,1
2014-07,77079,Liberty Mutual / Safeco,5
2014-07,77091,Liberty Mutual / Safeco,1
2014-07,77095,HOAIC,1
2014-07,77095,Liberty Mutual / Safeco,1
2014-07,77327,Liberty Mutual / Safeco,1
2014-07,77327,Progressive / ASI,1
2014-07,77396,Progressive / ASI,1
2014-07,77406,HOAIC,1
2014-07,77449,Liberty Mutual / Safeco,1
2014-07,77459,Liberty Mutual / Safeco,1
2014-07,77469,Progressive / ASI,1
2014-07,77494,Liberty Mutual / Safeco,2
2014-07,77494,Progressive / ASI,2
2014-07,77519,Progressive / ASI,2
2014-07,77581,Progressive / ASI,1
2014-07,79765,Liberty Mutual / Safeco,2
2014-08,77003,Liberty Mutual / Safeco,1
2014-08,77004,Progressive / ASI,1
2014-08,77007,Liberty Mutual / Safeco,1
2014-08,77007,Progressive / ASI,1
2014-08,77008,Liberty Mutual / Safeco,1
2014-08,77014,Liberty Mutual / Safeco,2
2014-08,77018,Progressive / ASI,1
2014-08,77024,Liberty Mutual / Safeco,1
2014-08,77028,Liberty Mutual / Safeco,2
2014-08,77044,Progressive / ASI,1
2014-08,77070,Progressive / ASI,1
2014-08,77079,Liberty Mutual / Safeco,1
2014-08,77084,Liberty Mutual / Safeco,2
2014-08,77092,Liberty Mutual / Safeco,1
2014-08,77346,Progressive / ASI,1
2014-08,77373,Liberty Mutual / Safeco,1
2014-08,77379,Liberty Mutual / Safeco,1
2014-08,77388,Liberty Mutual / Safeco,1
2014-08,77388,Travelers,1
2014-08,77407,HOAIC,2
2014-08,77433,HOAIC,1
2014-08,77441,HOAIC,1
2014-08,77450,Liberty Mutual / Safeco,1
2014-08,77478,HOAIC,1
2014-08,77479,Liberty Mutual / Safeco,1
2014-08,77494,HOAIC,1
2014-08,77494,Liberty Mutual / Safeco,1
2014-08,77539,Progressive / ASI,1
2014-08,77546,Progressive / ASI,1
2014-08,77584,HOAIC,1
2014-08,77584,Progressive / ASI,2
2014-08,78213,Liberty Mutual / Safeco,1
2014-09,76043,Liberty Mutual / Safeco,1
2014-09,76904,Liberty Mutual / Safeco,1
2014-09,77024,Liberty Mutual / Safeco,1
2014-09,77049,Liberty Mutual / Safeco,1
2014-09,77057,Liberty Mutual / Safeco,1
2014-09,77071,HOAIC,1
2014-09,77079,Liberty Mutual / Safeco,3
2014-09,77081,Liberty Mutual / Safeco,1
2014-09,77095,Liberty Mutual / Safeco,1
2014-09,77096,Liberty Mutual / Safeco,1
2014-09,77339,HOAIC,1
2014-09,77346,Liberty Mutual / Safeco,1
2014-09,77375,HOAIC,1
2014-09,77396,HOAIC,1
2014-09,77471,HOAIC,1
2014-09,77474,Progressive / ASI,1
2014-09,77494,Liberty Mutual / Safeco,1
2014-09,77494,Progressive / ASI,2
2014-09,77498,HOAIC,1
2014-09,77532,Liberty Mutual / Safeco,1
2014-09,77546,Progressive / ASI,1
2014-09,77573,Progressive / ASI,1
2014-09,77581,Progressive / ASI,1
2014-09,78382,Progressive / ASI,1
2014-10,77018,Liberty Mutual / Safeco,1
2014-10,77018,Travelers,1
2014-10,77055,HOAIC,1
2014-10,77072,HOAIC,1
2014-10,77074,Liberty Mutual / Safeco,1
2014-10,77077,Liberty Mutual / Safeco,4
2014-10,77079,Liberty Mutual / Safeco,5
2014-10,77084,Liberty Mutual / Safeco,1
2014-10,77085,Liberty Mutual / Safeco,1
2014-10,77089,Progressive / ASI,1
2014-10,77099,Liberty Mutual / Safeco,1
2014-10,77339,HOAIC,1
2014-10,77346,Liberty Mutual / Safeco,1
2014-10,77365,Liberty Mutual / Safeco,1
2014-10,77406,Liberty Mutual / Safeco,1
2014-10,77429,Liberty Mutual / Safeco,3
2014-10,77429,Travelers,1
2014-10,77433,Progressive / ASI,1
2014-10,77441,HOAIC,1
2014-10,77449,Liberty Mutual / Safeco,1
2014-10,77459,Liberty Mutual / Safeco,1
2014-10,77469,HOAIC,1
2014-10,77469,Progressive / ASI,3
2014-10,77493,Liberty Mutual / Safeco,1
2014-10,77493,Progressive / ASI,1
2014-10,77511,HOAIC,1
2014-10,77511,Progressive / ASI,3
2014-10,77523,Progressive / ASI,1
2014-10,77532,Liberty Mutual / Safeco,1
2014-10,77573,Progressive / ASI,1
2014-11,75007,HOAIC,1
2014-11,77019,Centauri,1
2014-11,77024,HOAIC,1
2014-11,77036,HOAIC,1
2014-11,77062,Liberty Mutual / Safeco,1
2014-11,77066,Liberty Mutual / Safeco,1
2014-11,77066,SageSure Occidental,1
2014-11,77073,Progressive / ASI,1
2014-11,77079,Liberty Mutual / Safeco,1
2014-11,77082,Liberty Mutual / Safeco,1
2014-11,77082,SageSure Occidental,1
2014-11,77083,HOAIC,1
2014-11,77092,Liberty Mutual / Safeco,1
2014-11,77092,SageSure Occidental,1
2014-11,77094,Liberty Mutual / Safeco,1
2014-11,77346,HOAIC,1
2014-11,77396,Liberty Mutual / Safeco,1
2014-11,77441,Centauri,1
2014-11,77449,Liberty Mutual / Safeco,1
2014-11,77450,Liberty Mutual / Safeco,1
2014-11,77469,Progressive / ASI,3
2014-11,77471,HOAIC,1
2014-11,77493,Liberty Mutual / Safeco,1
2014-11,77494,HOAIC,1
2014-11,77498,HOAIC,1
2014-11,77554,Progressive / ASI,1
2014-11,77581,Progressive / ASI,1
2014-11,77584,HOAIC,1
2014-12,77008,Centauri,1
2014-12,77008,Liberty Mutual / Safeco,1
2014-12,77017,Liberty Mutual / Safeco,1
2014-12,77025,Centauri,1
2014-12,77034,Centauri,1
2014-12,77041,HOAIC,1
2014-12,77041,Liberty Mutual / Safeco,1
2014-12,77047,HOAIC,1
2014-12,77047,Liberty Mutual / Safeco,1
2014-12,77077,Liberty Mutual / Safeco,1
2014-12,77079,Liberty Mutual / Safeco,1
2014-12,77095,HOAIC,1
2014-12,77095,Progressive / ASI,1
2014-12,77096,HOAIC,1
2014-12,77375,Progressive / ASI,1
2014-12,77378,HOAIC,1
2014-12,77388,Progressive / ASI,1
2014-12,77396,HOAIC,2
2014-12,77406,Liberty Mutual / Safeco,1
2014-12,77407,HOAIC,1
2014-12,77429,Centauri,1
2014-12,77429,Progressive / ASI,1
2014-12,77441,HOAIC,1
2014-12,77494,HOAIC,1
2014-12,77498,HOAIC,1
2014-12,77504,Centauri,1
2014-12,77581,Progressive / ASI,1
2014-12,78251,Progressive / ASI,2
2015-01,76210,Progressive / ASI,1
2015-01,77015,Liberty Mutual / Safeco,1
2015-01,77021,HOAIC,1
2015-01,77024,Liberty Mutual / Safeco,1
2015-01,77044,HOAIC,1
2015-01,77079,Liberty Mutual / Safeco,1
2015-01,77080,HOAIC,1
2015-01,77303,Progressive / ASI,1
2015-01,77377,Centauri,1
2015-01,77385,HOAIC,1
2015-01,77386,Centauri,1
2015-01,77389,Progressive / ASI,1
2015-01,77396,Centauri,1
2015-01,77406,Centauri,1
2015-01,77406,HOAIC,1
2015-01,77407,Progressive / ASI,2
2015-01,77433,Centauri,1
2015-01,77433,HOAIC,1
2015-01,77449,HOAIC,1
2015-01,77459,Centauri,1
2015-01,77494,Centauri,1
2015-01,77494,Liberty Mutual / Safeco,1
2015-01,77494,Progressive / ASI,1
2015-01,77535,Travelers,1
2015-01,77573,Progressive / ASI,1
2015-01,77865,Liberty Mutual / Safeco,1
2015-01,77879,Liberty Mutual / Safeco,3
2015-02,77024,Liberty Mutual / Safeco,2
2015-02,77035,Travelers,1
2015-02,77049,HOAIC,1
2015-02,77055,Progressive / ASI,2
2015-02,77064,HOAIC,1
2015-02,77079,Liberty Mutual / Safeco,2
2015-02,77302,Liberty Mutual / Safeco,1
2015-02,77338,Progressive / ASI,1
2015-02,77365,HOAIC,1
2015-02,77386,Progressive / ASI,1
2015-02,77396,Foremost,1
2015-02,77396,HOAIC,1
2015-02,77406,Centauri,1
2015-02,77406,HOAIC,1
2015-02,77433,Liberty Mutual / Safeco,1
2015-02,77584,HOAIC,1
2015-03,75402,Liberty Mutual / Safeco,1
2015-03,75968,Liberty Mutual / Safeco,1
2015-03,76205,Liberty Mutual / Safeco,1
2015-03,77040,Progressive / ASI,1
2015-03,77042,Liberty Mutual / Safeco,1
2015-03,77043,Centauri,1
2015-03,77049,HOAIC,1
2015-03,77064,HOAIC,1
2015-03,77064,Liberty Mutual / Safeco,1
2015-03,77066,HOAIC,1
2015-03,77077,Liberty Mutual / Safeco,1
2015-03,77079,Liberty Mutual / Safeco,2
2015-03,77079,Progressive / ASI,1
2015-03,77080,Liberty Mutual / Safeco,1
2015-03,77346,HOAIC,1
2015-03,77372,Travelers,1
2015-03,77373,Travelers,1
2015-03,77377,Travelers,1
2015-03,77380,Liberty Mutual / Safeco,1
2015-03,77389,HOAIC,1
2015-03,77407,Centauri,2
2015-03,77407,HOAIC,2
2015-03,77407,Progressive / ASI,3
2015-03,77433,Centauri,1
2015-03,77449,Progressive / ASI,1
2015-03,77450,Liberty Mutual / Safeco,1
2015-03,77471,Progressive / ASI,1
2015-03,77479,HOAIC,2
2015-03,77494,Centauri,2
2015-03,77494,HOAIC,2
2015-03,77494,Progressive / ASI,1
2015-03,77498,Centauri,1
2015-03,77573,Progressive / ASI,3
2015-04,77018,HOAIC,1
2015-04,77027,HOAIC,1
2015-04,77033,TWICO,1
2015-04,77041,Centauri,1
2015-04,77043,Centauri,1
2015-04,77055,Liberty Mutual / Safeco,1
2015-04,77057,Liberty Mutual / Safeco,1
2015-04,77063,HOAIC,1
2015-04,77065,Liberty Mutual / Safeco,1
2015-04,77070,Centauri,1
2015-04,77072,Centauri,2
2015-04,77076,HOAIC,1
2015-04,77077,Liberty Mutual / Safeco,1
2015-04,77079,Liberty Mutual / Safeco,2
2015-04,77079,Travelers,1
2015-04,77328,Centauri,1
2015-04,77336,HOAIC,1
2015-04,77338,Liberty Mutual / Safeco,1
2015-04,77345,Progressive / ASI,1
2015-04,77346,Centauri,1
2015-04,77346,Progressive / ASI,1
2015-04,77373,Progressive / ASI,1
2015-04,77373,TWICO,1
2015-04,77373,Travelers,1
2015-04,77396,HOAIC,2
2015-04,77396,Travelers,1
2015-04,77407,Centauri,3
2015-04,77407,HOAIC,1
2015-04,77407,Progressive / ASI,1
2015-04,77429,HOAIC,1
2015-04,77429,Liberty Mutual / Safeco,1
2015-04,77429,Progressive / ASI,2
2015-04,77441,HOAIC,1
2015-04,77449,HOAIC,2
2015-04,77469,Centauri,2
2015-04,77479,Centauri,1
2015-04,77494,HOAIC,2
2015-04,77498,Centauri,1
2015-04,77505,TWICO,1
2015-04,77532,HOAIC,2
2015-05,75044,Progressive / ASI,1
2015-05,75951,Liberty Mutual / Safeco,1
2015-05,77007,Centauri,1
2015-05,77008,Travelers,1
2015-05,77015,TWICO,1
2015-05,77025,HOAIC,1
2015-05,77035,Travelers,1
2015-05,77041,Centauri,1
2015-05,77042,Liberty Mutual / Safeco,1
2015-05,77043,Liberty Mutual / Safeco,1
2015-05,77044,HOAIC,1
2015-05,77044,Progressive / ASI,1
2015-05,77077,HOAIC,1
2015-05,77079,HOAIC,1
2015-05,77079,Travelers,1
2015-05,77346,HOAIC,2
2015-05,77346,TWICO,1
2015-05,77354,Centauri,1
2015-05,77379,HOAIC,1
2015-05,77406,HOAIC,1
2015-05,77406,Progressive / ASI,1
2015-05,77407,Centauri,1
2015-05,77433,HOAIC,1
2015-05,77459,Centauri,1
2015-05,77471,Centauri,1
2015-05,77479,Centauri,2
2015-05,77493,Centauri,1
2015-05,77494,Progressive / ASI,1
2015-05,77511,Progressive / ASI,1
2015-05,77545,National General,1
2015-05,77565,Progressive / ASI,1
2015-05,77573,HOAIC,1
2015-05,77573,Progressive / ASI,1
2015-05,78133,HOAIC,1
2015-05,78732,Liberty Mutual / Safeco,2
2015-05,78736,Liberty Mutual / Safeco,1
2015-06,77024,HOAIC,1
2015-06,77035,HOAIC,1
2015-06,77045,HOAIC,1
2015-06,77049,HOAIC,1
2015-06,77049,Progressive / ASI,1
2015-06,77057,Liberty Mutual / Safeco,1
2015-06,77066,HOAIC,1
2015-06,77070,HOAIC,1
2015-06,77072,Progressive / ASI,2
2015-06,77074,TWICO,1
2015-06,77077,Travelers,1
2015-06,77084,HOAIC,1
2015-06,77088,Travelers,1
2015-06,77091,HOAIC,1
2015-06,77316,HOAIC,1
2015-06,77345,HOAIC,1
2015-06,77379,HOAIC,1
2015-06,77388,Travelers,2
2015-06,77396,Travelers,1
2015-06,77406,HOAIC,1
2015-06,77407,Centauri,4
2015-06,77407,HOAIC,1
2015-06,77433,Centauri,1
2015-06,77433,HOAIC,1
2015-06,77450,HOAIC,1
2015-06,77459,National General,1
2015-06,77469,Centauri,1
2015-06,77469,HOAIC,1
2015-06,77471,Progressive / ASI,1
2015-06,77477,HOAIC,1
2015-06,77477,Travelers,1
2015-06,77479,Centauri,1
2015-06,77493,HOAIC,1
2015-06,77511,Progressive / ASI,1
2015-06,77535,Progressive / ASI,1
2015-06,77545,Progressive / ASI,1
2015-06,77578,Progressive / ASI,1
2015-06,77584,Progressive / ASI,2
2015-07,75208,Liberty Mutual / Safeco,1
2015-07,77013,Centauri,1
2015-07,77024,Liberty Mutual / Safeco,1
2015-07,77024,Progressive / ASI,1
2015-07,77043,Liberty Mutual / Safeco,1
2015-07,77063,HOAIC,1
2015-07,77064,Liberty Mutual / Safeco,1
2015-07,77077,Centauri,1
2015-07,77079,Liberty Mutual / Safeco,1
2015-07,77079,Travelers,1
2015-07,77095,Centauri,1
2015-07,77095,Progressive / ASI,2
2015-07,77328,HOAIC,1
2015-07,77346,Progressive / ASI,1
2015-07,77385,HOAIC,1
2015-07,77389,Progressive / ASI,1
2015-07,77406,Liberty Mutual / Safeco,1
2015-07,77407,Centauri,1
2015-07,77414,Progressive / ASI,1
2015-07,77429,HOAIC,1
2015-07,77433,Liberty Mutual / Safeco,1
2015-07,77433,Progressive / ASI,1
2015-07,77441,Centauri,2
2015-07,77449,Progressive / ASI,2
2015-07,77449,SageSure Occidental,1
2015-07,77449,Travelers,1
2015-07,77459,Centauri,2
2015-07,77459,Progressive / ASI,1
2015-07,77469,Centauri,1
2015-07,77469,HOAIC,1
2015-07,77478,HOAIC,1
2015-07,77479,Centauri,2
2015-07,77479,Progressive / ASI,1
2015-07,77479,SageSure SURE,1
2015-07,77494,Centauri,1
2015-07,77494,HOAIC,2
2015-07,77494,National General,1
2015-07,77498,Centauri,1
2015-07,77498,HOAIC,1
2015-07,77578,HOAIC,1
2015-07,77578,Progressive / ASI,1
2015-08,77021,HOAIC,1
2015-08,77044,Centauri,1
2015-08,77044,HOAIC,1
2015-08,77063,Travelers,1
2015-08,77075,HOAIC,1
2015-08,77082,HOAIC,1
2015-08,77083,HOAIC,1
2015-08,77084,HOAIC,1
2015-08,77084,Progressive / ASI,1
2015-08,77092,Liberty Mutual / Safeco,1
2015-08,77339,Travelers,1
2015-08,77365,HOAIC,2
2015-08,77365,Progressive / ASI,1
2015-08,77373,Travelers,1
2015-08,77388,Travelers,1
2015-08,77406,Centauri,1
2015-08,77406,Progressive / ASI,1
2015-08,77407,Centauri,1
2015-08,77407,HOAIC,1
2015-08,77433,Centauri,1
2015-08,77433,HOAIC,1
2015-08,77433,Progressive / ASI,2
2015-08,77441,Centauri,1
2015-08,77449,HOAIC,2
2015-08,77450,Liberty Mutual / Safeco,1
2015-08,77459,SageSure Occidental,1
2015-08,77469,HOAIC,1
2015-08,77469,Progressive / ASI,1
2015-08,77479,HOAIC,1
2015-08,77493,Progressive / ASI,1
2015-08,77494,Centauri,2
2015-08,77581,HOAIC,1
2015-08,78624,Liberty Mutual / Safeco,1
2015-09,77027,HOAIC,1
2015-09,77043,Liberty Mutual / Safeco,1
2015-09,77070,HOAIC,1
2015-09,77077,Travelers,2
2015-09,77078,HOAIC,1
2015-09,77079,Liberty Mutual / Safeco,1
2015-09,77083,HOAIC,1
2015-09,77375,Liberty Mutual / Safeco,1
2015-09,77386,HOAIC,1
2015-09,77406,Centauri,1
2015-09,77407,Centauri,1
2015-09,77407,HOAIC,2
2015-09,77449,HOAIC,1
2015-09,77449,Progressive / ASI,1
2015-09,77450,HOAIC,1
2015-09,77469,Centauri,2
2015-09,77469,Progressive / ASI,1
2015-09,77469,SageSure Occidental,1
2015-09,77471,Progressive / ASI,1
2015-09,77479,Centauri,1
2015-09,77493,Progressive / ASI,3
2015-09,77494,Liberty Mutual / Safeco,1
2015-09,77532,Centauri,1
2015-09,77532,Progressive / ASI,2
2015-09,77545,Progressive / ASI,2
2015-09,77546,HOAIC,1
2015-09,77546,Progressive / ASI,1
2015-09,77584,HOAIC,1
2015-09,77584,Progressive / ASI,2
2015-10,77004,Centauri,1
2015-10,77007,Centauri,1
2015-10,77036,Foremost,1
2015-10,77044,Progressive / ASI,1
2015-10,77048,HOAIC,1
2015-10,77079,Travelers,2
2015-10,77090,Liberty Mutual / Safeco,1
2015-10,77096,HOAIC,1
2015-10,77304,Centauri,1
2015-10,77336,HOAIC,1
2015-10,77345,HOAIC,1
2015-10,77355,Travelers,1
2015-10,77373,Travelers,1
2015-10,77381,Travelers,1
2015-10,77382,Centauri,1
2015-10,77386,Centauri,1
2015-10,77389,Progressive / ASI,1
2015-10,77396,HOAIC,1
2015-10,77406,Centauri,2
2015-10,77407,HOAIC,2
2015-10,77429,Liberty Mutual / Safeco,1
2015-10,77433,Liberty Mutual / Safeco,2
2015-10,77441,HOAIC,1
2015-10,77447,Travelers,1
2015-10,77459,Centauri,1
2015-10,77469,HOAIC,1
2015-10,77478,Travelers,1
2015-10,77479,Centauri,2
2015-10,77494,HOAIC,5
2015-10,77494,SageSure Occidental,1
2015-10,77535,Progressive / ASI,1
2015-10,77581,HOAIC,2
2015-10,77584,HOAIC,3
2015-10,78734,Liberty Mutual / Safeco,1
2015-10,78735,Liberty Mutual / Safeco,1
2015-11,77008,Centauri,1
2015-11,77009,Liberty Mutual / Safeco,1
2015-11,77024,Liberty Mutual / Safeco,1
2015-11,77032,Travelers,1
2015-11,77073,Progressive / ASI,1
2015-11,77079,Liberty Mutual / Safeco,1
2015-11,77079,SageSure Occidental,1
2015-11,77338,Centauri,1
2015-11,77345,Centauri,1
2015-11,77346,HOAIC,2
2015-11,77373,Progressive / ASI,1
2015-11,77379,HOAIC,1
2015-11,77386,HOAIC,1
2015-11,77407,Centauri,1
2015-11,77407,Liberty Mutual / Safeco,1
2015-11,77423,Progressive / ASI,1
2015-11,77433,Progressive / ASI,2
2015-11,77441,HOAIC,1
2015-11,77449,Progressive / ASI,1
2015-11,77479,HOAIC,2
2015-11,77493,Progressive / ASI,1
2015-11,77493,Travelers,1
2015-11,77494,HOAIC,2
2015-11,77545,Centauri,1
2015-11,77573,HOAIC,1
2015-11,77573,Progressive / ASI,1
2015-11,78734,Liberty Mutual / Safeco,1
2015-12,77007,Centauri,1
2015-12,77021,HOAIC,1
2015-12,77025,HOAIC,1
2015-12,77042,Liberty Mutual / Safeco,1
2015-12,77043,SageSure Occidental,1
2015-12,77051,HOAIC,1
2015-12,77058,Liberty Mutual / Safeco,1
2015-12,77064,Liberty Mutual / Safeco,1
2015-12,77079,Liberty Mutual / Safeco,1
2015-12,77079,SageSure Occidental,1
2015-12,77092,Centauri,2
2015-12,77098,Liberty Mutual / Safeco,1
2015-12,77316,Centauri,1
2015-12,77346,HOAIC,2
2015-12,77355,HOAIC,1
2015-12,77378,Centauri,1
2015-12,77389,Progressive / ASI,1
2015-12,77396,HOAIC,1
2015-12,77406,HOAIC,1
2015-12,77406,Progressive / ASI,1
2015-12,77469,Centauri,1
2015-12,77479,HOAIC,1
2015-12,77479,Progressive / ASI,1
2015-12,77493,Centauri,1
2015-12,77498,Centauri,1
2015-12,77520,Centauri,1
2015-12,77532,HOAIC,1
2015-12,77535,Centauri,1
2015-12,77583,HOAIC,1
2015-12,77584,HOAIC,1
2015-12,78070,Travelers,1
2016-01,75840,Travelers,1
2016-01,76244,Liberty Mutual / Safeco,1
2016-01,77007,Centauri,1
2016-01,77069,HOAIC,1
2016-01,77079,Progressive / ASI,2
2016-01,77099,SageSure Occidental,1
2016-01,77377,Progressive / ASI,1
2016-01,77379,HOAIC,1
2016-01,77406,Centauri,1
2016-01,77429,Progressive / ASI,1
2016-01,77433,Centauri,1
2016-01,77449,HOAIC,2
2016-01,77459,HOAIC,1
2016-01,77494,Centauri,1
2016-01,77494,HOAIC,1
2016-01,77532,HOAIC,2
2016-01,77532,Progressive / ASI,1
2016-01,77545,Centauri,1
2016-01,77550,HOAIC,1
2016-01,77573,HOAIC,1
2016-01,79765,Progressive / ASI,1
2016-02,75013,Centauri,1
2016-02,75075,Liberty Mutual / Safeco,1
2016-02,76657,Centauri,1
2016-02,77006,HOAIC,1
2016-02,77006,SageSure Occidental,1
2016-02,77006,Travelers,1
2016-02,77007,Centauri,1
2016-02,77008,Centauri,1
2016-02,77023,Liberty Mutual / Safeco,1
2016-02,77025,Travelers,1
2016-02,77033,HOAIC,1
2016-02,77043,Liberty Mutual / Safeco,1
2016-02,77049,HOAIC,1
2016-02,77053,HOAIC,1
2016-02,77064,Progressive / ASI,1
2016-02,77069,Travelers,1
2016-02,77079,Travelers,1
2016-02,77339,HOAIC,1
2016-02,77346,Centauri,1
2016-02,77377,Progressive / ASI,1
2016-02,77382,Centauri,1
2016-02,77388,Travelers,1
2016-02,77429,Progressive / ASI,1
2016-02,77433,Centauri,1
2016-02,77441,Centauri,2
2016-02,77441,Progressive / ASI,1
2016-02,77469,Centauri,2
2016-02,77479,Centauri,1
2016-02,77489,Progressive / ASI,2
2016-02,77494,Centauri,3
2016-02,77532,Progressive / ASI,2
2016-02,77546,HOAIC,2
2016-02,77573,HOAIC,2
2016-02,78724,Liberty Mutual / Safeco,1
2016-03,77024,Travelers,1
2016-03,77047,Centauri,1
2016-03,77073,Progressive / ASI,1
2016-03,77079,Travelers,1
2016-03,77083,Centauri,1
2016-03,77084,Progressive / ASI,2
2016-03,77084,Travelers,1
2016-03,77345,Travelers,1
2016-03,77346,Travelers,1
2016-03,77356,Centauri,1
2016-03,77373,SageSure Occidental,1
2016-03,77373,Travelers,1
2016-03,77379,Progressive / ASI,1
2016-03,77381,Travelers,1
2016-03,77382,Centauri,1
2016-03,77382,Liberty Mutual / Safeco,1
2016-03,77382,Travelers,1
2016-03,77385,Centauri,1
2016-03,77388,Centauri,1
2016-03,77388,Progressive / ASI,1
2016-03,77406,Centauri,1
2016-03,77407,Centauri,1
2016-03,77429,Centauri,1
2016-03,77450,HOAIC,1
2016-03,77459,Centauri,2
2016-03,77469,Centauri,2
2016-03,77471,Centauri,1
2016-03,77471,HOAIC,1
2016-03,77471,Progressive / ASI,1
2016-03,77471,SageSure Occidental,1
2016-03,77488,Liberty Mutual / Safeco,1
2016-03,77494,Centauri,1
2016-03,77494,HOAIC,1
2016-03,77494,Travelers,1
2016-03,77498,Progressive / ASI,1
2016-03,77498,Travelers,1
2016-03,77523,Progressive / ASI,1
2016-03,77539,HOAIC,1
2016-03,77573,HOAIC,1
2016-03,77581,HOAIC,1
2016-03,77583,HOAIC,1
2016-03,77584,HOAIC,2
2016-03,77864,Centauri,1
2016-03,78613,Centauri,1
2016-04,77008,Centauri,1
2016-04,77044,Centauri,2
2016-04,77079,HOAIC,1
2016-04,77083,Centauri,1
2016-04,77084,Travelers,1
2016-04,77090,Centauri,1
2016-04,77339,Travelers,1
2016-04,77354,Centauri,1
2016-04,77406,Progressive / ASI,1
2016-04,77407,Centauri,2
2016-04,77429,Centauri,1
2016-04,77433,Progressive / ASI,1
2016-04,77449,Centauri,1
2016-04,77471,Centauri,1
2016-04,77478,Centauri,1
2016-04,77493,Progressive / ASI,1
2016-04,77494,Centauri,2
2016-04,77494,HOAIC,2
2016-04,77571,Centauri,1
2016-04,77573,HOAIC,2
2016-04,77581,HOAIC,1
2016-05,38107,Centauri,1
2016-05,77007,HOAIC,1
2016-05,77008,Progressive / ASI,1
2016-05,77021,SageSure SURE,1
2016-05,77024,Centauri,1
2016-05,77024,Progressive / ASI,2
2016-05,77040,HOAIC,1
2016-05,77049,Centauri,1
2016-05,77055,Progressive / ASI,1
2016-05,77073,Centauri,2
2016-05,77080,HOAIC,1
2016-05,77303,Centauri,1
2016-05,77338,Centauri,1
2016-05,77346,Centauri,1
2016-05,77346,HOAIC,1
2016-05,77357,Centauri,2
2016-05,77357,SageSure SURE,1
2016-05,77373,Travelers,1
2016-05,77375,Travelers,1
2016-05,77377,Progressive / ASI,1
2016-05,77385,Centauri,1
2016-05,77386,Centauri,1
2016-05,77407,HOAIC,1
2016-05,77459,Centauri,1
2016-05,77459,HOAIC,1
2016-05,77459,Progressive / ASI,1
2016-05,77469,Centauri,1
2016-05,77479,Progressive / ASI,1
2016-05,77493,Centauri,1
2016-05,77493,HOAIC,1
2016-05,77498,HOAIC,1
2016-05,77498,Progressive / ASI,1
2016-05,77503,Centauri,1
2016-05,77504,Centauri,1
2016-05,77545,Centauri,1
2016-05,77545,Progressive / ASI,1
2016-05,77546,HOAIC,1
2016-05,77573,HOAIC,1
2016-05,77581,SageSure Occidental,1
2016-05,77584,HOAIC,1
2016-05,77584,Progressive / ASI,1
2016-05,78003,Liberty Mutual / Safeco,1
2016-06,75068,Progressive / ASI,1
2016-06,77004,HOAIC,1
2016-06,77008,Progressive / ASI,1
2016-06,77031,HOAIC,1
2016-06,77049,HOAIC,1
2016-06,77079,HOAIC,1
2016-06,77079,Travelers,1
2016-06,77304,Centauri,1
2016-06,77318,HOAIC,1
2016-06,77339,Centauri,1
2016-06,77346,Progressive / ASI,1
2016-06,77362,Centauri,1
2016-06,77386,Centauri,1
2016-06,77386,Travelers,1
2016-06,77407,Centauri,1
2016-06,77429,Progressive / ASI,1
2016-06,77433,HOAIC,1
2016-06,77441,Centauri,1
2016-06,77450,Centauri,1
2016-06,77459,Travelers,1
2016-06,77461,Centauri,1
2016-06,77469,Centauri,1
2016-06,77471,Centauri,1
2016-06,77479,HOAIC,1
2016-06,77494,Centauri,1
2016-06,77535,Centauri,1
2016-06,77539,HOAIC,1
2016-06,77565,Progressive / ASI,1
2016-06,77590,Progressive / ASI,1
2016-06,78133,Centauri,2
2016-07,77018,Centauri,1
2016-07,77073,Progressive / ASI,1
2016-07,77077,Liberty Mutual / Safeco,1
2016-07,77095,Travelers,1
2016-07,77316,National General,1
2016-07,77373,HOAIC,2
2016-07,77377,Travelers,1
2016-07,77382,SageSure Occidental,1
2016-07,77382,Travelers,1
2016-07,77389,Progressive / ASI,1
2016-07,77418,Travelers,1
2016-07,77449,HOAIC,1
2016-07,77449,Progressive / ASI,1
2016-07,77545,National General,1
2016-07,77583,HOAIC,1
2016-07,78737,Liberty Mutual / Safeco,1
2016-07,78737,Progressive / ASI,1
2016-08,75071,Centauri,2
2016-08,75077,HOAIC,1
2016-08,75707,Progressive / ASI,1
2016-08,77008,Progressive / ASI,1
2016-08,77070,Progressive / ASI,1
2016-08,77079,HOAIC,1
2016-08,77079,SageSure Occidental,1
2016-08,77079,Travelers,1
2016-08,77356,Travelers,1
2016-08,77477,HOAIC,1
2016-08,77494,Progressive / ASI,1
2016-08,77578,HOAIC,1
2016-08,77583,HOAIC,1
2016-09,77043,HOAIC,1
2016-09,77079,HOAIC,2
2016-09,77079,Liberty Mutual / Safeco,1
2016-09,77079,Progressive / ASI,1
2016-09,77079,SageSure Occidental,1
2016-09,77346,HOAIC,1
2016-09,77351,Liberty Mutual / Safeco,1
2016-09,77356,Centauri,1
2016-09,77377,HOAIC,1
2016-09,77406,Progressive / ASI,1
2016-09,77407,HOAIC,1
2016-09,77459,HOAIC,1
2016-09,77459,National General,1
2016-09,77478,HOAIC,1
2016-09,77583,HOAIC,1
2016-09,78610,Progressive / ASI,1
2016-09,78660,National General,1
2016-10,76502,Liberty Mutual / Safeco,1
2016-10,77043,Travelers,1
2016-10,77079,Liberty Mutual / Safeco,1
2016-10,77082,HOAIC,1
2016-10,77094,Progressive / ASI,1
2016-10,77336,HOAIC,1
2016-10,77354,Centauri,1
2016-10,77385,Travelers,1
2016-10,77485,Centauri,1
2016-10,77493,Progressive / ASI,1
2016-10,77494,Centauri,1
2016-10,77494,HOAIC,1
2016-10,77539,SageSure SURE,1
2016-10,77573,HOAIC,1
2016-10,77581,HOAIC,1
2016-10,77598,Centauri,1
2016-10,78735,Centauri,1
2016-10,78735,Liberty Mutual / Safeco,1
2016-11,75035,Progressive / ASI,1
2016-11,77007,Centauri,1
2016-11,77075,Centauri,1
2016-11,77079,Liberty Mutual / Safeco,1
2016-11,77091,HOAIC,1
2016-11,77301,Centauri,1
2016-11,77346,HOAIC,1
2016-11,77346,Progressive / ASI,1
2016-11,77355,Travelers,1
2016-11,77433,Progressive / ASI,1
2016-11,77441,HOAIC,1
2016-11,77449,HOAIC,1
2016-11,77450,Liberty Mutual / Safeco,1
2016-11,77459,Centauri,2
2016-11,77459,Progressive / ASI,1
2016-11,77477,HOAIC,1
2016-11,77478,Centauri,1
2016-11,77493,Centauri,1
2016-11,77494,HOAIC,3
2016-11,77554,Progressive / ASI,1
2016-11,78123,HOAIC,1
2016-11,78610,Progressive / ASI,1
2016-12,77006,Centauri,1
2016-12,77009,Centauri,1
2016-12,77047,HOAIC,1
2016-12,77059,HOAIC,1
2016-12,77059,Progressive / ASI,1
2016-12,77073,Travelers,1
2016-12,77079,HOAIC,1
2016-12,77079,Progressive / ASI,1
2016-12,77388,Centauri,1
2016-12,77406,HOAIC,1
2016-12,77441,Progressive / ASI,1
2016-12,77449,Centauri,1
2016-12,77471,Centauri,1
2016-12,77479,HOAIC,1
2016-12,77479,Progressive / ASI,1
2016-12,77479,Travelers,1
2016-12,77494,Travelers,1
2016-12,77545,HOAIC,1
2016-12,77581,HOAIC,1
2016-12,77584,HOAIC,1
2016-12,77590,Centauri,1
2017-01,77005,Centauri,1
2017-01,77005,SageSure Occidental,1
2017-01,77059,Centauri,1
2017-01,77062,HOAIC,1
2017-01,77077,Travelers,1
2017-01,77079,Travelers,1
2017-01,77080,Centauri,1
2017-01,77083,HOAIC,1
2017-01,77084,HOAIC,2
2017-01,77090,HOAIC,1
2017-01,77094,Centauri,1
2017-01,77346,SageSure Occidental,1
2017-01,77364,HOAIC,1
2017-01,77386,Centauri,1
2017-01,77429,Progressive / ASI,1
2017-01,77450,Centauri,1
2017-01,77471,HOAIC,1
2017-01,77494,HOAIC,1
2017-01,77515,SageSure Occidental,1
2017-01,77573,HOAIC,1
2017-01,77587,SageSure SURE,1
2017-01,78216,HOAIC,1
2017-01,79109,Centauri,1
2017-02,76248,Travelers,1
2017-02,77005,Travelers,1
2017-02,77008,Centauri,1
2017-02,77024,HOAIC,1
2017-02,77030,Centauri,1
2017-02,77042,HOAIC,1
2017-02,77042,Travelers,1
2017-02,77047,HOAIC,1
2017-02,77063,HOAIC,1
2017-02,77069,Progressive / ASI,1
2017-02,77077,HOAIC,1
2017-02,77077,SageSure SURE,1
2017-02,77079,Liberty Mutual / Safeco,1
2017-02,77079,Travelers,1
2017-02,77082,Liberty Mutual / Safeco,1
2017-02,77096,HOAIC,1
2017-02,77388,HOAIC,1
2017-02,77433,HOAIC,1
2017-02,77449,Centauri,1
2017-02,77461,Centauri,1
2017-02,77469,HOAIC,1
2017-02,77479,Progressive / ASI,1
2017-02,77493,Progressive / ASI,1
2017-02,77494,Centauri,1
2017-02,77494,HOAIC,2
2017-02,77515,HOAIC,1
2017-02,77532,Centauri,1
2017-02,77584,HOAIC,1
2017-02,77868,Liberty Mutual / Safeco,1
2017-02,77868,Progressive / ASI,1
2017-02,78132,Centauri,1
2017-02,78735,Liberty Mutual / Safeco,1
2017-03,75033,Centauri,1
2017-03,75115,Travelers,1
2017-03,76107,Liberty Mutual / Safeco,1
2017-03,77008,SageSure Occidental,1
2017-03,77008,Travelers,1
2017-03,77024,HOAIC,1
2017-03,77030,HOAIC,1
2017-03,77062,Centauri,2
2017-03,77073,Centauri,1
2017-03,77077,Travelers,1
2017-03,77079,Travelers,2
2017-03,77084,HOAIC,1
2017-03,77095,Centauri,1
2017-03,77316,Centauri,1
2017-03,77346,Centauri,1
2017-03,77354,Travelers,1
2017-03,77355,Centauri,1
2017-03,77382,Liberty Mutual / Safeco,1
2017-03,77385,Centauri,2
2017-03,77386,National General,1
2017-03,77401,Centauri,1
2017-03,77406,Centauri,1
2017-03,77406,HOAIC,2
2017-03,77407,Centauri,1
2017-03,77407,HOAIC,3
2017-03,77407,Progressive / ASI,1
2017-03,77429,Travelers,1
2017-03,77441,HOAIC,1
2017-03,77450,Centauri,4
2017-03,77459,Centauri,2
2017-03,77471,HOAIC,1
2017-03,77479,Centauri,1
2017-03,77479,HOAIC,1
2017-03,77493,Centauri,1
2017-03,77573,HOAIC,1
2017-03,78609,Liberty Mutual / Safeco,1
2017-03,78611,Liberty Mutual / Safeco,1
2017-03,78757,Centauri,2
2017-03,78759,Liberty Mutual / Safeco,1
2017-04,77004,Travelers,1
2017-04,77006,Liberty Mutual / Safeco,1
2017-04,77009,Travelers,1
2017-04,77015,HOAIC,1
2017-04,77035,HOAIC,1
2017-04,77074,HOAIC,1
2017-04,77077,Travelers,1
2017-04,77079,Travelers,2
2017-04,77081,Progressive / ASI,1
2017-04,77091,Centauri,1
2017-04,77095,Centauri,1
2017-04,77315,HOAIC,1
2017-04,77316,Centauri,1
2017-04,77345,HOAIC,1
2017-04,77346,HOAIC,1
2017-04,77354,Centauri,2
2017-04,77356,SageSure SURE,1
2017-04,77372,Travelers,1
2017-04,77406,Centauri,1
2017-04,77407,HOAIC,2
2017-04,77429,Travelers,1
2017-04,77450,Centauri,2
2017-04,77469,Centauri,1
2017-04,77479,HOAIC,1
2017-04,77494,Centauri,1
2017-04,77494,HOAIC,2
2017-04,77573,HOAIC,1
2017-04,77581,HOAIC,1
2017-04,77584,HOAIC,2
2017-04,78745,Centauri,1
2017-05,77007,SageSure Occidental,1
2017-05,77008,HOAIC,1
2017-05,77018,Progressive / ASI,1
2017-05,77024,HOAIC,1
2017-05,77024,SageSure Occidental,1
2017-05,77024,Travelers,1
2017-05,77063,SageSure Occidental,1
2017-05,77077,SageSure Occidental,1
2017-05,77080,Centauri,1
2017-05,77084,Progressive / ASI,1
2017-05,77088,SageSure Occidental,1
2017-05,77091,Centauri,1
2017-05,77091,HOAIC,1
2017-05,77346,SageSure SURE,1
2017-05,77354,HOAIC,1
2017-05,77355,Travelers,1
2017-05,77377,HOAIC,1
2017-05,77379,HOAIC,1
2017-05,77384,Centauri,1
2017-05,77406,Centauri,1
2017-05,77407,Centauri,1
2017-05,77407,HOAIC,1
2017-05,77407,Progressive / ASI,1
2017-05,77423,Progressive / ASI,1
2017-05,77429,SageSure Occidental,1
2017-05,77441,Centauri,1
2017-05,77441,SageSure Occidental,1
2017-05,77449,HOAIC,1
2017-05,77450,Centauri,1
2017-05,77450,SageSure Occidental,1
2017-05,77469,Centauri,1
2017-05,77485,Centauri,1
2017-05,77493,Progressive / ASI,1
2017-05,77494,Centauri,2
2017-05,77494,HOAIC,1
2017-05,77494,SageSure Occidental,1
2017-05,77530,HOAIC,1
2017-05,77530,SageSure Occidental,1
2017-05,77573,HOAIC,2
2017-05,77584,HOAIC,1
2017-05,79109,Centauri,1
2017-06,76034,Liberty Mutual / Safeco,1
2017-06,77005,SageSure Occidental,1
2017-06,77008,HOAIC,2
2017-06,77041,SageSure Occidental,1
2017-06,77043,SageSure Occidental,2
2017-06,77044,Centauri,1
2017-06,77044,HOAIC,1
2017-06,77051,HOAIC,1
2017-06,77055,SageSure Occidental,1
2017-06,77079,HOAIC,1
2017-06,77080,HOAIC,1
2017-06,77083,Centauri,1
2017-06,77084,Centauri,1
2017-06,77084,HOAIC,1
2017-06,77084,SageSure Occidental,1
2017-06,77084,Travelers,1
2017-06,77304,Centauri,1
2017-06,77346,SageSure SURE,1
2017-06,77354,Centauri,1
2017-06,77354,Progressive / ASI,1
2017-06,77357,Centauri,1
2017-06,77375,SageSure Occidental,1
2017-06,77388,SageSure Occidental,2
2017-06,77396,Centauri,2
2017-06,77406,HOAIC,1
2017-06,77407,Centauri,1
2017-06,77433,SageSure Occidental,1
2017-06,77449,Centauri,2
2017-06,77450,Centauri,2
2017-06,77459,Centauri,1
2017-06,77459,SageSure Occidental,1
2017-06,77459,SageSure SURE,1
2017-06,77469,HOAIC,1
2017-06,77471,HOAIC,2
2017-06,77478,HOAIC,1
2017-06,77479,Orion180,1
2017-06,77493,HOAIC,2
2017-06,77494,Centauri,1
2017-06,77494,HOAIC,2
2017-06,77532,HOAIC,1
2017-06,77578,HOAIC,1
2017-06,77583,SageSure Occidental,1
2017-06,77584,HOAIC,1
2017-06,77587,HOAIC,1
2017-06,78055,SageSure SURE,1
2017-06,78132,Liberty Mutual / Safeco,1
2017-07,75979,HOAIC,1
2017-07,77006,SageSure Occidental,1
2017-07,77008,HOAIC,1
2017-07,77015,SageSure SURE,1
2017-07,77018,HOAIC,1
2017-07,77024,SageSure Occidental,1
2017-07,77044,SageSure Occidental,1
2017-07,77047,HOAIC,1
2017-07,77048,Centauri,2
2017-07,77049,HOAIC,1
2017-07,77055,Progressive / ASI,1
2017-07,77069,Centauri,1
2017-07,77079,SageSure Occidental,1
2017-07,77080,HOAIC,1
2017-07,77082,Centauri,1
2017-07,77084,HOAIC,1
2017-07,77090,HOAIC,1
2017-07,77091,SageSure Occidental,1
2017-07,77094,Liberty Mutual / Safeco,1
2017-07,77095,SageSure Occidental,1
2017-07,77095,Travelers,1
2017-07,77098,SageSure Occidental,1
2017-07,77301,Centauri,1
2017-07,77331,SageSure Occidental,1
2017-07,77346,SageSure Occidental,1
2017-07,77346,SageSure SURE,1
2017-07,77375,HOAIC,1
2017-07,77375,Progressive / ASI,1
2017-07,77379,SageSure Occidental,1
2017-07,77381,Travelers,1
2017-07,77406,SageSure Occidental,1
2017-07,77406,SageSure SURE,1
2017-07,77407,Centauri,1
2017-07,77407,HOAIC,1
2017-07,77429,HOAIC,1
2017-07,77441,HOAIC,1
2017-07,77441,SageSure Occidental,1
2017-07,77447,SageSure Occidental,1
2017-07,77449,HOAIC,1
2017-07,77449,SageSure Occidental,1
2017-07,77450,HOAIC,1
2017-07,77450,SageSure Occidental,1
2017-07,77459,Centauri,1
2017-07,77469,Centauri,1
2017-07,77469,HOAIC,1
2017-07,77469,Liberty Mutual / Safeco,1
2017-07,77469,SageSure Occidental,1
2017-07,77471,HOAIC,1
2017-07,77494,Centauri,1
2017-07,77494,HOAIC,3
2017-07,77494,SageSure Occidental,2
2017-07,77502,HOAIC,1
2017-07,78245,SageSure Occidental,1
2017-07,78620,SageSure Occidental,1
2017-07,78726,Liberty Mutual / Safeco,1
2017-07,78734,Liberty Mutual / Safeco,1
2017-08,75035,Progressive / ASI,1
2017-08,77007,Centauri,1
2017-08,77018,HOAIC,1
2017-08,77041,HOAIC,1
2017-08,77042,HOAIC,1
2017-08,77070,HOAIC,1
2017-08,77077,HOAIC,2
2017-08,77079,HOAIC,2
2017-08,77079,Travelers,1
2017-08,77084,SageSure Occidental,1
2017-08,77092,HOAIC,1
2017-08,77099,SageSure Occidental,1
2017-08,77345,HOAIC,1
2017-08,77345,SageSure Occidental,1
2017-08,77355,HOAIC,1
2017-08,77375,Progressive / ASI,1
2017-08,77379,Centauri,1
2017-08,77379,HOAIC,2
2017-08,77382,Centauri,1
2017-08,77406,HOAIC,2
2017-08,77407,Centauri,1
2017-08,77423,HOAIC,1
2017-08,77433,Progressive / ASI,1
2017-08,77433,SageSure Occidental,2
2017-08,77441,Centauri,1
2017-08,77441,HOAIC,1
2017-08,77441,Travelers,1
2017-08,77449,Centauri,2
2017-08,77449,HOAIC,1
2017-08,77459,Centauri,1
2017-08,77469,HOAIC,1
2017-08,77479,HOAIC,1
2017-08,77493,HOAIC,1
2017-08,77494,Centauri,1
2017-08,77494,HOAIC,2
2017-08,77510,HOAIC,1
2017-08,77573,HOAIC,3
2017-08,77583,HOAIC,1
2017-08,77584,HOAIC,1
2017-08,78006,SageSure Occidental,1
2017-08,78681,Centauri,1
2017-09,76028,Centauri,1
2017-09,76801,Travelers,1
2017-09,77006,Travelers,1
2017-09,77019,SageSure Occidental,1
2017-09,77024,HOAIC,2
2017-09,77024,SageSure Occidental,1
2017-09,77044,Progressive / ASI,1
2017-09,77048,HOAIC,1
2017-09,77069,HOAIC,1
2017-09,77079,SageSure Occidental,2
2017-09,77090,HOAIC,1
2017-09,77365,HOAIC,1
2017-09,77385,Centauri,1
2017-09,77406,Centauri,1
2017-09,77406,HOAIC,1
2017-09,77406,Liberty Mutual / Safeco,1
2017-09,77407,HOAIC,1
2017-09,77433,HOAIC,1
2017-09,77449,HOAIC,2
2017-09,77469,HOAIC,2
2017-09,77471,HOAIC,1
2017-09,77479,Centauri,1
2017-09,77479,HOAIC,2
2017-09,77493,HOAIC,1
2017-09,77494,Centauri,2
2017-09,77494,HOAIC,2
2017-09,77494,SageSure Occidental,1
2017-09,77532,HOAIC,1
2017-09,77573,HOAIC,1
2017-09,77578,HOAIC,1
2017-09,77584,HOAIC,1
2017-09,78045,Centauri,2
2017-10,70820,HOAIC,1
2017-10,75232,Liberty Mutual / Safeco,1
2017-10,77006,SageSure Occidental,1
2017-10,77024,Progressive / ASI,1
2017-10,77024,SageSure Occidental,1
2017-10,77036,Centauri,1
2017-10,77040,HOAIC,1
2017-10,77043,HOAIC,2
2017-10,77057,HOAIC,1
2017-10,77059,Centauri,1
2017-10,77068,Swyfft Benchmark,1
2017-10,77070,HOAIC,1
2017-10,77071,Swyfft Benchmark,1
2017-10,77073,SageSure Occidental,2
2017-10,77079,SageSure Occidental,1
2017-10,77079,Travelers,1
2017-10,77082,HOAIC,1
2017-10,77088,SageSure Occidental,1
2017-10,77095,HOAIC,1
2017-10,77302,Centauri,1
2017-10,77346,HOAIC,1
2017-10,77385,Centauri,1
2017-10,77386,Travelers,1
2017-10,77406,HOAIC,1
2017-10,77407,HOAIC,4
2017-10,77441,HOAIC,1
2017-10,77449,Centauri,1
2017-10,77449,HOAIC,1
2017-10,77450,HOAIC,1
2017-10,77459,SageSure Occidental,1
2017-10,77479,Centauri,1
2017-10,77479,HOAIC,1
2017-10,77493,HOAIC,2
2017-10,77494,Centauri,1
2017-10,77494,HOAIC,4
2017-10,77503,Swyfft Benchmark,1
2017-10,77578,HOAIC,1
2017-10,77584,HOAIC,1
2017-10,78624,HOAIC,1
2017-10,78641,Progressive / ASI,1
2017-10,78932,Liberty Mutual / Safeco,1
2017-11,77007,SageSure Occidental,1
2017-11,77009,SageSure Occidental,1
2017-11,77015,HOAIC,1
2017-11,77016,HOAIC,1
2017-11,77018,SageSure Occidental,1
2017-11,77027,SageSure Occidental,1
2017-11,77038,Travelers,1
2017-11,77040,SageSure Occidental,1
2017-11,77041,Liberty Mutual / Safeco,1
2017-11,77051,HOAIC,1
2017-11,77077,Travelers,1
2017-11,77082,SageSure Occidental,1
2017-11,77085,HOAIC,1
2017-11,77087,SageSure Occidental,1
2017-11,77087,Swyfft Benchmark,1
2017-11,77095,SageSure SURE,1
2017-11,77098,Liberty Mutual / Safeco,1
2017-11,77099,HOAIC,1
2017-11,77303,HOAIC,1
2017-11,77304,Travelers,2
2017-11,77316,Liberty Mutual / Safeco,1
2017-11,77346,HOAIC,1
2017-11,77346,SageSure Occidental,1
2017-11,77365,HOAIC,1
2017-11,77386,Centauri,1
2017-11,77396,Centauri,1
2017-11,77407,HOAIC,1
2017-11,77441,HOAIC,1
2017-11,77441,Travelers,1
2017-11,77449,SageSure SURE,1
2017-11,77450,Centauri,1
2017-11,77459,Centauri,1
2017-11,77469,HOAIC,2
2017-11,77493,SageSure Occidental,1
2017-11,77494,HOAIC,4
2017-11,77545,SageSure Occidental,1
2017-11,77573,HOAIC,1
2017-11,77573,SageSure Occidental,1
2017-11,77598,Centauri,1
2017-11,78070,Liberty Mutual / Safeco,1
2017-11,78624,Centauri,1
2017-11,78626,SageSure Occidental,1
2017-11,78645,Liberty Mutual / Safeco,1
2017-12,77003,SageSure Occidental,1
2017-12,77018,Centauri,1
2017-12,77042,HOAIC,1
2017-12,77044,HOAIC,1
2017-12,77075,SageSure Occidental,1
2017-12,77077,SageSure Occidental,1
2017-12,77079,SageSure Occidental,1
2017-12,77095,HOAIC,1
2017-12,77095,SageSure Occidental,1
2017-12,77095,Swyfft Benchmark,1
2017-12,77098,SageSure Occidental,1
2017-12,77373,HOAIC,1
2017-12,77385,HOAIC,1
2017-12,77406,Centauri,1
2017-12,77406,Travelers,1
2017-12,77433,HOAIC,1
2017-12,77441,HOAIC,2
2017-12,77441,Liberty Mutual / Safeco,1
2017-12,77459,Centauri,1
2017-12,77459,Liberty Mutual / Safeco,1
2017-12,77484,HOAIC,1
2017-12,77493,HOAIC,1
2017-12,77493,Progressive / ASI,1
2017-12,77494,HOAIC,2
2017-12,77494,Travelers,1
2017-12,77535,SageSure Occidental,1
2017-12,77573,HOAIC,1
2017-12,78702,Liberty Mutual / Safeco,1
2018-01,77003,HOAIC,1
2018-01,77005,Liberty Mutual / Safeco,1
2018-01,77008,HOAIC,1
2018-01,77016,HOAIC,1
2018-01,77045,SageSure Occidental,1
2018-01,77056,Chubb,1
2018-01,77056,SageSure Occidental,2
2018-01,77073,HOAIC,1
2018-01,77079,SageSure Occidental,2
2018-01,77089,Swyfft Benchmark,1
2018-01,77090,Progressive / ASI,1
2018-01,77096,SageSure Occidental,1
2018-01,77316,Centauri,1
2018-01,77357,HOAIC,1
2018-01,77389,SageSure Occidental,1
2018-01,77396,HOAIC,1
2018-01,77429,HOAIC,1
2018-01,77433,Centauri,1
2018-01,77433,HOAIC,1
2018-01,77441,Chubb,1
2018-01,77441,HOAIC,1
2018-01,77441,Travelers,1
2018-01,77447,HOAIC,1
2018-01,77449,HOAIC,1
2018-01,77469,SageSure Occidental,1
2018-01,77494,HOAIC,2
2018-02,77041,HOAIC,1
2018-02,77043,Liberty Mutual / Safeco,1
2018-02,77063,SageSure Occidental,1
2018-02,77071,HOAIC,1
2018-02,77075,HOAIC,1
2018-02,77079,SageSure Occidental,1
2018-02,77088,SageSure Occidental,1
2018-02,77362,Centauri,2
2018-02,77406,HOAIC,1
2018-02,77407,HOAIC,1
2018-02,77479,SageSure Occidental,1
2018-02,77493,Progressive / ASI,1
2018-02,77493,Swyfft Benchmark,1
2018-02,77494,Chubb,1
2018-02,77494,SageSure Occidental,1
2018-03,75234,HOAIC,1
2018-03,76701,Travelers,1
2018-03,77004,HOAIC,1
2018-03,77018,HOAIC,1
2018-03,77019,Centauri,1
2018-03,77024,SageSure Occidental,1
2018-03,77042,SageSure Occidental,1
2018-03,77056,SageSure Occidental,1
2018-03,77079,Liberty Mutual / Safeco,1
2018-03,77079,SageSure Occidental,1
2018-03,77304,HOAIC,1
2018-03,77318,Centauri,1
2018-03,77338,SageSure Occidental,1
2018-03,77346,HOAIC,1
2018-03,77365,Travelers,1
2018-03,77381,Centauri,1
2018-03,77389,SageSure Occidental,1
2018-03,77406,Swyfft Benchmark,1
2018-03,77433,HOAIC,1
2018-03,77441,Centauri,1
2018-03,77449,SageSure Occidental,1
2018-03,77450,Centauri,1
2018-03,77459,HOAIC,1
2018-03,77469,HOAIC,1
2018-03,77479,Chubb,1
2018-03,77494,HOAIC,1
2018-03,77494,Liberty Mutual / Safeco,1
2018-03,77573,HOAIC,1
2018-03,78260,HOAIC,1
2018-03,78660,Travelers,1
2018-03,78934,HOAIC,1
2018-04,77006,HOAIC,1
2018-04,77015,Swyfft Benchmark,1
2018-04,77041,SageSure Occidental,1
2018-04,77055,SageSure Occidental,1
2018-04,77064,SageSure Occidental,2
2018-04,77077,HOAIC,2
2018-04,77082,Liberty Mutual / Safeco,1
2018-04,77093,SageSure Occidental,1
2018-04,77356,Travelers,1
2018-04,77375,HOAIC,1
2018-04,77382,Centauri,1
2018-04,77388,HOAIC,1
2018-04,77388,SageSure SURE,1
2018-04,77389,Progressive / ASI,1
2018-04,77389,Travelers,1
2018-04,77396,SageSure SURE,1
2018-04,77406,Centauri,1
2018-04,77429,HOAIC,1
2018-04,77433,Travelers,1
2018-04,77494,HOAIC,1
2018-04,77494,Progressive / ASI,1
2018-04,77546,HOAIC,1
2018-04,77808,HOAIC,1
2018-04,78132,Progressive / ASI,1
2018-05,77007,SageSure Occidental,1
2018-05,77018,HOAIC,1
2018-05,77025,SageSure SURE,1
2018-05,77035,SageSure SURE,1
2018-05,77040,SageSure SURE,1
2018-05,77043,Liberty Mutual / Safeco,1
2018-05,77079,Liberty Mutual / Safeco,1
2018-05,77079,SageSure Occidental,1
2018-05,77079,Travelers,1
2018-05,77084,SageSure SURE,2
2018-05,77087,HOAIC,1
2018-05,77094,SageSure Occidental,2
2018-05,77318,SageSure SURE,1
2018-05,77336,SageSure Occidental,1
2018-05,77346,HOAIC,1
2018-05,77346,Progressive / ASI,1
2018-05,77346,SageSure SURE,1
2018-05,77358,Centauri,1
2018-05,77377,HOAIC,1
2018-05,77378,Liberty Mutual / Safeco,1
2018-05,77379,SageSure Occidental,1
2018-05,77406,Centauri,1
2018-05,77429,HOAIC,2
2018-05,77429,Swyfft Benchmark,1
2018-05,77441,Centauri,1
2018-05,77441,HOAIC,2
2018-05,77449,HOAIC,1
2018-05,77485,Progressive / ASI,1
2018-05,77493,HOAIC,1
2018-05,77493,Progressive / ASI,1
2018-05,77494,Centauri,1
2018-05,77494,HOAIC,1
2018-05,77539,HOAIC,1
2018-05,77541,HOAIC,1
2018-05,77584,HOAIC,1
2018-06,77018,SageSure Occidental,1
2018-06,77030,HOAIC,1
2018-06,77071,SageSure Occidental,1
2018-06,77072,Swyfft Benchmark,1
2018-06,77079,SageSure SURE,2
2018-06,77079,Travelers,1
2018-06,77080,SageSure SURE,1
2018-06,77084,SageSure SURE,1
2018-06,77090,HOAIC,1
2018-06,77356,Centauri,2
2018-06,77373,SageSure SURE,1
2018-06,77406,Centauri,1
2018-06,77406,HOAIC,1
2018-06,77429,Progressive / ASI,1
2018-06,77441,HOAIC,1
2018-06,77450,SageSure Occidental,1
2018-06,77459,HOAIC,1
2018-06,77471,HOAIC,1
2018-06,77493,HOAIC,1
2018-06,77494,SageSure SURE,1
2018-06,77554,Progressive / ASI,1
2018-06,77563,Centauri,2
2018-06,78006,Liberty Mutual / Safeco,1
2018-06,78133,HOAIC,1
2018-06,78669,Liberty Mutual / Safeco,1
2018-07,77018,HOAIC,1
2018-07,77018,Liberty Mutual / Safeco,1
2018-07,77024,Centauri,1
2018-07,77035,HOAIC,1
2018-07,77040,Travelers,1
2018-07,77048,Swyfft Benchmark,1
2018-07,77056,HOAIC,1
2018-07,77065,SageSure SURE,1
2018-07,77073,Swyfft Benchmark,1
2018-07,77077,Liberty Mutual / Safeco,1
2018-07,77079,Progressive / ASI,1
2018-07,77079,SageSure Occidental,3
2018-07,77079,Travelers,1
2018-07,77082,Swyfft Benchmark,1
2018-07,77084,Swyfft Benchmark,1
2018-07,77090,Swyfft Benchmark,1
2018-07,77092,SageSure SURE,1
2018-07,77345,HOAIC,1
2018-07,77356,Centauri,1
2018-07,77406,SageSure Occidental,1
2018-07,77407,HOAIC,1
2018-07,77407,Progressive / ASI,1
2018-07,77407,SageSure SURE,1
2018-07,77429,SageSure SURE,1
2018-07,77441,Centauri,1
2018-07,77449,HOAIC,1
2018-07,77449,SageSure Occidental,1
2018-07,77459,Centauri,1
2018-07,77493,HOAIC,1
2018-07,77494,HOAIC,1
2018-07,77494,Liberty Mutual / Safeco,1
2018-07,77498,SageSure Occidental,1
2018-07,77545,Swyfft Benchmark,1
2018-07,77547,Liberty Mutual / Safeco,1
2018-07,77573,HOAIC,2
2018-07,77583,HOAIC,2
2018-07,77584,HOAIC,1
2018-07,78154,Travelers,1
2018-07,78253,HOAIC,1
2018-07,78660,Travelers,1
2018-08,77005,Progressive / ASI,1
2018-08,77007,HOAIC,1
2018-08,77023,HOAIC,1
2018-08,77042,HOAIC,1
2018-08,77042,SageSure Occidental,1
2018-08,77047,HOAIC,1
2018-08,77063,SageSure Occidental,1
2018-08,77084,SageSure Occidental,1
2018-08,77087,Swyfft Benchmark,1
2018-08,77338,HOAIC,2
2018-08,77340,Centauri,1
2018-08,77362,Centauri,1
2018-08,77373,SageSure Occidental,1
2018-08,77375,HOAIC,1
2018-08,77379,Swyfft Benchmark,1
2018-08,77379,Travelers,2
2018-08,77384,Travelers,1
2018-08,77386,Centauri,1
2018-08,77389,Progressive / ASI,1
2018-08,77389,SageSure SURE,1
2018-08,77406,Travelers,1
2018-08,77423,HOAIC,1
2018-08,77433,HOAIC,1
2018-08,77447,HOAIC,1
2018-08,77450,Chubb,1
2018-08,77471,Liberty Mutual / Safeco,1
2018-08,77494,HOAIC,1
2018-08,77494,SageSure SURE,1
2018-08,77494,Swyfft Benchmark,1
2018-08,77494,Travelers,1
2018-08,77573,HOAIC,1
2018-08,77583,HOAIC,1
2018-08,77584,HOAIC,1
2018-08,77845,Liberty Mutual / Safeco,1
2018-08,78130,Travelers,1
2018-09,75165,HOAIC,1
2018-09,77004,HOAIC,1
2018-09,77008,HOAIC,1
2018-09,77018,SageSure Occidental,2
2018-09,77021,SageSure Occidental,1
2018-09,77041,Progressive / ASI,1
2018-09,77043,HOAIC,1
2018-09,77049,HOAIC,1
2018-09,77063,HOAIC,1
2018-09,77077,HOAIC,1
2018-09,77084,SageSure Occidental,1
2018-09,77096,HOAIC,1
2018-09,77356,SageSure Occidental,1
2018-09,77364,SageSure SURE,1
2018-09,77379,HOAIC,1
2018-09,77389,SageSure Occidental,1
2018-09,77396,Swyfft Benchmark,1
2018-09,77401,Swyfft Benchmark,1
2018-09,77423,HOAIC,1
2018-09,77433,HOAIC,1
2018-09,77433,SageSure Occidental,1
2018-09,77441,HOAIC,2
2018-09,77449,HOAIC,2
2018-09,77461,SageSure SURE,1
2018-09,77469,SageSure SURE,1
2018-09,77478,Travelers,1
2018-09,77479,SageSure Occidental,1
2018-09,77493,Liberty Mutual / Safeco,1
2018-09,77494,HOAIC,1
2018-09,77494,SageSure Occidental,1
2018-09,77535,Swyfft Benchmark,1
2018-09,77539,HOAIC,1
2018-09,77573,HOAIC,1
2018-09,77587,Swyfft Benchmark,1
2018-09,78748,SageSure SURE,1
2018-10,77006,Centauri,1
2018-10,77007,SageSure Occidental,1
2018-10,77027,SageSure Occidental,1
2018-10,77035,HOAIC,1
2018-10,77042,Liberty Mutual / Safeco,1
2018-10,77042,SageSure Occidental,1
2018-10,77042,Swyfft Benchmark,1
2018-10,77057,Liberty Mutual / Safeco,1
2018-10,77063,HOAIC,1
2018-10,77066,SageSure Occidental,1
2018-10,77080,Travelers,1
2018-10,77082,HOAIC,1
2018-10,77083,SageSure SURE,1
2018-10,77084,HOAIC,1
2018-10,77093,Swyfft Benchmark,1
2018-10,77304,SageSure SURE,1
2018-10,77316,HOAIC,1
2018-10,77316,Liberty Mutual / Safeco,1
2018-10,77355,Liberty Mutual / Safeco,1
2018-10,77377,HOAIC,1
2018-10,77386,Centauri,1
2018-10,77386,HOAIC,1
2018-10,77433,HOAIC,2
2018-10,77433,Travelers,1
2018-10,77447,HOAIC,1
2018-10,77449,SageSure SURE,1
2018-10,77449,Swyfft Benchmark,1
2018-10,77450,SageSure SURE,2
2018-10,77493,HOAIC,1
2018-10,77494,Centauri,1
2018-10,77494,HOAIC,2
2018-10,77833,Progressive / ASI,1
2018-10,78665,Centauri,2
2018-10,78757,SageSure SURE,1
2018-11,77006,SageSure SURE,1
2018-11,77007,Travelers,1
2018-11,77014,HOAIC,1
2018-11,77018,HOAIC,1
2018-11,77024,SageSure SURE,1
2018-11,77048,HOAIC,1
2018-11,77063,SageSure Occidental,1
2018-11,77077,Liberty Mutual / Safeco,1
2018-11,77079,SageSure SURE,1
2018-11,77080,HOAIC,1
2018-11,77080,SageSure SURE,1
2018-11,77084,SageSure SURE,1
2018-11,77316,Progressive / ASI,1
2018-11,77336,Progressive / ASI,1
2018-11,77386,Centauri,1
2018-11,77406,HOAIC,2
2018-11,77407,Centauri,1
2018-11,77407,HOAIC,1
2018-11,77407,Travelers,2
2018-11,77441,HOAIC,1
2018-11,77441,Progressive / ASI,1
2018-11,77449,HOAIC,1
2018-11,77450,SageSure SURE,2
2018-11,77459,Progressive / ASI,1
2018-11,77469,Progressive / ASI,1
2018-11,77469,Travelers,1
2018-11,77471,HOAIC,1
2018-11,77493,HOAIC,2
2018-11,77494,HOAIC,1
2018-11,77494,SageSure SURE,2
2018-11,77571,SageSure SURE,1
2018-11,77573,HOAIC,1
2018-11,77584,HOAIC,1
2018-11,78560,Travelers,1
2018-11,78610,SageSure SURE,1
2018-11,78732,Liberty Mutual / Safeco,1
2018-12,77008,SageSure Occidental,1
2018-12,77024,SageSure Occidental,1
2018-12,77044,SageSure SURE,1
2018-12,77077,SageSure Occidental,1
2018-12,77079,Travelers,1
2018-12,77080,HOAIC,1
2018-12,77346,HOAIC,1
2018-12,77373,HOAIC,1
2018-12,77385,SageSure SURE,1
2018-12,77386,HOAIC,1
2018-12,77386,Travelers,1
2018-12,77423,Progressive / ASI,2
2018-12,77441,Centauri,1
2018-12,77441,HOAIC,2
2018-12,77441,SageSure Occidental,1
2018-12,77469,HOAIC,1
2018-12,77493,HOAIC,1
2018-12,77493,SageSure Occidental,1
2018-12,77494,HOAIC,1
2018-12,77494,Progressive / ASI,1
2018-12,77573,HOAIC,2
2018-12,78605,HOAIC,1
2018-12,78664,ARI,1
2018-12,79705,Liberty Mutual / Safeco,1
2018-12,79765,HOAIC,1
2019-01,76522,HOAIC,1
2019-01,77003,Travelers,1
2019-01,77024,Liberty Mutual / Safeco,1
2019-01,77062,HOAIC,1
2019-01,77065,SageSure Occidental,2
2019-01,77079,Travelers,1
2019-01,77094,Travelers,1
2019-01,77336,Liberty Mutual / Safeco,1
2019-01,77386,ARI,1
2019-01,77396,SageSure Occidental,2
2019-01,77407,HOAIC,1
2019-01,77449,HOAIC,1
2019-01,77489,Centauri,1
2019-01,77494,Centauri,1
2019-01,77494,HOAIC,2
2019-01,77564,Travelers,1
2019-02,75244,Travelers,2
2019-02,77005,Travelers,1
2019-02,77009,SageSure Occidental,1
2019-02,77018,SageSure Occidental,1
2019-02,77024,HOAIC,1
2019-02,77024,Progressive / ASI,1
2019-02,77042,HOAIC,1
2019-02,77055,SageSure Occidental,1
2019-02,77082,SageSure Occidental,1
2019-02,77084,SageSure Occidental,1
2019-02,77346,HOAIC,1
2019-02,77407,HOAIC,1
2019-02,77429,SageSure Occidental,1
2019-02,77433,HOAIC,1
2019-02,77441,SageSure Occidental,1
2019-02,77441,Travelers,1
2019-02,77450,SageSure Occidental,1
2019-02,77474,Centauri,1
2019-02,77479,Travelers,1
2019-02,77493,HOAIC,1
2019-02,77494,HOAIC,2
2019-02,77539,HOAIC,1
2019-02,77584,HOAIC,2
2019-02,78251,HOAIC,1
2019-03,75144,Travelers,1
2019-03,77003,Centauri,1
2019-03,77004,HOAIC,1
2019-03,77008,SageSure Occidental,1
2019-03,77042,SageSure Occidental,1
2019-03,77055,SageSure Occidental,1
2019-03,77057,Liberty Mutual / Safeco,2
2019-03,77066,HOAIC,1
2019-03,77072,HOAIC,1
2019-03,77079,Progressive / ASI,2
2019-03,77079,SageSure Occidental,2
2019-03,77079,Travelers,1
2019-03,77096,HOAIC,1
2019-03,77340,Progressive / ASI,2
2019-03,77406,HOAIC,1
2019-03,77407,HOAIC,1
2019-03,77423,HOAIC,1
2019-03,77433,Travelers,1
2019-03,77441,HOAIC,1
2019-03,77449,Centauri,1
2019-03,77450,SageSure Occidental,1
2019-03,77459,ARI,1
2019-03,77493,Liberty Mutual / Safeco,1
2019-03,77494,Centauri,1
2019-03,77494,SageSure Occidental,1
2019-03,77494,Travelers,1
2019-03,77535,SageSure SURE,1
2019-03,77573,HOAIC,2
2019-03,78624,HOAIC,1
2019-03,78745,Liberty Mutual / Safeco,1
2019-04,75093,Travelers,1
2019-04,76126,Travelers,1
2019-04,77007,HOAIC,1
2019-04,77009,HOAIC,1
2019-04,77009,Travelers,1
2019-04,77024,HOAIC,1
2019-04,77024,SageSure SURE,1
2019-04,77024,SageSure Wilshire,1
2019-04,77025,HOAIC,1
2019-04,77035,HOAIC,1
2019-04,77037,SageSure Occidental,1
2019-04,77040,SageSure SURE,1
2019-04,77041,SageSure Occidental,1
2019-04,77042,SageSure Occidental,1
2019-04,77043,HOAIC,1
2019-04,77044,SageSure Occidental,1
2019-04,77044,SageSure SURE,1
2019-04,77057,SageSure SURE,1
2019-04,77064,SageSure SURE,1
2019-04,77076,SageSure SURE,1
2019-04,77303,Travelers,1
2019-04,77346,SageSure SURE,1
2019-04,77385,SageSure SURE,1
2019-04,77386,Travelers,1
2019-04,77407,HOAIC,1
2019-04,77429,Travelers,1
2019-04,77441,HOAIC,1
2019-04,77441,Travelers,1
2019-04,77450,Centauri,1
2019-04,77450,HOAIC,1
2019-04,77450,SageSure SURE,1
2019-04,77450,Travelers,1
2019-04,77459,HOAIC,1
2019-04,77465,SageSure SURE,1
2019-04,77471,HOAIC,1
2019-04,77471,Travelers,1
2019-04,77494,Centauri,1
2019-04,77521,Progressive / ASI,1
2019-04,77583,HOAIC,1
2019-04,78249,ARI,1
2019-04,78258,Liberty Mutual / Safeco,2
2019-04,78572,SageSure SURE,1
2019-04,78644,SageSure SURE,1
2019-04,78757,Liberty Mutual / Safeco,1
2019-05,76039,Travelers,1
2019-05,76085,Progressive / ASI,1
2019-05,77005,Travelers,1
2019-05,77007,HOAIC,1
2019-05,77007,Liberty Mutual / Safeco,1
2019-05,77009,HOAIC,1
2019-05,77024,Travelers,1
2019-05,77042,SageSure Occidental,1
2019-05,77049,HOAIC,1
2019-05,77059,HOAIC,1
2019-05,77065,HOAIC,1
2019-05,77079,SageSure Occidental,1
2019-05,77087,HOAIC,1
2019-05,77092,HOAIC,1
2019-05,77316,HOAIC,1
2019-05,77340,HOAIC,1
2019-05,77377,Travelers,1
2019-05,77379,SageSure SURE,1
2019-05,77401,SageSure SURE,1
2019-05,77406,HOAIC,1
2019-05,77406,Travelers,1
2019-05,77407,SageSure SURE,1
2019-05,77407,Travelers,1
2019-05,77429,HOAIC,1
2019-05,77429,SageSure SURE,1
2019-05,77433,HOAIC,1
2019-05,77441,SageSure SURE,1
2019-05,77450,SageSure SURE,2
2019-05,77450,Travelers,1
2019-05,77459,Travelers,2
2019-05,77469,HOAIC,4
2019-05,77471,HOAIC,1
2019-05,77494,HOAIC,1
2019-05,77494,SageSure SURE,2
2019-05,77494,Swyfft Benchmark,1
2019-05,77518,Progressive / ASI,2
2019-05,77583,HOAIC,1
2019-05,78361,Travelers,1
2019-06,76065,Liberty Mutual / Safeco,1
2019-06,77018,SageSure Occidental,1
2019-06,77018,Travelers,2
2019-06,77024,HOAIC,2
2019-06,77031,SageSure SURE,1
2019-06,77040,SageSure SURE,1
2019-06,77042,SageSure Occidental,1
2019-06,77042,SageSure SURE,1
2019-06,77050,Travelers,1
2019-06,77051,HOAIC,1
2019-06,77063,Travelers,1
2019-06,77066,SageSure SURE,1
2019-06,77077,HOAIC,1
2019-06,77079,HOAIC,2
2019-06,77079,Travelers,1
2019-06,77080,HOAIC,1
2019-06,77080,SageSure Occidental,1
2019-06,77081,SageSure SURE,2
2019-06,77083,HOAIC,1
2019-06,77084,HOAIC,1
2019-06,77084,SageSure SURE,1
2019-06,77092,SageSure SURE,1
2019-06,77095,SageSure Occidental,1
2019-06,77095,SageSure SURE,1
2019-06,77304,Travelers,1
2019-06,77356,Mercury,1
2019-06,77373,SageSure SURE,1
2019-06,77375,Progressive / ASI,1
2019-06,77379,HOAIC,1
2019-06,77396,HOAIC,1
2019-06,77401,SageSure SURE,1
2019-06,77406,HOAIC,1
2019-06,77406,SageSure Occidental,1
2019-06,77406,SageSure SURE,1
2019-06,77406,Travelers,1
2019-06,77429,SageSure SURE,1
2019-06,77433,SageSure SURE,1
2019-06,77441,HOAIC,1
2019-06,77441,SageSure SURE,1
2019-06,77447,SageSure SURE,1
2019-06,77449,HOAIC,1
2019-06,77449,Travelers,1
2019-06,77459,SageSure SURE,1
2019-06,77469,Liberty Mutual / Safeco,1
2019-06,77493,HOAIC,1
2019-06,77550,Progressive / ASI,1
2019-06,77584,HOAIC,1
2019-06,78070,SageSure Occidental,1
2019-06,78602,SageSure SURE,1
2019-06,78747,Liberty Mutual / Safeco,1
2019-06,79701,HOAIC,1
2019-06,79703,Travelers,1
2019-07,75068,Progressive / ASI,1
2019-07,75078,Liberty Mutual / Safeco,1
2019-07,77003,SageSure SURE,2
2019-07,77025,HOAIC,1
2019-07,77035,SageSure SURE,1
2019-07,77057,Liberty Mutual / Safeco,1
2019-07,77077,Travelers,1
2019-07,77079,SageSure Occidental,1
2019-07,77080,Liberty Mutual / Safeco,1
2019-07,77083,SageSure SURE,2
2019-07,77084,HOAIC,1
2019-07,77320,SageSure Occidental,1
2019-07,77327,HOAIC,1
2019-07,77346,HOAIC,1
2019-07,77346,SageSure SURE,1
2019-07,77355,Travelers,1
2019-07,77386,ARI,1
2019-07,77414,SageSure SURE,1
2019-07,77441,Travelers,1
2019-07,77450,HOAIC,1
2019-07,77450,SageSure Occidental,1
2019-07,77450,SageSure SURE,1
2019-07,77457,Progressive / ASI,1
2019-07,77474,HOAIC,2
2019-07,77493,SageSure Occidental,1
2019-07,77498,SageSure SURE,1
2019-07,77546,SageSure SURE,1
2019-07,77581,Progressive / ASI,1
2019-07,78015,SageSure SURE,1
2019-07,78045,SageSure SURE,1
2019-07,78070,SageSure Occidental,1
2019-07,78602,Travelers,1
2019-07,78962,SageSure SURE,1
2019-08,76039,Travelers,1
2019-08,77008,Progressive / ASI,1
2019-08,77008,SageSure SURE,1
2019-08,77008,Travelers,2
2019-08,77018,Travelers,1
2019-08,77024,Chubb,1
2019-08,77056,Travelers,1
2019-08,77064,SageSure Occidental,1
2019-08,77068,HOAIC,1
2019-08,77071,SageSure SURE,1
2019-08,77079,HOAIC,1
2019-08,77079,SageSure SURE,1
2019-08,77088,SageSure SURE,1
2019-08,77089,Liberty Mutual / Safeco,1
2019-08,77094,Travelers,1
2019-08,77095,HOAIC,1
2019-08,77096,SageSure Occidental,1
2019-08,77099,HOAIC,1
2019-08,77303,SageSure SURE,1
2019-08,77340,HOAIC,1
2019-08,77340,Travelers,1
2019-08,77345,HOAIC,2
2019-08,77346,HOAIC,1
2019-08,77356,SageSure SURE,1
2019-08,77375,SageSure SURE,1
2019-08,77379,SageSure SURE,1
2019-08,77406,Centauri,1
2019-08,77406,HOAIC,1
2019-08,77406,SageSure SURE,2
2019-08,77406,Travelers,2
2019-08,77407,HOAIC,2
2019-08,77423,HOAIC,1
2019-08,77429,SageSure Occidental,1
2019-08,77433,SageSure Occidental,1
2019-08,77449,SageSure Occidental,1
2019-08,77449,SageSure SURE,1
2019-08,77450,HOAIC,1
2019-08,77486,SageSure SURE,1
2019-08,77493,HOAIC,1
2019-08,77578,SageSure SURE,1
2019-08,78245,HOAIC,1
2019-08,78258,SageSure SURE,1
2019-08,78852,SageSure SURE,1
2019-08,79703,Travelers,1
2019-09,76655,Liberty Mutual / Safeco,1
2019-09,77009,HOAIC,1
2019-09,77014,SageSure SURE,1
2019-09,77025,Travelers,1
2019-09,77033,HOAIC,1
2019-09,77044,HOAIC,1
2019-09,77044,SageSure SURE,1
2019-09,77055,HOAIC,1
2019-09,77055,Travelers,1
2019-09,77070,SageSure SURE,1
2019-09,77072,Liberty Mutual / Safeco,1
2019-09,77077,SageSure SURE,1
2019-09,77077,Travelers,1
2019-09,77079,SageSure Occidental,1
2019-09,77318,Travelers,1
2019-09,77346,HOAIC,1
2019-09,77375,HOAIC,1
2019-09,77377,SageSure Occidental,1
2019-09,77381,Travelers,1
2019-09,77388,HOAIC,1
2019-09,77396,Centauri,1
2019-09,77407,SageSure SURE,1
2019-09,77418,SageSure SURE,1
2019-09,77429,Liberty Mutual / Safeco,1
2019-09,77433,HOAIC,4
2019-09,77433,Travelers,1
2019-09,77435,Travelers,1
2019-09,77445,HOAIC,1
2019-09,77450,SageSure SURE,1
2019-09,77459,HOAIC,1
2019-09,77478,HOAIC,1
2019-09,77493,SageSure SURE,1
2019-09,77494,HOAIC,1
2019-09,77532,SageSure Occidental,1
2019-09,77573,HOAIC,2
2019-09,77584,SageSure SURE,2
2019-09,78041,SageSure SURE,1
2019-09,79705,Progressive / ASI,1
2019-10,75032,ARI,1
2019-10,75703,Liberty Mutual / Safeco,1
2019-10,76109,Progressive / ASI,1
2019-10,76259,ARI,1
2019-10,77009,SageSure SURE,1
2019-10,77013,SageSure SURE,1
2019-10,77016,HOAIC,1
2019-10,77036,SageSure SURE,1
2019-10,77042,HOAIC,1
2019-10,77043,Travelers,1
2019-10,77088,SageSure SURE,1
2019-10,77092,SageSure SURE,1
2019-10,77304,SageSure Occidental,1
2019-10,77377,SageSure SURE,1
2019-10,77378,Progressive / ASI,1
2019-10,77381,HOAIC,1
2019-10,77388,SageSure SURE,1
2019-10,77406,Travelers,1
2019-10,77429,SageSure SURE,2
2019-10,77433,HOAIC,1
2019-10,77441,SageSure Occidental,2
2019-10,77449,SageSure SURE,1
2019-10,77450,SageSure Occidental,1
2019-10,77469,HOAIC,1
2019-10,77471,HOAIC,1
2019-10,77474,HOAIC,1
2019-10,77479,SageSure SURE,1
2019-10,77503,HOAIC,1
2019-10,78045,SageSure SURE,1
2019-10,78070,SageSure Occidental,1
2019-10,78660,Liberty Mutual / Safeco,1
2019-11,76052,ARI,1
2019-11,77006,SageSure Occidental,1
2019-11,77007,SageSure SURE,2
2019-11,77008,SageSure SURE,1
2019-11,77022,SageSure SURE,1
2019-11,77032,Travelers,1
2019-11,77033,HOAIC,1
2019-11,77045,HOAIC,1
2019-11,77055,Travelers,1
2019-11,77064,HOAIC,1
2019-11,77077,SageSure SURE,1
2019-11,77079,HOAIC,1
2019-11,77079,Liberty Mutual / Safeco,1
2019-11,77079,SageSure Occidental,1
2019-11,77079,SageSure SURE,1
2019-11,77080,HOAIC,3
2019-11,77095,Travelers,1
2019-11,77096,HOAIC,1
2019-11,77371,HOAIC,1
2019-11,77386,Centauri,1
2019-11,77406,SageSure SURE,1
2019-11,77441,Travelers,1
2019-11,77449,Centauri,1
2019-11,77450,HOAIC,1
2019-11,77450,SageSure SURE,1
2019-11,77469,HOAIC,1
2019-11,77469,SageSure SURE,1
2019-11,77493,Progressive / ASI,1
2019-11,77493,Travelers,1
2019-11,77494,SageSure Occidental,1
2019-11,77498,HOAIC,1
2019-11,77546,HOAIC,1
2019-11,77566,HOAIC,1
2019-11,77571,SageSure SURE,1
2019-11,77578,HOAIC,1
2019-11,77584,HOAIC,1
2019-11,78045,SageSure SURE,1
2019-11,78602,Travelers,1
2019-11,78634,HOAIC,1
2019-12,75214,Progressive / ASI,1
2019-12,77007,HOAIC,2
2019-12,77009,Travelers,1
2019-12,77018,HOAIC,2
2019-12,77041,HOAIC,1
2019-12,77055,HOAIC,1
2019-12,77056,Chubb,1
2019-12,77082,Liberty Mutual / Safeco,1
2019-12,77084,Liberty Mutual / Safeco,1
2019-12,77089,HOAIC,2
2019-12,77092,HOAIC,1
2019-12,77095,Allied Trust,1
2019-12,77096,SageSure Occidental,2
2019-12,77304,HOAIC,1
2019-12,77346,HOAIC,1
2019-12,77365,ARI,1
2019-12,77379,HOAIC,1
2019-12,77384,SageSure Occidental,1
2019-12,77386,Centauri,2
2019-12,77386,HOAIC,1
2019-12,77407,HOAIC,1
2019-12,77418,Travelers,1
2019-12,77433,Travelers,1
2019-12,77441,Travelers,1
2019-12,77474,HOAIC,1
2019-12,77486,HOAIC,1
2019-12,77493,HOAIC,1
2019-12,77581,HOAIC,1
2019-12,78045,SageSure SURE,1
2019-12,78046,SageSure SURE,1
2019-12,79423,HOAIC,1
2020-01,75859,ARI,1
2020-01,77007,HOAIC,1
2020-01,77079,SageSure Occidental,1
2020-01,77084,HOAIC,1
2020-01,77086,HOAIC,1
2020-01,77346,HOAIC,1
2020-01,77346,Liberty Mutual / Safeco,1
2020-01,77365,HOAIC,2
2020-01,77379,HOAIC,1
2020-01,77386,HOAIC,1
2020-01,77388,Travelers,1
2020-01,77406,Allied Trust,1
2020-01,77406,HOAIC,1
2020-01,77429,Travelers,1
2020-01,77469,HOAIC,2
2020-01,77486,HOAIC,1
2020-01,77493,HOAIC,1
2020-01,77494,HOAIC,1
2020-01,77498,Liberty Mutual / Safeco,1
2020-01,77498,Travelers,1
2020-01,77584,HOAIC,1
2020-02,75033,Liberty Mutual / Safeco,1
2020-02,75126,HOAIC,1
2020-02,77007,SageSure Occidental,1
2020-02,77043,Liberty Mutual / Safeco,2
2020-02,77051,HOAIC,1
2020-02,77057,Travelers,1
2020-02,77063,HOAIC,1
2020-02,77084,HOAIC,2
2020-02,77092,HOAIC,1
2020-02,77096,HOAIC,1
2020-02,77304,ARI,1
2020-02,77365,Travelers,1
2020-02,77381,Travelers,1
2020-02,77385,HOAIC,1
2020-02,77386,Allied Trust,1
2020-02,77386,Centauri,1
2020-02,77386,HOAIC,1
2020-02,77388,Travelers,1
2020-02,77406,HOAIC,1
2020-02,77406,SageSure Occidental,1
2020-02,77406,Travelers,1
2020-02,77423,HOAIC,2
2020-02,77429,HOAIC,1
2020-02,77469,Travelers,1
2020-02,77474,HOAIC,1
2020-02,77479,HOAIC,1
2020-02,77479,SageSure Occidental,1
2020-02,77493,HOAIC,1
2020-02,77494,HOAIC,1
2020-02,78028,Travelers,1
2020-02,78645,Travelers,1
2020-02,78660,Progressive / ASI,1
2020-02,78717,HOAIC,1
2020-02,79424,HOAIC,1
2020-03,75214,Travelers,1
2020-03,76655,Liberty Mutual / Safeco,1
2020-03,76708,Liberty Mutual / Safeco,1
2020-03,77004,HOAIC,1
2020-03,77007,HOAIC,1
2020-03,77008,HOAIC,1
2020-03,77008,Travelers,1
2020-03,77009,HOAIC,1
2020-03,77009,Liberty Mutual / Safeco,1
2020-03,77023,SageSure Occidental,1
2020-03,77024,SageSure SURE,1
2020-03,77049,HOAIC,1
2020-03,77069,HOAIC,1
2020-03,77079,SageSure Occidental,1
2020-03,77079,Travelers,1
2020-03,77080,HOAIC,1
2020-03,77089,SageSure Occidental,1
2020-03,77094,SageSure Occidental,1
2020-03,77301,ARI,1
2020-03,77346,HOAIC,1
2020-03,77356,SageSure Occidental,1
2020-03,77365,HOAIC,1
2020-03,77378,ARI,1
2020-03,77379,HOAIC,1
2020-03,77396,Liberty Mutual / Safeco,1
2020-03,77406,Travelers,1
2020-03,77423,Progressive / ASI,1
2020-03,77423,Travelers,1
2020-03,77429,HOAIC,1
2020-03,77433,HOAIC,4
2020-03,77433,Travelers,1
2020-03,77441,Travelers,4
2020-03,77449,Liberty Mutual / Safeco,1
2020-03,77479,Centauri,1
2020-03,77479,Travelers,1
2020-03,77493,HOAIC,1
2020-03,77494,HOAIC,1
2020-03,77494,SageSure Occidental,3
2020-03,77578,SageSure Occidental,2
2020-03,78737,HOAIC,1
2020-03,78757,Travelers,1
2020-04,77007,SageSure Occidental,1
2020-04,77010,HOAIC,1
2020-04,77011,Travelers,1
2020-04,77012,HOAIC,1
2020-04,77021,HOAIC,1
2020-04,77024,SageSure Occidental,2
2020-04,77035,SageSure Occidental,1
2020-04,77055,Travelers,1
2020-04,77057,Liberty Mutual / Safeco,1
2020-04,77061,HOAIC,1
2020-04,77062,HOAIC,1
2020-04,77063,Progressive / ASI,1
2020-04,77065,HOAIC,1
2020-04,77075,Travelers,1
2020-04,77079,HOAIC,1
2020-04,77079,SageSure Occidental,1
2020-04,77079,Travelers,1
2020-04,77080,HOAIC,1
2020-04,77084,Liberty Mutual / Safeco,1
2020-04,77084,SageSure SURE,1
2020-04,77089,HOAIC,1
2020-04,77095,HOAIC,1
2020-04,77095,SageSure SURE,1
2020-04,77304,Liberty Mutual / Safeco,1
2020-04,77304,SageSure SURE,1
2020-04,77318,Travelers,1
2020-04,77339,HOAIC,1
2020-04,77339,SageSure Occidental,1
2020-04,77355,SageSure Occidental,1
2020-04,77365,HOAIC,2
2020-04,77377,HOAIC,1
2020-04,77379,SageSure Occidental,2
2020-04,77388,HOAIC,1
2020-04,77406,Travelers,1
2020-04,77418,HOAIC,1
2020-04,77423,HOAIC,1
2020-04,77423,Progressive / ASI,1
2020-04,77429,SageSure SURE,2
2020-04,77433,HOAIC,1
2020-04,77433,SageSure Occidental,2
2020-04,77441,HOAIC,1
2020-04,77441,Travelers,1
2020-04,77450,HOAIC,1
2020-04,77450,SageSure Occidental,2
2020-04,77459,SageSure Occidental,1
2020-04,77493,ARI,1
2020-04,77493,HOAIC,2
2020-04,77493,SageSure Occidental,1
2020-04,77494,Centauri,1
2020-04,77494,SageSure Occidental,1
2020-04,77530,SageSure Occidental,1
2020-04,77532,HOAIC,1
2020-04,77578,HOAIC,1
2020-04,77578,SageSure Occidental,1
2020-04,77584,SageSure SURE,1
2020-04,78045,SageSure SURE,2
2020-04,78046,SageSure SURE,1
2020-04,78132,Liberty Mutual / Safeco,1
2020-04,78261,HOAIC,1
2020-05,76109,Travelers,1
2020-05,76126,Travelers,1
2020-05,77006,SageSure Occidental,1
2020-05,77007,SageSure Occidental,1
2020-05,77007,SageSure SURE,1
2020-05,77007,Travelers,1
2020-05,77009,HOAIC,1
2020-05,77018,SageSure SURE,1
2020-05,77024,Liberty Mutual / Safeco,1
2020-05,77024,SageSure Occidental,1
2020-05,77040,HOAIC,1
2020-05,77040,SageSure SURE,1
2020-05,77041,SageSure Occidental,1
2020-05,77042,Travelers,1
2020-05,77044,SageSure Occidental,1
2020-05,77064,Liberty Mutual / Safeco,1
2020-05,77065,Allied Trust,1
2020-05,77065,SageSure SURE,1
2020-05,77077,SageSure Occidental,1
2020-05,77079,HOAIC,1
2020-05,77079,SageSure Occidental,1
2020-05,77079,Travelers,3
2020-05,77081,SageSure Occidental,1
2020-05,77084,HOAIC,2
2020-05,77084,Liberty Mutual / Safeco,2
2020-05,77084,SageSure Occidental,1
2020-05,77095,HOAIC,1
2020-05,77335,Liberty Mutual / Safeco,2
2020-05,77339,Liberty Mutual / Safeco,1
2020-05,77345,Liberty Mutual / Safeco,1
2020-05,77346,Liberty Mutual / Safeco,1
2020-05,77346,SageSure Occidental,1
2020-05,77358,Liberty Mutual / Safeco,1
2020-05,77365,HOAIC,1
2020-05,77378,HOAIC,1
2020-05,77379,SageSure SURE,1
2020-05,77384,SageSure SURE,1
2020-05,77386,Progressive / ASI,1
2020-05,77406,SageSure Occidental,1
2020-05,77429,SageSure SURE,1
2020-05,77441,SageSure SURE,2
2020-05,77441,Travelers,2
2020-05,77447,Travelers,1
2020-05,77450,Travelers,1
2020-05,77469,ARI,1
2020-05,77489,Liberty Mutual / Safeco,1
2020-05,77493,HOAIC,1
2020-05,77494,SageSure SURE,1
2020-05,77536,HOAIC,1
2020-05,77546,SageSure SURE,1
2020-05,77573,SageSure SURE,1
2020-05,77584,SageSure SURE,1
2020-05,78041,SageSure SURE,1
2020-05,78046,SageSure SURE,1
2020-05,78704,Liberty Mutual / Safeco,1
2020-06,77007,HOAIC,1
2020-06,77007,Liberty Mutual / Safeco,1
2020-06,77007,SageSure SURE,1
2020-06,77008,Mercury,1
2020-06,77008,Travelers,1
2020-06,77018,HOAIC,1
2020-06,77024,SageSure Occidental,1
2020-06,77024,SageSure SURE,1
2020-06,77025,SageSure SURE,1
2020-06,77037,SageSure Occidental,1
2020-06,77040,SageSure Occidental,1
2020-06,77041,SageSure Occidental,1
2020-06,77042,SageSure Occidental,1
2020-06,77043,Liberty Mutual / Safeco,1
2020-06,77049,HOAIC,2
2020-06,77051,Liberty Mutual / Safeco,1
2020-06,77053,Liberty Mutual / Safeco,1
2020-06,77064,Liberty Mutual / Safeco,1
2020-06,77064,SageSure Occidental,1
2020-06,77068,HOAIC,1
2020-06,77070,SageSure Occidental,1
2020-06,77071,HOAIC,1
2020-06,77077,Liberty Mutual / Safeco,3
2020-06,77079,Liberty Mutual / Safeco,3
2020-06,77079,SageSure Occidental,2
2020-06,77079,Travelers,1
2020-06,77082,Liberty Mutual / Safeco,1
2020-06,77084,HOAIC,1
2020-06,77084,Liberty Mutual / Safeco,2
2020-06,77084,SageSure Occidental,1
2020-06,77346,HOAIC,1
2020-06,77351,Liberty Mutual / Safeco,1
2020-06,77362,HOAIC,1
2020-06,77377,SageSure Occidental,1
2020-06,77377,SageSure SURE,1
2020-06,77379,Progressive / ASI,3
2020-06,77386,Allied Trust,1
2020-06,77386,HOAIC,1
2020-06,77386,SageSure SURE,1
2020-06,77386,Travelers,1
2020-06,77388,Travelers,1
2020-06,77406,HOAIC,1
2020-06,77406,SageSure SURE,1
2020-06,77406,Travelers,1
2020-06,77407,HOAIC,1
2020-06,77407,SageSure SURE,1
2020-06,77429,Liberty Mutual / Safeco,1
2020-06,77429,Progressive / ASI,1
2020-06,77429,SageSure SURE,1
2020-06,77433,HOAIC,2
2020-06,77441,HOAIC,3
2020-06,77441,SageSure Occidental,2
2020-06,77441,SageSure SURE,1
2020-06,77449,Liberty Mutual / Safeco,1
2020-06,77450,SageSure Occidental,2
2020-06,77450,SageSure SURE,1
2020-06,77459,SageSure Occidental,2
2020-06,77459,SageSure SURE,1
2020-06,77469,Liberty Mutual / Safeco,1
2020-06,77469,SageSure SURE,1
2020-06,77477,Liberty Mutual / Safeco,1
2020-06,77479,SageSure Occidental,2
2020-06,77479,SageSure SURE,1
2020-06,77493,HOAIC,4
2020-06,77493,Liberty Mutual / Safeco,3
2020-06,77494,SageSure SURE,4
2020-06,77494,Travelers,2
2020-06,77498,Liberty Mutual / Safeco,1
2020-06,77510,Progressive / ASI,1
2020-06,77511,HOAIC,1
2020-06,77532,SageSure SURE,1
2020-06,77554,Progressive / ASI,1
2020-06,77563,Progressive / ASI,1
2020-06,77571,Travelers,1
2020-06,77598,SageSure Occidental,1
2020-06,78041,SageSure SURE,1
2020-06,78130,Liberty Mutual / Safeco,1
2020-06,78155,HOAIC,1
2020-06,78624,SageSure Occidental,1
2020-06,78652,Travelers,1
2020-06,78669,Liberty Mutual / Safeco,1
2020-06,78734,HOAIC,1
2020-07,75065,Liberty Mutual / Safeco,1
2020-07,75862,Travelers,1
2020-07,77004,HOAIC,1
2020-07,77006,HOAIC,2
2020-07,77006,Travelers,1
2020-07,77008,HOAIC,2
2020-07,77013,Liberty Mutual / Safeco,1
2020-07,77018,HOAIC,4
2020-07,77019,Liberty Mutual / Safeco,1
2020-07,77021,Liberty Mutual / Safeco,1
2020-07,77042,Liberty Mutual / Safeco,1
2020-07,77043,Liberty Mutual / Safeco,1
2020-07,77048,HOAIC,2
2020-07,77051,HOAIC,1
2020-07,77055,Liberty Mutual / Safeco,1
2020-07,77057,Liberty Mutual / Safeco,1
2020-07,77070,Liberty Mutual / Safeco,1
2020-07,77077,HOAIC,1
2020-07,77077,SageSure Occidental,1
2020-07,77077,Travelers,2
2020-07,77079,Liberty Mutual / Safeco,1
2020-07,77080,Progressive / ASI,1
2020-07,77089,Liberty Mutual / Safeco,1
2020-07,77094,Liberty Mutual / Safeco,1
2020-07,77095,HOAIC,1
2020-07,77095,Liberty Mutual / Safeco,1
2020-07,77098,Liberty Mutual / Safeco,1
2020-07,77304,TWICO,1
2020-07,77320,HOAIC,1
2020-07,77331,Travelers,1
2020-07,77336,Liberty Mutual / Safeco,1
2020-07,77346,SageSure SURE,1
2020-07,77356,SageSure SURE,1
2020-07,77365,Travelers,1
2020-07,77386,SageSure SURE,2
2020-07,77388,Progressive / ASI,1
2020-07,77406,SageSure Occidental,1
2020-07,77406,SageSure SURE,2
2020-07,77406,Travelers,2
2020-07,77407,HOAIC,1
2020-07,77433,Progressive / ASI,1
2020-07,77433,SageSure SURE,1
2020-07,77433,Travelers,1
2020-07,77441,HOAIC,1
2020-07,77441,SageSure SURE,1
2020-07,77441,Travelers,2
2020-07,77449,Liberty Mutual / Safeco,2
2020-07,77449,Progressive / ASI,1
2020-07,77450,SageSure SURE,1
2020-07,77459,Progressive / ASI,1
2020-07,77459,SageSure SURE,1
2020-07,77469,SageSure Occidental,1
2020-07,77474,HOAIC,1
2020-07,77479,Liberty Mutual / Safeco,1
2020-07,77493,Progressive / ASI,1
2020-07,77494,ARI,1
2020-07,77494,Liberty Mutual / Safeco,1
2020-07,77494,SageSure Occidental,2
2020-07,77494,Travelers,4
2020-07,77568,SageSure Occidental,1
2020-07,77578,SageSure SURE,1
2020-07,77584,SageSure SafePort,1
2020-07,77868,Progressive / ASI,1
2020-07,78045,SageSure SURE,1
2020-07,78046,SageSure SURE,1
2020-07,78247,HOAIC,1
2020-07,78624,Liberty Mutual / Safeco,1
2020-07,78705,HOAIC,1
2020-08,75252,Liberty Mutual / Safeco,1
2020-08,75833,Travelers,1
2020-08,76522,HOAIC,1
2020-08,77003,HOAIC,1
2020-08,77005,Liberty Mutual / Safeco,1
2020-08,77007,Travelers,3
2020-08,77025,Liberty Mutual / Safeco,1
2020-08,77027,SageSure Occidental,1
2020-08,77028,HOAIC,1
2020-08,77041,HOAIC,1
2020-08,77041,Liberty Mutual / Safeco,1
2020-08,77041,Swyfft Benchmark,1
2020-08,77042,Liberty Mutual / Safeco,1
2020-08,77043,Progressive / ASI,1
2020-08,77049,Swyfft Benchmark,1
2020-08,77055,HOAIC,1
2020-08,77055,Liberty Mutual / Safeco,1
2020-08,77055,Progressive / ASI,1
2020-08,77057,Liberty Mutual / Safeco,1
2020-08,77062,Swyfft Benchmark,1
2020-08,77063,Liberty Mutual / Safeco,1
2020-08,77065,HOAIC,1
2020-08,77068,Liberty Mutual / Safeco,1
2020-08,77069,HOAIC,1
2020-08,77077,Liberty Mutual / Safeco,1
2020-08,77079,HOAIC,1
2020-08,77080,HOAIC,1
2020-08,77080,Liberty Mutual / Safeco,1
2020-08,77084,HOAIC,1
2020-08,77088,Liberty Mutual / Safeco,1
2020-08,77089,ARI,1
2020-08,77091,HOAIC,1
2020-08,77095,Travelers,1
2020-08,77301,SageSure SURE,1
2020-08,77320,HOAIC,1
2020-08,77338,HOAIC,1
2020-08,77339,Liberty Mutual / Safeco,1
2020-08,77346,ARI,1
2020-08,77351,National General,1
2020-08,77373,Liberty Mutual / Safeco,1
2020-08,77375,Progressive / ASI,1
2020-08,77377,Progressive / ASI,1
2020-08,77388,SageSure Occidental,1
2020-08,77407,Liberty Mutual / Safeco,1
2020-08,77407,Swyfft Benchmark,1
2020-08,77423,Travelers,1
2020-08,77441,ARI,1
2020-08,77441,Liberty Mutual / Safeco,2
2020-08,77450,Chubb,1
2020-08,77450,Liberty Mutual / Safeco,2
2020-08,77450,Progressive / ASI,1
2020-08,77459,SageSure SURE,1
2020-08,77471,SageSure SURE,1
2020-08,77478,Travelers,1
2020-08,77479,Travelers,2
2020-08,77493,ARI,1
2020-08,77494,Liberty Mutual / Safeco,1
2020-08,77494,SageSure Occidental,1
2020-08,77494,SageSure SURE,2
2020-08,77494,Travelers,1
2020-08,77521,Liberty Mutual / Safeco,1
2020-08,77575,Travelers,1
2020-08,77584,SageSure SURE,1
2020-08,77871,Travelers,1
2020-08,77904,Liberty Mutual / Safeco,1
2020-08,78045,SageSure SURE,1
2020-08,78045,Travelers,2
2020-08,78254,HOAIC,1
2020-08,78628,HOAIC,1
2020-09,75078,HOAIC,1
2020-09,75846,Liberty Mutual / Safeco,1
2020-09,76708,Liberty Mutual / Safeco,1
2020-09,77003,Travelers,1
2020-09,77004,HOAIC,1
2020-09,77008,HOAIC,2
2020-09,77008,Travelers,1
2020-09,77009,HOAIC,2
2020-09,77018,HOAIC,2
2020-09,77023,Liberty Mutual / Safeco,1
2020-09,77044,Progressive / ASI,1
2020-09,77054,HOAIC,1
2020-09,77079,Liberty Mutual / Safeco,1
2020-09,77082,SageSure SURE,1
2020-09,77084,Allied Trust,1
2020-09,77084,SageSure SURE,1
2020-09,77088,TWICO,1
2020-09,77089,Swyfft Benchmark,2
2020-09,77095,Liberty Mutual / Safeco,2
2020-09,77301,HOAIC,1
2020-09,77346,Liberty Mutual / Safeco,2
2020-09,77346,Progressive / ASI,1
2020-09,77351,Travelers,1
2020-09,77356,Liberty Mutual / Safeco,1
2020-09,77357,Travelers,1
2020-09,77365,ARI,1
2020-09,77371,HOAIC,1
2020-09,77373,Travelers,1
2020-09,77375,Progressive / ASI,1
2020-09,77377,SageSure SURE,1
2020-09,77381,Travelers,1
2020-09,77382,SageSure SURE,1
2020-09,77386,Allied Trust,1
2020-09,77386,Swyfft Benchmark,1
2020-09,77386,Travelers,1
2020-09,77396,Swyfft Benchmark,1
2020-09,77406,SageSure SURE,1
2020-09,77406,Swyfft Benchmark,1
2020-09,77406,Travelers,3
2020-09,77407,Swyfft Benchmark,1
2020-09,77407,Travelers,2
2020-09,77423,HOAIC,1
2020-09,77429,Travelers,1
2020-09,77433,Travelers,1
2020-09,77447,HOAIC,1
2020-09,77449,Liberty Mutual / Safeco,1
2020-09,77450,Liberty Mutual / Safeco,2
2020-09,77450,Swyfft Benchmark,1
2020-09,77459,Progressive / ASI,1
2020-09,77471,Swyfft Benchmark,1
2020-09,77477,HOAIC,1
2020-09,77479,Swyfft Benchmark,1
2020-09,77484,HOAIC,1
2020-09,77493,SageSure SURE,1
2020-09,77493,Swyfft Benchmark,2
2020-09,77494,Liberty Mutual / Safeco,1
2020-09,77494,Swyfft Benchmark,4
2020-09,77546,SageSure Occidental,1
2020-09,77550,Progressive / ASI,1
2020-09,77573,Swyfft Benchmark,1
2020-09,77575,HOAIC,1
2020-09,77584,Swyfft Benchmark,1
2020-09,77585,Travelers,1
2020-09,78041,SageSure SURE,1
2020-09,78046,SageSure SURE,1
2020-09,78212,HOAIC,1
2020-09,78621,Liberty Mutual / Safeco,1
2020-10,77004,Liberty Mutual / Safeco,1
2020-10,77004,Swyfft Benchmark,1
2020-10,77006,HOAIC,1
2020-10,77007,Travelers,1
2020-10,77014,HOAIC,1
2020-10,77018,Travelers,1
2020-10,77035,HOAIC,1
2020-10,77042,SageSure SafePort,1
2020-10,77050,HOAIC,1
2020-10,77062,SageSure SafePort,1
2020-10,77064,Travelers,1
2020-10,77077,Progressive / ASI,1
2020-10,77077,Swyfft Benchmark,1
2020-10,77077,Travelers,1
2020-10,77091,Liberty Mutual / Safeco,1
2020-10,77092,HOAIC,1
2020-10,77318,Travelers,1
2020-10,77338,HOAIC,1
2020-10,77365,Travelers,1
2020-10,77373,HOAIC,1
2020-10,77377,Liberty Mutual / Safeco,1
2020-10,77378,HOAIC,1
2020-10,77379,HOAIC,1
2020-10,77381,Travelers,1
2020-10,77388,Swyfft Benchmark,1
2020-10,77429,ARI,1
2020-10,77441,ARI,1
2020-10,77441,Liberty Mutual / Safeco,1
2020-10,77441,Travelers,1
2020-10,77449,Liberty Mutual / Safeco,1
2020-10,77449,Travelers,1
2020-10,77450,Swyfft Benchmark,1
2020-10,77520,SageSure SafePort,1
2020-10,77530,Swyfft Benchmark,1
2020-10,77532,Liberty Mutual / Safeco,1
2020-10,77532,Progressive / ASI,1
2020-10,77536,Swyfft Benchmark,2
2020-10,77547,HOAIC,1
2020-10,77573,Progressive / ASI,2
2020-10,77578,Allied Trust,1
2020-10,77584,Swyfft Benchmark,2
2020-10,77802,HOAIC,1
2020-10,78233,Liberty Mutual / Safeco,1
2020-10,78704,Liberty Mutual / Safeco,1
2020-11,75901,Progressive / ASI,1
2020-11,77007,Liberty Mutual / Safeco,2
2020-11,77007,Travelers,1
2020-11,77008,Travelers,1
2020-11,77024,HOAIC,1
2020-11,77024,SageSure SafePort,1
2020-11,77042,Travelers,1
2020-11,77043,SageSure SafePort,1
2020-11,77055,HOAIC,1
2020-11,77062,HOAIC,1
2020-11,77065,Liberty Mutual / Safeco,1
2020-11,77067,SageSure SafePort,1
2020-11,77077,Liberty Mutual / Safeco,1
2020-11,77077,SageSure Occidental,1
2020-11,77079,SageSure SafePort,1
2020-11,77084,SageSure SafePort,1
2020-11,77084,Swyfft Benchmark,1
2020-11,77090,National General,1
2020-11,77095,Liberty Mutual / Safeco,1
2020-11,77302,TWICO,1
2020-11,77304,Travelers,1
2020-11,77316,Travelers,1
2020-11,77355,Liberty Mutual / Safeco,1
2020-11,77355,Travelers,1
2020-11,77373,HOAIC,1
2020-11,77373,SageSure SafePort,1
2020-11,77375,Progressive / ASI,1
2020-11,77379,HOAIC,1
2020-11,77379,SageSure SafePort,2
2020-11,77386,Travelers,1
2020-11,77388,HOAIC,1
2020-11,77406,Travelers,1
2020-11,77429,Progressive / ASI,1
2020-11,77433,SageSure SafePort,2
2020-11,77433,Travelers,1
2020-11,77441,Swyfft Benchmark,1
2020-11,77445,Liberty Mutual / Safeco,1
2020-11,77450,Liberty Mutual / Safeco,1
2020-11,77450,SageSure Occidental,1
2020-11,77459,Travelers,1
2020-11,77469,Progressive / ASI,1
2020-11,77493,Travelers,1
2020-11,77494,Travelers,1
2020-11,77506,HOAIC,1
2020-11,77511,SageSure SURE,1
2020-11,77532,Progressive / ASI,1
2020-11,77575,Liberty Mutual / Safeco,1
2020-11,77578,HOAIC,1
2020-11,77590,Progressive / ASI,1
2020-11,77651,Liberty Mutual / Safeco,1
2020-11,77868,Progressive / ASI,1
2020-11,78247,Travelers,1
2020-11,78664,SageSure SafePort,1
2020-11,78947,Liberty Mutual / Safeco,1
2020-12,75054,HOAIC,1
2020-12,75080,Liberty Mutual / Safeco,1
2020-12,75960,Liberty Mutual / Safeco,1
2020-12,76226,Travelers,1
2020-12,76502,HOAIC,1
2020-12,77003,SageSure SafePort,1
2020-12,77007,SageSure SafePort,1
2020-12,77007,Travelers,1
2020-12,77008,HOAIC,1
2020-12,77014,Liberty Mutual / Safeco,1
2020-12,77024,SageSure Occidental,1
2020-12,77025,HOAIC,1
2020-12,77041,Progressive / ASI,1
2020-12,77043,SageSure SafePort,1
2020-12,77044,Liberty Mutual / Safeco,1
2020-12,77056,SageSure SafePort,1
2020-12,77067,HOAIC,1
2020-12,77070,Liberty Mutual / Safeco,1
2020-12,77077,HOAIC,1
2020-12,77077,Travelers,1
2020-12,77079,SageSure SafePort,1
2020-12,77079,Travelers,1
2020-12,77080,HOAIC,1
2020-12,77080,Progressive / ASI,1
2020-12,77084,HOAIC,1
2020-12,77084,National General,1
2020-12,77084,Swyfft Benchmark,1
2020-12,77091,Travelers,1
2020-12,77092,HOAIC,1
2020-12,77096,SageSure Occidental,1
2020-12,77304,Progressive / ASI,1
2020-12,77335,SageSure SafePort,1
2020-12,77346,Progressive / ASI,1
2020-12,77346,Travelers,2
2020-12,77360,Travelers,1
2020-12,77371,Liberty Mutual / Safeco,1
2020-12,77377,SageSure SafePort,1
2020-12,77386,TWICO,1
2020-12,77401,Chubb,1
2020-12,77406,Travelers,4
2020-12,77407,Travelers,1
2020-12,77418,Travelers,1
2020-12,77423,HOAIC,1
2020-12,77429,SageSure SafePort,1
2020-12,77433,Liberty Mutual / Safeco,1
2020-12,77433,Travelers,1
2020-12,77441,Travelers,1
2020-12,77447,Travelers,1
2020-12,77449,Progressive / ASI,1
2020-12,77449,SageSure SafePort,1
2020-12,77450,Liberty Mutual / Safeco,1
2020-12,77459,SageSure SafePort,1
2020-12,77477,Liberty Mutual / Safeco,1
2020-12,77478,Travelers,1
2020-12,77479,SageSure SafePort,1
2020-12,77479,Travelers,1
2020-12,77488,Liberty Mutual / Safeco,1
2020-12,77493,Progressive / ASI,2
2020-12,77493,Travelers,1
2020-12,77494,Liberty Mutual / Safeco,1
2020-12,77494,National General,1
2020-12,77532,Progressive / ASI,1
2020-12,77547,Swyfft Benchmark,1
2020-12,77584,Swyfft Benchmark,1
2020-12,77590,Progressive / ASI,1
2020-12,77868,Progressive / ASI,1
2020-12,78108,HOAIC,1
2020-12,78155,HOAIC,1
2020-12,78245,TWICO,1
2020-12,78251,Travelers,1
2020-12,78382,SageSure SafePort,1
2021-01,75093,Liberty Mutual / Safeco,1
2021-01,75229,Travelers,1
2021-01,77008,Travelers,1
2021-01,77018,HOAIC,1
2021-01,77024,SageSure SafePort,1
2021-01,77049,SageSure SafePort,1
2021-01,77055,Travelers,2
2021-01,77063,HOAIC,1
2021-01,77070,National General,1
2021-01,77070,Swyfft Benchmark,1
2021-01,77077,Liberty Mutual / Safeco,1
2021-01,77079,HOAIC,1
2021-01,77079,Progressive / ASI,2
2021-01,77079,SageSure SafePort,1
2021-01,77079,Travelers,2
2021-01,77082,Travelers,1
2021-01,77084,HOAIC,1
2021-01,77084,Liberty Mutual / Safeco,1
2021-01,77084,Progressive / ASI,1
2021-01,77085,Swyfft Benchmark,1
2021-01,77095,Liberty Mutual / Safeco,1
2021-01,77099,Liberty Mutual / Safeco,2
2021-01,77318,SageSure SafePort,1
2021-01,77346,Progressive / ASI,1
2021-01,77346,Travelers,1
2021-01,77355,Liberty Mutual / Safeco,1
2021-01,77357,Liberty Mutual / Safeco,1
2021-01,77362,SageSure Occidental,1
2021-01,77373,SageSure SafePort,2
2021-01,77375,SageSure SafePort,2
2021-01,77388,HOAIC,2
2021-01,77388,SageSure SafePort,1
2021-01,77389,HOAIC,1
2021-01,77406,ARI,1
2021-01,77406,SageSure SafePort,1
2021-01,77406,Travelers,3
2021-01,77407,Travelers,1
2021-01,77414,Progressive / ASI,1
2021-01,77429,Progressive / ASI,1
2021-01,77429,SageSure SafePort,1
2021-01,77429,Swyfft Benchmark,1
2021-01,77429,Travelers,1
2021-01,77441,Liberty Mutual / Safeco,1
2021-01,77441,Travelers,1
2021-01,77450,Liberty Mutual / Safeco,1
2021-01,77450,Swyfft Benchmark,1
2021-01,77469,SageSure SafePort,1
2021-01,77493,SageSure SafePort,1
2021-01,77494,Liberty Mutual / Safeco,2
2021-01,77494,SageSure SafePort,1
2021-01,77494,Travelers,1
2021-01,77498,Liberty Mutual / Safeco,1
2021-01,78130,Liberty Mutual / Safeco,1
2021-01,78256,Liberty Mutual / Safeco,1
2021-01,78665,SageSure SafePort,1
2021-01,78873,Liberty Mutual / Safeco,1
2021-02,76177,Progressive / ASI,1
2021-02,76226,Liberty Mutual / Safeco,1
2021-02,77005,National General,1
2021-02,77005,SageSure SafePort,1
2021-02,77008,Travelers,1
2021-02,77009,HOAIC,2
2021-02,77021,Liberty Mutual / Safeco,1
2021-02,77040,Progressive / ASI,1
2021-02,77041,Swyfft Benchmark,1
2021-02,77042,Travelers,1
2021-02,77048,Swyfft Benchmark,1
2021-02,77049,SageSure SafePort,1
2021-02,77055,Travelers,1
2021-02,77059,Progressive / ASI,1
2021-02,77062,Liberty Mutual / Safeco,1
2021-02,77063,Liberty Mutual / Safeco,1
2021-02,77064,Liberty Mutual / Safeco,1
2021-02,77070,Liberty Mutual / Safeco,1
2021-02,77077,SageSure SafePort,1
2021-02,77079,SageSure SafePort,3
2021-02,77086,Swyfft Benchmark,1
2021-02,77096,Liberty Mutual / Safeco,1
2021-02,77303,SageSure SafePort,1
2021-02,77331,Progressive / ASI,1
2021-02,77339,Liberty Mutual / Safeco,1
2021-02,77340,HOAIC,1
2021-02,77345,SageSure SafePort,1
2021-02,77373,HOAIC,1
2021-02,77373,SageSure SafePort,1
2021-02,77375,HOAIC,1
2021-02,77375,Progressive / ASI,1
2021-02,77378,Travelers,1
2021-02,77384,SageSure SafePort,1
2021-02,77386,Swyfft Benchmark,1
2021-02,77388,HOAIC,2
2021-02,77388,Liberty Mutual / Safeco,1
2021-02,77406,SageSure SafePort,1
2021-02,77407,Travelers,1
2021-02,77429,Liberty Mutual / Safeco,2
2021-02,77429,Progressive / ASI,1
2021-02,77429,SageSure SafePort,1
2021-02,77433,Liberty Mutual / Safeco,2
2021-02,77433,SageSure SafePort,1
2021-02,77433,Swyfft Benchmark,1
2021-02,77441,Travelers,1
2021-02,77449,Liberty Mutual / Safeco,1
2021-02,77449,National General,1
2021-02,77459,Liberty Mutual / Safeco,1
2021-02,77459,Progressive / ASI,1
2021-02,77459,SageSure SafePort,1
2021-02,77459,Travelers,2
2021-02,77461,HOAIC,1
2021-02,77469,Progressive / ASI,1
2021-02,77478,Travelers,1
2021-02,77479,SageSure SafePort,1
2021-02,77479,Travelers,1
2021-02,77493,Liberty Mutual / Safeco,1
2021-02,77493,Progressive / ASI,1
2021-02,77493,SageSure Occidental,1
2021-02,77494,National General,2
2021-02,77504,SageSure SafePort,1
2021-02,77521,Progressive / ASI,1
2021-02,77535,Travelers,1
2021-02,77541,Progressive / ASI,1
2021-02,78232,Liberty Mutual / Safeco,1
2021-02,78705,Liberty Mutual / Safeco,1
2021-03,77008,Travelers,3
2021-03,77009,Travelers,1
2021-03,77014,HOAIC,1
2021-03,77018,HOAIC,2
2021-03,77019,Liberty Mutual / Safeco,1
2021-03,77024,Liberty Mutual / Safeco,1
2021-03,77027,HOAIC,1
2021-03,77036,SageSure SafePort,1
2021-03,77040,SageSure SafePort,1
2021-03,77041,Progressive / ASI,1
2021-03,77041,Swyfft Benchmark,1
2021-03,77044,Liberty Mutual / Safeco,1
2021-03,77044,Progressive / ASI,1
2021-03,77045,SageSure SafePort,1
2021-03,77055,Liberty Mutual / Safeco,1
2021-03,77057,SageSure SafePort,1
2021-03,77062,HOAIC,1
2021-03,77063,SageSure SafePort,1
2021-03,77064,Progressive / ASI,1
2021-03,77065,National General,1
2021-03,77068,HOAIC,2
2021-03,77073,SageSure SafePort,1
2021-03,77077,Liberty Mutual / Safeco,2
2021-03,77079,SageSure SafePort,2
2021-03,77079,Travelers,1
2021-03,77082,Swyfft Benchmark,1
2021-03,77084,Liberty Mutual / Safeco,2
2021-03,77084,Travelers,1
2021-03,77088,Liberty Mutual / Safeco,1
2021-03,77094,SageSure SafePort,1
2021-03,77095,Progressive / ASI,1
2021-03,77096,Liberty Mutual / Safeco,1
2021-03,77301,Travelers,1
2021-03,77302,HOAIC,1
2021-03,77316,SageSure SafePort,1
2021-03,77318,Travelers,1
2021-03,77346,Liberty Mutual / Safeco,1
2021-03,77346,Progressive / ASI,1
2021-03,77354,SageSure Occidental,1
2021-03,77355,HOAIC,1
2021-03,77356,Travelers,1
2021-03,77365,Travelers,1
2021-03,77379,Progressive / ASI,1
2021-03,77388,HOAIC,1
2021-03,77388,Liberty Mutual / Safeco,1
2021-03,77388,SageSure SafePort,1
2021-03,77396,Progressive / ASI,1
2021-03,77406,National General,1
2021-03,77406,Travelers,3
2021-03,77423,Progressive / ASI,1
2021-03,77433,Progressive / ASI,2
2021-03,77433,Travelers,2
2021-03,77441,Liberty Mutual / Safeco,1
2021-03,77441,Travelers,4
2021-03,77449,Liberty Mutual / Safeco,1
2021-03,77449,Travelers,1
2021-03,77450,Liberty Mutual / Safeco,1
2021-03,77459,SageSure SafePort,2
2021-03,77459,Travelers,1
2021-03,77469,Progressive / ASI,1
2021-03,77479,SageSure SafePort,1
2021-03,77479,Travelers,2
2021-03,77493,Progressive / ASI,1
2021-03,77494,HOAIC,1
2021-03,77494,Liberty Mutual / Safeco,1
2021-03,77494,SageSure Occidental,2
2021-03,77494,SageSure SafePort,1
2021-03,77494,Travelers,2
2021-03,77498,Travelers,1
2021-03,77530,Progressive / ASI,1
2021-03,77532,Liberty Mutual / Safeco,1
2021-03,77532,Progressive / ASI,1
2021-03,77532,SageSure SafePort,1
2021-03,77545,Progressive / ASI,1
2021-03,77554,Progressive / ASI,2
2021-03,77571,Progressive / ASI,1
2021-03,77575,Travelers,1
2021-03,77578,Liberty Mutual / Safeco,1
2021-03,77584,SageSure SafePort,1
2021-03,78130,HOAIC,1
2021-03,78132,Liberty Mutual / Safeco,1
2021-03,78261,HOAIC,1
2021-04,77007,Travelers,3
2021-04,77008,Liberty Mutual / Safeco,1
2021-04,77012,SageSure SafePort,1
2021-04,77018,HOAIC,1
2021-04,77018,Liberty Mutual / Safeco,1
2021-04,77018,Travelers,1
2021-04,77021,HOAIC,1
2021-04,77025,Travelers,1
2021-04,77027,Travelers,1
2021-04,77041,Travelers,1
2021-04,77042,SageSure SURE,1
2021-04,77042,SageSure SafePort,1
2021-04,77043,Travelers,1
2021-04,77055,Swyfft Benchmark,1
2021-04,77056,Travelers,1
2021-04,77063,Liberty Mutual / Safeco,1
2021-04,77069,HOAIC,1
2021-04,77070,SageSure SafePort,1
2021-04,77073,HOAIC,1
2021-04,77077,HOAIC,1
2021-04,77077,Liberty Mutual / Safeco,1
2021-04,77077,SageSure SafePort,1
2021-04,77079,Liberty Mutual / Safeco,1
2021-04,77079,Progressive / ASI,3
2021-04,77079,SageSure SafePort,1
2021-04,77084,Liberty Mutual / Safeco,1
2021-04,77084,Travelers,1
2021-04,77093,HOAIC,1
2021-04,77096,Liberty Mutual / Safeco,1
2021-04,77098,Travelers,1
2021-04,77346,Progressive / ASI,3
2021-04,77356,Liberty Mutual / Safeco,1
2021-04,77356,Travelers,1
2021-04,77362,HOAIC,1
2021-04,77365,HOAIC,1
2021-04,77365,Liberty Mutual / Safeco,1
2021-04,77377,Travelers,1
2021-04,77386,Travelers,1
2021-04,77388,Progressive / ASI,1
2021-04,77389,SageSure SafePort,1
2021-04,77406,Travelers,3
2021-04,77407,Travelers,3
2021-04,77429,Liberty Mutual / Safeco,1
2021-04,77429,SageSure SafePort,1
2021-04,77433,Liberty Mutual / Safeco,1
2021-04,77433,Swyfft Benchmark,1
2021-04,77433,Travelers,1
2021-04,77441,Travelers,2
2021-04,77447,Travelers,1
2021-04,77449,Swyfft Benchmark,1
2021-04,77449,Travelers,1
2021-04,77450,Liberty Mutual / Safeco,2
2021-04,77459,Travelers,4
2021-04,77469,SageSure SafePort,1
2021-04,77474,HOAIC,1
2021-04,77478,HOAIC,1
2021-04,77489,SageSure SafePort,1
2021-04,77493,Progressive / ASI,2
2021-04,77494,Liberty Mutual / Safeco,2
2021-04,77494,Progressive / ASI,3
2021-04,77494,Travelers,4
2021-04,77498,HOAIC,1
2021-04,77546,SageSure SafePort,1
2021-04,77562,National General,1
2021-04,77571,SageSure SafePort,1
2021-04,77578,SageSure SURE,1
2021-04,77578,SageSure SafePort,1
2021-04,77868,Progressive / ASI,1
2021-04,78221,HOAIC,1
2021-04,78739,Travelers,1
2021-05,75931,HOAIC,1
2021-05,77003,Travelers,1
2021-05,77004,HOAIC,1
2021-05,77004,Liberty Mutual / Safeco,1
2021-05,77006,Liberty Mutual / Safeco,1
2021-05,77007,Liberty Mutual / Safeco,1
2021-05,77007,Progressive / ASI,1
2021-05,77007,Travelers,1
2021-05,77008,HOAIC,1
2021-05,77008,Progressive / ASI,1
2021-05,77008,SageSure SafePort,1
2021-05,77008,Travelers,1
2021-05,77009,HOAIC,1
2021-05,77014,Swyfft Benchmark,1
2021-05,77015,SageSure SafePort,1
2021-05,77018,HOAIC,1
2021-05,77018,Travelers,2
2021-05,77019,Travelers,1
2021-05,77021,HOAIC,1
2021-05,77022,Progressive / ASI,1
2021-05,77023,Travelers,1
2021-05,77024,HOAIC,1
2021-05,77025,HOAIC,1
2021-05,77040,National General,1
2021-05,77051,HOAIC,1
2021-05,77055,HOAIC,1
2021-05,77055,Liberty Mutual / Safeco,1
2021-05,77056,Progressive / ASI,1
2021-05,77057,HOAIC,1
2021-05,77059,Progressive / ASI,1
2021-05,77069,SageSure SafePort,1
2021-05,77077,HOAIC,1
2021-05,77079,Liberty Mutual / Safeco,4
2021-05,77080,HOAIC,1
2021-05,77082,Liberty Mutual / Safeco,1
2021-05,77083,Liberty Mutual / Safeco,1
2021-05,77084,Liberty Mutual / Safeco,1
2021-05,77088,Progressive / ASI,1
2021-05,77301,Travelers,1
2021-05,77316,HOAIC,1
2021-05,77318,Travelers,1
2021-05,77345,Progressive / ASI,1
2021-05,77346,Liberty Mutual / Safeco,1
2021-05,77346,Progressive / ASI,1
2021-05,77354,HOAIC,1
2021-05,77371,Foremost,1
2021-05,77377,HOAIC,1
2021-05,77379,HOAIC,3
2021-05,77379,Progressive / ASI,1
2021-05,77381,SageSure SURE,1
2021-05,77388,HOAIC,1
2021-05,77388,Liberty Mutual / Safeco,1
2021-05,77407,Travelers,2
2021-05,77423,Travelers,1
2021-05,77429,Travelers,1
2021-05,77433,Liberty Mutual / Safeco,1
2021-05,77433,Progressive / ASI,1
2021-05,77433,SageSure Occidental,1
2021-05,77433,Swyfft Benchmark,1
2021-05,77433,Travelers,3
2021-05,77447,Swyfft Benchmark,1
2021-05,77450,Liberty Mutual / Safeco,2
2021-05,77450,Progressive / ASI,1
2021-05,77450,SageSure SURE,1
2021-05,77459,SageSure SafePort,1
2021-05,77459,Travelers,1
2021-05,77461,HOAIC,2
2021-05,77479,Travelers,1
2021-05,77493,ARI,1
2021-05,77493,Progressive / ASI,1
2021-05,77494,Liberty Mutual / Safeco,2
2021-05,77494,Progressive / ASI,1
2021-05,77494,Travelers,1
2021-05,77498,Travelers,1
2021-05,77518,Progressive / ASI,1
2021-05,77521,National General,1
2021-05,77532,Liberty Mutual / Safeco,1
2021-05,77536,TWICO,1
2021-05,77545,SageSure SafePort,1
2021-05,77545,Travelers,1
2021-05,77554,Progressive / ASI,1
2021-05,77573,Liberty Mutual / Safeco,1
2021-05,77584,SageSure SURE,1
2021-05,77801,Travelers,1
2021-05,78223,HOAIC,1
2021-05,78634,HOAIC,1
2021-06,75082,Travelers,1
2021-06,76063,Travelers,1
2021-06,76249,HOAIC,1
2021-06,77003,HOAIC,1
2021-06,77005,SageSure SURE,1
2021-06,77006,Liberty Mutual / Safeco,1
2021-06,77007,Travelers,1
2021-06,77008,Progressive / ASI,1
2021-06,77008,Travelers,1
2021-06,77009,SageSure SURE,1
2021-06,77018,HOAIC,1
2021-06,77020,Travelers,1
2021-06,77024,Liberty Mutual / Safeco,1
2021-06,77035,Liberty Mutual / Safeco,1
2021-06,77040,Liberty Mutual / Safeco,1
2021-06,77041,SageSure SURE,1
2021-06,77042,SageSure SURE,1
2021-06,77043,HOAIC,2
2021-06,77055,Progressive / ASI,1
2021-06,77057,SageSure SURE,1
2021-06,77064,HOAIC,1
2021-06,77064,SageSure SURE,1
2021-06,77065,Progressive / ASI,1
2021-06,77068,SageSure SafePort,1
2021-06,77069,HOAIC,2
2021-06,77071,SageSure SURE,1
2021-06,77071,Travelers,1
2021-06,77072,Liberty Mutual / Safeco,1
2021-06,77077,SageSure Occidental,1
2021-06,77079,Liberty Mutual / Safeco,3
2021-06,77079,SageSure SURE,3
2021-06,77080,Liberty Mutual / Safeco,1
2021-06,77080,Progressive / ASI,1
2021-06,77082,HOAIC,1
2021-06,77083,SageSure SURE,1
2021-06,77084,HOAIC,2
2021-06,77084,SageSure SURE,1
2021-06,77086,SageSure SURE,1
2021-06,77087,HOAIC,1
2021-06,77088,Progressive / ASI,1
2021-06,77089,HOAIC,1
2021-06,77089,SageSure SURE,1
2021-06,77091,HOAIC,1
2021-06,77092,Liberty Mutual / Safeco,1
2021-06,77095,HOAIC,1
2021-06,77098,Liberty Mutual / Safeco,1
2021-06,77302,Foremost,1
2021-06,77302,Travelers,1
2021-06,77318,Travelers,1
2021-06,77320,SageSure SURE,1
2021-06,77346,HOAIC,1
2021-06,77346,Liberty Mutual / Safeco,1
2021-06,77346,National General,1
2021-06,77346,SageSure SURE,2
2021-06,77351,Liberty Mutual / Safeco,1
2021-06,77354,Liberty Mutual / Safeco,1
2021-06,77357,Liberty Mutual / Safeco,1
2021-06,77373,National General,1
2021-06,77377,HOAIC,1
2021-06,77379,Liberty Mutual / Safeco,1
2021-06,77379,SageSure SURE,1
2021-06,77386,HOAIC,1
2021-06,77386,National General,1
2021-06,77386,SageSure Occidental,1
2021-06,77388,Liberty Mutual / Safeco,2
2021-06,77388,SageSure SURE,1
2021-06,77396,Travelers,1
2021-06,77401,SageSure Occidental,1
2021-06,77401,SageSure SURE,1
2021-06,77401,SageSure SafePort,1
2021-06,77406,National General,1
2021-06,77406,SageSure SURE,1
2021-06,77407,Travelers,2
2021-06,77429,Liberty Mutual / Safeco,1
2021-06,77429,SageSure SURE,1
2021-06,77433,HOAIC,1
2021-06,77433,National General,1
2021-06,77441,HOAIC,1
2021-06,77441,SageSure SURE,3
2021-06,77447,Travelers,1
2021-06,77449,Liberty Mutual / Safeco,1
2021-06,77449,Progressive / ASI,1
2021-06,77449,Swyfft Benchmark,1
2021-06,77450,HOAIC,2
2021-06,77450,Liberty Mutual / Safeco,2
2021-06,77450,SageSure SURE,1
2021-06,77459,Liberty Mutual / Safeco,1
2021-06,77459,SageSure SURE,2
2021-06,77479,SageSure SURE,2
2021-06,77479,Travelers,1
2021-06,77493,HOAIC,1
2021-06,77493,National General,1
2021-06,77494,HOAIC,1
2021-06,77494,SageSure SURE,3
2021-06,77498,SageSure SURE,1
2021-06,77536,HOAIC,2
2021-06,77564,Progressive / ASI,1
2021-06,77565,Progressive / ASI,1
2021-06,77573,SageSure SURE,1
2021-06,77578,SageSure SURE,1
2021-06,77584,Progressive / ASI,1
2021-06,77591,Progressive / ASI,1
2021-06,78212,Liberty Mutual / Safeco,1
2021-06,78252,HOAIC,1
2021-06,78254,SageSure SURE,1
2021-07,75077,National General,1
2021-07,77003,HOAIC,1
2021-07,77004,HOAIC,2
2021-07,77005,HOAIC,1
2021-07,77006,SageSure SURE,1
2021-07,77007,Travelers,2
2021-07,77009,SageSure SURE,1
2021-07,77011,HOAIC,1
2021-07,77011,SageSure SURE,1
2021-07,77012,HOAIC,1
2021-07,77030,Travelers,1
2021-07,77035,HOAIC,1
2021-07,77041,Progressive / ASI,1
2021-07,77042,Liberty Mutual / Safeco,2
2021-07,77042,SageSure SURE,1
2021-07,77051,Liberty Mutual / Safeco,1
2021-07,77055,Liberty Mutual / Safeco,1
2021-07,77056,Progressive / ASI,1
2021-07,77057,Progressive / ASI,1
2021-07,77063,HOAIC,1
2021-07,77063,Liberty Mutual / Safeco,1
2021-07,77064,SageSure SURE,1
2021-07,77065,HOAIC,1
2021-07,77069,Progressive / ASI,1
2021-07,77070,Liberty Mutual / Safeco,1
2021-07,77070,SageSure SURE,1
2021-07,77075,Liberty Mutual / Safeco,1
2021-07,77077,SageSure SURE,1
2021-07,77079,Liberty Mutual / Safeco,1
2021-07,77082,SageSure SURE,1
2021-07,77083,HOAIC,1
2021-07,77083,SageSure SURE,1
2021-07,77084,HOAIC,1
2021-07,77084,Liberty Mutual / Safeco,1
2021-07,77084,SageSure SURE,1
2021-07,77086,Liberty Mutual / Safeco,1
2021-07,77089,Liberty Mutual / Safeco,1
2021-07,77089,SageSure SURE,1
2021-07,77090,HOAIC,1
2021-07,77090,Progressive / ASI,1
2021-07,77092,SageSure SURE,1
2021-07,77095,HOAIC,2
2021-07,77095,Liberty Mutual / Safeco,1
2021-07,77095,Progressive / ASI,1
2021-07,77320,Liberty Mutual / Safeco,1
2021-07,77327,Liberty Mutual / Safeco,1
2021-07,77336,SageSure SURE,1
2021-07,77338,SageSure SURE,1
2021-07,77339,Liberty Mutual / Safeco,1
2021-07,77346,Liberty Mutual / Safeco,2
2021-07,77346,Progressive / ASI,1
2021-07,77346,Swyfft Benchmark,1
2021-07,77375,Travelers,1
2021-07,77377,Progressive / ASI,2
2021-07,77379,HOAIC,1
2021-07,77388,HOAIC,1
2021-07,77389,HOAIC,2
2021-07,77389,Progressive / ASI,1
2021-07,77396,HOAIC,1
2021-07,77406,Liberty Mutual / Safeco,1
2021-07,77407,SageSure SURE,1
2021-07,77423,SageSure SURE,1
2021-07,77423,TWICO,1
2021-07,77429,HOAIC,2
2021-07,77429,Progressive / ASI,1
2021-07,77429,SageSure Occidental,1
2021-07,77429,SageSure SURE,1
2021-07,77441,HOAIC,1
2021-07,77441,SageSure Occidental,1
2021-07,77441,SageSure SURE,2
2021-07,77441,Travelers,1
2021-07,77449,HOAIC,1
2021-07,77449,Progressive / ASI,2
2021-07,77449,SageSure SURE,1
2021-07,77450,HOAIC,1
2021-07,77450,Liberty Mutual / Safeco,1
2021-07,77450,SageSure SURE,6
2021-07,77459,National General,1
2021-07,77459,SageSure SURE,1
2021-07,77459,Travelers,1
2021-07,77461,SageSure SURE,1
2021-07,77469,HOAIC,1
2021-07,77469,SageSure SURE,1
2021-07,77478,SageSure SURE,1
2021-07,77479,HOAIC,1
2021-07,77479,Progressive / ASI,1
2021-07,77479,SageSure Occidental,1
2021-07,77479,SageSure SURE,1
2021-07,77479,Travelers,1
2021-07,77489,Progressive / ASI,1
2021-07,77493,HOAIC,2
2021-07,77493,Liberty Mutual / Safeco,1
2021-07,77493,Progressive / ASI,1
2021-07,77494,HOAIC,1
2021-07,77494,Liberty Mutual / Safeco,1
2021-07,77494,National General,2
2021-07,77494,Progressive / ASI,1
2021-07,77494,SageSure SURE,8
2021-07,77506,SageSure SURE,1
2021-07,77521,National General,1
2021-07,77521,Progressive / ASI,1
2021-07,77521,Swyfft Benchmark,2
2021-07,77530,Progressive / ASI,1
2021-07,77530,SageSure SURE,1
2021-07,77546,SageSure SURE,1
2021-07,77554,Progressive / ASI,1
2021-07,77568,SageSure SURE,1
2021-07,77571,Progressive / ASI,5
2021-07,77573,SageSure SURE,1
2021-07,77583,HOAIC,1
2021-07,77583,SageSure Occidental,1
2021-07,78006,Travelers,1
2021-07,78109,HOAIC,1
2021-07,78704,SageSure SURE,1
2021-07,78746,Liberty Mutual / Safeco,1
2021-07,79413,Liberty Mutual / Safeco,1
2021-07,79562,HOAIC,1
2021-08,75013,Progressive / ASI,1
2021-08,75248,Mercury,1
2021-08,75846,Travelers,1
2021-08,76015,Mercury,1
2021-08,76049,Mercury,2
2021-08,77004,Swyfft Benchmark,1
2021-08,77007,Liberty Mutual / Safeco,1
2021-08,77007,Travelers,3
2021-08,77008,HOAIC,1
2021-08,77008,Travelers,2
2021-08,77011,SageSure SURE,1
2021-08,77018,HOAIC,1
2021-08,77024,Chubb,1
2021-08,77025,SageSure SURE,1
2021-08,77033,SageSure SURE,1
2021-08,77035,Liberty Mutual / Safeco,1
2021-08,77040,Liberty Mutual / Safeco,1
2021-08,77040,SageSure SURE,1
2021-08,77041,HOAIC,1
2021-08,77042,SageSure SURE,1
2021-08,77043,HOAIC,2
2021-08,77044,HOAIC,1
2021-08,77044,Liberty Mutual / Safeco,1
2021-08,77055,Progressive / ASI,1
2021-08,77057,HOAIC,1
2021-08,77062,HOAIC,1
2021-08,77064,Progressive / ASI,1
2021-08,77064,SageSure SURE,1
2021-08,77073,National General,1
2021-08,77077,HOAIC,2
2021-08,77077,Liberty Mutual / Safeco,1
2021-08,77077,SageSure SURE,2
2021-08,77079,Liberty Mutual / Safeco,1
2021-08,77080,SageSure SURE,1
2021-08,77082,Liberty Mutual / Safeco,1
2021-08,77082,National General,1
2021-08,77084,Liberty Mutual / Safeco,2
2021-08,77088,HOAIC,2
2021-08,77088,Progressive / ASI,1
2021-08,77090,SageSure SURE,1
2021-08,77095,Liberty Mutual / Safeco,1
2021-08,77095,Mercury,1
2021-08,77095,Swyfft Benchmark,1
2021-08,77096,SageSure SURE,1
2021-08,77304,SageSure SURE,1
2021-08,77338,National General,1
2021-08,77339,HOAIC,1
2021-08,77339,SageSure SURE,1
2021-08,77346,HOAIC,1
2021-08,77346,Progressive / ASI,1
2021-08,77373,HOAIC,1
2021-08,77377,Liberty Mutual / Safeco,1
2021-08,77379,Progressive / ASI,1
2021-08,77385,Travelers,1
2021-08,77388,Progressive / ASI,1
2021-08,77389,Progressive / ASI,1
2021-08,77389,SageSure SafePort,1
2021-08,77406,HOAIC,1
2021-08,77406,SageSure SURE,2
2021-08,77407,SageSure SURE,1
2021-08,77407,TWICO,1
2021-08,77407,Travelers,1
2021-08,77414,SageSure SURE,1
2021-08,77429,Liberty Mutual / Safeco,1
2021-08,77429,SageSure SURE,1
2021-08,77433,HOAIC,3
2021-08,77433,Progressive / ASI,3
2021-08,77441,HOAIC,2
2021-08,77441,National General,1
2021-08,77441,SageSure SURE,1
2021-08,77441,Travelers,1
2021-08,77449,HOAIC,1
2021-08,77449,Liberty Mutual / Safeco,1
2021-08,77449,National General,2
2021-08,77450,HOAIC,1
2021-08,77450,Liberty Mutual / Safeco,1
2021-08,77450,SageSure SURE,3
2021-08,77459,Progressive / ASI,1
2021-08,77465,Progressive / ASI,1
2021-08,77478,HOAIC,1
2021-08,77493,HOAIC,2
2021-08,77494,HOAIC,2
2021-08,77494,Liberty Mutual / Safeco,2
2021-08,77494,National General,1
2021-08,77494,Progressive / ASI,1
2021-08,77494,SageSure SURE,4
2021-08,77494,Travelers,1
2021-08,77498,Progressive / ASI,1
2021-08,77511,HOAIC,1
2021-08,77521,SageSure SURE,1
2021-08,77523,Progressive / ASI,1
2021-08,77530,HOAIC,1
2021-08,77532,HOAIC,1
2021-08,77545,HOAIC,1
2021-08,77545,National General,1
2021-08,77578,HOAIC,2
2021-08,77584,HOAIC,1
2021-08,77584,SageSure SURE,1
2021-08,77801,Liberty Mutual / Safeco,1
2021-08,78040,SageSure SURE,1
2021-08,78045,SageSure SURE,2
2021-08,78132,SageSure SURE,1
2021-08,78217,SageSure SURE,1
2021-08,78240,SageSure SURE,1
2021-08,78244,Travelers,1
2021-08,78258,HOAIC,1
2021-08,78613,SageSure Occidental,1
2021-08,78620,Liberty Mutual / Safeco,1
2021-08,78624,Liberty Mutual / Safeco,1
2021-08,78643,SageSure Occidental,1
2021-08,78681,SageSure Occidental,1
2021-08,78741,Liberty Mutual / Safeco,1
2021-08,78838,Liberty Mutual / Safeco,1
2021-08,79415,Liberty Mutual / Safeco,1
2021-08,79705,HOAIC,1
2021-09,75845,Liberty Mutual / Safeco,1
2021-09,76031,Progressive / ASI,1
2021-09,77004,HOAIC,1
2021-09,77007,Mercury,1
2021-09,77007,Travelers,1
2021-09,77008,HOAIC,1
2021-09,77009,HOAIC,3
2021-09,77015,HOAIC,1
2021-09,77019,Travelers,1
2021-09,77020,SageSure SURE,1
2021-09,77023,Swyfft Benchmark,1
2021-09,77024,HOAIC,1
2021-09,77038,HOAIC,1
2021-09,77043,Liberty Mutual / Safeco,1
2021-09,77044,HOAIC,2
2021-09,77045,Progressive / ASI,1
2021-09,77055,HOAIC,1
2021-09,77062,HOAIC,1
2021-09,77062,SageSure SURE,1
2021-09,77063,Liberty Mutual / Safeco,1
2021-09,77069,SageSure SURE,2
2021-09,77070,HOAIC,1
2021-09,77070,National General,1
2021-09,77073,HOAIC,1
2021-09,77073,SageSure SURE,1
2021-09,77077,HOAIC,1
2021-09,77077,SageSure SURE,1
2021-09,77079,HOAIC,1
2021-09,77080,SageSure SURE,1
2021-09,77082,SageSure SURE,1
2021-09,77084,HOAIC,1
2021-09,77084,Liberty Mutual / Safeco,2
2021-09,77084,Progressive / ASI,2
2021-09,77084,SageSure SURE,2
2021-09,77089,SageSure SURE,2
2021-09,77091,HOAIC,1
2021-09,77092,SageSure SURE,1
2021-09,77095,HOAIC,3
2021-09,77098,HOAIC,1
2021-09,77304,Progressive / ASI,1
2021-09,77316,HOAIC,1
2021-09,77316,Progressive / ASI,1
2021-09,77318,HOAIC,1
2021-09,77318,Progressive / ASI,1
2021-09,77327,Travelers,1
2021-09,77338,HOAIC,1
2021-09,77354,Progressive / ASI,1
2021-09,77365,Progressive / ASI,1
2021-09,77373,Swyfft Benchmark,1
2021-09,77375,HOAIC,1
2021-09,77379,HOAIC,1
2021-09,77379,Progressive / ASI,2
2021-09,77381,Travelers,1
2021-09,77386,Travelers,1
2021-09,77396,HOAIC,1
2021-09,77406,HOAIC,1
2021-09,77406,Liberty Mutual / Safeco,1
2021-09,77406,SageSure SURE,1
2021-09,77406,Travelers,1
2021-09,77407,Travelers,1
2021-09,77423,HOAIC,1
2021-09,77429,HOAIC,1
2021-09,77429,SageSure SURE,1
2021-09,77433,HOAIC,1
2021-09,77433,National General,1
2021-09,77433,Progressive / ASI,2
2021-09,77441,SageSure SafePort,1
2021-09,77441,Travelers,1
2021-09,77445,HOAIC,1
2021-09,77447,HOAIC,1
2021-09,77447,SageSure SURE,1
2021-09,77449,SageSure SURE,1
2021-09,77450,National General,1
2021-09,77450,SageSure SURE,3
2021-09,77459,SageSure SURE,1
2021-09,77459,Travelers,3
2021-09,77469,HOAIC,1
2021-09,77477,SageSure SURE,1
2021-09,77479,SageSure SURE,1
2021-09,77493,HOAIC,1
2021-09,77493,Progressive / ASI,1
2021-09,77494,HOAIC,1
2021-09,77494,Liberty Mutual / Safeco,1
2021-09,77494,National General,1
2021-09,77494,Progressive / ASI,4
2021-09,77494,SageSure SURE,1
2021-09,77494,Travelers,1
2021-09,77530,Mercury,1
2021-09,77531,SageSure SURE,1
2021-09,77532,SageSure SURE,2
2021-09,77539,Progressive / ASI,2
2021-09,77584,SageSure SURE,1
2021-09,77584,Swyfft Benchmark,1
2021-09,78023,Liberty Mutual / Safeco,2
2021-09,78041,SageSure Occidental,1
2021-09,78045,SageSure SURE,1
2021-09,78163,Progressive / ASI,1
2021-09,78244,HOAIC,1
2021-09,78676,Progressive / ASI,1
2021-09,78732,Liberty Mutual / Safeco,1
2021-10,75670,HOAIC,1
2021-10,76087,Liberty Mutual / Safeco,1
2021-10,77005,SageSure SURE,1
2021-10,77006,SageSure SURE,1
2021-10,77006,Travelers,1
2021-10,77008,SageSure SURE,1
2021-10,77008,Travelers,1
2021-10,77014,Liberty Mutual / Safeco,1
2021-10,77018,Liberty Mutual / Safeco,1
2021-10,77018,SageSure SURE,1
2021-10,77022,Progressive / ASI,2
2021-10,77040,SageSure SURE,1
2021-10,77042,Liberty Mutual / Safeco,1
2021-10,77042,SageSure SURE,1
2021-10,77045,HOAIC,1
2021-10,77063,Swyfft Benchmark,1
2021-10,77064,SageSure SURE,1
2021-10,77067,Liberty Mutual / Safeco,1
2021-10,77068,HOAIC,1
2021-10,77068,Progressive / ASI,1
2021-10,77069,HOAIC,3
2021-10,77070,Liberty Mutual / Safeco,1
2021-10,77071,HOAIC,1
2021-10,77073,HOAIC,1
2021-10,77073,National General,1
2021-10,77077,Liberty Mutual / Safeco,2
2021-10,77079,HOAIC,1
2021-10,77079,Liberty Mutual / Safeco,1
2021-10,77080,HOAIC,1
2021-10,77084,HOAIC,1
2021-10,77084,SageSure SURE,1
2021-10,77094,Progressive / ASI,1
2021-10,77346,HOAIC,1
2021-10,77346,Progressive / ASI,1
2021-10,77351,SageSure SURE,1
2021-10,77354,Progressive / ASI,1
2021-10,77356,SageSure SURE,1
2021-10,77373,HOAIC,1
2021-10,77375,SageSure SURE,1
2021-10,77377,HOAIC,1
2021-10,77377,Progressive / ASI,1
2021-10,77379,HOAIC,2
2021-10,77379,SageSure SURE,1
2021-10,77381,Travelers,1
2021-10,77386,Progressive / ASI,1
2021-10,77386,Swyfft Benchmark,1
2021-10,77386,Travelers,1
2021-10,77388,HOAIC,1
2021-10,77406,HOAIC,1
2021-10,77406,National General,1
2021-10,77406,Progressive / ASI,1
2021-10,77407,HOAIC,1
2021-10,77407,Travelers,1
2021-10,77417,HOAIC,1
2021-10,77429,Liberty Mutual / Safeco,1
2021-10,77429,SageSure SURE,1
2021-10,77441,Progressive / ASI,1
2021-10,77447,HOAIC,1
2021-10,77449,Liberty Mutual / Safeco,2
2021-10,77449,Swyfft Benchmark,1
2021-10,77450,HOAIC,1
2021-10,77450,Liberty Mutual / Safeco,1
2021-10,77450,Progressive / ASI,1
2021-10,77450,SageSure SURE,1
2021-10,77459,TWICO,1
2021-10,77461,HOAIC,1
2021-10,77479,SageSure SURE,1
2021-10,77479,Travelers,1
2021-10,77485,Swyfft Benchmark,1
2021-10,77489,Progressive / ASI,1
2021-10,77493,HOAIC,4
2021-10,77494,HOAIC,2
2021-10,77494,Liberty Mutual / Safeco,1
2021-10,77494,National General,1
2021-10,77494,Progressive / ASI,3
2021-10,77494,SageSure SURE,3
2021-10,77494,SageSure SafePort,1
2021-10,77510,SageSure SURE,1
2021-10,77511,HOAIC,2
2021-10,77520,SageSure SURE,1
2021-10,77571,Swyfft Benchmark,1
2021-10,77573,Swyfft Benchmark,1
2021-10,77578,HOAIC,1
2021-10,77583,HOAIC,1
2021-10,77584,HOAIC,1
2021-10,77835,HOAIC,1
2021-10,78015,HOAIC,1
2021-10,78045,SageSure SURE,2
2021-10,78133,Liberty Mutual / Safeco,1
2021-10,78640,HOAIC,1
2021-10,78934,HOAIC,1
2021-10,79705,Liberty Mutual / Safeco,1
2021-11,75791,Progressive / ASI,1
2021-11,75833,HOAIC,1
2021-11,77006,Travelers,1
2021-11,77007,Travelers,1
2021-11,77008,HOAIC,1
2021-11,77008,SageSure SURE,1
2021-11,77008,Travelers,1
2021-11,77009,HOAIC,1
2021-11,77014,SageSure SURE,1
2021-11,77015,SageSure SURE,1
2021-11,77016,Liberty Mutual / Safeco,1
2021-11,77038,Liberty Mutual / Safeco,1
2021-11,77038,SageSure SURE,1
2021-11,77042,SageSure SURE,1
2021-11,77043,HOAIC,1
2021-11,77044,HOAIC,2
2021-11,77044,Swyfft Benchmark,1
2021-11,77048,HOAIC,1
2021-11,77057,SageSure SURE,1
2021-11,77059,HOAIC,1
2021-11,77063,Liberty Mutual / Safeco,1
2021-11,77064,HOAIC,1
2021-11,77064,SageSure SURE,1
2021-11,77066,HOAIC,2
2021-11,77068,Liberty Mutual / Safeco,1
2021-11,77077,SageSure SURE,1
2021-11,77079,HOAIC,1
2021-11,77079,Liberty Mutual / Safeco,4
2021-11,77079,SageSure SURE,1
2021-11,77079,Travelers,1
2021-11,77084,Liberty Mutual / Safeco,1
2021-11,77084,SageSure SURE,1
2021-11,77084,SageSure SafePort,1
2021-11,77088,Liberty Mutual / Safeco,1
2021-11,77092,HOAIC,1
2021-11,77094,Liberty Mutual / Safeco,1
2021-11,77094,Progressive / ASI,1
2021-11,77095,Mercury,1
2021-11,77095,SageSure SURE,1
2021-11,77096,SageSure SURE,1
2021-11,77316,SageSure SURE,2
2021-11,77318,Mercury,1
2021-11,77339,HOAIC,1
2021-11,77339,SageSure SURE,1
2021-11,77345,Progressive / ASI,1
2021-11,77346,Liberty Mutual / Safeco,1
2021-11,77351,SageSure SURE,1
2021-11,77356,Travelers,1
2021-11,77373,SageSure SURE,1
2021-11,77375,HOAIC,1
2021-11,77375,SageSure SURE,1
2021-11,77377,Progressive / ASI,1
2021-11,77379,Progressive / ASI,1
2021-11,77381,SageSure SURE,1
2021-11,77385,Progressive / ASI,1
2021-11,77386,Travelers,1
2021-11,77388,SageSure SURE,1
2021-11,77396,HOAIC,1
2021-11,77396,Swyfft Benchmark,1
2021-11,77401,SageSure SURE,1
2021-11,77401,Swyfft Benchmark,1
2021-11,77406,HOAIC,1
2021-11,77406,SageSure SURE,1
2021-11,77406,Swyfft Benchmark,1
2021-11,77433,HOAIC,2
2021-11,77433,SageSure SURE,1
2021-11,77441,HOAIC,1
2021-11,77441,SageSure SURE,2
2021-11,77441,Swyfft Benchmark,1
2021-11,77441,Travelers,4
2021-11,77447,HOAIC,1
2021-11,77450,Liberty Mutual / Safeco,1
2021-11,77450,SageSure SURE,3
2021-11,77459,SageSure SURE,1
2021-11,77459,Travelers,1
2021-11,77469,Travelers,1
2021-11,77471,SageSure SURE,1
2021-11,77479,Progressive / ASI,1
2021-11,77486,HOAIC,1
2021-11,77488,SageSure SURE,1
2021-11,77489,SageSure SURE,1
2021-11,77493,SageSure SURE,2
2021-11,77494,HOAIC,1
2021-11,77494,Liberty Mutual / Safeco,1
2021-11,77494,Progressive / ASI,1
2021-11,77494,SageSure SURE,3
2021-11,77503,SageSure SURE,1
2021-11,77523,Progressive / ASI,2
2021-11,77523,SageSure SURE,1
2021-11,77539,SageSure SURE,1
2021-11,77545,SageSure SURE,1
2021-11,77545,Travelers,1
2021-11,77546,Progressive / ASI,1
2021-11,77546,SageSure SURE,1
2021-11,77571,SageSure SURE,1
2021-11,77573,SageSure SURE,1
2021-11,77578,HOAIC,1
2021-11,77578,Liberty Mutual / Safeco,1
2021-11,77578,SageSure SURE,1
2021-11,77598,HOAIC,1
2021-11,78006,Progressive / ASI,1
2021-11,78041,SageSure SURE,1
2021-11,78045,SageSure SURE,4
2021-11,78046,SageSure SURE,1
2021-11,78133,HOAIC,1
2021-11,78250,SageSure SURE,1
2021-11,78602,HOAIC,1
2021-11,78934,HOAIC,1
2021-12,75901,Progressive / ASI,1
2021-12,77007,HOAIC,1
2021-12,77007,SageSure SURE,1
2021-12,77008,HOAIC,2
2021-12,77008,Travelers,1
2021-12,77009,HOAIC,1
2021-12,77011,Liberty Mutual / Safeco,1
2021-12,77015,Liberty Mutual / Safeco,1
2021-12,77020,SageSure SURE,1
2021-12,77023,SageSure SURE,1
2021-12,77024,Progressive / ASI,1
2021-12,77034,National General,1
2021-12,77035,SageSure SURE,1
2021-12,77037,Liberty Mutual / Safeco,1
2021-12,77042,HOAIC,1
2021-12,77043,Liberty Mutual / Safeco,1
2021-12,77043,SageSure SURE,1
2021-12,77048,HOAIC,1
2021-12,77057,HOAIC,1
2021-12,77063,HOAIC,1
2021-12,77064,HOAIC,1
2021-12,77065,SageSure SURE,1
2021-12,77068,HOAIC,1
2021-12,77070,HOAIC,2
2021-12,77072,Liberty Mutual / Safeco,1
2021-12,77072,SageSure SURE,1
2021-12,77073,Liberty Mutual / Safeco,1
2021-12,77073,SageSure SURE,1
2021-12,77077,National General,1
2021-12,77077,SageSure SURE,2
2021-12,77079,Liberty Mutual / Safeco,1
2021-12,77079,SageSure SURE,3
2021-12,77079,Swyfft Benchmark,1
2021-12,77079,Travelers,1
2021-12,77083,SageSure SURE,1
2021-12,77084,HOAIC,1
2021-12,77084,SageSure SURE,2
2021-12,77092,SageSure SURE,1
2021-12,77095,HOAIC,1
2021-12,77095,Liberty Mutual / Safeco,3
2021-12,77095,SageSure SURE,1
2021-12,77096,Liberty Mutual / Safeco,1
2021-12,77096,SageSure SURE,2
2021-12,77304,SageSure SURE,1
2021-12,77316,SageSure SURE,1
2021-12,77327,SageSure SURE,2
2021-12,77346,National General,1
2021-12,77355,HOAIC,1
2021-12,77355,SageSure SURE,1
2021-12,77373,HOAIC,1
2021-12,77375,HOAIC,2
2021-12,77375,Liberty Mutual / Safeco,1
2021-12,77375,SageSure SURE,2
2021-12,77378,Progressive / ASI,1
2021-12,77380,HOAIC,1
2021-12,77385,Progressive / ASI,1
2021-12,77386,HOAIC,1
2021-12,77386,National General,1
2021-12,77388,SageSure SURE,1
2021-12,77396,National General,2
2021-12,77401,Liberty Mutual / Safeco,1
2021-12,77406,HOAIC,1
2021-12,77406,SageSure SURE,3
2021-12,77407,Progressive / ASI,1
2021-12,77429,HOAIC,1
2021-12,77429,SageSure SURE,4
2021-12,77429,Swyfft Lloyds (Surplus),1
2021-12,77433,HOAIC,2
2021-12,77433,Liberty Mutual / Safeco,1
2021-12,77433,Progressive / ASI,1
2021-12,77433,SageSure SURE,1
2021-12,77441,HOAIC,3
2021-12,77441,Progressive / ASI,2
2021-12,77441,SageSure SURE,1
2021-12,77441,Travelers,2
2021-12,77447,HOAIC,1
2021-12,77449,Liberty Mutual / Safeco,1
2021-12,77449,SageSure SURE,2
2021-12,77449,Swyfft Benchmark,1
2021-12,77450,HOAIC,1
2021-12,77450,National General,1
2021-12,77450,SageSure SURE,5
2021-12,77459,HOAIC,1
2021-12,77459,SageSure SURE,2
2021-12,77474,HOAIC,1
2021-12,77474,SageSure SURE,1
2021-12,77477,SageSure SURE,1
2021-12,77478,Mercury,1
2021-12,77480,SageSure SURE,1
2021-12,77488,SageSure SURE,1
2021-12,77493,Liberty Mutual / Safeco,1
2021-12,77493,SageSure SURE,1
2021-12,77494,HOAIC,1
2021-12,77494,Liberty Mutual / Safeco,1
2021-12,77494,National General,1
2021-12,77494,Progressive / ASI,2
2021-12,77494,SageSure SURE,5
2021-12,77494,SageSure SafePort,1
2021-12,77498,HOAIC,1
2021-12,77498,SageSure SURE,1
2021-12,77504,HOAIC,1
2021-12,77505,SageSure SURE,1
2021-12,77515,HOAIC,1
2021-12,77536,HOAIC,1
2021-12,77536,SageSure SURE,1
2021-12,77541,Progressive / ASI,1
2021-12,77546,SageSure SURE,1
2021-12,77573,Progressive / ASI,2
2021-12,77581,SageSure SURE,1
2021-12,77581,Swyfft Benchmark,1
2021-12,77597,SageSure SURE,1
2021-12,77598,Progressive / ASI,1
2021-12,77662,SageSure SURE,1
2021-12,78006,Travelers,1
2021-12,78043,SageSure SURE,1
2021-12,78045,SageSure SURE,2
2021-12,78046,SageSure SURE,3
2021-12,78108,SageSure SURE,1
2021-12,78132,Travelers,1
2021-12,78248,SageSure SURE,2
2021-12,78501,SageSure SURE,1
2021-12,78613,SageSure SURE,1
2021-12,78621,ARI,1
2021-12,78652,Liberty Mutual / Safeco,1
2021-12,78657,SageSure SURE,1
2021-12,78757,SageSure SURE,1
2021-12,78757,Travelers,1
2022-01,75093,Travelers,1
2022-01,75126,Progressive / ASI,1
2022-01,76542,SageSure SURE,1
2022-01,76571,HOAIC,1
2022-01,77004,Liberty Mutual / Safeco,1
2022-01,77005,HOAIC,1
2022-01,77005,Swyfft Benchmark,1
2022-01,77006,HOAIC,1
2022-01,77007,Liberty Mutual / Safeco,1
2022-01,77008,HOAIC,2
2022-01,77008,Liberty Mutual / Safeco,1
2022-01,77008,SageSure SURE,2
2022-01,77011,HOAIC,1
2022-01,77015,Liberty Mutual / Safeco,1
2022-01,77015,SageSure SURE,1
2022-01,77018,HOAIC,1
2022-01,77018,SageSure SURE,1
2022-01,77022,Progressive / ASI,1
2022-01,77024,SageSure SURE,1
2022-01,77024,SageSure SafePort,2
2022-01,77035,Liberty Mutual / Safeco,1
2022-01,77041,SageSure SafePort,1
2022-01,77043,HOAIC,2
2022-01,77045,Liberty Mutual / Safeco,1
2022-01,77055,HOAIC,1
2022-01,77056,SageSure SURE,1
2022-01,77060,Liberty Mutual / Safeco,1
2022-01,77062,Progressive / ASI,1
2022-01,77065,Liberty Mutual / Safeco,1
2022-01,77065,National General,1
2022-01,77065,SageSure SURE,1
2022-01,77069,SageSure SURE,1
2022-01,77070,SageSure SURE,2
2022-01,77072,HOAIC,1
2022-01,77073,Travelers,1
2022-01,77075,SageSure SURE,1
2022-01,77077,HOAIC,1
2022-01,77077,SageSure SURE,2
2022-01,77079,SageSure SURE,2
2022-01,77080,Liberty Mutual / Safeco,1
2022-01,77082,HOAIC,1
2022-01,77082,SageSure SURE,1
2022-01,77084,Liberty Mutual / Safeco,1
2022-01,77084,SageSure SURE,1
2022-01,77088,Swyfft Benchmark,1
2022-01,77089,SageSure SURE,1
2022-01,77091,HOAIC,1
2022-01,77094,Liberty Mutual / Safeco,1
2022-01,77096,Liberty Mutual / Safeco,1
2022-01,77316,HOAIC,1
2022-01,77346,HOAIC,1
2022-01,77346,Liberty Mutual / Safeco,1
2022-01,77346,SageSure SURE,1
2022-01,77355,SageSure SURE,1
2022-01,77375,Liberty Mutual / Safeco,1
2022-01,77375,Progressive / ASI,1
2022-01,77378,Travelers,1
2022-01,77379,SageSure SURE,1
2022-01,77381,Mercury,1
2022-01,77386,Liberty Mutual / Safeco,1
2022-01,77386,Swyfft Benchmark,1
2022-01,77388,SageSure SURE,2
2022-01,77396,HOAIC,1
2022-01,77406,Progressive / ASI,1
2022-01,77406,SageSure SURE,1
2022-01,77407,Travelers,1
2022-01,77417,SageSure SURE,1
2022-01,77423,Progressive / ASI,1
2022-01,77423,SageSure SURE,1
2022-01,77429,Liberty Mutual / Safeco,1
2022-01,77429,SageSure SURE,2
2022-01,77433,SageSure SURE,1
2022-01,77441,SageSure SURE,5
2022-01,77441,Swyfft Benchmark,1
2022-01,77447,Liberty Mutual / Safeco,1
2022-01,77449,Liberty Mutual / Safeco,1
2022-01,77449,National General,1
2022-01,77449,SageSure SURE,3
2022-01,77450,HOAIC,2
2022-01,77450,Liberty Mutual / Safeco,2
2022-01,77450,National General,1
2022-01,77450,SageSure SURE,1
2022-01,77459,National General,1
2022-01,77459,SageSure SURE,2
2022-01,77459,Travelers,2
2022-01,77469,HOAIC,1
2022-01,77471,SageSure SURE,1
2022-01,77477,HOAIC,1
2022-01,77479,SageSure SURE,1
2022-01,77493,HOAIC,2
2022-01,77493,SageSure SURE,4
2022-01,77494,Progressive / ASI,1
2022-01,77494,SageSure SURE,4
2022-01,77498,SageSure SURE,1
2022-01,77506,HOAIC,1
2022-01,77521,Swyfft Benchmark,1
2022-01,77541,Progressive / ASI,1
2022-01,77546,SageSure SURE,1
2022-01,77566,HOAIC,1
2022-01,77568,SageSure SURE,1
2022-01,77581,Swyfft Benchmark,1
2022-01,77583,HOAIC,2
2022-01,77584,SageSure SURE,1
2022-01,78023,ARI,1
2022-01,78041,SageSure SURE,2
2022-01,78045,SageSure SURE,4
2022-01,78046,SageSure SURE,3
2022-01,78130,SageSure SURE,1
2022-01,78245,SageSure SURE,1
2022-01,78248,SageSure SafePort,1
2022-01,78249,Liberty Mutual / Safeco,1
2022-01,78382,SageSure SURE,1
2022-01,78409,SageSure SURE,1
2022-01,78504,SageSure SURE,1
2022-01,78664,Progressive / ASI,3
2022-01,78665,SageSure SURE,1
2022-02,75078,Travelers,1
2022-02,75605,Liberty Mutual / Safeco,1
2022-02,77003,HOAIC,1
2022-02,77007,Liberty Mutual / Safeco,1
2022-02,77007,Progressive / ASI,1
2022-02,77007,Travelers,2
2022-02,77008,SageSure SURE,2
2022-02,77009,HOAIC,1
2022-02,77018,Liberty Mutual / Safeco,1
2022-02,77018,SageSure SURE,3
2022-02,77018,Swyfft Benchmark,1
2022-02,77018,Travelers,1
2022-02,77023,SageSure SURE,1
2022-02,77031,SageSure SURE,1
2022-02,77035,Liberty Mutual / Safeco,1
2022-02,77042,SageSure SURE,3
2022-02,77049,Liberty Mutual / Safeco,1
2022-02,77049,SageSure SURE,1
2022-02,77055,Swyfft Benchmark,1
2022-02,77064,SageSure SURE,1
2022-02,77068,SageSure SURE,1
2022-02,77070,HOAIC,1
2022-02,77070,SageSure SURE,1
2022-02,77072,SageSure SURE,1
2022-02,77077,Liberty Mutual / Safeco,2
2022-02,77077,SageSure SURE,1
2022-02,77079,HOAIC,1
2022-02,77079,Liberty Mutual / Safeco,4
2022-02,77079,SageSure SURE,1
2022-02,77080,Liberty Mutual / Safeco,1
2022-02,77081,Liberty Mutual / Safeco,1
2022-02,77084,HOAIC,1
2022-02,77084,Liberty Mutual / Safeco,5
2022-02,77089,Liberty Mutual / Safeco,1
2022-02,77095,National General,1
2022-02,77095,SageSure SURE,1
2022-02,77301,HOAIC,1
2022-02,77304,HOAIC,2
2022-02,77316,Progressive / ASI,1
2022-02,77316,SageSure SURE,1
2022-02,77318,Liberty Mutual / Safeco,1
2022-02,77327,Progressive / ASI,1
2022-02,77336,SageSure SURE,1
2022-02,77338,HOAIC,1
2022-02,77339,National General,1
2022-02,77340,SageSure SURE,1
2022-02,77346,HOAIC,1
2022-02,77346,Liberty Mutual / Safeco,1
2022-02,77346,SageSure SURE,1
2022-02,77365,SageSure SURE,1
2022-02,77365,Travelers,1
2022-02,77377,Progressive / ASI,1
2022-02,77379,Liberty Mutual / Safeco,1
2022-02,77388,Liberty Mutual / Safeco,1
2022-02,77396,Progressive / ASI,1
2022-02,77406,HOAIC,3
2022-02,77406,Liberty Mutual / Safeco,1
2022-02,77406,Mercury,1
2022-02,77406,SageSure SURE,1
2022-02,77406,Swyfft Lloyds (Surplus),1
2022-02,77406,Travelers,2
2022-02,77407,HOAIC,1
2022-02,77407,Progressive / ASI,2
2022-02,77407,SageSure SURE,1
2022-02,77407,Travelers,1
2022-02,77423,HOAIC,1
2022-02,77429,Travelers,1
2022-02,77433,HOAIC,1
2022-02,77433,Liberty Mutual / Safeco,1
2022-02,77433,SageSure SURE,1
2022-02,77441,Progressive / ASI,1
2022-02,77441,SageSure SURE,2
2022-02,77441,Travelers,1
2022-02,77445,HOAIC,1
2022-02,77449,HOAIC,2
2022-02,77449,SageSure SURE,2
2022-02,77450,HOAIC,1
2022-02,77450,Liberty Mutual / Safeco,1
2022-02,77450,Mercury,1
2022-02,77450,National General,2
2022-02,77450,SageSure SURE,2
2022-02,77459,SageSure SURE,2
2022-02,77469,Mercury,2
2022-02,77479,HOAIC,1
2022-02,77493,Mercury,1
2022-02,77493,SageSure SURE,1
2022-02,77494,HOAIC,2
2022-02,77494,Mercury,1
2022-02,77494,SageSure SURE,7
2022-02,77494,Swyfft Benchmark,1
2022-02,77502,SageSure SURE,1
2022-02,77546,Liberty Mutual / Safeco,1
2022-02,77578,HOAIC,1
2022-02,77583,HOAIC,1
2022-02,77584,SageSure SURE,1
2022-02,77713,Swyfft Benchmark,1
2022-02,78045,SageSure SURE,1
2022-02,78046,SageSure SURE,2
2022-02,78724,SageSure SURE,1
2022-02,79118,National General,1
2022-03,77007,Travelers,1
2022-03,77018,Mercury,1
2022-03,77041,National General,2
2022-03,77047,HOAIC,1
2022-03,77049,Mercury,1
2022-03,77053,Mercury,1
2022-03,77063,Liberty Mutual / Safeco,1
2022-03,77064,Liberty Mutual / Safeco,1
2022-03,77064,Progressive / ASI,1
2022-03,77079,Liberty Mutual / Safeco,2
2022-03,77079,Mercury,1
2022-03,77079,Travelers,1
2022-03,77083,SageSure SURE,1
2022-03,77085,SageSure SURE,1
2022-03,77094,HOAIC,1
2022-03,77095,HOAIC,1
2022-03,77095,National General,1
2022-03,77318,Liberty Mutual / Safeco,1
2022-03,77327,HOAIC,1
2022-03,77346,Travelers,1
2022-03,77356,SageSure SURE,1
2022-03,77362,Travelers,1
2022-03,77365,Travelers,2
2022-03,77375,Progressive / ASI,1
2022-03,77384,Travelers,1
2022-03,77386,SageSure SURE,1
2022-03,77396,Progressive / ASI,1
2022-03,77406,HOAIC,1
2022-03,77406,Mercury,1
2022-03,77407,Swyfft Benchmark,1
2022-03,77407,Travelers,1
2022-03,77414,Swyfft Benchmark,1
2022-03,77423,HOAIC,2
2022-03,77423,National General,1
2022-03,77429,Mercury,2
2022-03,77433,HOAIC,1
2022-03,77433,Liberty Mutual / Safeco,1
2022-03,77433,Travelers,1
2022-03,77441,Mercury,1
2022-03,77441,Swyfft Benchmark,1
2022-03,77449,Liberty Mutual / Safeco,1
2022-03,77449,Mercury,1
2022-03,77450,Liberty Mutual / Safeco,2
2022-03,77450,Mercury,1
2022-03,77450,SageSure SURE,3
2022-03,77471,Travelers,1
2022-03,77479,Swyfft Benchmark,1
2022-03,77493,SageSure SURE,1
2022-03,77493,Travelers,1
2022-03,77494,Mercury,2
2022-03,77498,Travelers,1
2022-03,77511,HOAIC,1
2022-03,77535,Foremost,1
2022-03,77541,Progressive / ASI,1
2022-03,77546,SageSure SURE,1
2022-03,77586,Progressive / ASI,1
2022-03,77708,SageSure SURE,1
2022-03,77868,HOAIC,1
2022-03,77901,Liberty Mutual / Safeco,1
2022-03,78041,SageSure SURE,1
2022-03,78045,SageSure SURE,1
2022-03,78046,SageSure SURE,1
2022-03,78123,Liberty Mutual / Safeco,1
2022-03,78624,Mercury,1
2022-03,78624,Travelers,1
2022-03,78652,Progressive / ASI,1
2022-03,78665,Liberty Mutual / Safeco,1
2022-03,79765,Mercury,1
2022-04,75757,Mercury,1
2022-04,76051,Mercury,1
2022-04,76179,Travelers,1
2022-04,77005,Travelers,1
2022-04,77006,Liberty Mutual / Safeco,1
2022-04,77007,Liberty Mutual / Safeco,1
2022-04,77007,Travelers,1
2022-04,77008,Liberty Mutual / Safeco,1
2022-04,77018,Travelers,1
2022-04,77024,Liberty Mutual / Safeco,1
2022-04,77024,SageSure SURE,1
2022-04,77043,HOAIC,1
2022-04,77044,National General,1
2022-04,77049,HOAIC,1
2022-04,77060,National General,1
2022-04,77064,Mercury,1
2022-04,77065,SageSure SURE,1
2022-04,77066,Liberty Mutual / Safeco,1
2022-04,77069,Liberty Mutual / Safeco,1
2022-04,77070,National General,1
2022-04,77070,SageSure SURE,1
2022-04,77077,HOAIC,1
2022-04,77077,Liberty Mutual / Safeco,2
2022-04,77079,HOAIC,1
2022-04,77079,Liberty Mutual / Safeco,1
2022-04,77079,SageSure SafePort,1
2022-04,77084,Liberty Mutual / Safeco,1
2022-04,77084,National General,1
2022-04,77088,Liberty Mutual / Safeco,1
2022-04,77089,HOAIC,1
2022-04,77089,Swyfft Benchmark,1
2022-04,77090,Swyfft Benchmark,1
2022-04,77094,HOAIC,1
2022-04,77095,HOAIC,1
2022-04,77096,HOAIC,1
2022-04,77098,Progressive / ASI,1
2022-04,77099,SageSure SURE,1
2022-04,77304,HOAIC,1
2022-04,77327,SageSure SURE,1
2022-04,77346,HOAIC,2
2022-04,77346,Liberty Mutual / Safeco,4
2022-04,77346,National General,1
2022-04,77356,SageSure SURE,1
2022-04,77359,SageSure SafePort,1
2022-04,77375,Liberty Mutual / Safeco,1
2022-04,77384,HOAIC,1
2022-04,77386,HOAIC,1
2022-04,77386,Liberty Mutual / Safeco,1
2022-04,77386,Travelers,1
2022-04,77388,National General,1
2022-04,77407,Travelers,1
2022-04,77418,SageSure SURE,1
2022-04,77429,HOAIC,1
2022-04,77429,Liberty Mutual / Safeco,1
2022-04,77433,HOAIC,1
2022-04,77433,Swyfft Benchmark,1
2022-04,77441,HOAIC,2
2022-04,77441,Progressive / ASI,1
2022-04,77441,Travelers,1
2022-04,77445,Travelers,1
2022-04,77449,Liberty Mutual / Safeco,1
2022-04,77449,National General,1
2022-04,77450,Liberty Mutual / Safeco,1
2022-04,77450,National General,1
2022-04,77459,Progressive / ASI,1
2022-04,77459,Travelers,1
2022-04,77469,Liberty Mutual / Safeco,1
2022-04,77479,SageSure SURE,1
2022-04,77479,Travelers,1
2022-04,77493,HOAIC,1
2022-04,77493,Liberty Mutual / Safeco,1
2022-04,77494,HOAIC,1
2022-04,77494,Liberty Mutual / Safeco,1
2022-04,77494,Mercury,1
2022-04,77494,SageSure SURE,2
2022-04,77494,Swyfft Benchmark,1
2022-04,77494,Travelers,2
2022-04,77532,HOAIC,1
2022-04,77539,SageSure SURE,1
2022-04,77545,Mercury,1
2022-04,77546,SageSure SURE,1
2022-04,77578,HOAIC,2
2022-04,77583,HOAIC,1
2022-04,77630,Liberty Mutual / Safeco,1
2022-04,78045,SageSure SURE,1
2022-04,78046,Mercury,1
2022-04,79015,Liberty Mutual / Safeco,1
2022-04,79064,Travelers,1
2022-04,79912,Liberty Mutual / Safeco,1
2022-05,75068,National General,1
2022-05,75077,Chubb,1
2022-05,75098,Travelers,1
2022-05,76085,Liberty Mutual / Safeco,1
2022-05,77003,Liberty Mutual / Safeco,2
2022-05,77004,HOAIC,2
2022-05,77005,Chubb,1
2022-05,77006,HOAIC,1
2022-05,77007,SageSure SURE,1
2022-05,77007,Travelers,2
2022-05,77008,HOAIC,2
2022-05,77018,HOAIC,1
2022-05,77019,Travelers,1
2022-05,77021,SageSure SURE,1
2022-05,77022,Liberty Mutual / Safeco,1
2022-05,77025,HOAIC,1
2022-05,77025,SageSure SURE,1
2022-05,77028,National General,1
2022-05,77031,HOAIC,1
2022-05,77038,HOAIC,1
2022-05,77039,Liberty Mutual / Safeco,1
2022-05,77043,HOAIC,1
2022-05,77043,Liberty Mutual / Safeco,2
2022-05,77043,SageSure SURE,1
2022-05,77044,National General,1
2022-05,77044,SageSure SURE,1
2022-05,77047,HOAIC,2
2022-05,77047,National General,1
2022-05,77047,Swyfft Benchmark,1
2022-05,77049,HOAIC,1
2022-05,77049,National General,4
2022-05,77053,HOAIC,1
2022-05,77053,National General,1
2022-05,77054,SageSure SURE,1
2022-05,77063,HOAIC,3
2022-05,77066,HOAIC,1
2022-05,77068,Mercury,1
2022-05,77069,Liberty Mutual / Safeco,1
2022-05,77069,National General,1
2022-05,77070,SageSure SURE,1
2022-05,77073,HOAIC,3
2022-05,77073,National General,1
2022-05,77077,HOAIC,1
2022-05,77079,National General,1
2022-05,77079,Progressive / ASI,1
2022-05,77079,SageSure SURE,1
2022-05,77079,Travelers,2
2022-05,77080,HOAIC,1
2022-05,77082,Travelers,1
2022-05,77084,HOAIC,2
2022-05,77084,Liberty Mutual / Safeco,2
2022-05,77084,SageSure SURE,1
2022-05,77084,SageSure SafePort,1
2022-05,77086,HOAIC,2
2022-05,77086,National General,1
2022-05,77090,ARI,1
2022-05,77093,HOAIC,1
2022-05,77095,HOAIC,1
2022-05,77095,National General,1
2022-05,77302,Liberty Mutual / Safeco,1
2022-05,77303,National General,1
2022-05,77318,Liberty Mutual / Safeco,1
2022-05,77327,Progressive / ASI,1
2022-05,77338,SageSure SURE,1
2022-05,77339,HOAIC,1
2022-05,77339,Swyfft Benchmark,1
2022-05,77345,HOAIC,1
2022-05,77346,HOAIC,1
2022-05,77346,National General,4
2022-05,77354,Liberty Mutual / Safeco,1
2022-05,77355,TWICO,1
2022-05,77356,SageSure SafePort,1
2022-05,77356,Travelers,1
2022-05,77365,HOAIC,1
2022-05,77365,National General,1
2022-05,77373,HOAIC,1
2022-05,77373,National General,1
2022-05,77377,HOAIC,2
2022-05,77377,Travelers,1
2022-05,77379,HOAIC,1
2022-05,77379,Liberty Mutual / Safeco,2
2022-05,77379,National General,1
2022-05,77381,Liberty Mutual / Safeco,1
2022-05,77381,SageSure SURE,1
2022-05,77384,Liberty Mutual / Safeco,1
2022-05,77385,SageSure SafePort,1
2022-05,77388,HOAIC,2
2022-05,77389,HOAIC,1
2022-05,77389,National General,1
2022-05,77396,HOAIC,1
2022-05,77396,National General,3
2022-05,77396,Swyfft Lloyds (Surplus),1
2022-05,77406,HOAIC,1
2022-05,77406,National General,1
2022-05,77407,Travelers,1
2022-05,77429,HOAIC,1
2022-05,77429,SageSure SURE,1
2022-05,77429,TWICO,1
2022-05,77429,Travelers,1
2022-05,77433,SageSure SURE,2
2022-05,77433,Travelers,2
2022-05,77441,HOAIC,1
2022-05,77449,HOAIC,1
2022-05,77449,Liberty Mutual / Safeco,1
2022-05,77449,National General,4
2022-05,77450,HOAIC,1
2022-05,77450,Liberty Mutual / Safeco,1
2022-05,77450,SageSure SURE,1
2022-05,77459,HOAIC,2
2022-05,77459,Progressive / ASI,1
2022-05,77459,SageSure SURE,1
2022-05,77461,SageSure SURE,1
2022-05,77469,Mercury,1
2022-05,77471,HOAIC,1
2022-05,77471,Travelers,1
2022-05,77474,HOAIC,1
2022-05,77479,HOAIC,1
2022-05,77493,HOAIC,2
2022-05,77493,Liberty Mutual / Safeco,1
2022-05,77493,National General,4
2022-05,77494,National General,4
2022-05,77494,SageSure SURE,2
2022-05,77494,SageSure SafePort,1
2022-05,77502,HOAIC,1
2022-05,77503,SageSure SURE,1
2022-05,77515,SageSure SURE,1
2022-05,77523,Progressive / ASI,1
2022-05,77532,Liberty Mutual / Safeco,1
2022-05,77532,Mercury,1
2022-05,77532,National General,1
2022-05,77539,SageSure SafePort,1
2022-05,77545,HOAIC,1
2022-05,77545,Mercury,1
2022-05,77545,SageSure SURE,1
2022-05,77545,SageSure SafePort,1
2022-05,77545,Swyfft Benchmark,1
2022-05,77545,Travelers,1
2022-05,77546,Progressive / ASI,1
2022-05,77546,SageSure SURE,1
2022-05,77546,Swyfft Benchmark,2
2022-05,77573,SageSure SURE,3
2022-05,77578,HOAIC,1
2022-05,77581,HOAIC,1
2022-05,77581,SageSure SURE,2
2022-05,77583,HOAIC,2
2022-05,77583,SageSure SURE,1
2022-05,77584,HOAIC,1
2022-05,77584,SageSure SURE,4
2022-05,77584,SageSure SafePort,1
2022-05,77584,Swyfft Benchmark,1
2022-05,77590,Liberty Mutual / Safeco,1
2022-05,77591,Progressive / ASI,1
2022-05,77591,SageSure SURE,1
2022-05,78045,SageSure SURE,2
2022-05,78045,Travelers,1
2022-05,78154,SageSure SURE,1
2022-05,78251,HOAIC,1
2022-05,78258,Liberty Mutual / Safeco,1
2022-05,78374,Mercury,1
2022-05,78626,Liberty Mutual / Safeco,1
2022-05,78641,Progressive / ASI,1
2022-05,78676,Liberty Mutual / Safeco,1
2022-05,78934,Travelers,1
2022-05,78956,HOAIC,1
2022-06,75240,Liberty Mutual / Safeco,1
2022-06,76501,ARI,1
2022-06,76537,HOAIC,1
2022-06,77007,HOAIC,1
2022-06,77018,HOAIC,1
2022-06,77018,Liberty Mutual / Safeco,1
2022-06,77035,SageSure SURE,1
2022-06,77036,Liberty Mutual / Safeco,2
2022-06,77042,SageSure SURE,1
2022-06,77042,Travelers,1
2022-06,77043,Travelers,1
2022-06,77055,HOAIC,1
2022-06,77064,HOAIC,1
2022-06,77064,Liberty Mutual / Safeco,1
2022-06,77064,National General,2
2022-06,77070,National General,1
2022-06,77070,SageSure SURE,1
2022-06,77074,Liberty Mutual / Safeco,1
2022-06,77077,HOAIC,1
2022-06,77079,HOAIC,2
2022-06,77079,Liberty Mutual / Safeco,1
2022-06,77079,Progressive / ASI,1
2022-06,77079,SageSure SURE,1
2022-06,77080,HOAIC,1
2022-06,77081,SageSure SURE,1
2022-06,77084,SageSure SURE,1
2022-06,77089,Progressive / ASI,1
2022-06,77092,Liberty Mutual / Safeco,1
2022-06,77095,Liberty Mutual / Safeco,1
2022-06,77304,HOAIC,1
2022-06,77304,Liberty Mutual / Safeco,1
2022-06,77304,Mercury,1
2022-06,77304,Travelers,1
2022-06,77327,Travelers,1
2022-06,77336,SageSure SURE,1
2022-06,77339,Liberty Mutual / Safeco,1
2022-06,77346,National General,1
2022-06,77354,SageSure SURE,1
2022-06,77356,Liberty Mutual / Safeco,1
2022-06,77357,Progressive / ASI,2
2022-06,77365,HOAIC,2
2022-06,77375,HOAIC,1
2022-06,77377,Liberty Mutual / Safeco,3
2022-06,77381,HOAIC,1
2022-06,77381,Liberty Mutual / Safeco,1
2022-06,77382,Travelers,1
2022-06,77384,HOAIC,1
2022-06,77385,National General,2
2022-06,77385,Travelers,1
2022-06,77386,HOAIC,1
2022-06,77388,National General,1
2022-06,77396,Liberty Mutual / Safeco,1
2022-06,77406,HOAIC,1
2022-06,77406,Mercury,1
2022-06,77406,National General,1
2022-06,77406,Travelers,2
2022-06,77407,Liberty Mutual / Safeco,1
2022-06,77423,Travelers,1
2022-06,77429,National General,1
2022-06,77429,Progressive / ASI,1
2022-06,77429,SageSure SURE,1
2022-06,77434,SageSure SURE,1
2022-06,77441,HOAIC,1
2022-06,77441,Progressive / ASI,1
2022-06,77441,Travelers,2
2022-06,77450,Liberty Mutual / Safeco,1
2022-06,77450,Progressive / ASI,1
2022-06,77459,Progressive / ASI,1
2022-06,77469,HOAIC,1
2022-06,77474,HOAIC,1
2022-06,77474,Progressive / ASI,1
2022-06,77478,Progressive / ASI,1
2022-06,77479,Travelers,1
2022-06,77480,Swyfft Benchmark,1
2022-06,77489,SageSure SURE,1
2022-06,77493,ARI,1
2022-06,77493,HOAIC,2
2022-06,77493,National General,1
2022-06,77493,Progressive / ASI,1
2022-06,77493,SageSure SURE,1
2022-06,77494,HOAIC,2
2022-06,77494,Liberty Mutual / Safeco,1
2022-06,77494,Mercury,2
2022-06,77494,National General,2
2022-06,77494,SageSure SURE,2
2022-06,77498,Liberty Mutual / Safeco,1
2022-06,77515,HOAIC,1
2022-06,77530,SageSure SURE,1
2022-06,77532,HOAIC,1
2022-06,77554,Progressive / ASI,1
2022-06,77578,HOAIC,1
2022-06,77583,HOAIC,2
2022-06,77584,HOAIC,1
2022-06,77708,Progressive / ASI,1
2022-06,77861,Progressive / ASI,1
2022-06,77904,HOAIC,1
2022-06,78045,SageSure SURE,1
2022-06,78046,SageSure SafePort,1
2022-06,78130,Liberty Mutual / Safeco,1
2022-06,78132,Chubb,1
2022-06,78163,Liberty Mutual / Safeco,2
2022-06,78261,Travelers,1
2022-06,78613,Liberty Mutual / Safeco,1
2022-06,79705,Liberty Mutual / Safeco,1
2022-07,75964,Liberty Mutual / Safeco,1
2022-07,77005,SageSure SURE,1
2022-07,77015,HOAIC,1
2022-07,77018,HOAIC,1
2022-07,77018,Mercury,1
2022-07,77029,HOAIC,1
2022-07,77038,SageSure SURE,1
2022-07,77041,National General,1
2022-07,77042,HOAIC,1
2022-07,77049,National General,1
2022-07,77049,Swyfft Lloyds (Surplus),1
2022-07,77056,SageSure SURE,1
2022-07,77062,HOAIC,1
2022-07,77064,HOAIC,1
2022-07,77065,HOAIC,1
2022-07,77068,Liberty Mutual / Safeco,1
2022-07,77071,Swyfft Benchmark,1
2022-07,77072,Liberty Mutual / Safeco,1
2022-07,77075,National General,1
2022-07,77079,HOAIC,1
2022-07,77079,SageSure SURE,1
2022-07,77080,Liberty Mutual / Safeco,1
2022-07,77082,SageSure SURE,1
2022-07,77083,HOAIC,1
2022-07,77088,Mercury,1
2022-07,77088,SageSure SURE,1
2022-07,77090,National General,1
2022-07,77096,SageSure SafePort,1
2022-07,77302,HOAIC,1
2022-07,77306,Progressive / ASI,4
2022-07,77327,HOAIC,1
2022-07,77336,HOAIC,1
2022-07,77346,National General,2
2022-07,77346,Progressive / ASI,1
2022-07,77351,HOAIC,1
2022-07,77355,Mercury,1
2022-07,77356,SageSure SURE,1
2022-07,77357,Progressive / ASI,3
2022-07,77365,National General,1
2022-07,77373,HOAIC,2
2022-07,77375,HOAIC,1
2022-07,77375,SageSure SURE,1
2022-07,77377,Liberty Mutual / Safeco,1
2022-07,77377,Mercury,1
2022-07,77385,Liberty Mutual / Safeco,1
2022-07,77386,Travelers,2
2022-07,77388,HOAIC,1
2022-07,77388,National General,1
2022-07,77388,SageSure SURE,1
2022-07,77389,Liberty Mutual / Safeco,1
2022-07,77406,HOAIC,1
2022-07,77406,Mercury,1
2022-07,77406,Travelers,1
2022-07,77407,HOAIC,1
2022-07,77407,Travelers,3
2022-07,77429,National General,1
2022-07,77429,Travelers,1
2022-07,77433,HOAIC,1
2022-07,77433,National General,1
2022-07,77441,HOAIC,1
2022-07,77441,National General,1
2022-07,77441,Travelers,1
2022-07,77447,HOAIC,1
2022-07,77449,HOAIC,1
2022-07,77449,Progressive / ASI,1
2022-07,77450,Liberty Mutual / Safeco,1
2022-07,77474,Progressive / ASI,1
2022-07,77479,HOAIC,1
2022-07,77479,SageSure SURE,2
2022-07,77484,Travelers,1
2022-07,77494,HOAIC,2
2022-07,77494,National General,2
2022-07,77494,Swyfft Benchmark,1
2022-07,77503,HOAIC,1
2022-07,77510,SageSure SURE,1
2022-07,77521,Progressive / ASI,1
2022-07,77535,National General,1
2022-07,77539,SageSure SURE,1
2022-07,77545,Travelers,1
2022-07,77546,SageSure SURE,1
2022-07,77565,Progressive / ASI,1
2022-07,77578,SageSure SURE,1
2022-07,77584,HOAIC,1
2022-07,77622,SageSure SURE,1
2022-07,78045,SageSure SURE,1
2022-07,78387,Progressive / ASI,1
2022-07,78389,Liberty Mutual / Safeco,1
2022-07,78738,Liberty Mutual / Safeco,1
2022-07,78746,Liberty Mutual / Safeco,1
2022-07,78962,Mercury,1
2022-08,75071,HOAIC,1
2022-08,75080,Liberty Mutual / Safeco,1
2022-08,76227,HOAIC,1
2022-08,76247,HOAIC,1
2022-08,76801,Travelers,1
2022-08,77004,Liberty Mutual / Safeco,1
2022-08,77005,Travelers,1
2022-08,77007,HOAIC,1
2022-08,77008,SageSure SURE,1
2022-08,77009,HOAIC,2
2022-08,77009,Liberty Mutual / Safeco,1
2022-08,77011,Liberty Mutual / Safeco,1
2022-08,77014,HOAIC,1
2022-08,77018,HOAIC,1
2022-08,77018,Mercury,1
2022-08,77024,Liberty Mutual / Safeco,1
2022-08,77025,Travelers,1
2022-08,77030,HOAIC,1
2022-08,77042,Liberty Mutual / Safeco,1
2022-08,77043,Travelers,1
2022-08,77044,HOAIC,1
2022-08,77047,Swyfft Benchmark,1
2022-08,77048,Liberty Mutual / Safeco,1
2022-08,77055,HOAIC,1
2022-08,77063,Swyfft Benchmark,1
2022-08,77065,Liberty Mutual / Safeco,1
2022-08,77066,SageSure SURE,1
2022-08,77068,HOAIC,1
2022-08,77070,National General,1
2022-08,77075,HOAIC,1
2022-08,77076,HOAIC,1
2022-08,77077,HOAIC,2
2022-08,77077,Swyfft Benchmark,1
2022-08,77079,HOAIC,1
2022-08,77079,Liberty Mutual / Safeco,1
2022-08,77079,National General,1
2022-08,77079,SageSure SURE,1
2022-08,77082,HOAIC,1
2022-08,77082,SageSure SURE,1
2022-08,77082,Travelers,1
2022-08,77083,HOAIC,1
2022-08,77083,Swyfft Benchmark,1
2022-08,77084,HOAIC,2
2022-08,77084,SageSure SURE,1
2022-08,77089,SageSure SafePort,1
2022-08,77090,SageSure SURE,1
2022-08,77092,Travelers,1
2022-08,77095,HOAIC,1
2022-08,77096,HOAIC,1
2022-08,77306,HOAIC,1
2022-08,77306,Progressive / ASI,4
2022-08,77316,Progressive / ASI,1
2022-08,77316,Travelers,1
2022-08,77318,Travelers,1
2022-08,77345,HOAIC,1
2022-08,77346,National General,1
2022-08,77346,Travelers,1
2022-08,77354,Progressive / ASI,1
2022-08,77355,HOAIC,1
2022-08,77356,National General,1
2022-08,77356,Travelers,1
2022-08,77357,HOAIC,1
2022-08,77365,Travelers,1
2022-08,77373,HOAIC,1
2022-08,77375,HOAIC,1
2022-08,77375,SageSure SURE,1
2022-08,77377,SageSure SURE,1
2022-08,77377,Travelers,1
2022-08,77379,Liberty Mutual / Safeco,1
2022-08,77384,National General,1
2022-08,77388,HOAIC,1
2022-08,77406,Travelers,1
2022-08,77407,Travelers,1
2022-08,77429,HOAIC,5
2022-08,77429,Progressive / ASI,1
2022-08,77430,HOAIC,1
2022-08,77433,HOAIC,1
2022-08,77433,SageSure SURE,1
2022-08,77433,Travelers,1
2022-08,77441,Mercury,1
2022-08,77441,Progressive / ASI,1
2022-08,77447,HOAIC,1
2022-08,77449,Progressive / ASI,1
2022-08,77449,Travelers,2
2022-08,77450,Chubb,1
2022-08,77450,HOAIC,1
2022-08,77450,Mercury,1
2022-08,77450,SageSure SURE,1
2022-08,77450,Travelers,2
2022-08,77459,Mercury,1
2022-08,77459,Progressive / ASI,1
2022-08,77471,HOAIC,1
2022-08,77471,Travelers,1
2022-08,77474,National General,1
2022-08,77479,SageSure SafePort,1
2022-08,77479,Travelers,1
2022-08,77484,National General,1
2022-08,77493,HOAIC,1
2022-08,77493,Mercury,2
2022-08,77494,HOAIC,2
2022-08,77494,Mercury,1
2022-08,77494,National General,1
2022-08,77494,Progressive / ASI,1
2022-08,77494,Travelers,1
2022-08,77536,SageSure Occidental,1
2022-08,77546,Liberty Mutual / Safeco,1
2022-08,77546,SageSure SURE,1
2022-08,77554,Progressive / ASI,1
2022-08,77566,HOAIC,1
2022-08,77568,SageSure SURE,1
2022-08,77575,Liberty Mutual / Safeco,1
2022-08,77578,HOAIC,2
2022-08,77583,HOAIC,1
2022-08,77584,SageSure SURE,1
2022-08,77586,Travelers,1
2022-08,77803,HOAIC,1
2022-08,77840,Liberty Mutual / Safeco,1
2022-08,77845,SageSure SURE,1
2022-08,78045,SageSure SURE,1
2022-08,78133,SageSure SURE,1
2022-09,75048,HOAIC,1
2022-09,75126,HOAIC,1
2022-09,75845,Progressive / ASI,1
2022-09,76126,National General,1
2022-09,77003,Travelers,1
2022-09,77005,HOAIC,1
2022-09,77006,SageSure SURE,1
2022-09,77006,Travelers,1
2022-09,77007,Travelers,2
2022-09,77008,Travelers,1
2022-09,77009,Liberty Mutual / Safeco,1
2022-09,77009,Travelers,1
2022-09,77018,Mercury,1
2022-09,77018,Progressive / ASI,1
2022-09,77020,Progressive / ASI,1
2022-09,77024,HOAIC,1
2022-09,77027,Chubb,1
2022-09,77030,HOAIC,1
2022-09,77033,SageSure SURE,1
2022-09,77036,SageSure SURE,1
2022-09,77039,Liberty Mutual / Safeco,1
2022-09,77041,HOAIC,1
2022-09,77041,Progressive / ASI,1
2022-09,77041,Travelers,1
2022-09,77043,HOAIC,1
2022-09,77043,Liberty Mutual / Safeco,1
2022-09,77062,SageSure SURE,1
2022-09,77063,SageSure SURE,1
2022-09,77068,Progressive / ASI,1
2022-09,77070,Liberty Mutual / Safeco,1
2022-09,77073,HOAIC,1
2022-09,77077,SageSure SURE,1
2022-09,77078,HOAIC,1
2022-09,77079,Progressive / ASI,1
2022-09,77079,SageSure SURE,2
2022-09,77079,Travelers,1
2022-09,77083,Swyfft Benchmark,1
2022-09,77084,Travelers,2
2022-09,77086,Liberty Mutual / Safeco,1
2022-09,77095,Liberty Mutual / Safeco,1
2022-09,77098,HOAIC,1
2022-09,77098,Travelers,1
2022-09,77304,Travelers,1
2022-09,77306,Progressive / ASI,2
2022-09,77316,HOAIC,1
2022-09,77316,Progressive / ASI,1
2022-09,77327,Progressive / ASI,1
2022-09,77339,Travelers,1
2022-09,77346,HOAIC,1
2022-09,77346,Liberty Mutual / Safeco,1
2022-09,77355,Progressive / ASI,1
2022-09,77356,Travelers,2
2022-09,77357,SageSure SURE,1
2022-09,77364,Travelers,1
2022-09,77365,Travelers,1
2022-09,77377,HOAIC,1
2022-09,77379,SageSure SURE,1
2022-09,77379,Travelers,1
2022-09,77406,SageSure SafePort,1
2022-09,77418,Progressive / ASI,1
2022-09,77429,Progressive / ASI,1
2022-09,77433,SageSure SURE,1
2022-09,77441,Travelers,1
2022-09,77445,Swyfft Benchmark,1
2022-09,77449,SageSure SURE,2
2022-09,77450,HOAIC,1
2022-09,77450,SageSure SURE,1
2022-09,77450,Travelers,1
2022-09,77459,Progressive / ASI,1
2022-09,77459,SageSure SURE,1
2022-09,77459,Swyfft Benchmark,1
2022-09,77476,SageSure SURE,1
2022-09,77479,HOAIC,1
2022-09,77493,HOAIC,5
2022-09,77493,Progressive / ASI,1
2022-09,77494,SageSure SURE,1
2022-09,77494,Travelers,1
2022-09,77498,Travelers,1
2022-09,77511,HOAIC,1
2022-09,77545,Progressive / ASI,1
2022-09,77571,SageSure SURE,2
2022-09,77578,HOAIC,3
2022-09,77581,SageSure SURE,1
2022-09,77584,HOAIC,1
2022-09,77584,SageSure SURE,1
2022-09,77627,Swyfft Benchmark,1
2022-09,77630,SageSure SURE,1
2022-09,78015,Liberty Mutual / Safeco,1
2022-09,78046,SageSure SURE,2
2022-09,78586,SageSure SURE,1
2022-09,78640,Progressive / ASI,1
2022-09,78641,Liberty Mutual / Safeco,1
2022-09,78660,Progressive / ASI,1
2022-10,75936,Travelers,1
2022-10,76031,Progressive / ASI,1
2022-10,76513,Progressive / ASI,1
2022-10,77007,Travelers,1
2022-10,77008,HOAIC,1
2022-10,77015,Progressive / ASI,1
2022-10,77016,SageSure SURE,1
2022-10,77021,HOAIC,1
2022-10,77021,Travelers,1
2022-10,77024,SageSure SURE,1
2022-10,77035,Swyfft Benchmark,1
2022-10,77041,HOAIC,1
2022-10,77041,Travelers,1
2022-10,77042,Liberty Mutual / Safeco,1
2022-10,77044,HOAIC,1
2022-10,77070,HOAIC,1
2022-10,77070,Progressive / ASI,1
2022-10,77079,Progressive / ASI,1
2022-10,77084,HOAIC,1
2022-10,77092,Progressive / ASI,1
2022-10,77092,Travelers,1
2022-10,77098,Liberty Mutual / Safeco,1
2022-10,77303,Progressive / ASI,1
2022-10,77306,Mercury,1
2022-10,77306,Progressive / ASI,3
2022-10,77320,Travelers,1
2022-10,77327,Progressive / ASI,1
2022-10,77346,HOAIC,1
2022-10,77356,Liberty Mutual / Safeco,2
2022-10,77365,National General,1
2022-10,77365,Progressive / ASI,1
2022-10,77371,National General,1
2022-10,77373,Liberty Mutual / Safeco,1
2022-10,77381,Travelers,1
2022-10,77406,HOAIC,1
2022-10,77406,Progressive / ASI,1
2022-10,77406,Travelers,1
2022-10,77420,Progressive / ASI,1
2022-10,77429,Progressive / ASI,1
2022-10,77433,National General,1
2022-10,77433,Progressive / ASI,1
2022-10,77433,SageSure SafePort,1
2022-10,77433,Travelers,1
2022-10,77441,HOAIC,2
2022-10,77441,Progressive / ASI,2
2022-10,77441,Travelers,2
2022-10,77449,Travelers,1
2022-10,77450,Progressive / ASI,1
2022-10,77450,Swyfft Benchmark,1
2022-10,77479,SageSure SURE,2
2022-10,77494,Progressive / ASI,1
2022-10,77494,SageSure SURE,1
2022-10,77494,Swyfft Benchmark,5
2022-10,77494,Travelers,1
2022-10,77510,Progressive / ASI,1
2022-10,77511,Travelers,1
2022-10,77523,Progressive / ASI,1
2022-10,77532,Liberty Mutual / Safeco,1
2022-10,77532,SageSure SURE,1
2022-10,77535,Travelers,1
2022-10,77571,Progressive / ASI,1
2022-10,77573,Progressive / ASI,1
2022-10,77584,Progressive / ASI,1
2022-10,77705,SageSure SURE,1
2022-10,78046,SageSure SURE,2
2022-10,78154,Liberty Mutual / Safeco,1
2022-10,78154,Travelers,1
2022-10,78613,Liberty Mutual / Safeco,1
2022-11,75032,Travelers,1
2022-11,77005,Travelers,1
2022-11,77007,Travelers,2
2022-11,77008,Swyfft Benchmark,1
2022-11,77014,Travelers,1
2022-11,77018,Progressive / ASI,2
2022-11,77020,HOAIC,1
2022-11,77042,Travelers,1
2022-11,77043,Travelers,1
2022-11,77044,HOAIC,1
2022-11,77044,Swyfft Benchmark,1
2022-11,77048,Swyfft Benchmark,1
2022-11,77066,Liberty Mutual / Safeco,1
2022-11,77067,Progressive / ASI,1
2022-11,77079,Mercury,1
2022-11,77079,Travelers,1
2022-11,77084,Travelers,2
2022-11,77089,Progressive / ASI,1
2022-11,77090,Liberty Mutual / Safeco,1
2022-11,77092,Travelers,1
2022-11,77094,Travelers,2
2022-11,77303,Travelers,1
2022-11,77316,Progressive / ASI,1
2022-11,77316,Travelers,2
2022-11,77351,Liberty Mutual / Safeco,1
2022-11,77351,Mercury,1
2022-11,77351,SageSure SURE,1
2022-11,77355,Progressive / ASI,1
2022-11,77365,Progressive / ASI,1
2022-11,77365,Travelers,2
2022-11,77373,SageSure SURE,1
2022-11,77375,HOAIC,1
2022-11,77379,Progressive / ASI,1
2022-11,77386,Travelers,1
2022-11,77388,National General,1
2022-11,77388,Swyfft Benchmark,1
2022-11,77406,Progressive / ASI,3
2022-11,77406,Swyfft Benchmark,1
2022-11,77406,Travelers,3
2022-11,77407,Progressive / ASI,2
2022-11,77407,Travelers,1
2022-11,77429,Progressive / ASI,1
2022-11,77433,National General,1
2022-11,77433,Swyfft Benchmark,1
2022-11,77441,Progressive / ASI,1
2022-11,77441,Travelers,1
2022-11,77450,Progressive / ASI,1
2022-11,77459,Mercury,1
2022-11,77459,Progressive / ASI,2
2022-11,77469,HOAIC,1
2022-11,77479,Progressive / ASI,1
2022-11,77489,Progressive / ASI,1
2022-11,77494,Allied Trust,1
2022-11,77494,Progressive / ASI,1
2022-11,77494,SageSure SURE,2
2022-11,77494,Swyfft Benchmark,2
2022-11,77494,Travelers,2
2022-11,77502,Swyfft Benchmark,1
2022-11,77520,Swyfft Benchmark,1
2022-11,77521,SageSure SURE,1
2022-11,77534,SageSure SURE,1
2022-11,77539,Progressive / ASI,1
2022-11,77545,Swyfft Lloyds (Surplus),1
2022-11,77547,HOAIC,1
2022-11,77566,Progressive / ASI,1
2022-11,77578,HOAIC,1
2022-11,77581,Swyfft Benchmark,1
2022-11,77583,HOAIC,1
2022-11,77591,SageSure SURE,1
2022-11,77598,SageSure SURE,1
2022-11,78046,SageSure SURE,1
2022-11,78070,Travelers,1
2022-11,78133,Liberty Mutual / Safeco,1
2022-11,78382,Progressive / ASI,1
2022-11,78657,Travelers,1
2022-11,78738,Travelers,1
2022-11,78852,Progressive / ASI,1
2022-12,75063,Liberty Mutual / Safeco,1
2022-12,75662,Liberty Mutual / Safeco,1
2022-12,75791,Travelers,1
2022-12,76087,Liberty Mutual / Safeco,1
2022-12,76116,Travelers,1
2022-12,76227,Travelers,1
2022-12,76513,Progressive / ASI,1
2022-12,76522,HOAIC,1
2022-12,76528,Progressive / ASI,1
2022-12,76539,HOAIC,1
2022-12,77004,HOAIC,1
2022-12,77006,Travelers,1
2022-12,77007,Liberty Mutual / Safeco,1
2022-12,77007,Swyfft Benchmark,2
2022-12,77007,Travelers,1
2022-12,77011,HOAIC,1
2022-12,77016,HOAIC,1
2022-12,77019,Progressive / ASI,1
2022-12,77024,Chubb,1
2022-12,77024,SageSure Occidental,1
2022-12,77042,HOAIC,1
2022-12,77043,HOAIC,1
2022-12,77047,SageSure SURE,1
2022-12,77055,HOAIC,1
2022-12,77060,SageSure SURE,1
2022-12,77064,National General,1
2022-12,77066,Liberty Mutual / Safeco,1
2022-12,77073,Swyfft Benchmark,1
2022-12,77077,Swyfft Benchmark,2
2022-12,77079,SageSure SURE,2
2022-12,77079,SageSure SafePort,1
2022-12,77082,Progressive / ASI,1
2022-12,77083,Swyfft Benchmark,1
2022-12,77084,Travelers,1
2022-12,77088,Progressive / ASI,1
2022-12,77090,HOAIC,1
2022-12,77092,Travelers,1
2022-12,77304,Progressive / ASI,1
2022-12,77304,Travelers,1
2022-12,77318,Travelers,1
2022-12,77346,HOAIC,1
2022-12,77346,Liberty Mutual / Safeco,1
2022-12,77346,Travelers,1
2022-12,77355,Progressive / ASI,2
2022-12,77355,Travelers,1
2022-12,77357,Progressive / ASI,1
2022-12,77365,Progressive / ASI,1
2022-12,77373,Liberty Mutual / Safeco,1
2022-12,77379,HOAIC,1
2022-12,77382,Travelers,1
2022-12,77386,Swyfft Topa (Surplus),1
2022-12,77388,SageSure SURE,1
2022-12,77406,Swyfft Benchmark,2
2022-12,77407,Travelers,2
2022-12,77423,HOAIC,1
2022-12,77423,Travelers,1
2022-12,77429,National General,1
2022-12,77429,Swyfft Benchmark,1
2022-12,77433,Progressive / ASI,2
2022-12,77433,Travelers,1
2022-12,77441,Progressive / ASI,2
2022-12,77441,Swyfft Benchmark,2
2022-12,77441,Travelers,1
2022-12,77447,Travelers,2
2022-12,77449,Progressive / ASI,2
2022-12,77449,Travelers,1
2022-12,77450,Swyfft Benchmark,1
2022-12,77450,TWICO,1
2022-12,77459,SageSure SURE,2
2022-12,77471,Swyfft Benchmark,1
2022-12,77474,SageSure SURE,1
2022-12,77478,Progressive / ASI,1
2022-12,77480,HOAIC,1
2022-12,77494,Mercury,1
2022-12,77494,Progressive / ASI,1
2022-12,77494,SageSure SURE,1
2022-12,77494,Swyfft Benchmark,4
2022-12,77494,Travelers,1
2022-12,77498,Progressive / ASI,1
2022-12,77521,Swyfft Benchmark,2
2022-12,77532,Mercury,1
2022-12,77546,Progressive / ASI,1
2022-12,77571,Progressive / ASI,2
2022-12,77573,Progressive / ASI,1
2022-12,77578,HOAIC,1
2022-12,77578,Liberty Mutual / Safeco,1
2022-12,77578,Progressive / ASI,3
2022-12,77581,Liberty Mutual / Safeco,1
2022-12,77581,Swyfft Benchmark,2
2022-12,77583,SageSure SURE,1
2022-12,77584,Progressive / ASI,1
2022-12,77587,HOAIC,1
2022-12,77591,HOAIC,1
2022-12,78232,Liberty Mutual / Safeco,1
2022-12,78605,Progressive / ASI,1
2022-12,78745,Progressive / ASI,1
2022-12,79912,Travelers,1
2023-01,75238,Travelers,1
2023-01,76118,Progressive / ASI,1
2023-01,76180,National General,1
2023-01,76226,Travelers,1
2023-01,76227,Travelers,1
2023-01,77007,Swyfft Benchmark,1
2023-01,77008,SageSure SURE,1
2023-01,77016,Liberty Mutual / Safeco,1
2023-01,77019,Steadily,1
2023-01,77024,National General,1
2023-01,77043,SageSure SURE,1
2023-01,77065,HOAIC,1
2023-01,77070,Travelers,1
2023-01,77079,Liberty Mutual / Safeco,1
2023-01,77079,Swyfft Benchmark,1
2023-01,77080,HOAIC,1
2023-01,77082,Swyfft Benchmark,1
2023-01,77084,HOAIC,1
2023-01,77086,Liberty Mutual / Safeco,1
2023-01,77087,SageSure SURE,2
2023-01,77088,HOAIC,1
2023-01,77094,Progressive / ASI,1
2023-01,77094,Travelers,1
2023-01,77095,HOAIC,1
2023-01,77096,SageSure SURE,1
2023-01,77316,Progressive / ASI,1
2023-01,77346,Liberty Mutual / Safeco,1
2023-01,77351,Liberty Mutual / Safeco,1
2023-01,77355,Progressive / ASI,1
2023-01,77357,Progressive / ASI,2
2023-01,77364,Mercury,1
2023-01,77373,Progressive / ASI,1
2023-01,77379,Swyfft Benchmark,1
2023-01,77386,Progressive / ASI,1
2023-01,77386,Travelers,1
2023-01,77388,Liberty Mutual / Safeco,1
2023-01,77441,HOAIC,1
2023-01,77441,National General,1
2023-01,77441,Swyfft Benchmark,2
2023-01,77441,Travelers,1
2023-01,77450,National General,1
2023-01,77450,Progressive / ASI,1
2023-01,77459,ARI,1
2023-01,77474,HOAIC,1
2023-01,77493,HOAIC,1
2023-01,77493,Liberty Mutual / Safeco,1
2023-01,77494,HOAIC,1
2023-01,77494,Progressive / ASI,1
2023-01,77494,SageSure SURE,2
2023-01,77494,Travelers,1
2023-01,77498,Swyfft Benchmark,1
2023-01,77523,Swyfft Benchmark,1
2023-01,77535,Progressive / ASI,1
2023-01,77539,Progressive / ASI,1
2023-01,77554,Progressive / ASI,1
2023-01,77566,SageSure SURE,1
2023-01,77583,HOAIC,1
2023-01,77583,Swyfft Benchmark,3
2023-01,78216,Progressive / ASI,1
2023-01,78501,Liberty Mutual / Safeco,1
2023-01,78572,Liberty Mutual / Safeco,1
2023-01,78664,SageSure SURE,1
2023-02,75901,National General,1
2023-02,77005,Travelers,1
2023-02,77007,Swyfft Benchmark,1
2023-02,77008,Swyfft Benchmark,1
2023-02,77008,Travelers,4
2023-02,77009,SageSure SURE,1
2023-02,77015,HOAIC,1
2023-02,77018,SageSure SURE,1
2023-02,77021,SageSure SURE,1
2023-02,77027,HOAIC,1
2023-02,77034,Swyfft Benchmark,1
2023-02,77035,SageSure SURE,1
2023-02,77038,Travelers,1
2023-02,77039,Liberty Mutual / Safeco,1
2023-02,77039,Travelers,1
2023-02,77040,Travelers,1
2023-02,77041,SageSure SURE,1
2023-02,77044,SageSure SURE,1
2023-02,77044,Travelers,1
2023-02,77045,HOAIC,1
2023-02,77047,SageSure SURE,1
2023-02,77047,Swyfft Benchmark,1
2023-02,77055,Progressive / ASI,1
2023-02,77057,SageSure SURE,1
2023-02,77059,Swyfft Benchmark,1
2023-02,77065,SageSure SURE,2
2023-02,77070,Travelers,2
2023-02,77082,SageSure SURE,1
2023-02,77089,Swyfft Benchmark,1
2023-02,77094,Travelers,1
2023-02,77095,Progressive / ASI,1
2023-02,77096,SageSure SURE,1
2023-02,77302,Progressive / ASI,1
2023-02,77304,Progressive / ASI,2
2023-02,77316,Travelers,1
2023-02,77318,Liberty Mutual / Safeco,1
2023-02,77356,Travelers,1
2023-02,77357,Progressive / ASI,1
2023-02,77362,Travelers,1
2023-02,77364,Travelers,1
2023-02,77365,ARI,1
2023-02,77365,Mercury,1
2023-02,77371,Travelers,1
2023-02,77373,Liberty Mutual / Safeco,1
2023-02,77375,Mercury,1
2023-02,77375,Progressive / ASI,1
2023-02,77375,Steadily,1
2023-02,77375,Travelers,1
2023-02,77377,SageSure SURE,1
2023-02,77396,Swyfft Benchmark,1
2023-02,77406,Progressive / ASI,3
2023-02,77406,Swyfft Benchmark,1
2023-02,77407,Swyfft Benchmark,1
2023-02,77429,Mercury,1
2023-02,77429,SageSure SafePort,1
2023-02,77429,Swyfft Benchmark,1
2023-02,77429,Travelers,1
2023-02,77433,Progressive / ASI,1
2023-02,77447,Progressive / ASI,1
2023-02,77449,ARI,1
2023-02,77449,SageSure SURE,1
2023-02,77449,Swyfft Benchmark,1
2023-02,77450,Progressive / ASI,1
2023-02,77450,Travelers,1
2023-02,77459,Progressive / ASI,1
2023-02,77459,SageSure SURE,1
2023-02,77469,ARI,1
2023-02,77469,Progressive / ASI,1
2023-02,77469,Swyfft Benchmark,1
2023-02,77469,Swyfft Lloyds (Surplus),1
2023-02,77471,SageSure SURE,1
2023-02,77471,Swyfft Benchmark,2
2023-02,77474,Progressive / ASI,2
2023-02,77479,Liberty Mutual / Safeco,1
2023-02,77489,SageSure SURE,1
2023-02,77493,Swyfft Benchmark,1
2023-02,77494,National General,1
2023-02,77494,Progressive / ASI,2
2023-02,77494,SageSure SafePort,1
2023-02,77494,Swyfft Benchmark,4
2023-02,77515,Progressive / ASI,1
2023-02,77539,Progressive / ASI,2
2023-02,77545,SageSure SURE,1
2023-02,77551,Progressive / ASI,1
2023-02,77581,Progressive / ASI,1
2023-02,77581,SageSure SURE,1
2023-02,77581,SageSure SafePort,1
2023-02,77581,Swyfft Benchmark,1
2023-02,77583,SageSure SURE,1
2023-02,77584,Progressive / ASI,1
2023-02,77591,Progressive / ASI,1
2023-02,77868,Travelers,1
2023-02,78045,SageSure SURE,2
2023-02,78260,Progressive / ASI,1
2023-02,78645,Liberty Mutual / Safeco,1
2023-03,75006,Travelers,1
2023-03,75010,Progressive / ASI,1
2023-03,75077,Travelers,1
2023-03,75862,Travelers,1
2023-03,76179,Travelers,1
2023-03,76513,Progressive / ASI,1
2023-03,77004,Mercury,1
2023-03,77006,Travelers,1
2023-03,77007,HOAIC,1
2023-03,77007,SageSure SURE,1
2023-03,77008,Progressive / ASI,2
2023-03,77008,SageSure SURE,1
2023-03,77009,Swyfft Benchmark,1
2023-03,77009,Travelers,1
2023-03,77016,HOAIC,1
2023-03,77018,Mercury,1
2023-03,77018,Progressive / ASI,1
2023-03,77018,SageSure SURE,1
2023-03,77018,Travelers,1
2023-03,77019,SageSure SURE,1
2023-03,77025,SageSure SURE,1
2023-03,77035,SageSure SURE,2
2023-03,77040,SageSure SURE,1
2023-03,77041,SageSure SURE,1
2023-03,77042,HOAIC,1
2023-03,77044,SageSure SURE,1
2023-03,77044,Swyfft Benchmark,1
2023-03,77047,Progressive / ASI,1
2023-03,77056,Swyfft Benchmark,1
2023-03,77057,Liberty Mutual / Safeco,1
2023-03,77064,SageSure SURE,1
2023-03,77064,Travelers,1
2023-03,77065,Swyfft Benchmark,1
2023-03,77070,Swyfft Benchmark,1
2023-03,77073,Liberty Mutual / Safeco,1
2023-03,77073,SageSure SURE,1
2023-03,77075,Swyfft Benchmark,1
2023-03,77077,HOAIC,1
2023-03,77079,HOAIC,1
2023-03,77079,Swyfft Benchmark,1
2023-03,77082,HOAIC,1
2023-03,77083,SageSure SURE,1
2023-03,77084,Mercury,1
2023-03,77084,National General,2
2023-03,77084,SageSure SURE,1
2023-03,77089,Progressive / ASI,2
2023-03,77089,SageSure SURE,1
2023-03,77092,HOAIC,1
2023-03,77094,SageSure SURE,1
2023-03,77095,HOAIC,1
2023-03,77095,Progressive / ASI,1
2023-03,77096,HOAIC,1
2023-03,77098,HOAIC,1
2023-03,77304,Swyfft Benchmark,1
2023-03,77306,Progressive / ASI,1
2023-03,77316,Progressive / ASI,1
2023-03,77316,Travelers,1
2023-03,77327,Progressive / ASI,1
2023-03,77327,SageSure SURE,1
2023-03,77338,HOAIC,1
2023-03,77339,SageSure SURE,2
2023-03,77339,Swyfft Benchmark,1
2023-03,77340,Progressive / ASI,1
2023-03,77346,SageSure SURE,1
2023-03,77355,HOAIC,1
2023-03,77356,SageSure SURE,1
2023-03,77365,ARI,1
2023-03,77365,HOAIC,1
2023-03,77373,National General,1
2023-03,77373,SageSure SURE,1
2023-03,77373,Travelers,1
2023-03,77379,Liberty Mutual / Safeco,2
2023-03,77379,Progressive / ASI,1
2023-03,77379,SageSure SURE,3
2023-03,77388,SageSure SURE,2
2023-03,77389,SageSure SURE,1
2023-03,77396,SageSure SURE,2
2023-03,77401,National General,1
2023-03,77406,Mercury,2
2023-03,77406,Progressive / ASI,1
2023-03,77407,Swyfft Benchmark,1
2023-03,77423,Swyfft Benchmark,1
2023-03,77429,Progressive / ASI,1
2023-03,77429,SageSure SURE,1
2023-03,77433,National General,1
2023-03,77433,Progressive / ASI,2
2023-03,77433,SageSure SURE,1
2023-03,77441,SageSure SURE,1
2023-03,77441,Swyfft Benchmark,2
2023-03,77441,Travelers,1
2023-03,77447,Travelers,1
2023-03,77449,National General,1
2023-03,77449,SageSure SURE,1
2023-03,77450,Mercury,2
2023-03,77450,SageSure SURE,4
2023-03,77450,SageSure SafePort,1
2023-03,77450,Swyfft Benchmark,1
2023-03,77459,SageSure SURE,1
2023-03,77461,SageSure SURE,1
2023-03,77469,SageSure SURE,1
2023-03,77469,Swyfft Lloyds (Surplus),1
2023-03,77479,Progressive / ASI,2
2023-03,77479,SageSure SURE,2
2023-03,77480,HOAIC,1
2023-03,77493,SageSure SURE,1
2023-03,77493,Swyfft Benchmark,1
2023-03,77494,Mercury,1
2023-03,77494,SageSure SURE,5
2023-03,77494,Travelers,1
2023-03,77498,National General,1
2023-03,77498,Swyfft Benchmark,1
2023-03,77504,National General,1
2023-03,77504,SageSure Occidental,1
2023-03,77511,Progressive / ASI,1
2023-03,77523,Progressive / ASI,1
2023-03,77532,SageSure SURE,2
2023-03,77535,Swyfft Benchmark,1
2023-03,77545,Swyfft Benchmark,1
2023-03,77546,Progressive / ASI,1
2023-03,77546,SageSure SURE,2
2023-03,77551,Progressive / ASI,1
2023-03,77563,Progressive / ASI,1
2023-03,77571,SageSure SURE,1
2023-03,77573,Progressive / ASI,2
2023-03,77573,SageSure SURE,1
2023-03,77573,Swyfft Benchmark,1
2023-03,77578,Swyfft Lloyds (Surplus),1
2023-03,77581,Progressive / ASI,1
2023-03,77583,SageSure SURE,1
2023-03,77584,SageSure SURE,1
2023-03,77584,Swyfft Benchmark,1
2023-03,77591,Swyfft Benchmark,1
2023-03,78045,SageSure SURE,3
2023-03,78045,Travelers,2
2023-03,78046,Travelers,1
2023-03,78132,Progressive / ASI,1
2023-03,78233,Progressive / ASI,1
2023-03,78945,Progressive / ASI,1
2023-03,79707,National General,1
2023-04,75077,Travelers,1
2023-04,75167,Progressive / ASI,1
2023-04,75862,Travelers,1
2023-04,76051,Travelers,1
2023-04,76262,Progressive / ASI,2
2023-04,77006,SageSure SURE,1
2023-04,77007,SageSure SURE,1
2023-04,77007,Travelers,1
2023-04,77008,Swyfft Topa (Surplus),1
2023-04,77009,SageSure SURE,1
2023-04,77018,HOAIC,2
2023-04,77018,Progressive / ASI,1
2023-04,77024,SageSure SURE,1
2023-04,77024,SageSure SafePort,2
2023-04,77032,SageSure SURE,1
2023-04,77038,ARI,1
2023-04,77043,HOAIC,1
2023-04,77044,National General,1
2023-04,77047,Progressive / ASI,1
2023-04,77049,Swyfft Benchmark,2
2023-04,77054,Swyfft Benchmark,1
2023-04,77062,HOAIC,1
2023-04,77063,SageSure SURE,1
2023-04,77064,Travelers,1
2023-04,77070,National General,1
2023-04,77072,HOAIC,1
2023-04,77073,Swyfft Topa (Surplus),1
2023-04,77077,HOAIC,1
2023-04,77077,Mercury,1
2023-04,77077,SageSure SURE,1
2023-04,77084,National General,2
2023-04,77084,SageSure SURE,3
2023-04,77088,Travelers,1
2023-04,77092,Travelers,1
2023-04,77095,SageSure SURE,1
2023-04,77302,Travelers,1
2023-04,77303,Progressive / ASI,1
2023-04,77303,Travelers,1
2023-04,77316,Progressive / ASI,1
2023-04,77316,Travelers,1
2023-04,77327,SageSure SURE,1
2023-04,77328,HOAIC,1
2023-04,77331,Travelers,1
2023-04,77336,HOAIC,2
2023-04,77336,National General,1
2023-04,77338,SageSure SURE,1
2023-04,77338,Travelers,1
2023-04,77340,Progressive / ASI,1
2023-04,77346,SageSure SURE,1
2023-04,77346,Travelers,1
2023-04,77354,Progressive / ASI,2
2023-04,77354,Travelers,1
2023-04,77355,Progressive / ASI,1
2023-04,77357,HOAIC,1
2023-04,77359,Travelers,1
2023-04,77373,National General,1
2023-04,77373,Progressive / ASI,1
2023-04,77377,SageSure SURE,1
2023-04,77379,National General,1
2023-04,77379,SageSure SURE,1
2023-04,77379,Swyfft Benchmark,1
2023-04,77380,Travelers,1
2023-04,77381,SageSure SURE,1
2023-04,77384,Progressive / ASI,1
2023-04,77388,SageSure SURE,1
2023-04,77406,SageSure SURE,1
2023-04,77406,Travelers,1
2023-04,77407,SageSure SURE,1
2023-04,77407,Swyfft Benchmark,1
2023-04,77407,Travelers,1
2023-04,77418,Liberty Mutual / Safeco,1
2023-04,77429,Mercury,1
2023-04,77429,SageSure SURE,4
2023-04,77433,SageSure SURE,3
2023-04,77433,Swyfft Benchmark,1
2023-04,77433,Travelers,3
2023-04,77441,SageSure SURE,2
2023-04,77441,Travelers,1
2023-04,77449,National General,1
2023-04,77449,SageSure SURE,1
2023-04,77449,Swyfft Benchmark,1
2023-04,77450,Liberty Mutual / Safeco,1
2023-04,77450,SageSure SURE,2
2023-04,77459,Progressive / ASI,1
2023-04,77459,SageSure SURE,1
2023-04,77469,SageSure SURE,1
2023-04,77494,HOAIC,1
2023-04,77494,Mercury,1
2023-04,77494,SageSure SURE,4
2023-04,77494,SageSure SafePort,2
2023-04,77498,HOAIC,1
2023-04,77498,SageSure SURE,1
2023-04,77505,SageSure SURE,1
2023-04,77515,SageSure SURE,1
2023-04,77523,Progressive / ASI,1
2023-04,77546,SageSure SURE,2
2023-04,77571,SageSure SURE,1
2023-04,77573,Progressive / ASI,2
2023-04,77581,Liberty Mutual / Safeco,1
2023-04,77581,SageSure SURE,1
2023-04,77584,Progressive / ASI,2
2023-04,77651,Progressive / ASI,1
2023-04,77706,Progressive / ASI,1
2023-04,78046,SageSure SURE,3
2023-04,78046,Travelers,1
2023-04,78261,Progressive / ASI,1
2023-04,78660,HOAIC,1
2023-04,78717,SageSure SURE,1
2023-04,78754,Travelers,1
2023-04,78945,Progressive / ASI,1
2023-05,75025,Travelers,1
2023-05,75154,Travelers,1
2023-05,75243,Travelers,1
2023-05,76116,Progressive / ASI,1
2023-05,77005,Chubb,1
2023-05,77007,HOAIC,1
2023-05,77018,Travelers,1
2023-05,77035,SageSure SURE,1
2023-05,77038,Travelers,1
2023-05,77041,HOAIC,1
2023-05,77042,HOAIC,1
2023-05,77045,SageSure SURE,2
2023-05,77045,Swyfft Benchmark,1
2023-05,77049,Swyfft Benchmark,1
2023-05,77053,SageSure SURE,2
2023-05,77053,Swyfft Benchmark,1
2023-05,77056,Swyfft Benchmark,1
2023-05,77061,Swyfft Benchmark,1
2023-05,77063,SageSure SURE,1
2023-05,77064,SageSure SafePort,1
2023-05,77065,SageSure SURE,1
2023-05,77065,Travelers,2
2023-05,77068,SageSure SURE,1
2023-05,77069,Mercury,1
2023-05,77069,Swyfft Benchmark,1
2023-05,77070,SageSure SURE,1
2023-05,77074,SageSure SURE,1
2023-05,77076,Liberty Mutual / Safeco,1
2023-05,77077,HOAIC,1
2023-05,77077,SageSure SURE,1
2023-05,77079,Travelers,1
2023-05,77082,SageSure SURE,1
2023-05,77084,Mercury,1
2023-05,77084,SageSure SURE,1
2023-05,77086,ARI,1
2023-05,77089,Swyfft Benchmark,1
2023-05,77092,SageSure SURE,1
2023-05,77092,Swyfft Benchmark,1
2023-05,77094,SageSure SURE,1
2023-05,77096,HOAIC,1
2023-05,77096,SageSure SURE,1
2023-05,77303,Travelers,1
2023-05,77316,Travelers,3
2023-05,77339,SageSure SURE,3
2023-05,77345,SageSure SafePort,1
2023-05,77346,Mercury,1
2023-05,77346,National General,1
2023-05,77346,SageSure SURE,1
2023-05,77354,Mercury,1
2023-05,77354,Progressive / ASI,1
2023-05,77357,HOAIC,1
2023-05,77365,Travelers,1
2023-05,77375,Swyfft Benchmark,1
2023-05,77377,SageSure SURE,1
2023-05,77378,SageSure SURE,1
2023-05,77379,SageSure SURE,1
2023-05,77381,SageSure SURE,1
2023-05,77384,HOAIC,1
2023-05,77385,SageSure SURE,1
2023-05,77388,Liberty Mutual / Safeco,1
2023-05,77388,SageSure SURE,1
2023-05,77388,Swyfft Benchmark,1
2023-05,77389,Travelers,1
2023-05,77401,Travelers,1
2023-05,77406,Travelers,1
2023-05,77407,SageSure SURE,1
2023-05,77407,Swyfft Lloyds (Surplus),1
2023-05,77429,SageSure SURE,1
2023-05,77433,Progressive / ASI,1
2023-05,77433,SageSure SURE,2
2023-05,77441,Mercury,1
2023-05,77441,Progressive / ASI,1
2023-05,77441,SageSure SURE,4
2023-05,77441,Swyfft Benchmark,1
2023-05,77441,Swyfft Lloyds (Surplus),1
2023-05,77441,Swyfft Topa (Surplus),1
2023-05,77441,Travelers,2
2023-05,77449,Swyfft Benchmark,1
2023-05,77450,SageSure SURE,2
2023-05,77450,Swyfft Benchmark,1
2023-05,77459,SageSure SURE,3
2023-05,77459,SageSure SafePort,1
2023-05,77459,Swyfft Benchmark,1
2023-05,77461,SageSure SURE,1
2023-05,77469,ARI,1
2023-05,77469,SageSure SafePort,1
2023-05,77479,Chubb,1
2023-05,77493,SageSure SURE,1
2023-05,77494,Mercury,1
2023-05,77494,SageSure SURE,2
2023-05,77494,Swyfft Benchmark,3
2023-05,77494,Travelers,1
2023-05,77505,Swyfft Benchmark,1
2023-05,77511,SageSure SURE,1
2023-05,77518,Progressive / ASI,1
2023-05,77521,SageSure SURE,1
2023-05,77521,Swyfft Benchmark,1
2023-05,77532,SageSure SURE,1
2023-05,77536,SageSure SURE,2
2023-05,77539,Progressive / ASI,1
2023-05,77539,SageSure SURE,1
2023-05,77545,National General,1
2023-05,77545,SageSure SURE,1
2023-05,77550,Progressive / ASI,1
2023-05,77554,Progressive / ASI,1
2023-05,77566,Progressive / ASI,1
2023-05,77573,Swyfft Benchmark,2
2023-05,77578,SageSure SURE,1
2023-05,77581,SageSure SURE,1
2023-05,77581,Swyfft Benchmark,1
2023-05,77583,SageSure SURE,1
2023-05,77807,Progressive / ASI,1
2023-05,77840,Travelers,1
2023-05,78046,SageSure SURE,2
2023-05,78132,Travelers,1
2023-05,78133,Travelers,1
2023-05,78374,Progressive / ASI,1
2023-05,78738,Progressive / ASI,1
2023-05,78748,SageSure SURE,1
2023-05,79707,Liberty Mutual / Safeco,1
2023-06,75035,Travelers,1
2023-06,75069,Travelers,1
2023-06,75691,Liberty Mutual / Safeco,1
2023-06,75975,Liberty Mutual / Safeco,1
2023-06,76109,Travelers,1
2023-06,76133,Travelers,1
2023-06,76137,Travelers,1
2023-06,76308,Liberty Mutual / Safeco,1
2023-06,77005,SageSure SafePort,1
2023-06,77006,SageSure SURE,1
2023-06,77007,Travelers,2
2023-06,77008,SageSure SURE,1
2023-06,77008,Travelers,2
2023-06,77011,Travelers,1
2023-06,77024,Chubb,1
2023-06,77030,Travelers,1
2023-06,77037,SageSure SURE,1
2023-06,77041,Travelers,1
2023-06,77042,SageSure SURE,3
2023-06,77043,SageSure SURE,1
2023-06,77049,HOAIC,1
2023-06,77049,SageSure SURE,1
2023-06,77051,HOAIC,2
2023-06,77056,SageSure SURE,1
2023-06,77063,SageSure SURE,1
2023-06,77064,SageSure SURE,1
2023-06,77070,HOAIC,1
2023-06,77070,SageSure SURE,2
2023-06,77070,Travelers,1
2023-06,77075,Swyfft Benchmark,2
2023-06,77077,SageSure SURE,1
2023-06,77079,SageSure SURE,1
2023-06,77080,SageSure SURE,1
2023-06,77084,SageSure SURE,1
2023-06,77084,Swyfft Benchmark,1
2023-06,77084,Travelers,1
2023-06,77086,SageSure SURE,1
2023-06,77087,SageSure SURE,2
2023-06,77090,SageSure SURE,1
2023-06,77091,Travelers,1
2023-06,77094,SageSure SURE,1
2023-06,77095,Mercury,1
2023-06,77098,Travelers,1
2023-06,77302,Travelers,2
2023-06,77328,Liberty Mutual / Safeco,1
2023-06,77339,SageSure SURE,1
2023-06,77346,SageSure SURE,2
2023-06,77354,Progressive / ASI,1
2023-06,77354,SageSure SURE,1
2023-06,77354,Travelers,2
2023-06,77365,Travelers,2
2023-06,77375,SageSure SURE,1
2023-06,77377,SageSure SURE,2
2023-06,77379,Travelers,2
2023-06,77381,SageSure SURE,2
2023-06,77381,Travelers,1
2023-06,77384,HOAIC,1
2023-06,77385,Travelers,1
2023-06,77386,Progressive / ASI,2
2023-06,77386,Travelers,2
2023-06,77388,SageSure SURE,3
2023-06,77396,Travelers,1
2023-06,77401,Mercury,1
2023-06,77406,SageSure SURE,3
2023-06,77406,SageSure SafePort,1
2023-06,77407,Swyfft Benchmark,2
2023-06,77423,Mercury,1
2023-06,77429,SageSure SURE,2
2023-06,77433,Travelers,3
2023-06,77441,SageSure SURE,2
2023-06,77441,Swyfft Benchmark,2
2023-06,77449,SageSure SURE,1
2023-06,77449,Swyfft Benchmark,2
2023-06,77450,SageSure SURE,3
2023-06,77450,Travelers,1
2023-06,77459,Mercury,1
2023-06,77459,SageSure SURE,2
2023-06,77469,SageSure SURE,1
2023-06,77479,Liberty Mutual / Safeco,1
2023-06,77479,SageSure SURE,2
2023-06,77493,Chubb,1
2023-06,77494,Mercury,1
2023-06,77494,National General,1
2023-06,77494,SageSure SURE,3
2023-06,77494,SageSure SafePort,1
2023-06,77494,Swyfft Benchmark,4
2023-06,77518,Progressive / ASI,1
2023-06,77535,Travelers,1
2023-06,77536,Swyfft Benchmark,1
2023-06,77564,SageSure SURE,1
2023-06,77573,SageSure SURE,1
2023-06,77584,Progressive / ASI,2
2023-06,77861,Progressive / ASI,1
2023-06,77868,Travelers,1
2023-06,78109,HOAIC,1
2023-06,78261,Liberty Mutual / Safeco,1
2023-06,78410,Liberty Mutual / Safeco,1
2023-06,78542,SageSure SURE,1
2023-06,78639,Travelers,1
2023-06,78669,Travelers,1
2023-06,78738,Progressive / ASI,1
2023-07,75022,Progressive / ASI,1
2023-07,76087,Mercury,1
2023-07,76108,Travelers,1
2023-07,76227,Swyfft Lloyds (Surplus),1
2023-07,77005,SageSure SURE,1
2023-07,77007,SageSure SURE,1
2023-07,77008,HOAIC,1
2023-07,77008,SageSure SURE,2
2023-07,77016,SageSure SURE,1
2023-07,77018,HOAIC,1
2023-07,77024,HOAIC,1
2023-07,77024,SageSure SURE,1
2023-07,77025,SageSure SURE,1
2023-07,77038,ARI,1
2023-07,77041,Travelers,1
2023-07,77042,HOAIC,1
2023-07,77049,SageSure SURE,1
2023-07,77055,HOAIC,1
2023-07,77055,Travelers,2
2023-07,77062,SageSure SURE,1
2023-07,77066,HOAIC,1
2023-07,77070,HOAIC,1
2023-07,77075,SageSure SURE,1
2023-07,77077,HOAIC,1
2023-07,77077,SageSure SURE,2
2023-07,77077,Swyfft Benchmark,1
2023-07,77079,Mercury,1
2023-07,77079,SageSure SURE,1
2023-07,77079,SageSure SafePort,1
2023-07,77079,Swyfft Benchmark,1
2023-07,77080,Travelers,1
2023-07,77081,HOAIC,1
2023-07,77084,SageSure SURE,2
2023-07,77089,Liberty Mutual / Safeco,1
2023-07,77089,SageSure SURE,1
2023-07,77092,SageSure SURE,1
2023-07,77093,ARI,1
2023-07,77094,HOAIC,1
2023-07,77094,SageSure SURE,1
2023-07,77316,SageSure Occidental,1
2023-07,77346,SageSure SURE,1
2023-07,77354,SageSure SURE,1
2023-07,77355,HOAIC,1
2023-07,77355,Progressive / ASI,2
2023-07,77365,HOAIC,1
2023-07,77373,SageSure SURE,1
2023-07,77377,SageSure SURE,2
2023-07,77379,SageSure SURE,1
2023-07,77379,Travelers,1
2023-07,77381,SageSure SURE,3
2023-07,77384,Travelers,1
2023-07,77407,SageSure SURE,2
2023-07,77407,Swyfft Benchmark,1
2023-07,77407,Swyfft Lloyds (Surplus),1
2023-07,77407,Swyfft Topa (Surplus),1
2023-07,77423,SageSure SURE,1
2023-07,77429,SageSure Occidental,1
2023-07,77429,SageSure SURE,3
2023-07,77433,HOAIC,1
2023-07,77433,SageSure SURE,2
2023-07,77433,Travelers,1
2023-07,77441,Chubb,1
2023-07,77441,SageSure SURE,1
2023-07,77441,Swyfft Benchmark,1
2023-07,77441,Swyfft Lloyds (Surplus),1
2023-07,77447,SageSure SURE,1
2023-07,77449,SageSure SURE,4
2023-07,77450,SageSure SURE,1
2023-07,77459,Centauri,1
2023-07,77459,SageSure SURE,1
2023-07,77469,Chubb,1
2023-07,77469,SageSure SURE,1
2023-07,77469,Swyfft Benchmark,1
2023-07,77471,SageSure SURE,2
2023-07,77493,SageSure SURE,1
2023-07,77493,Swyfft Topa (Surplus),1
2023-07,77493,Travelers,2
2023-07,77494,Mercury,2
2023-07,77494,Progressive / ASI,1
2023-07,77494,SageSure Occidental,2
2023-07,77494,SageSure SURE,8
2023-07,77494,Swyfft Benchmark,2
2023-07,77498,SageSure SURE,1
2023-07,77521,SageSure SURE,1
2023-07,77523,Progressive / ASI,1
2023-07,77530,SageSure SURE,1
2023-07,77539,Swyfft Benchmark,1
2023-07,77566,Progressive / ASI,1
2023-07,77573,Progressive / ASI,1
2023-07,77583,SageSure SURE,1
2023-07,77584,SageSure SURE,1
2023-07,78045,SageSure SURE,1
2023-07,78247,Travelers,1
2023-07,78382,SageSure SURE,1
2023-07,78738,Liberty Mutual / Safeco,1
2023-08,75227,HOAIC,1
2023-08,76052,HOAIC,1
2023-08,76712,Travelers,1
2023-08,77004,Swyfft Benchmark,1
2023-08,77005,Travelers,1
2023-08,77006,Travelers,1
2023-08,77007,Swyfft Benchmark,1
2023-08,77007,Travelers,1
2023-08,77008,Liberty Mutual / Safeco,1
2023-08,77011,SageSure SURE,1
2023-08,77018,Swyfft Benchmark,1
2023-08,77019,SageSure SURE,1
2023-08,77041,SageSure Occidental,1
2023-08,77043,SageSure SafePort,1
2023-08,77043,Swyfft Benchmark,1
2023-08,77044,SageSure SURE,1
2023-08,77044,Swyfft Benchmark,1
2023-08,77051,Mercury,1
2023-08,77053,Swyfft Benchmark,1
2023-08,77055,HOAIC,1
2023-08,77063,Liberty Mutual / Safeco,1
2023-08,77064,ARI,1
2023-08,77065,Liberty Mutual / Safeco,1
2023-08,77068,SageSure SURE,1
2023-08,77068,Swyfft Benchmark,1
2023-08,77069,SageSure SURE,1
2023-08,77070,SageSure SURE,2
2023-08,77077,HOAIC,2
2023-08,77077,SageSure SURE,1
2023-08,77078,SageSure SURE,1
2023-08,77079,Liberty Mutual / Safeco,1
2023-08,77079,SageSure Occidental,1
2023-08,77079,SageSure SURE,1
2023-08,77080,HOAIC,2
2023-08,77080,SageSure SURE,2
2023-08,77082,SageSure SURE,1
2023-08,77084,SageSure Occidental,1
2023-08,77089,SageSure SURE,1
2023-08,77091,HOAIC,1
2023-08,77091,SageSure SURE,1
2023-08,77091,Travelers,1
2023-08,77095,Liberty Mutual / Safeco,1
2023-08,77095,Mercury,1
2023-08,77095,SageSure SURE,1
2023-08,77302,SageSure SURE,1
2023-08,77303,SageSure SURE,1
2023-08,77316,SageSure SURE,1
2023-08,77339,SageSure SURE,1
2023-08,77346,SageSure SURE,1
2023-08,77354,SageSure SURE,1
2023-08,77355,Progressive / ASI,1
2023-08,77356,SageSure Occidental,1
2023-08,77356,SageSure SURE,1
2023-08,77356,Travelers,1
2023-08,77365,SageSure Occidental,1
2023-08,77365,Travelers,1
2023-08,77375,Mercury,1
2023-08,77375,SageSure SURE,1
2023-08,77375,SageSure SafePort,1
2023-08,77375,Swyfft Benchmark,1
2023-08,77377,SageSure SafePort,2
2023-08,77378,SageSure SURE,2
2023-08,77379,SageSure Occidental,1
2023-08,77379,SageSure SURE,3
2023-08,77379,Travelers,1
2023-08,77381,Progressive / ASI,1
2023-08,77381,SageSure SURE,1
2023-08,77384,Progressive / ASI,1
2023-08,77388,Swyfft Benchmark,1
2023-08,77396,SageSure SURE,1
2023-08,77396,SageSure SafePort,1
2023-08,77406,SageSure Occidental,1
2023-08,77406,Swyfft Benchmark,1
2023-08,77407,SageSure SURE,1
2023-08,77423,Liberty Mutual / Safeco,1
2023-08,77423,SageSure SURE,1
2023-08,77429,SageSure Occidental,2
2023-08,77429,SageSure SURE,1
2023-08,77433,Centauri,1
2023-08,77433,SageSure SURE,1
2023-08,77433,Swyfft Benchmark,1
2023-08,77433,Swyfft Lloyds (Surplus),1
2023-08,77441,SageSure Occidental,2
2023-08,77441,SageSure SURE,1
2023-08,77441,Swyfft Benchmark,1
2023-08,77447,Progressive / ASI,1
2023-08,77449,ARI,1
2023-08,77449,SageSure Occidental,1
2023-08,77449,SageSure SURE,3
2023-08,77449,SageSure SafePort,2
2023-08,77450,SageSure Occidental,2
2023-08,77450,SageSure SURE,1
2023-08,77459,SageSure Occidental,1
2023-08,77459,SageSure SURE,2
2023-08,77459,SageSure SafePort,1
2023-08,77469,SageSure Occidental,1
2023-08,77469,SageSure SURE,1
2023-08,77474,HOAIC,1
2023-08,77474,Travelers,1
2023-08,77477,SageSure SURE,1
2023-08,77478,SageSure SURE,1
2023-08,77479,SageSure Occidental,2
2023-08,77479,SageSure SURE,1
2023-08,77479,Swyfft Benchmark,1
2023-08,77479,Travelers,1
2023-08,77485,SageSure SURE,1
2023-08,77493,Mercury,1
2023-08,77493,SageSure Occidental,1
2023-08,77493,SageSure SURE,3
2023-08,77493,Travelers,1
2023-08,77494,SageSure Occidental,5
2023-08,77494,SageSure SURE,3
2023-08,77494,SageSure SafePort,3
2023-08,77494,Swyfft Benchmark,6
2023-08,77498,HOAIC,1
2023-08,77511,SageSure SURE,1
2023-08,77514,SageSure SURE,1
2023-08,77523,Liberty Mutual / Safeco,1
2023-08,77523,Progressive / ASI,2
2023-08,77523,SageSure SURE,1
2023-08,77539,Progressive / ASI,1
2023-08,77545,Liberty Mutual / Safeco,1
2023-08,77545,SageSure SafePort,1
2023-08,77546,SageSure SURE,1
2023-08,77546,Swyfft Benchmark,1
2023-08,77562,Liberty Mutual / Safeco,1
2023-08,77565,Progressive / ASI,1
2023-08,77573,SageSure Occidental,1
2023-08,77581,Mercury,1
2023-08,77584,Progressive / ASI,1
2023-08,77586,Progressive / ASI,1
2023-08,77586,SageSure Occidental,1
2023-08,77587,SageSure SURE,1
2023-08,77833,Liberty Mutual / Safeco,1
2023-08,77904,Swyfft Benchmark,1
2023-08,78382,SageSure Occidental,1
2023-08,78382,Swyfft Benchmark,1
2023-08,78572,SageSure SURE,1
2023-08,78580,SageSure SURE,1
2023-08,78624,Liberty Mutual / Safeco,1
2023-08,78681,SageSure SafePort,1
2023-08,78738,Chubb,1
2023-09,75032,Liberty Mutual / Safeco,1
2023-09,75126,Progressive / ASI,1
2023-09,75229,Liberty Mutual / Safeco,1
2023-09,75238,Progressive / ASI,1
2023-09,75750,Travelers,1
2023-09,76502,Progressive / ASI,1
2023-09,76567,SageSure SURE,1
2023-09,76691,Liberty Mutual / Safeco,1
2023-09,77005,Liberty Mutual / Safeco,1
2023-09,77006,Swyfft Benchmark,1
2023-09,77006,Travelers,1
2023-09,77008,SageSure Occidental,1
2023-09,77008,SageSure SURE,1
2023-09,77009,Travelers,2
2023-09,77016,Progressive / ASI,1
2023-09,77017,SageSure SURE,1
2023-09,77018,HOAIC,1
2023-09,77018,Swyfft Benchmark,1
2023-09,77019,SageSure Occidental,1
2023-09,77023,SageSure SURE,1
2023-09,77024,SageSure Occidental,1
2023-09,77027,SageSure Occidental,1
2023-09,77030,Travelers,1
2023-09,77035,SageSure SURE,1
2023-09,77040,Liberty Mutual / Safeco,1
2023-09,77040,SageSure Occidental,1
2023-09,77043,SageSure Occidental,1
2023-09,77062,SageSure Occidental,1
2023-09,77066,SageSure SURE,1
2023-09,77070,SageSure Occidental,1
2023-09,77070,SageSure SURE,1
2023-09,77077,HOAIC,2
2023-09,77077,SageSure SURE,1
2023-09,77079,SageSure Occidental,2
2023-09,77080,HOAIC,1
2023-09,77082,SageSure SURE,1
2023-09,77083,ARI,1
2023-09,77084,ARI,1
2023-09,77084,SageSure Occidental,1
2023-09,77086,Swyfft Benchmark,1
2023-09,77094,HOAIC,1
2023-09,77095,SageSure SURE,1
2023-09,77303,Travelers,1
2023-09,77304,Travelers,1
2023-09,77316,ARI,1
2023-09,77316,HOAIC,1
2023-09,77316,Progressive / ASI,1
2023-09,77327,Progressive / ASI,1
2023-09,77345,Centauri,1
2023-09,77346,SageSure Occidental,1
2023-09,77351,SageSure SURE,1
2023-09,77351,Travelers,1
2023-09,77365,HOAIC,1
2023-09,77373,SageSure SURE,1
2023-09,77375,Progressive / ASI,1
2023-09,77375,Travelers,1
2023-09,77377,SageSure SURE,1
2023-09,77379,Allied Trust,1
2023-09,77379,SageSure SURE,2
2023-09,77379,Travelers,1
2023-09,77381,SageSure Occidental,1
2023-09,77384,SageSure Occidental,1
2023-09,77384,Travelers,1
2023-09,77386,Liberty Mutual / Safeco,1
2023-09,77389,SageSure SURE,1
2023-09,77406,SageSure SURE,2
2023-09,77407,Liberty Mutual / Safeco,1
2023-09,77407,Progressive / ASI,1
2023-09,77429,SageSure Occidental,3
2023-09,77433,Centauri,1
2023-09,77433,SageSure Occidental,1
2023-09,77433,SageSure SURE,1
2023-09,77433,Swyfft Benchmark,3
2023-09,77435,SageSure SURE,1
2023-09,77441,SageSure Occidental,1
2023-09,77441,SageSure SURE,1
2023-09,77449,SageSure SURE,4
2023-09,77450,SageSure Occidental,2
2023-09,77459,Progressive / ASI,1
2023-09,77459,SageSure SURE,3
2023-09,77459,Swyfft Benchmark,1
2023-09,77469,SageSure SURE,1
2023-09,77471,SageSure SURE,2
2023-09,77476,Swyfft Benchmark,1
2023-09,77479,SageSure Occidental,1
2023-09,77489,SageSure SURE,1
2023-09,77493,SageSure Occidental,1
2023-09,77493,SageSure SURE,3
2023-09,77493,Swyfft Benchmark,1
2023-09,77494,Centauri,1
2023-09,77494,SageSure Occidental,1
2023-09,77494,SageSure SURE,2
2023-09,77494,SageSure SafePort,1
2023-09,77494,Swyfft Benchmark,6
2023-09,77498,SageSure Occidental,1
2023-09,77503,Swyfft Benchmark,1
2023-09,77521,SageSure SURE,1
2023-09,77523,Liberty Mutual / Safeco,1
2023-09,77523,Progressive / ASI,1
2023-09,77530,SageSure SURE,1
2023-09,77535,Swyfft Benchmark,1
2023-09,77545,Progressive / ASI,1
2023-09,77573,Progressive / ASI,1
2023-09,77583,SageSure Occidental,1
2023-09,77583,SageSure SURE,1
2023-09,77584,Progressive / ASI,2
2023-09,77586,Progressive / ASI,1
2023-09,77624,Travelers,1
2023-09,77706,SageSure SURE,1
2023-09,77845,SageSure SURE,1
2023-09,78041,Travelers,1
2023-09,78045,Liberty Mutual / Safeco,1
2023-09,78130,Liberty Mutual / Safeco,1
2023-09,78748,ARI,1
2023-09,79007,Travelers,1
2023-10,75068,Travelers,1
2023-10,75223,Progressive / ASI,1
2023-10,76034,Liberty Mutual / Safeco,1
2023-10,76048,Liberty Mutual / Safeco,1
2023-10,76052,Progressive / ASI,1
2023-10,76567,SageSure SURE,1
2023-10,77005,Swyfft Benchmark,1
2023-10,77007,SageSure SURE,1
2023-10,77008,SageSure SURE,1
2023-10,77016,SageSure SafePort,1
2023-10,77035,SageSure SURE,1
2023-10,77042,SageSure SURE,1
2023-10,77043,SageSure SURE,1
2023-10,77044,Liberty Mutual / Safeco,1
2023-10,77053,SageSure SURE,1
2023-10,77055,Swyfft Benchmark,2
2023-10,77056,Travelers,1
2023-10,77064,ARI,1
2023-10,77067,SageSure SURE,1
2023-10,77069,SageSure SURE,1
2023-10,77071,SageSure SURE,1
2023-10,77073,Swyfft Benchmark,1
2023-10,77077,SageSure Occidental,1
2023-10,77079,SageSure SURE,3
2023-10,77079,Travelers,1
2023-10,77082,Swyfft Benchmark,1
2023-10,77083,ARI,1
2023-10,77083,SageSure SURE,1
2023-10,77084,SageSure SURE,2
2023-10,77086,SageSure SURE,1
2023-10,77090,SageSure SURE,1
2023-10,77091,HOAIC,1
2023-10,77091,SageSure SURE,1
2023-10,77095,ARI,1
2023-10,77095,SageSure Occidental,1
2023-10,77095,SageSure SURE,1
2023-10,77098,Swyfft Benchmark,1
2023-10,77301,SageSure SURE,1
2023-10,77302,SageSure SURE,1
2023-10,77316,Progressive / ASI,1
2023-10,77316,SageSure SURE,2
2023-10,77346,SageSure SURE,1
2023-10,77354,SageSure Auros,1
2023-10,77355,SageSure SURE,1
2023-10,77362,Liberty Mutual / Safeco,1
2023-10,77373,Liberty Mutual / Safeco,1
2023-10,77375,Progressive / ASI,1
2023-10,77378,SageSure SURE,2
2023-10,77381,Travelers,1
2023-10,77386,ARI,1
2023-10,77386,SageSure SURE,1
2023-10,77386,Travelers,2
2023-10,77388,SageSure SURE,1
2023-10,77389,Liberty Mutual / Safeco,1
2023-10,77406,SageSure SURE,1
2023-10,77406,Swyfft Benchmark,2
2023-10,77407,SageSure SURE,1
2023-10,77429,SageSure SURE,6
2023-10,77433,Liberty Mutual / Safeco,1
2023-10,77433,Progressive / ASI,1
2023-10,77433,SageSure SURE,4
2023-10,77433,Swyfft Benchmark,1
2023-10,77441,SageSure SURE,1
2023-10,77447,Foremost,1
2023-10,77447,Travelers,1
2023-10,77449,Swyfft Benchmark,1
2023-10,77449,Travelers,1
2023-10,77450,Allied Trust,1
2023-10,77450,SageSure SURE,1
2023-10,77459,SageSure SURE,2
2023-10,77459,Swyfft Benchmark,1
2023-10,77465,Liberty Mutual / Safeco,1
2023-10,77469,SageSure SURE,1
2023-10,77471,SageSure SURE,1
2023-10,77493,Progressive / ASI,1
2023-10,77493,SageSure SURE,2
2023-10,77494,ARI,1
2023-10,77494,Liberty Mutual / Safeco,2
2023-10,77494,SageSure Occidental,4
2023-10,77494,SageSure SURE,8
2023-10,77494,Swyfft Benchmark,1
2023-10,77511,SageSure SURE,1
2023-10,77520,SageSure SURE,1
2023-10,77521,SageSure SURE,1
2023-10,77521,Swyfft Benchmark,1
2023-10,77541,Liberty Mutual / Safeco,1
2023-10,77545,Progressive / ASI,1
2023-10,77545,SageSure SURE,1
2023-10,77573,Liberty Mutual / Safeco,2
2023-10,77573,Travelers,1
2023-10,77578,Progressive / ASI,1
2023-10,77583,SageSure SURE,1
2023-10,78045,SageSure SURE,1
2023-10,78070,SageSure SURE,1
2023-10,78383,SageSure SURE,1
2023-10,78602,Travelers,1
2023-10,78634,SageSure SafePort,1
2023-10,78640,Travelers,1
2023-10,78657,Travelers,1
2023-11,75078,Travelers,1
2023-11,76132,Travelers,1
2023-11,77005,Swyfft Benchmark,1
2023-11,77007,SageSure SURE,3
2023-11,77008,Progressive / ASI,2
2023-11,77009,Liberty Mutual / Safeco,1
2023-11,77015,SageSure SURE,1
2023-11,77018,SageSure SURE,1
2023-11,77020,Travelers,1
2023-11,77027,Swyfft Benchmark,1
2023-11,77040,ARI,1
2023-11,77040,Travelers,1
2023-11,77041,SageSure SURE,1
2023-11,77043,SageSure Occidental,1
2023-11,77043,SageSure SURE,1
2023-11,77044,Swyfft Benchmark,2
2023-11,77049,SageSure SURE,1
2023-11,77055,SageSure Occidental,1
2023-11,77057,SageSure SafePort,1
2023-11,77068,SageSure SURE,1
2023-11,77070,SageSure SURE,1
2023-11,77073,Liberty Mutual / Safeco,1
2023-11,77077,SageSure SURE,1
2023-11,77077,Swyfft Benchmark,2
2023-11,77079,SageSure SURE,1
2023-11,77079,Swyfft Benchmark,1
2023-11,77082,Liberty Mutual / Safeco,1
2023-11,77082,Travelers,1
2023-11,77084,Liberty Mutual / Safeco,2
2023-11,77084,SageSure SURE,2
2023-11,77094,SageSure SURE,2
2023-11,77095,SageSure SURE,1
2023-11,77346,Swyfft Benchmark,1
2023-11,77365,SageSure SURE,1
2023-11,77375,Progressive / ASI,1
2023-11,77375,SageSure SURE,1
2023-11,77379,SageSure SURE,1
2023-11,77381,Travelers,1
2023-11,77384,SageSure Occidental,1
2023-11,77386,Travelers,2
2023-11,77389,Progressive / ASI,2
2023-11,77396,SageSure SURE,1
2023-11,77406,SageSure Occidental,1
2023-11,77406,SageSure SURE,1
2023-11,77407,SageSure SURE,1
2023-11,77414,Liberty Mutual / Safeco,1
2023-11,77429,SageSure SURE,2
2023-11,77433,SageSure Occidental,1
2023-11,77433,SageSure SURE,3
2023-11,77433,Swyfft Benchmark,1
2023-11,77433,Travelers,2
2023-11,77441,SageSure Occidental,1
2023-11,77441,SageSure SURE,2
2023-11,77449,SageSure Occidental,1
2023-11,77449,SageSure SURE,5
2023-11,77449,Swyfft Benchmark,1
2023-11,77450,SageSure Occidental,1
2023-11,77450,SageSure SURE,2
2023-11,77459,Allied Trust,1
2023-11,77459,Progressive / ASI,1
2023-11,77469,Swyfft Benchmark,1
2023-11,77479,SageSure SURE,1
2023-11,77480,Liberty Mutual / Safeco,1
2023-11,77489,SageSure SURE,1
2023-11,77493,SageSure SURE,1
2023-11,77494,Liberty Mutual / Safeco,1
2023-11,77494,SageSure Occidental,1
2023-11,77494,SageSure SURE,10
2023-11,77494,Swyfft Benchmark,1
2023-11,77523,Allied Trust,1
2023-11,77532,SageSure SURE,1
2023-11,77545,SageSure SURE,1
2023-11,77545,Swyfft Benchmark,1
2023-11,77573,Liberty Mutual / Safeco,1
2023-11,77573,Progressive / ASI,1
2023-11,77583,Swyfft Benchmark,1
2023-11,77584,Liberty Mutual / Safeco,1
2023-11,77584,SageSure SURE,2
2023-11,77598,SageSure SURE,1
2023-11,78003,Liberty Mutual / Safeco,1
2023-11,78045,SageSure SURE,1
2023-11,78046,SageSure SURE,1
2023-11,78654,SageSure SURE,1
2023-11,78738,Progressive / ASI,1
2023-11,79423,Liberty Mutual / Safeco,1
2023-12,75244,Travelers,1
2023-12,76126,Progressive / ASI,1
2023-12,76247,Mercury,1
2023-12,77005,SageSure SURE,2
2023-12,77006,Progressive / ASI,1
2023-12,77007,SageSure SURE,2
2023-12,77007,Swyfft Benchmark,1
2023-12,77020,Travelers,1
2023-12,77027,Allied Trust,1
2023-12,77042,Allied Trust,1
2023-12,77044,Travelers,1
2023-12,77062,SageSure SURE,1
2023-12,77064,Liberty Mutual / Safeco,1
2023-12,77065,ARI,1
2023-12,77070,Allied Trust,1
2023-12,77070,SageSure SURE,1
2023-12,77077,Swyfft Benchmark,2
2023-12,77080,Travelers,1
2023-12,77082,ARI,1
2023-12,77082,SageSure SURE,1
2023-12,77092,SageSure SURE,1
2023-12,77095,Allied Trust,1
2023-12,77095,SageSure SURE,2
2023-12,77096,SageSure Occidental,1
2023-12,77345,SageSure SURE,1
2023-12,77355,SageSure SafePort,1
2023-12,77356,Liberty Mutual / Safeco,1
2023-12,77362,Allied Trust,1
2023-12,77362,Travelers,1
2023-12,77373,Swyfft Benchmark,1
2023-12,77375,Mercury,1
2023-12,77375,SageSure SURE,1
2023-12,77377,SageSure SURE,2
2023-12,77379,SageSure SURE,1
2023-12,77386,SageSure SURE,1
2023-12,77386,SageSure SafePort,1
2023-12,77396,Allied Trust,1
2023-12,77396,Travelers,1
2023-12,77406,SageSure SURE,3
2023-12,77414,Liberty Mutual / Safeco,1
2023-12,77423,Progressive / ASI,1
2023-12,77429,SageSure SURE,1
2023-12,77429,Swyfft Benchmark,1
2023-12,77433,Progressive / ASI,2
2023-12,77433,SageSure Occidental,2
2023-12,77433,SageSure SURE,4
2023-12,77433,Swyfft Benchmark,2
2023-12,77441,SageSure Occidental,1
2023-12,77441,SageSure SURE,2
2023-12,77447,Progressive / ASI,1
2023-12,77449,Liberty Mutual / Safeco,1
2023-12,77449,SageSure SURE,2
2023-12,77450,Progressive / ASI,2
2023-12,77450,SageSure Occidental,1
2023-12,77450,SageSure SURE,1
2023-12,77450,Swyfft Benchmark,1
2023-12,77459,SageSure Occidental,1
2023-12,77459,SageSure SURE,3
2023-12,77469,SageSure Occidental,1
2023-12,77471,SageSure SURE,1
2023-12,77479,Swyfft Benchmark,1
2023-12,77486,Progressive / ASI,1
2023-12,77486,Swyfft Benchmark,1
2023-12,77493,SageSure SURE,2
2023-12,77494,Allied Trust,1
2023-12,77494,SageSure Occidental,2
2023-12,77494,SageSure SURE,6
2023-12,77494,SageSure SafePort,1
2023-12,77504,Mercury,1
2023-12,77511,Progressive / ASI,1
2023-12,77539,Liberty Mutual / Safeco,1
2023-12,77545,SageSure Occidental,1
2023-12,77565,Progressive / ASI,1
2023-12,77573,Progressive / ASI,1
2023-12,77581,SageSure SURE,1
2023-12,77979,SageSure SURE,1
2023-12,78016,SageSure SURE,1
2023-12,78046,Liberty Mutual / Safeco,1
2023-12,78390,SageSure SURE,1
2024-01,76078,Mercury,1
2024-01,77007,Progressive / ASI,1
2024-01,77017,SageSure SURE,1
2024-01,77028,Progressive / ASI,1
2024-01,77043,SageSure SURE,1
2024-01,77045,SageSure SURE,1
2024-01,77049,Swyfft Benchmark,1
2024-01,77055,SageSure SURE,1
2024-01,77064,SageSure SURE,1
2024-01,77065,SageSure SURE,1
2024-01,77066,ARI,1
2024-01,77077,Liberty Mutual / Safeco,1
2024-01,77077,Progressive / ASI,1
2024-01,77077,SageSure SURE,1
2024-01,77079,SageSure SURE,3
2024-01,77079,Swyfft Benchmark,2
2024-01,77080,SageSure SURE,1
2024-01,77082,SageSure SURE,1
2024-01,77084,Allied Trust,1
2024-01,77084,Progressive / ASI,1
2024-01,77084,Swyfft Benchmark,1
2024-01,77086,SageSure SURE,1
2024-01,77088,SageSure SURE,1
2024-01,77091,SageSure SURE,1
2024-01,77094,SageSure SURE,3
2024-01,77096,SageSure SURE,1
2024-01,77099,ARI,1
2024-01,77303,Liberty Mutual / Safeco,1
2024-01,77303,SageSure SURE,1
2024-01,77304,Progressive / ASI,1
2024-01,77318,Swyfft Benchmark,1
2024-01,77346,Progressive / ASI,1
2024-01,77346,SageSure SURE,2
2024-01,77354,SageSure SURE,1
2024-01,77356,Swyfft Benchmark,1
2024-01,77364,SageSure SURE,1
2024-01,77373,Mercury,1
2024-01,77375,SageSure SURE,1
2024-01,77377,SageSure SURE,1
2024-01,77388,SageSure SafePort,1
2024-01,77389,Allied Trust,1
2024-01,77389,SageSure SURE,1
2024-01,77406,SageSure SURE,1
2024-01,77406,Swyfft Benchmark,1
2024-01,77407,Swyfft Benchmark,1
2024-01,77433,SageSure SURE,2
2024-01,77433,Swyfft Benchmark,3
2024-01,77433,Swyfft Topa (Surplus),1
2024-01,77441,SageSure SURE,1
2024-01,77447,SageSure SURE,2
2024-01,77449,ARI,1
2024-01,77449,SageSure SURE,3
2024-01,77450,Liberty Mutual / Safeco,1
2024-01,77450,SageSure SURE,3
2024-01,77450,Swyfft Benchmark,2
2024-01,77459,Progressive / ASI,1
2024-01,77459,SageSure SURE,1
2024-01,77461,Swyfft Benchmark,1
2024-01,77469,Chubb,1
2024-01,77469,SageSure SURE,1
2024-01,77471,SageSure SURE,1
2024-01,77485,SageSure SURE,1
2024-01,77494,Mercury,1
2024-01,77494,Progressive / ASI,1
2024-01,77494,SageSure SURE,5
2024-01,77498,SageSure SURE,2
2024-01,77511,SageSure SURE,1
2024-01,77517,SageSure SURE,1
2024-01,77521,Swyfft Benchmark,2
2024-01,77535,Swyfft Benchmark,1
2024-01,77539,SageSure SURE,1
2024-01,77546,SageSure SURE,1
2024-01,77571,SageSure SURE,1
2024-01,77573,Progressive / ASI,2
2024-01,77578,Progressive / ASI,1
2024-01,77581,Centauri,1
2024-01,77581,Swyfft Benchmark,1
2024-01,77583,SageSure SURE,1
2024-01,77591,SageSure SURE,1
2024-01,78045,SageSure SURE,1
2024-01,78665,Liberty Mutual / Safeco,1
2024-02,76248,Travelers,1
2024-02,77005,Swyfft Topa (Surplus),1
2024-02,77006,Swyfft Topa (Surplus),1
2024-02,77007,Travelers,1
2024-02,77008,SageSure SURE,2
2024-02,77009,Swyfft Benchmark,1
2024-02,77015,SageSure SURE,1
2024-02,77019,Swyfft Benchmark,1
2024-02,77022,SageSure SURE,1
2024-02,77024,Swyfft Benchmark,1
2024-02,77037,SageSure SURE,2
2024-02,77041,SageSure SURE,2
2024-02,77055,Progressive / ASI,1
2024-02,77064,Allied Trust,1
2024-02,77064,SageSure SURE,1
2024-02,77068,Allied Trust,1
2024-02,77069,SageSure SURE,1
2024-02,77070,ARI,1
2024-02,77070,SageSure SURE,2
2024-02,77077,Progressive / ASI,2
2024-02,77079,SageSure SURE,4
2024-02,77079,Swyfft Benchmark,1
2024-02,77080,Progressive / ASI,1
2024-02,77080,Swyfft Benchmark,1
2024-02,77084,ARI,1
2024-02,77084,SageSure SURE,3
2024-02,77084,Swyfft Benchmark,1
2024-02,77085,ARI,1
2024-02,77088,SageSure SURE,3
2024-02,77091,Progressive / ASI,1
2024-02,77092,SageSure SURE,1
2024-02,77094,SageSure SURE,1
2024-02,77096,SageSure SURE,2
2024-02,77304,Allied Trust,1
2024-02,77304,SageSure SURE,1
2024-02,77316,Progressive / ASI,1
2024-02,77365,Allied Trust,1
2024-02,77365,Swyfft Benchmark,1
2024-02,77375,Progressive / ASI,1
2024-02,77377,ARI,1
2024-02,77379,ARI,1
2024-02,77379,SageSure SURE,2
2024-02,77381,SageSure SURE,1
2024-02,77385,Progressive / ASI,1
2024-02,77388,Swyfft Benchmark,1
2024-02,77396,SageSure SURE,1
2024-02,77396,Swyfft Benchmark,2
2024-02,77401,Swyfft Benchmark,1
2024-02,77406,ARI,1
2024-02,77406,SageSure SURE,1
2024-02,77406,Swyfft Benchmark,2
2024-02,77406,Swyfft Lloyds (Surplus),1
2024-02,77407,SageSure SURE,1
2024-02,77407,Swyfft Benchmark,1
2024-02,77423,SageSure SURE,1
2024-02,77429,SageSure SURE,1
2024-02,77433,SageSure SURE,1
2024-02,77433,Swyfft Benchmark,3
2024-02,77441,SageSure SURE,2
2024-02,77441,Swyfft Benchmark,1
2024-02,77447,Mercury,1
2024-02,77449,ARI,1
2024-02,77449,SageSure SURE,1
2024-02,77449,Swyfft Benchmark,1
2024-02,77450,SageSure SURE,1
2024-02,77450,SageSure SafePort,1
2024-02,77461,SageSure SURE,1
2024-02,77469,Swyfft Benchmark,1
2024-02,77471,SageSure SURE,2
2024-02,77493,Progressive / ASI,1
2024-02,77493,SageSure SURE,1
2024-02,77494,ARI,1
2024-02,77494,Allied Trust,2
2024-02,77494,SageSure SURE,3
2024-02,77494,Swyfft Benchmark,4
2024-02,77494,Swyfft Lloyds (Surplus),1
2024-02,77532,SageSure SURE,1
2024-02,77545,ARI,1
2024-02,77546,Liberty Mutual / Safeco,1
2024-02,77554,Progressive / ASI,1
2024-02,77573,Swyfft Benchmark,1
2024-02,77583,SageSure SURE,1
2024-02,77584,Allied Trust,1
2024-02,77584,Progressive / ASI,1
2024-02,77584,SageSure SURE,1
2024-02,77713,SageSure SURE,1
2024-02,77808,Progressive / ASI,1
2024-02,77833,SageSure SURE,1
2024-02,77901,SageSure SURE,1
2024-02,78046,Liberty Mutual / Safeco,1
2024-02,78046,Swyfft Lloyds (Surplus),1
2024-02,78362,Progressive / ASI,1
2024-02,78414,Progressive / ASI,2
2024-02,78665,SageSure SURE,1
2024-02,78745,Travelers,1
2024-03,77004,Swyfft Benchmark,1
2024-03,77005,SageSure Occidental,1
2024-03,77005,Swyfft Benchmark,1
2024-03,77006,Progressive / ASI,1
2024-03,77007,Swyfft Benchmark,1
2024-03,77014,Swyfft Benchmark,1
2024-03,77018,SageSure SURE,1
2024-03,77018,Swyfft Lloyds (Surplus),1
2024-03,77018,Travelers,1
2024-03,77024,Progressive / ASI,1
2024-03,77024,SageSure Occidental,1
2024-03,77024,SageSure SURE,1
2024-03,77026,SageSure SURE,1
2024-03,77033,Mercury,1
2024-03,77038,SageSure SURE,1
2024-03,77041,Progressive / ASI,1
2024-03,77041,SageSure SafePort,1
2024-03,77042,SageSure SURE,1
2024-03,77049,Swyfft Lloyds (Surplus),1
2024-03,77056,Chubb,1
2024-03,77057,Travelers,2
2024-03,77060,SageSure SURE,1
2024-03,77064,SageSure SURE,1
2024-03,77067,Allied Trust,1
2024-03,77069,SageSure SURE,1
2024-03,77073,SageSure SURE,2
2024-03,77077,SageSure SURE,2
2024-03,77077,Swyfft Benchmark,1
2024-03,77078,SageSure SURE,1
2024-03,77079,SageSure SURE,1
2024-03,77079,Swyfft Benchmark,1
2024-03,77082,SageSure SURE,1
2024-03,77084,SageSure SURE,1
2024-03,77092,Allied Trust,1
2024-03,77095,National General,1
2024-03,77316,SageSure SURE,1
2024-03,77338,Swyfft Lloyds (Surplus),1
2024-03,77339,SageSure SURE,1
2024-03,77345,SageSure SURE,1
2024-03,77345,Swyfft Benchmark,1
2024-03,77365,SageSure SURE,2
2024-03,77375,SageSure SURE,1
2024-03,77379,SageSure SURE,1
2024-03,77381,Progressive / ASI,1
2024-03,77381,SageSure SURE,2
2024-03,77386,SageSure SURE,1
2024-03,77388,SageSure SURE,1
2024-03,77388,Swyfft Benchmark,1
2024-03,77396,SageSure SURE,1
2024-03,77401,Swyfft Benchmark,1
2024-03,77406,Swyfft Benchmark,2
2024-03,77423,Allied Trust,1
2024-03,77423,SageSure SURE,1
2024-03,77429,SageSure SURE,2
2024-03,77429,Swyfft Benchmark,1
2024-03,77433,Allied Trust,2
2024-03,77433,Progressive / ASI,1
2024-03,77433,SageSure Trium,1
2024-03,77433,Swyfft Benchmark,2
2024-03,77441,SageSure SURE,3
2024-03,77441,Swyfft Benchmark,1
2024-03,77447,SageSure SURE,1
2024-03,77449,SageSure SURE,1
2024-03,77450,Liberty Mutual / Safeco,1
2024-03,77450,SageSure SURE,3
2024-03,77450,SageSure Trium,1
2024-03,77459,Swyfft Benchmark,1
2024-03,77461,Swyfft Topa (Surplus),1
2024-03,77479,SageSure SURE,2
2024-03,77479,Swyfft Benchmark,1
2024-03,77493,Allied Trust,1
2024-03,77493,Progressive / ASI,1
2024-03,77493,SageSure SURE,3
2024-03,77494,Allied Trust,3
2024-03,77494,SageSure SURE,9
2024-03,77494,Swyfft Benchmark,3
2024-03,77494,Swyfft Lloyds (Surplus),2
2024-03,77498,Allied Trust,1
2024-03,77502,Swyfft Benchmark,1
2024-03,77505,Swyfft Benchmark,1
2024-03,77511,Progressive / ASI,1
2024-03,77530,SageSure SURE,1
2024-03,77530,Swyfft Benchmark,1
2024-03,77532,SageSure SURE,1
2024-03,77539,SageSure SURE,1
2024-03,77545,SageSure SURE,1
2024-03,77546,Allied Trust,1
2024-03,77546,SageSure SURE,1
2024-03,77554,Progressive / ASI,1
2024-03,77573,Progressive / ASI,1
2024-03,77584,Swyfft Benchmark,3
2024-03,77833,Travelers,1
2024-03,78045,SageSure SURE,1
2024-03,78046,SageSure SafePort,1
2024-03,78504,SageSure SURE,1
2024-03,78624,SageSure SURE,1
2024-03,78634,SageSure SURE,1
2024-03,78641,Travelers,1
2024-03,78941,SageSure SURE,1
2024-04,76048,Mercury,1
2024-04,76109,Progressive / ASI,1
2024-04,77006,SageSure SURE,1
2024-04,77007,SageSure SURE,1
2024-04,77007,Travelers,1
2024-04,77008,SageSure Occidental,1
2024-04,77009,Travelers,1
2024-04,77015,Mercury,1
2024-04,77024,Allied Trust,1
2024-04,77024,Chubb,1
2024-04,77024,Swyfft Benchmark,1
2024-04,77026,SageSure SURE,1
2024-04,77037,SageSure SURE,1
2024-04,77040,SageSure SURE,2
2024-04,77041,Swyfft Benchmark,1
2024-04,77043,SageSure SURE,2
2024-04,77049,Swyfft Topa (Surplus),1
2024-04,77056,Swyfft Benchmark,1
2024-04,77059,Swyfft Benchmark,1
2024-04,77062,SageSure SURE,1
2024-04,77073,Swyfft Benchmark,1
2024-04,77074,SageSure SURE,1
2024-04,77077,SageSure SURE,2
2024-04,77077,Swyfft Benchmark,1
2024-04,77080,SageSure SURE,1
2024-04,77089,SageSure SURE,1
2024-04,77094,SageSure SURE,1
2024-04,77095,Allied Trust,2
2024-04,77095,Progressive / ASI,1
2024-04,77095,SageSure SURE,2
2024-04,77099,SageSure SURE,1
2024-04,77302,Travelers,1
2024-04,77316,Swyfft Topa (Surplus),1
2024-04,77346,Allied Trust,1
2024-04,77346,SageSure SURE,1
2024-04,77355,Progressive / ASI,1
2024-04,77358,SageSure SURE,1
2024-04,77362,SageSure SafePort,1
2024-04,77378,SageSure SURE,1
2024-04,77381,SageSure SURE,1
2024-04,77388,Allied Trust,1
2024-04,77388,SageSure SURE,1
2024-04,77389,Chubb,1
2024-04,77389,Mercury,1
2024-04,77389,SageSure SURE,2
2024-04,77396,Allied Trust,1
2024-04,77396,Swyfft Benchmark,1
2024-04,77406,Progressive / ASI,1
2024-04,77406,SageSure SURE,2
2024-04,77406,Swyfft Benchmark,1
2024-04,77407,SageSure SURE,2
2024-04,77407,Swyfft Benchmark,3
2024-04,77429,SageSure SURE,1
2024-04,77429,Swyfft Benchmark,1
2024-04,77433,Travelers,1
2024-04,77441,Progressive / ASI,1
2024-04,77441,Swyfft Lloyds (Surplus),1
2024-04,77447,Progressive / ASI,1
2024-04,77449,SageSure SURE,2
2024-04,77450,Allied Trust,1
2024-04,77450,SageSure SURE,3
2024-04,77450,Swyfft Benchmark,1
2024-04,77459,Allied Trust,1
2024-04,77459,SageSure Occidental,1
2024-04,77469,Allied Trust,1
2024-04,77469,Swyfft Benchmark,1
2024-04,77474,SageSure SURE,1
2024-04,77479,Allied Trust,1
2024-04,77479,SageSure Occidental,1
2024-04,77479,SageSure SURE,1
2024-04,77486,SageSure SURE,1
2024-04,77493,SageSure Trium,1
2024-04,77494,Allied Trust,6
2024-04,77494,Progressive / ASI,1
2024-04,77494,SageSure SURE,4
2024-04,77498,Swyfft Benchmark,1
2024-04,77502,SageSure SURE,1
2024-04,77505,Allied Trust,1
2024-04,77511,Progressive / ASI,1
2024-04,77511,SageSure SURE,1
2024-04,77521,Progressive / ASI,1
2024-04,77536,SageSure Occidental,1
2024-04,77539,SageSure SURE,2
2024-04,77539,Swyfft Benchmark,1
2024-04,77545,SageSure SURE,1
2024-04,77545,Swyfft Lloyds (Surplus),1
2024-04,77568,SageSure SURE,1
2024-04,77571,Swyfft Benchmark,1
2024-04,77573,SageSure Occidental,1
2024-04,77573,Swyfft Benchmark,1
2024-04,77578,Progressive / ASI,1
2024-04,77578,SageSure SURE,1
2024-04,77581,Mercury,1
2024-04,77583,Progressive / ASI,1
2024-04,77584,Progressive / ASI,1
2024-04,77584,Swyfft Benchmark,2
2024-04,77665,Progressive / ASI,1
2024-04,78003,SageSure SafePort,1
2024-04,78214,SageSure SURE,1
2024-04,78542,SageSure SURE,1
2024-04,78610,SageSure SURE,1
2024-04,78619,Progressive / ASI,1
2024-04,78660,SageSure SURE,2
2024-04,78945,SageSure SURE,1
2024-05,75078,Progressive / ASI,1
2024-05,75209,Travelers,1
2024-05,75771,Allied Trust,1
2024-05,76085,Mercury,1
2024-05,76449,Liberty Mutual / Safeco,1
2024-05,77005,SageSure SafePort,1
2024-05,77007,SageSure SURE,1
2024-05,77007,Swyfft Benchmark,2
2024-05,77008,Travelers,1
2024-05,77009,Swyfft Benchmark,1
2024-05,77009,Travelers,1
2024-05,77011,Swyfft Benchmark,1
2024-05,77017,SageSure SURE,1
2024-05,77018,SageSure Occidental,1
2024-05,77018,SageSure SURE,1
2024-05,77018,SageSure Trium,1
2024-05,77018,Swyfft Benchmark,1
2024-05,77024,SageSure Occidental,1
2024-05,77025,Swyfft Benchmark,1
2024-05,77030,Swyfft Benchmark,1
2024-05,77040,Liberty Mutual / Safeco,1
2024-05,77041,Allied Trust,1
2024-05,77041,SageSure SURE,2
2024-05,77042,Travelers,1
2024-05,77043,Swyfft Benchmark,1
2024-05,77044,Allied Trust,1
2024-05,77053,SageSure Trium,1
2024-05,77055,SageSure SURE,1
2024-05,77055,Swyfft Benchmark,1
2024-05,77056,SageSure Occidental,1
2024-05,77059,SageSure Occidental,2
2024-05,77064,SageSure SURE,2
2024-05,77064,Swyfft Topa (Surplus),1
2024-05,77065,Mercury,1
2024-05,77066,Travelers,1
2024-05,77071,Travelers,1
2024-05,77077,Mercury,1
2024-05,77077,Swyfft Benchmark,1
2024-05,77079,Allied Trust,2
2024-05,77079,Mercury,1
2024-05,77079,SageSure SURE,2
2024-05,77080,Mercury,1
2024-05,77080,Swyfft Benchmark,1
2024-05,77080,Travelers,1
2024-05,77084,SageSure SURE,1
2024-05,77084,Swyfft Benchmark,1
2024-05,77091,Swyfft Topa (Surplus),1
2024-05,77095,Liberty Mutual / Safeco,1
2024-05,77096,Allied Trust,1
2024-05,77099,SageSure SURE,1
2024-05,77318,Allied Trust,1
2024-05,77336,Allied Trust,1
2024-05,77338,SageSure SURE,1
2024-05,77338,Travelers,1
2024-05,77339,Travelers,1
2024-05,77346,Mercury,1
2024-05,77346,SageSure SURE,1
2024-05,77346,SageSure Trium,1
2024-05,77346,Swyfft Benchmark,1
2024-05,77346,Travelers,1
2024-05,77356,Progressive / ASI,1
2024-05,77357,SageSure SafePort,1
2024-05,77362,Allied Trust,1
2024-05,77373,Allied Trust,1
2024-05,77373,Mercury,1
2024-05,77373,Travelers,1
2024-05,77375,SageSure SURE,1
2024-05,77377,Allied Trust,1
2024-05,77377,Liberty Mutual / Safeco,1
2024-05,77377,Mercury,1
2024-05,77378,SageSure SURE,1
2024-05,77379,Swyfft Benchmark,1
2024-05,77384,Progressive / ASI,1
2024-05,77388,Travelers,1
2024-05,77389,SageSure SURE,2
2024-05,77396,Swyfft Benchmark,1
2024-05,77406,Progressive / ASI,1
2024-05,77406,Swyfft Benchmark,1
2024-05,77407,Swyfft Benchmark,1
2024-05,77423,SageSure SURE,1
2024-05,77429,Allied Trust,2
2024-05,77429,SageSure SURE,2
2024-05,77429,SageSure Trium,1
2024-05,77429,Swyfft Benchmark,1
2024-05,77433,Allied Trust,3
2024-05,77433,Liberty Mutual / Safeco,2
2024-05,77433,Progressive / ASI,1
2024-05,77433,SageSure SURE,2
2024-05,77433,Swyfft Benchmark,2
2024-05,77433,Travelers,2
2024-05,77437,Swyfft Benchmark,1
2024-05,77441,SageSure SURE,1
2024-05,77441,SageSure Trium,1
2024-05,77441,Swyfft Benchmark,2
2024-05,77447,Allied Trust,1
2024-05,77447,SageSure SURE,1
2024-05,77449,Liberty Mutual / Safeco,2
2024-05,77450,Allied Trust,2
2024-05,77450,Liberty Mutual / Safeco,1
2024-05,77450,Progressive / ASI,1
2024-05,77450,Swyfft Benchmark,2
2024-05,77459,Allied Trust,2
2024-05,77469,Progressive / ASI,1
2024-05,77469,Swyfft Benchmark,1
2024-05,77478,Allied Trust,1
2024-05,77479,Allied Trust,2
2024-05,77489,Liberty Mutual / Safeco,1
2024-05,77489,SageSure SURE,1
2024-05,77493,Allied Trust,1
2024-05,77493,Mercury,1
2024-05,77493,SageSure SURE,1
2024-05,77494,Allied Trust,5
2024-05,77494,Mercury,2
2024-05,77494,SageSure SURE,4
2024-05,77494,SageSure Trium,1
2024-05,77494,Swyfft Benchmark,1
2024-05,77502,SageSure SURE,1
2024-05,77518,SageSure SURE,1
2024-05,77521,SageSure SURE,1
2024-05,77539,Allied Trust,1
2024-05,77545,Swyfft Benchmark,3
2024-05,77546,Allied Trust,1
2024-05,77571,SageSure Occidental,1
2024-05,77573,Progressive / ASI,2
2024-05,77578,Progressive / ASI,1
2024-05,77581,Liberty Mutual / Safeco,1
2024-05,77584,Liberty Mutual / Safeco,1
2024-05,77584,SageSure SURE,1
2024-05,77584,Swyfft Benchmark,2
2024-05,77833,ARI,1
2024-05,78006,SageSure SURE,1
2024-05,78222,Liberty Mutual / Safeco,1
2024-05,78609,Progressive / ASI,1
2024-05,78641,Mercury,1
2024-05,79707,Mercury,1
2024-06,75093,Travelers,1
2024-06,75173,Mercury,1
2024-06,76092,Chubb,1
2024-06,76249,Travelers,1
2024-06,77005,SageSure SURE,1
2024-06,77007,Liberty Mutual / Safeco,1
2024-06,77007,Swyfft Benchmark,1
2024-06,77007,Travelers,1
2024-06,77008,Mercury,1
2024-06,77018,SageSure SURE,1
2024-06,77018,Travelers,1
2024-06,77024,SageSure SURE,1
2024-06,77024,Swyfft Benchmark,1
2024-06,77036,Swyfft Topa (Surplus),1
2024-06,77043,Liberty Mutual / Safeco,1
2024-06,77047,Allied Trust,1
2024-06,77047,SageSure SURE,1
2024-06,77049,SageSure SURE,1
2024-06,77055,Chubb,1
2024-06,77073,National General,1
2024-06,77077,Allied Trust,1
2024-06,77077,SageSure SafePort,1
2024-06,77077,SageSure Trium,1
2024-06,77081,Swyfft Benchmark,1
2024-06,77086,Allied Trust,1
2024-06,77092,Progressive / ASI,1
2024-06,77092,Travelers,1
2024-06,77094,SageSure SURE,1
2024-06,77095,Travelers,1
2024-06,77346,Allied Trust,1
2024-06,77346,SageSure SURE,1
2024-06,77354,ARI,1
2024-06,77354,Allied Trust,1
2024-06,77362,Allied Trust,1
2024-06,77377,Allied Trust,1
2024-06,77378,Progressive / ASI,1
2024-06,77379,Allied Trust,1
2024-06,77389,Allied Trust,1
2024-06,77396,Liberty Mutual / Safeco,1
2024-06,77406,Swyfft Benchmark,1
2024-06,77429,Swyfft Benchmark,1
2024-06,77433,Allied Trust,2
2024-06,77433,Liberty Mutual / Safeco,1
2024-06,77433,SageSure Trium,1
2024-06,77433,Travelers,2
2024-06,77437,Progressive / ASI,1
2024-06,77441,Progressive / ASI,2
2024-06,77441,Swyfft Benchmark,1
2024-06,77449,Allied Trust,1
2024-06,77449,Mercury,1
2024-06,77449,SageSure SURE,1
2024-06,77449,Travelers,1
2024-06,77450,SageSure SURE,1
2024-06,77450,Swyfft Benchmark,1
2024-06,77459,Allied Trust,1
2024-06,77459,Progressive / ASI,2
2024-06,77469,Swyfft Benchmark,2
2024-06,77471,Progressive / ASI,1
2024-06,77471,SageSure SURE,1
2024-06,77493,Progressive / ASI,1
2024-06,77494,SageSure SURE,1
2024-06,77494,Swyfft Benchmark,4
2024-06,77498,Allied Trust,1
2024-06,77498,Liberty Mutual / Safeco,1
2024-06,77498,SageSure SURE,1
2024-06,77545,Liberty Mutual / Safeco,1
2024-06,77571,Liberty Mutual / Safeco,1
2024-06,77573,Progressive / ASI,1
2024-06,77578,Allied Trust,1
2024-06,77581,Allied Trust,1
2024-06,77583,SageSure SURE,1
2024-06,77868,Liberty Mutual / Safeco,1
2024-06,78737,Liberty Mutual / Safeco,1
2024-07,75154,Mercury,1
2024-07,77004,Travelers,1
2024-07,77005,Travelers,1
2024-07,77007,Swyfft Topa (Surplus),1
2024-07,77007,Travelers,1
2024-07,77008,SageSure SURE,1
2024-07,77009,Liberty Mutual / Safeco,1
2024-07,77009,Progressive / ASI,1
2024-07,77018,Progressive / ASI,1
2024-07,77040,SageSure SURE,1
2024-07,77041,Allied Trust,1
2024-07,77041,Travelers,1
2024-07,77043,Travelers,2
2024-07,77055,Travelers,1
2024-07,77056,Chubb,2
2024-07,77056,Travelers,1
2024-07,77057,Travelers,1
2024-07,77064,Travelers,1
2024-07,77068,SageSure SURE,1
2024-07,77069,Allied Trust,1
2024-07,77079,SageSure SURE,1
2024-07,77084,Travelers,1
2024-07,77095,Allied Trust,1
2024-07,77095,Mercury,1
2024-07,77303,Travelers,1
2024-07,77304,Allied Trust,1
2024-07,77345,Allied Trust,1
2024-07,77346,Swyfft Topa (Surplus),1
2024-07,77364,Liberty Mutual / Safeco,1
2024-07,77365,SageSure SURE,1
2024-07,77375,Allied Trust,1
2024-07,77385,Progressive / ASI,1
2024-07,77386,Progressive / ASI,1
2024-07,77388,Allied Trust,1
2024-07,77388,Swyfft Topa (Surplus),1
2024-07,77389,Allied Trust,1
2024-07,77389,SageSure SURE,1
2024-07,77396,Swyfft Benchmark,1
2024-07,77406,Allied Trust,2
2024-07,77406,Mercury,1
2024-07,77406,SageSure SURE,1
2024-07,77417,Progressive / ASI,2
2024-07,77429,Swyfft Benchmark,1
2024-07,77433,Allied Trust,1
2024-07,77433,SageSure Trium,1
2024-07,77433,Swyfft Benchmark,1
2024-07,77433,Travelers,1
2024-07,77441,Mercury,1
2024-07,77441,Progressive / ASI,1
2024-07,77441,SageSure Occidental,1
2024-07,77441,SageSure SURE,1
2024-07,77445,SageSure SURE,1
2024-07,77447,Allied Trust,1
2024-07,77459,Allied Trust,1
2024-07,77471,SageSure SURE,1
2024-07,77474,SageSure SURE,1
2024-07,77479,Allied Trust,1
2024-07,77494,Allied Trust,5
2024-07,77494,SageSure SURE,3
2024-07,77494,SageSure Trium,1
2024-07,77494,Swyfft Benchmark,1
2024-07,77568,Mercury,1
2024-07,77571,Progressive / ASI,1
2024-07,77573,Liberty Mutual / Safeco,1
2024-07,77583,Progressive / ASI,1
2024-07,77583,SageSure SURE,1
2024-07,77584,Allied Trust,1
2024-07,77584,Swyfft Benchmark,1
2024-07,77584,Swyfft Topa (Surplus),1
2024-07,77586,Progressive / ASI,1
2024-07,77650,Liberty Mutual / Safeco,1
2024-07,78003,Travelers,1
2024-07,78163,Travelers,1
2024-07,78214,SageSure SURE,2
2024-07,78254,SageSure SURE,1
2024-07,78681,Liberty Mutual / Safeco,1
2024-07,78732,Chubb,1
2024-07,78738,Liberty Mutual / Safeco,1
2024-07,78745,Progressive / ASI,1
2024-07,78934,SageSure SURE,1
2024-08,76071,Travelers,1
2024-08,76247,Progressive / ASI,1
2024-08,77007,Travelers,2
2024-08,77014,Travelers,1
2024-08,77018,SageSure SURE,1
2024-08,77018,Travelers,3
2024-08,77024,SageSure SURE,1
2024-08,77041,SageSure SURE,1
2024-08,77042,SageSure Trium,1
2024-08,77049,Swyfft Topa (Surplus),1
2024-08,77055,Allied Trust,2
2024-08,77055,Travelers,1
2024-08,77063,Swyfft Topa (Surplus),1
2024-08,77064,Travelers,1
2024-08,77071,SageSure SURE,1
2024-08,77077,Allied Trust,1
2024-08,77077,SageSure SURE,2
2024-08,77079,Allied Trust,1
2024-08,77079,SageSure SURE,1
2024-08,77079,Swyfft Topa (Surplus),1
2024-08,77080,Travelers,1
2024-08,77084,SageSure SURE,1
2024-08,77089,Allied Trust,1
2024-08,77092,SageSure SURE,1
2024-08,77094,Travelers,1
2024-08,77096,SageSure SURE,2
2024-08,77304,Allied Trust,1
2024-08,77304,SageSure SURE,1
2024-08,77345,Allied Trust,1
2024-08,77345,Travelers,1
2024-08,77346,Allied Trust,2
2024-08,77346,SageSure SURE,1
2024-08,77355,SageSure SURE,1
2024-08,77356,SageSure SURE,1
2024-08,77365,Progressive / ASI,1
2024-08,77375,SageSure SURE,1
2024-08,77375,Travelers,1
2024-08,77377,Allied Trust,1
2024-08,77377,SageSure SURE,1
2024-08,77377,Travelers,1
2024-08,77379,SageSure SURE,1
2024-08,77384,Swyfft Topa (Surplus),1
2024-08,77386,SageSure SURE,1
2024-08,77386,Travelers,1
2024-08,77388,Mercury,1
2024-08,77388,SageSure Trium,1
2024-08,77389,Allied Trust,2
2024-08,77406,Progressive / ASI,1
2024-08,77407,Swyfft Topa (Surplus),1
2024-08,77429,Allied Trust,2
2024-08,77429,SageSure SURE,1
2024-08,77429,Travelers,1
2024-08,77433,Allied Trust,1
2024-08,77433,Travelers,1
2024-08,77441,SageSure SURE,1
2024-08,77447,SageSure SURE,1
2024-08,77449,SageSure SURE,1
2024-08,77450,Allied Trust,1
2024-08,77459,Allied Trust,1
2024-08,77459,Progressive / ASI,1
2024-08,77459,SageSure SURE,1
2024-08,77471,SageSure SURE,2
2024-08,77474,Progressive / ASI,1
2024-08,77479,Progressive / ASI,1
2024-08,77479,Swyfft Topa (Surplus),1
2024-08,77493,Allied Trust,1
2024-08,77493,Liberty Mutual / Safeco,1
2024-08,77493,SageSure SURE,2
2024-08,77493,SageSure Trium,1
2024-08,77493,Travelers,5
2024-08,77494,Allied Trust,2
2024-08,77494,SageSure SURE,1
2024-08,77494,SageSure Trium,1
2024-08,77498,SageSure SURE,1
2024-08,77519,Progressive / ASI,1
2024-08,77523,Mercury,1
2024-08,77545,Progressive / ASI,3
2024-08,77568,SageSure SURE,1
2024-08,77571,Allied Trust,1
2024-08,77573,SageSure SURE,2
2024-08,77583,Allied Trust,1
2024-08,77583,Mercury,1
2024-08,77584,Swyfft Topa (Surplus),1
2024-08,77587,Allied Trust,1
2024-08,77713,Allied Trust,1
2024-08,77835,Liberty Mutual / Safeco,1
2024-08,78130,Travelers,1
2024-08,78251,Travelers,1
2024-08,78666,Liberty Mutual / Safeco,1
2024-08,78738,Travelers,1
2024-08,78748,SageSure SURE,1
2024-09,75071,Chubb,1
2024-09,76209,Travelers,1
2024-09,77005,Travelers,1
2024-09,77006,Travelers,1
2024-09,77008,SageSure SURE,1
2024-09,77008,Travelers,3
2024-09,77009,SageSure SURE,1
2024-09,77019,Chubb,1
2024-09,77020,Travelers,1
2024-09,77022,Liberty Mutual / Safeco,1
2024-09,77024,Liberty Mutual / Safeco,1
2024-09,77024,Swyfft Topa (Surplus),1
2024-09,77025,Travelers,1
2024-09,77041,Travelers,1
2024-09,77043,SageSure SURE,1
2024-09,77043,Swyfft Topa (Surplus),1
2024-09,77043,Travelers,1
2024-09,77044,SageSure SURE,1
2024-09,77044,Travelers,1
2024-09,77053,SageSure SURE,1
2024-09,77057,Allied Trust,1
2024-09,77057,Chubb,1
2024-09,77065,ARI,1
2024-09,77070,SageSure SURE,1
2024-09,77084,Allied Trust,1
2024-09,77084,SageSure SURE,2
2024-09,77084,Travelers,1
2024-09,77094,Travelers,1
2024-09,77302,Allied Trust,1
2024-09,77302,Swyfft Benchmark,1
2024-09,77303,SageSure SURE,1
2024-09,77316,Allied Trust,1
2024-09,77318,Allied Trust,1
2024-09,77318,Progressive / ASI,1
2024-09,77318,SageSure SURE,1
2024-09,77338,Travelers,1
2024-09,77339,Swyfft Topa (Surplus),1
2024-09,77346,SageSure SURE,2
2024-09,77355,SageSure SURE,1
2024-09,77375,Allied Trust,1
2024-09,77379,SageSure SURE,1
2024-09,77381,SageSure SURE,1
2024-09,77384,Allied Trust,1
2024-09,77384,SageSure SURE,1
2024-09,77385,SageSure SURE,1
2024-09,77385,Travelers,1
2024-09,77386,Travelers,1
2024-09,77388,Travelers,1
2024-09,77389,Allied Trust,1
2024-09,77407,Allied Trust,1
2024-09,77407,Swyfft Topa (Surplus),1
2024-09,77423,Swyfft Topa (Surplus),1
2024-09,77429,Allied Trust,2
2024-09,77429,Orion180,1
2024-09,77433,Allied Trust,2
2024-09,77441,Progressive / ASI,3
2024-09,77447,Travelers,1
2024-09,77459,Allied Trust,3
2024-09,77459,Progressive / ASI,1
2024-09,77471,SageSure SURE,1
2024-09,77493,Travelers,3
2024-09,77494,Allied Trust,5
2024-09,77532,Allied Trust,2
2024-09,77545,Swyfft Topa (Surplus),3
2024-09,77573,Progressive / ASI,1
2024-09,77583,Liberty Mutual / Safeco,1
2024-09,77584,Allied Trust,1
2024-09,77584,Progressive / ASI,1
2024-09,78624,Travelers,1
2024-09,78634,SageSure SURE,1
2024-10,75077,Progressive / ASI,2
2024-10,75098,Progressive / ASI,1
2024-10,76226,Progressive / ASI,1
2024-10,77007,Swyfft Benchmark,1
2024-10,77008,Progressive / ASI,1
2024-10,77008,Swyfft Topa (Surplus),1
2024-10,77008,Travelers,1
2024-10,77014,Swyfft Benchmark,1
2024-10,77018,Travelers,1
2024-10,77023,Travelers,1
2024-10,77024,Allied Trust,1
2024-10,77025,Travelers,1
2024-10,77041,Allied Trust,1
2024-10,77044,SageSure SURE,2
2024-10,77045,Swyfft Topa (Surplus),1
2024-10,77054,SageSure SURE,1
2024-10,77068,Allied Trust,1
2024-10,77071,Allied Trust,1
2024-10,77071,SageSure SURE,1
2024-10,77077,SageSure SURE,1
2024-10,77077,Travelers,2
2024-10,77078,Allied Trust,1
2024-10,77079,Allied Trust,1
2024-10,77079,Swyfft Benchmark,1
2024-10,77079,Travelers,1
2024-10,77080,Progressive / ASI,1
2024-10,77081,SageSure SURE,1
2024-10,77083,Travelers,1
2024-10,77084,SageSure Trium,1
2024-10,77092,SageSure SURE,1
2024-10,77096,Travelers,1
2024-10,77318,Allied Trust,1
2024-10,77336,SageSure SafePort,1
2024-10,77339,Travelers,1
2024-10,77354,Travelers,1
2024-10,77373,SageSure SURE,1
2024-10,77379,Allied Trust,2
2024-10,77379,Travelers,1
2024-10,77381,SageSure SURE,1
2024-10,77382,SageSure SafePort,1
2024-10,77389,Allied Trust,1
2024-10,77407,Mercury,1
2024-10,77407,Swyfft Topa (Surplus),1
2024-10,77429,Allied Trust,2
2024-10,77429,SageSure SURE,1
2024-10,77429,Travelers,1
2024-10,77433,Allied Trust,1
2024-10,77433,Swyfft Benchmark,1
2024-10,77441,Progressive / ASI,1
2024-10,77441,SageSure SURE,1
2024-10,77441,Travelers,1
2024-10,77447,Travelers,2
2024-10,77449,Swyfft Benchmark,2
2024-10,77449,Travelers,1
2024-10,77450,Travelers,2
2024-10,77459,Allied Trust,1
2024-10,77459,Progressive / ASI,1
2024-10,77461,SageSure SURE,1
2024-10,77469,Allied Trust,4
2024-10,77474,Travelers,2
2024-10,77494,Allied Trust,4
2024-10,77494,Travelers,1
2024-10,77521,SageSure SURE,1
2024-10,77532,Allied Trust,1
2024-10,77545,Allied Trust,1
2024-10,77573,Allied Trust,1
2024-10,77573,Liberty Mutual / Safeco,1
2024-10,77578,Allied Trust,1
2024-10,77578,SageSure SURE,1
2024-10,77583,Swyfft Topa (Surplus),1
2024-10,77584,Progressive / ASI,1
2024-10,77624,Liberty Mutual / Safeco,1
2024-10,77833,Travelers,1
2024-10,77835,Travelers,1
2024-10,77845,Liberty Mutual / Safeco,1
2024-10,78046,SageSure SURE,1
2024-10,78552,SageSure SURE,1
2024-10,78704,Travelers,1
2024-10,79703,Travelers,1
2024-11,75077,Progressive / ASI,1
2024-11,77007,Swyfft Benchmark,1
2024-11,77007,Travelers,1
2024-11,77008,Allied Trust,1
2024-11,77008,Travelers,2
2024-11,77009,SageSure SURE,1
2024-11,77009,Swyfft Benchmark,1
2024-11,77018,HOAIC,1
2024-11,77018,SageSure SURE,1
2024-11,77018,Swyfft Benchmark,1
2024-11,77020,Progressive / ASI,1
2024-11,77024,Chubb,1
2024-11,77027,Chubb,1
2024-11,77035,Swyfft Benchmark,1
2024-11,77043,SageSure SURE,1
2024-11,77043,Travelers,1
2024-11,77047,Mercury,1
2024-11,77070,Swyfft Benchmark,1
2024-11,77073,Travelers,1
2024-11,77077,Swyfft Benchmark,1
2024-11,77077,Travelers,1
2024-11,77079,SageSure SURE,1
2024-11,77083,Allied Trust,1
2024-11,77084,SageSure SURE,1
2024-11,77084,Travelers,1
2024-11,77089,Allied Trust,1
2024-11,77094,Allied Trust,1
2024-11,77095,Travelers,2
2024-11,77316,Chubb,1
2024-11,77351,Travelers,1
2024-11,77365,Mercury,1
2024-11,77375,Swyfft Benchmark,1
2024-11,77377,Allied Trust,2
2024-11,77378,Mercury,1
2024-11,77379,SageSure Trium,1
2024-11,77388,SageSure SURE,1
2024-11,77396,Swyfft Benchmark,1
2024-11,77396,Travelers,1
2024-11,77406,SageSure SURE,1
2024-11,77407,Allied Trust,1
2024-11,77433,Allied Trust,2
2024-11,77433,Travelers,1
2024-11,77441,Progressive / ASI,3
2024-11,77449,SageSure Trium,1
2024-11,77459,Swyfft Topa (Surplus),1
2024-11,77469,Allied Trust,1
2024-11,77469,SageSure SURE,2
2024-11,77471,ARI,1
2024-11,77477,SageSure SURE,1
2024-11,77489,Swyfft Benchmark,1
2024-11,77494,ARI,1
2024-11,77494,SageSure SURE,1
2024-11,77520,Allied Trust,1
2024-11,77521,Mercury,1
2024-11,77532,Allied Trust,1
2024-11,77534,Mercury,1
2024-11,77539,Mercury,1
2024-11,77546,Allied Trust,1
2024-11,77583,SageSure Auros,1
2024-11,77584,Progressive / ASI,2
2024-11,77584,Swyfft Benchmark,1
2024-11,77598,Swyfft Benchmark,1
2024-11,78045,SageSure SURE,1
2024-11,78654,Travelers,1
2024-11,78681,Travelers,1
2024-11,78738,Allied Trust,1
2024-12,77004,Swyfft Benchmark,1
2024-12,77007,Swyfft Benchmark,1
2024-12,77007,Travelers,1
2024-12,77009,Travelers,1
2024-12,77022,Swyfft Benchmark,1
2024-12,77025,Travelers,1
2024-12,77028,Travelers,1
2024-12,77033,SageSure SURE,1
2024-12,77075,Swyfft Benchmark,1
2024-12,77079,Swyfft Benchmark,1
2024-12,77082,Liberty Mutual / Safeco,1
2024-12,77082,Swyfft Benchmark,1
2024-12,77083,SageSure SURE,1
2024-12,77085,SageSure Trium,1
2024-12,77089,ARI,1
2024-12,77090,SageSure SURE,1
2024-12,77091,Travelers,1
2024-12,77098,Swyfft Benchmark,1
2024-12,77316,Allied Trust,1
2024-12,77316,SageSure SafePort,1
2024-12,77318,SageSure SURE,1
2024-12,77338,SageSure SURE,1
2024-12,77346,Swyfft Benchmark,1
2024-12,77351,Travelers,1
2024-12,77354,Travelers,1
2024-12,77356,Liberty Mutual / Safeco,1
2024-12,77357,Allied Trust,1
2024-12,77377,Swyfft Benchmark,1
2024-12,77379,Allied Trust,1
2024-12,77379,SageSure SURE,2
2024-12,77389,Allied Trust,1
2024-12,77406,SageSure Trium,1
2024-12,77407,SageSure SURE,1
2024-12,77407,Swyfft Benchmark,1
2024-12,77423,Swyfft Benchmark,1
2024-12,77429,Allied Trust,1
2024-12,77429,SageSure Auros,1
2024-12,77433,Allied Trust,1
2024-12,77433,Progressive / ASI,1
2024-12,77433,Swyfft Benchmark,1
2024-12,77433,Travelers,1
2024-12,77441,Progressive / ASI,1
2024-12,77441,SageSure SURE,1
2024-12,77441,Swyfft Benchmark,2
2024-12,77450,SageSure SURE,1
2024-12,77459,SageSure SURE,1
2024-12,77469,SageSure SafePort,1
2024-12,77471,ARI,1
2024-12,77493,HOAIC,1
2024-12,77493,Travelers,2
2024-12,77494,Allied Trust,4
2024-12,77494,SageSure SURE,2
2024-12,77494,SageSure SafePort,1
2024-12,77494,SageSure Trium,1
2024-12,77494,Swyfft Benchmark,1
2024-12,77494,Swyfft Lloyds (Surplus),1
2024-12,77498,Allied Trust,1
2024-12,77532,Travelers,2
2024-12,77573,Allied Trust,1
2024-12,77578,SageSure SURE,1
2024-12,77581,Allied Trust,1
2024-12,77583,SageSure SURE,1
2024-12,78613,SageSure SafePort,1
2024-12,78665,SageSure SURE,1
2025-01,76126,Mercury,1
2025-01,77006,Swyfft Benchmark,1
2025-01,77008,SageSure SURE,1
2025-01,77008,SageSure Trium,1
2025-01,77024,Swyfft Benchmark,1
2025-01,77031,Travelers,1
2025-01,77049,SageSure Occidental,1
2025-01,77049,Swyfft Topa (Surplus),2
2025-01,77051,SageSure SafePort,1
2025-01,77055,Swyfft Benchmark,1
2025-01,77056,Swyfft Benchmark,1
2025-01,77064,Travelers,1
2025-01,77069,SageSure Occidental,1
2025-01,77073,SageSure Occidental,1
2025-01,77077,SageSure Occidental,1
2025-01,77077,SageSure SafePort,1
2025-01,77077,Travelers,1
2025-01,77079,SageSure SURE,2
2025-01,77079,Swyfft Benchmark,1
2025-01,77082,Chubb,1
2025-01,77084,Liberty Mutual / Safeco,1
2025-01,77084,Travelers,1
2025-01,77088,SageSure Occidental,1
2025-01,77091,Swyfft Topa (Surplus),1
2025-01,77092,Travelers,1
2025-01,77095,SageSure Auros,1
2025-01,77095,SageSure Trium,1
2025-01,77096,Swyfft Benchmark,1
2025-01,77099,SageSure SURE,1
2025-01,77304,SageSure SURE,1
2025-01,77345,SageSure Trium,1
2025-01,77346,SageSure SURE,1
2025-01,77346,SageSure Trium,1
2025-01,77346,Travelers,2
2025-01,77356,SageSure Occidental,2
2025-01,77362,Swyfft Benchmark,1
2025-01,77362,Travelers,1
2025-01,77365,Travelers,1
2025-01,77373,Swyfft Topa (Surplus),1
2025-01,77375,Liberty Mutual / Safeco,1
2025-01,77375,SageSure SURE,1
2025-01,77379,Swyfft Topa (Surplus),1
2025-01,77381,Progressive / ASI,1
2025-01,77382,SageSure SURE,1
2025-01,77384,SageSure SURE,1
2025-01,77386,SageSure SURE,1
2025-01,77386,Swyfft Topa (Surplus),1
2025-01,77388,Travelers,1
2025-01,77401,Travelers,1
2025-01,77406,SageSure Occidental,1
2025-01,77406,SageSure SURE,1
2025-01,77407,SageSure SURE,1
2025-01,77429,SageSure SURE,1
2025-01,77433,Allied Trust,1
2025-01,77433,SageSure Auros,1
2025-01,77433,SageSure SURE,1
2025-01,77441,Progressive / ASI,1
2025-01,77441,SageSure SURE,1
2025-01,77449,SageSure Occidental,1
2025-01,77449,Swyfft Benchmark,2
2025-01,77450,SageSure Occidental,1
2025-01,77450,Swyfft Benchmark,1
2025-01,77450,Travelers,1
2025-01,77459,SageSure SURE,1
2025-01,77469,ARI,1
2025-01,77484,Progressive / ASI,1
2025-01,77493,Mercury,1
2025-01,77493,SageSure Occidental,1
2025-01,77494,Allied Trust,3
2025-01,77494,SageSure Occidental,1
2025-01,77494,SageSure SURE,1
2025-01,77494,SageSure Trium,2
2025-01,77573,Liberty Mutual / Safeco,1
2025-01,77583,Allied Trust,1
2025-01,77598,Liberty Mutual / Safeco,1
2025-01,78248,Liberty Mutual / Safeco,1
2025-01,78610,TWICO,1
2025-01,78640,TWICO,1
2025-01,78669,Liberty Mutual / Safeco,2
2025-01,78738,Liberty Mutual / Safeco,1
2025-02,75078,Progressive / ASI,1
2025-02,75215,TWICO,1
2025-02,75235,Liberty Mutual / Safeco,1
2025-02,75935,Travelers,1
2025-02,76513,SageSure SURE,2
2025-02,77007,Liberty Mutual / Safeco,1
2025-02,77009,SageSure Occidental,1
2025-02,77009,Swyfft Benchmark,1
2025-02,77018,Allied Trust,1
2025-02,77019,Chubb,1
2025-02,77035,SageSure Occidental,1
2025-02,77035,SageSure SURE,1
2025-02,77035,Swyfft Benchmark,1
2025-02,77042,Liberty Mutual / Safeco,1
2025-02,77042,SageSure Occidental,1
2025-02,77064,SageSure Trium,1
2025-02,77069,Travelers,1
2025-02,77070,SageSure Trium,1
2025-02,77077,Chubb,1
2025-02,77077,SageSure Occidental,1
2025-02,77079,SageSure Occidental,2
2025-02,77080,Progressive / ASI,1
2025-02,77082,Travelers,1
2025-02,77089,SageSure Trium,1
2025-02,77095,SageSure Occidental,1
2025-02,77095,Travelers,1
2025-02,77096,Liberty Mutual / Safeco,1
2025-02,77302,Swyfft Benchmark,1
2025-02,77304,Swyfft Benchmark,1
2025-02,77336,SageSure Trium,1
2025-02,77346,Liberty Mutual / Safeco,1
2025-02,77355,Swyfft Benchmark,1
2025-02,77357,Allied Trust,1
2025-02,77357,SageSure Trium,1
2025-02,77381,SageSure Occidental,1
2025-02,77384,Allied Trust,1
2025-02,77384,Travelers,1
2025-02,77386,Allied Trust,1
2025-02,77386,Progressive / ASI,1
2025-02,77406,Allied Trust,1
2025-02,77406,SageSure SURE,1
2025-02,77429,Allied Trust,1
2025-02,77433,Allied Trust,2
2025-02,77433,SageSure Trium,1
2025-02,77433,Swyfft Topa (Surplus),1
2025-02,77433,Travelers,1
2025-02,77441,Progressive / ASI,1
2025-02,77441,SageSure Trium,1
2025-02,77441,Swyfft Benchmark,1
2025-02,77447,Mercury,1
2025-02,77449,SageSure Occidental,1
2025-02,77449,Swyfft Benchmark,1
2025-02,77449,Swyfft Topa (Surplus),1
2025-02,77450,Allied Trust,1
2025-02,77450,SageSure Auros,1
2025-02,77450,SageSure Trium,1
2025-02,77450,Travelers,1
2025-02,77459,SageSure SURE,2
2025-02,77469,SageSure SURE,1
2025-02,77479,SageSure Trium,1
2025-02,77493,Allied Trust,1
2025-02,77493,SageSure Occidental,1
2025-02,77493,Swyfft Benchmark,2
2025-02,77494,ARI,1
2025-02,77494,Allied Trust,1
2025-02,77494,SageSure Occidental,2
2025-02,77494,SageSure SURE,1
2025-02,77494,SageSure Trium,1
2025-02,77504,SageSure SURE,1
2025-02,77530,SageSure Occidental,1
2025-02,77532,SageSure Occidental,1
2025-02,77534,Progressive / ASI,1
2025-02,77578,Allied Trust,1
2025-02,77578,Progressive / ASI,1
2025-02,77597,Allied Trust,1
2025-02,77713,Mercury,1
2025-02,78613,SageSure SURE,1
2025-02,78664,SageSure Occidental,1
2025-02,78746,Liberty Mutual / Safeco,1
2025-03,75167,Travelers,1
2025-03,77004,SageSure SURE,1
2025-03,77008,SageSure Auros,1
2025-03,77008,Travelers,1
2025-03,77009,Liberty Mutual / Safeco,1
2025-03,77009,SageSure SURE,1
2025-03,77009,Travelers,1
2025-03,77016,SageSure SURE,1
2025-03,77018,Swyfft Benchmark,1
2025-03,77018,Travelers,1
2025-03,77024,Liberty Mutual / Safeco,1
2025-03,77024,SageSure Occidental,1
2025-03,77025,Liberty Mutual / Safeco,1
2025-03,77041,Travelers,1
2025-03,77043,SageSure Auros,1
2025-03,77047,Progressive / ASI,1
2025-03,77057,Allied Trust,1
2025-03,77063,Travelers,1
2025-03,77065,Travelers,1
2025-03,77077,Liberty Mutual / Safeco,1
2025-03,77079,Allied Trust,1
2025-03,77079,SageSure SURE,1
2025-03,77084,SageSure SURE,2
2025-03,77090,SageSure Auros,1
2025-03,77094,Chubb,1
2025-03,77095,Travelers,1
2025-03,77302,SageSure SURE,1
2025-03,77346,ARI,1
2025-03,77346,SageSure Auros,1
2025-03,77356,Swyfft Benchmark,1
2025-03,77357,Progressive / ASI,1
2025-03,77373,SageSure SURE,1
2025-03,77375,Travelers,1
2025-03,77377,SageSure SURE,1
2025-03,77379,Swyfft Benchmark,1
2025-03,77384,Allied Trust,1
2025-03,77384,SageSure Auros,2
2025-03,77386,ARI,1
2025-03,77396,Swyfft Benchmark,1
2025-03,77396,Swyfft Topa (Surplus),1
2025-03,77406,SageSure Occidental,1
2025-03,77406,Swyfft Benchmark,1
2025-03,77407,Orion180,1
2025-03,77423,SageSure SURE,1
2025-03,77429,Allied Trust,1
2025-03,77429,SageSure Occidental,1
2025-03,77429,Travelers,1
2025-03,77433,SageSure Occidental,2
2025-03,77433,SageSure SURE,1
2025-03,77433,Swyfft Benchmark,2
2025-03,77441,Progressive / ASI,1
2025-03,77441,SageSure SURE,1
2025-03,77447,Allied Trust,1
2025-03,77449,Liberty Mutual / Safeco,1
2025-03,77450,SageSure Occidental,1
2025-03,77450,SageSure Trium,1
2025-03,77450,Travelers,3
2025-03,77459,Progressive / ASI,1
2025-03,77469,SageSure Trium,1
2025-03,77479,Allied Trust,1
2025-03,77479,Chubb,1
2025-03,77479,SageSure Auros,2
2025-03,77484,Allied Trust,1
2025-03,77484,Liberty Mutual / Safeco,1
2025-03,77484,Progressive / ASI,1
2025-03,77493,ARI,1
2025-03,77493,Travelers,1
2025-03,77494,ARI,1
2025-03,77494,Allied Trust,3
2025-03,77494,SageSure Occidental,1
2025-03,77498,SageSure SURE,1
2025-03,77498,Swyfft Benchmark,1
2025-03,77520,Swyfft Topa (Surplus),1
2025-03,77545,Allied Trust,1
2025-03,77546,SageSure SURE,1
2025-03,77578,SageSure SURE,1
2025-03,77578,Swyfft Lloyds (Surplus),1
2025-03,77581,Mercury,1
2025-03,77665,HOAIC,1
2025-03,78133,SageSure SURE,1
2025-03,78641,SageSure SURE,3
2025-03,78732,Chubb,1
2025-03,78934,TWICO,1
2025-03,78962,Travelers,1
2025-04,75080,Travelers,1
2025-04,76048,Liberty Mutual / Safeco,1
2025-04,76262,National General,1
2025-04,76426,TWICO,1
2025-04,76513,Liberty Mutual / Safeco,1
2025-04,77007,Swyfft Benchmark,1
2025-04,77008,Swyfft Benchmark,2
2025-04,77018,Swyfft Benchmark,1
2025-04,77022,SageSure Auros,1
2025-04,77024,Swyfft Benchmark,1
2025-04,77034,SageSure Auros,1
2025-04,77039,SageSure SURE,1
2025-04,77041,National General,1
2025-04,77045,SageSure Occidental,1
2025-04,77055,Allied Trust,1
2025-04,77055,Travelers,1
2025-04,77057,SageSure Occidental,1
2025-04,77064,SageSure Auros,1
2025-04,77069,SageSure Auros,1
2025-04,77070,Swyfft Benchmark,1
2025-04,77070,Travelers,1
2025-04,77073,SageSure Auros,1
2025-04,77075,Swyfft Benchmark,1
2025-04,77077,Liberty Mutual / Safeco,1
2025-04,77079,SageSure Auros,1
2025-04,77079,SageSure Occidental,1
2025-04,77079,SageSure SURE,2
2025-04,77080,HOAIC,1
2025-04,77080,Travelers,1
2025-04,77083,SageSure Auros,1
2025-04,77084,SageSure SURE,2
2025-04,77084,Travelers,1
2025-04,77086,SageSure SURE,1
2025-04,77088,SageSure Occidental,1
2025-04,77088,Travelers,1
2025-04,77091,SageSure SURE,1
2025-04,77092,SageSure SURE,1
2025-04,77094,SageSure Auros,1
2025-04,77095,Travelers,1
2025-04,77301,HOAIC,1
2025-04,77316,SageSure Auros,1
2025-04,77339,SageSure Auros,1
2025-04,77346,SageSure SURE,1
2025-04,77346,Swyfft Benchmark,1
2025-04,77346,Swyfft Lloyds (Surplus),1
2025-04,77346,Travelers,1
2025-04,77354,SageSure SURE,1
2025-04,77365,SageSure Auros,1
2025-04,77375,SageSure Auros,1
2025-04,77377,SageSure Auros,1
2025-04,77377,SageSure Occidental,1
2025-04,77378,Liberty Mutual / Safeco,1
2025-04,77379,SageSure SURE,1
2025-04,77379,Swyfft Benchmark,1
2025-04,77381,Swyfft Benchmark,1
2025-04,77386,ARI,1
2025-04,77386,Progressive / ASI,1
2025-04,77386,Travelers,1
2025-04,77388,SageSure Auros,1
2025-04,77388,Travelers,1
2025-04,77389,Allied Trust,1
2025-04,77406,HOAIC,1
2025-04,77406,SageSure Vave,1
2025-04,77406,Swyfft Topa (Surplus),1
2025-04,77407,SageSure SURE,1
2025-04,77414,Mercury,1
2025-04,77423,ARI,1
2025-04,77423,Swyfft Benchmark,1
2025-04,77429,SageSure Auros,1
2025-04,77429,Travelers,1
2025-04,77433,Allied Trust,1
2025-04,77433,SageSure Auros,2
2025-04,77433,Travelers,3
2025-04,77441,Allied Trust,1
2025-04,77441,National General,2
2025-04,77441,SageSure SURE,1
2025-04,77449,Swyfft Benchmark,1
2025-04,77450,Mercury,1
2025-04,77450,SageSure Auros,1
2025-04,77450,SageSure Occidental,1
2025-04,77450,Travelers,1
2025-04,77459,SageSure Auros,1
2025-04,77469,ARI,1
2025-04,77474,SageSure Auros,1
2025-04,77479,SageSure Auros,2
2025-04,77484,HOAIC,1
2025-04,77493,SageSure Occidental,1
2025-04,77494,ARI,2
2025-04,77494,Allied Trust,1
2025-04,77494,SageSure Occidental,1
2025-04,77494,SageSure SURE,3
2025-04,77494,Swyfft Lloyds (Surplus),1
2025-04,77504,Swyfft Benchmark,1
2025-04,77539,Mercury,1
2025-04,77546,SageSure Auros,1
2025-04,77573,Liberty Mutual / Safeco,1
2025-04,77578,SageSure SURE,1
2025-04,77583,SageSure SURE,1
2025-04,77630,Allied Trust,1
2025-04,78070,Mercury,1
2025-04,78611,SageSure Occidental,1
2025-04,78613,Liberty Mutual / Safeco,1
2025-04,78641,SageSure Occidental,1
2025-04,78681,Liberty Mutual / Safeco,1
2025-04,78681,SageSure Occidental,1
2025-04,78735,SageSure Occidental,1
2025-05,75077,Swyfft Lloyds (Surplus),1
2025-05,75904,Progressive / ASI,1
2025-05,76116,Mercury,1
2025-05,77003,Swyfft Benchmark,1
2025-05,77004,SageSure Auros,1
2025-05,77005,Travelers,1
2025-05,77007,National General,1
2025-05,77007,Swyfft Benchmark,1
2025-05,77008,Allied Trust,1
2025-05,77008,Swyfft Benchmark,1
2025-05,77009,HOAIC,1
2025-05,77011,ARI,1
2025-05,77015,SageSure Auros,1
2025-05,77018,Travelers,1
2025-05,77019,Chubb,1
2025-05,77021,Swyfft Benchmark,1
2025-05,77024,Swyfft Benchmark,1
2025-05,77030,Travelers,1
2025-05,77040,SageSure SURE,1
2025-05,77041,SageSure Auros,1
2025-05,77041,Swyfft Benchmark,1
2025-05,77044,SageSure SURE,1
2025-05,77047,Allied Trust,1
2025-05,77047,Swyfft Benchmark,1
2025-05,77055,Swyfft Benchmark,1
2025-05,77055,Travelers,1
2025-05,77057,Swyfft Benchmark,1
2025-05,77060,Swyfft Benchmark,1
2025-05,77064,Travelers,1
2025-05,77065,SageSure Auros,1
2025-05,77070,SageSure Occidental,1
2025-05,77073,SageSure SURE,1
2025-05,77077,SageSure Auros,1
2025-05,77079,National General,2
2025-05,77079,Progressive / ASI,1
2025-05,77083,SageSure SURE,1
2025-05,77089,Swyfft Benchmark,1
2025-05,77302,SageSure Occidental,1
2025-05,77303,Travelers,1
2025-05,77336,SageSure Occidental,1
2025-05,77339,SageSure Auros,1
2025-05,77340,Allied Trust,1
2025-05,77346,ARI,1
2025-05,77346,SageSure Occidental,1
2025-05,77357,Liberty Mutual / Safeco,1
2025-05,77362,SageSure Auros,1
2025-05,77377,Allied Trust,1
2025-05,77377,Swyfft Benchmark,2
2025-05,77379,SageSure SURE,2
2025-05,77381,SageSure Auros,1
2025-05,77388,Liberty Mutual / Safeco,2
2025-05,77389,SageSure Occidental,1
2025-05,77389,SageSure SURE,1
2025-05,77396,ARI,1
2025-05,77406,SageSure SURE,1
2025-05,77406,Swyfft Topa (Surplus),1
2025-05,77407,Swyfft Topa (Surplus),1
2025-05,77423,Allied Trust,1
2025-05,77429,SageSure Occidental,1
2025-05,77433,ARI,1
2025-05,77433,SageSure Auros,1
2025-05,77433,Swyfft Benchmark,1
2025-05,77437,SageSure Auros,1
2025-05,77441,National General,2
2025-05,77441,SageSure Auros,1
2025-05,77447,HOAIC,1
2025-05,77449,Swyfft Benchmark,1
2025-05,77449,Travelers,1
2025-05,77450,Liberty Mutual / Safeco,1
2025-05,77450,SageSure Auros,2
2025-05,77450,SageSure Occidental,1
2025-05,77459,Swyfft Benchmark,1
2025-05,77469,SageSure Auros,1
2025-05,77469,SageSure SURE,1
2025-05,77479,SageSure Trium,1
2025-05,77493,SageSure Auros,2
2025-05,77493,SageSure SURE,1
2025-05,77493,Swyfft Benchmark,1
2025-05,77494,Allied Trust,1
2025-05,77494,National General,1
2025-05,77494,SageSure Auros,3
2025-05,77494,SageSure Occidental,1
2025-05,77494,SageSure SURE,1
2025-05,77494,Swyfft Benchmark,2
2025-05,77494,Swyfft Lloyds (Surplus),1
2025-05,77506,SageSure Auros,1
2025-05,77518,Progressive / ASI,1
2025-05,77521,SageSure Auros,1
2025-05,77521,Swyfft Benchmark,2
2025-05,77532,ARI,1
2025-05,77532,SageSure Occidental,1
2025-05,77532,SageSure SURE,1
2025-05,77545,SageSure Auros,1
2025-05,77545,Swyfft Benchmark,2
2025-05,77578,SageSure SURE,1
2025-05,77581,SageSure Auros,1
2025-05,77583,SageSure SURE,1
2025-05,77583,Swyfft Topa (Surplus),1
2025-05,77584,Swyfft Benchmark,2
2025-05,78045,SageSure Auros,1
2025-05,78133,SageSure SURE,1
2025-05,78258,Liberty Mutual / Safeco,1
2025-05,78612,Liberty Mutual / Safeco,1
2025-05,78613,SageSure Occidental,1
2025-05,78657,Chubb,1
2025-05,78664,Liberty Mutual / Safeco,1
2025-05,78676,SageSure Auros,1
2025-05,78681,Liberty Mutual / Safeco,3
2025-05,78734,SageSure Occidental,1
2025-05,78934,Progressive / ASI,1
2025-05,79707,HOAIC,1
2025-06,75765,Liberty Mutual / Safeco,1
2025-06,76537,Liberty Mutual / Safeco,1
2025-06,77004,Mercury,1
2025-06,77005,Swyfft Benchmark,1
2025-06,77008,Swyfft Benchmark,2
2025-06,77008,Travelers,1
2025-06,77024,National General,1
2025-06,77036,SageSure SURE,1
2025-06,77041,Orion180,1
2025-06,77041,SageSure Occidental,1
2025-06,77042,National General,1
2025-06,77042,SageSure Auros,2
2025-06,77044,ARI,1
2025-06,77055,SageSure SURE,1
2025-06,77065,Orion180,1
2025-06,77069,SageSure Trium,1
2025-06,77076,SageSure Auros,1
2025-06,77080,Allied Trust,1
2025-06,77080,Progressive / ASI,1
2025-06,77082,Orion180,1
2025-06,77082,SageSure Auros,1
2025-06,77084,Orion180,2
2025-06,77084,SageSure Occidental,1
2025-06,77084,Travelers,1
2025-06,77088,SageSure SURE,1
2025-06,77094,SageSure SURE,1
2025-06,77096,SageSure Auros,1
2025-06,77303,Mercury,1
2025-06,77306,Progressive / ASI,1
2025-06,77316,National General,1
2025-06,77316,SageSure Auros,1
2025-06,77318,Mercury,1
2025-06,77320,Liberty Mutual / Safeco,1
2025-06,77345,SageSure Auros,1
2025-06,77346,National General,1
2025-06,77346,SageSure Auros,1
2025-06,77346,SageSure SURE,2
2025-06,77354,ARI,1
2025-06,77354,Orion180,1
2025-06,77355,Orion180,1
2025-06,77357,HOAIC,1
2025-06,77373,Travelers,1
2025-06,77375,SageSure Auros,2
2025-06,77377,Allied Trust,1
2025-06,77377,HOAIC,1
2025-06,77377,SageSure Occidental,1
2025-06,77379,Mercury,1
2025-06,77379,Orion180,1
2025-06,77379,Swyfft Benchmark,1
2025-06,77380,Allied Trust,1
2025-06,77384,Allied Trust,1
2025-06,77384,SageSure Occidental,1
2025-06,77385,Mercury,1
2025-06,77386,ARI,2
2025-06,77388,SageSure Auros,1
2025-06,77401,Travelers,1
2025-06,77407,Allied Trust,1
2025-06,77429,SageSure Occidental,1
2025-06,77429,SageSure Trium,1
2025-06,77433,Allied Trust,1
2025-06,77433,SageSure Occidental,1
2025-06,77433,SageSure SURE,1
2025-06,77433,Travelers,1
2025-06,77435,Travelers,1
2025-06,77437,SageSure Auros,1
2025-06,77441,National General,1
2025-06,77441,Orion180,1
2025-06,77441,SageSure SURE,1
2025-06,77449,SageSure Auros,1
2025-06,77449,Swyfft Benchmark,1
2025-06,77450,National General,1
2025-06,77450,Orion180,2
2025-06,77450,SageSure Auros,1
2025-06,77450,Travelers,1
2025-06,77457,Liberty Mutual / Safeco,1
2025-06,77459,Allied Trust,1
2025-06,77459,Orion180,3
2025-06,77459,SageSure Auros,1
2025-06,77469,SageSure SURE,1
2025-06,77471,ARI,1
2025-06,77493,ARI,1
2025-06,77493,SageSure SURE,1
2025-06,77494,Allied Trust,1
2025-06,77494,National General,1
2025-06,77494,SageSure Auros,2
2025-06,77494,SageSure Occidental,1
2025-06,77494,Swyfft Benchmark,2
2025-06,77494,Swyfft Topa (Surplus),1
2025-06,77498,Swyfft Benchmark,1
2025-06,77546,Allied Trust,1
2025-06,77568,Progressive / ASI,1
2025-06,77573,Progressive / ASI,1
2025-06,77578,Allied Trust,2
2025-06,77581,SageSure SURE,1
2025-06,77583,Allied Trust,1
2025-06,77583,Progressive / ASI,1
2025-06,77707,Progressive / ASI,1
2025-06,77807,Liberty Mutual / Safeco,1
2025-06,77856,SageSure Occidental,1
2025-06,78045,ARI,1
2025-06,78109,Swyfft Lloyds (Surplus),1
2025-06,78130,HOAIC,1
2025-06,78132,SageSure SURE,1
2025-06,78133,SageSure Auros,1
2025-06,78247,SageSure Auros,1
2025-06,78628,SageSure Occidental,1
2025-06,78633,Liberty Mutual / Safeco,2
2025-06,78653,ARI,1
2025-06,78664,Liberty Mutual / Safeco,1
2025-06,78665,SageSure Occidental,1
2025-06,78669,SageSure Auros,1
2025-06,78681,Liberty Mutual / Safeco,1
2025-06,78681,SageSure Occidental,1
2025-06,78726,Liberty Mutual / Safeco,1
2025-06,78933,Liberty Mutual / Safeco,1
2025-06,78962,SageSure Occidental,1
2025-07,76049,Liberty Mutual / Safeco,1
2025-07,76513,SageSure Occidental,1
2025-07,77007,SageSure Trium,1
2025-07,77007,Swyfft Benchmark,1
2025-07,77008,Liberty Mutual / Safeco,1
2025-07,77009,Swyfft Benchmark,1
2025-07,77018,Progressive / ASI,1
2025-07,77018,Travelers,1
2025-07,77019,Swyfft Benchmark,1
2025-07,77024,Orion180,1
2025-07,77024,SageSure Auros,1
2025-07,77041,Allied Trust,1
2025-07,77042,SageSure Auros,1
2025-07,77051,SageSure Auros,1
2025-07,77062,SageSure Auros,1
2025-07,77064,SageSure Occidental,1
2025-07,77065,SageSure Trium,1
2025-07,77070,SageSure SURE,1
2025-07,77073,SageSure SURE,1
2025-07,77076,SageSure Auros,1
2025-07,77077,SageSure SURE,1
2025-07,77079,National General,1
2025-07,77080,HOAIC,1
2025-07,77089,SageSure Auros,1
2025-07,77090,Travelers,1
2025-07,77091,ARI,1
2025-07,77092,HOAIC,1
2025-07,77094,SageSure Auros,1
2025-07,77095,SageSure Trium,1
2025-07,77095,Swyfft Benchmark,1
2025-07,77301,Swyfft Benchmark,1
2025-07,77302,Mercury,1
2025-07,77318,ARI,1
2025-07,77338,Liberty Mutual / Safeco,1
2025-07,77345,Allied Trust,1
2025-07,77345,SageSure SURE,1
2025-07,77346,Travelers,1
2025-07,77351,Liberty Mutual / Safeco,1
2025-07,77355,Travelers,1
2025-07,77365,ARI,1
2025-07,77365,Travelers,1
2025-07,77373,Allied Trust,1
2025-07,77375,HOAIC,1
2025-07,77375,Travelers,1
2025-07,77377,HOAIC,1
2025-07,77377,National General,1
2025-07,77384,ARI,1
2025-07,77384,Allied Trust,1
2025-07,77385,SageSure Auros,1
2025-07,77386,SageSure Occidental,1
2025-07,77388,SageSure Auros,1
2025-07,77388,Travelers,2
2025-07,77389,SageSure Auros,1
2025-07,77406,Orion180,1
2025-07,77406,SageSure SURE,1
2025-07,77407,Swyfft Benchmark,2
2025-07,77423,ARI,1
2025-07,77429,Allied Trust,1
2025-07,77429,Travelers,1
2025-07,77441,SageSure Auros,1
2025-07,77441,SageSure SURE,1
2025-07,77441,Swyfft Benchmark,1
2025-07,77447,Allied Trust,1
2025-07,77449,Allied Trust,1
2025-07,77450,SageSure Auros,1
2025-07,77450,Travelers,1
2025-07,77459,Allied Trust,2
2025-07,77459,Orion180,1
2025-07,77469,HOAIC,1
2025-07,77474,ARI,1
2025-07,77478,SageSure Auros,1
2025-07,77479,Orion180,1
2025-07,77489,SageSure SURE,1
2025-07,77493,ARI,1
2025-07,77494,SageSure Auros,2
2025-07,77494,SageSure Trium,1
2025-07,77494,Swyfft Benchmark,1
2025-07,77498,National General,1
2025-07,77504,SageSure Auros,1
2025-07,77510,Liberty Mutual / Safeco,1
2025-07,77519,National General,1
2025-07,77531,Liberty Mutual / Safeco,1
2025-07,77545,SageSure Auros,1
2025-07,77545,Swyfft Benchmark,1
2025-07,77554,SageSure Auros,1
2025-07,77568,HOAIC,1
2025-07,77573,Liberty Mutual / Safeco,2
2025-07,77581,Travelers,1
2025-07,77583,Orion180,1
2025-07,77583,SageSure Auros,1
2025-07,78003,Foremost,1
2025-07,78109,ARI,1
2025-07,78613,SageSure Occidental,1
2025-07,78624,SageSure Occidental,1
2025-07,78626,Liberty Mutual / Safeco,1
2025-07,78641,SageSure Occidental,1
2025-07,78664,Travelers,1
2025-07,78727,Travelers,1
2025-07,78732,SageSure SURE,1
2025-07,78746,Liberty Mutual / Safeco,1
2025-07,78757,Liberty Mutual / Safeco,1
2025-07,78945,Liberty Mutual / Safeco,1
2025-07,78962,SageSure SURE,1
2025-07,79424,Liberty Mutual / Safeco,2
2025-08,75013,HOAIC,1
2025-08,75229,National General,1
2025-08,76051,Swyfft Lloyds (Surplus),1
2025-08,77004,SageSure Auros,1
2025-08,77008,National General,1
2025-08,77009,SageSure Occidental,1
2025-08,77009,Travelers,1
2025-08,77016,Travelers,1
2025-08,77024,Allied Trust,1
2025-08,77024,National General,1
2025-08,77026,HOAIC,1
2025-08,77035,Swyfft Benchmark,1
2025-08,77043,Liberty Mutual / Safeco,1
2025-08,77043,SageSure Auros,1
2025-08,77049,SageSure Auros,1
2025-08,77055,SageSure Auros,1
2025-08,77064,Swyfft Benchmark,1
2025-08,77070,SageSure Auros,1
2025-08,77070,Travelers,1
2025-08,77077,Orion180,1
2025-08,77079,National General,1
2025-08,77079,SageSure SURE,1
2025-08,77080,Swyfft Benchmark,1
2025-08,77084,ARI,1
2025-08,77089,SageSure Auros,1
2025-08,77089,Swyfft Benchmark,1
2025-08,77091,ARI,1
2025-08,77095,SageSure Auros,1
2025-08,77095,Travelers,1
2025-08,77316,Progressive / ASI,1
2025-08,77354,ARI,2
2025-08,77356,SageSure SURE,1
2025-08,77365,Swyfft Benchmark,1
2025-08,77373,SageSure Auros,1
2025-08,77375,HOAIC,1
2025-08,77375,SageSure Auros,1
2025-08,77377,Allied Trust,1
2025-08,77379,SageSure Auros,2
2025-08,77381,Orion180,1
2025-08,77386,ARI,1
2025-08,77386,Orion180,1
2025-08,77406,ARI,1
2025-08,77406,Orion180,1
2025-08,77423,SageSure Auros,2
2025-08,77423,TWICO,1
2025-08,77429,SageSure Auros,1
2025-08,77429,SageSure SURE,1
2025-08,77429,Swyfft Benchmark,1
2025-08,77433,Progressive / ASI,1
2025-08,77441,HOAIC,1
2025-08,77441,SageSure Auros,1
2025-08,77447,HOAIC,1
2025-08,77449,SageSure Auros,1
2025-08,77459,Orion180,2
2025-08,77459,Progressive / ASI,1
2025-08,77469,ARI,1
2025-08,77471,ARI,1
2025-08,77474,Travelers,1
2025-08,77479,Allied Trust,1
2025-08,77479,Orion180,1
2025-08,77485,SageSure Auros,1
2025-08,77486,SageSure Auros,1
2025-08,77493,National General,2
2025-08,77493,SageSure Occidental,1
2025-08,77494,Allied Trust,2
2025-08,77494,National General,1
2025-08,77494,SageSure Auros,1
2025-08,77494,SageSure Occidental,1
2025-08,77532,Orion180,1
2025-08,77539,Allied Trust,1
2025-08,77571,SageSure Auros,1
2025-08,77578,Allied Trust,1
2025-08,77581,SageSure Auros,1
2025-08,77584,Liberty Mutual / Safeco,2
2025-08,77586,Swyfft Lloyds (Surplus),1
2025-08,77845,Progressive / ASI,1
2025-08,78045,SageSure Auros,1
2025-08,78109,Foremost,1
2025-08,78244,ARI,1
2025-08,78412,Allied Trust,1
2025-08,78628,Liberty Mutual / Safeco,1
2025-08,78628,National General,1
2025-08,78633,SageSure Occidental,1
2025-08,78681,Liberty Mutual / Safeco,1
2025-08,78681,SageSure Occidental,1
2025-09,77007,Allied Trust,1
2025-09,77007,SageSure Auros,1
2025-09,77008,SageSure Auros,1
2025-09,77008,SageSure Occidental,1
2025-09,77024,Swyfft Benchmark,1
2025-09,77042,National General,1
2025-09,77044,Travelers,1
2025-09,77045,SageSure Auros,1
2025-09,77055,Liberty Mutual / Safeco,1
2025-09,77055,Orion180,1
2025-09,77057,SageSure Auros,1
2025-09,77064,Orion180,1
2025-09,77070,Orion180,1
2025-09,77073,ARI,1
2025-09,77074,Liberty Mutual / Safeco,1
2025-09,77074,SageSure Auros,1
2025-09,77075,Swyfft Benchmark,1
2025-09,77077,Orion180,3
2025-09,77077,SageSure Auros,1
2025-09,77078,Swyfft Lloyds (Surplus),1
2025-09,77079,HOAIC,1
2025-09,77079,Liberty Mutual / Safeco,1
2025-09,77079,SageSure Occidental,1
2025-09,77080,SageSure Auros,1
2025-09,77082,Orion180,1
2025-09,77083,Swyfft Topa (Surplus),1
2025-09,77084,SageSure Auros,1
2025-09,77095,SageSure Auros,1
2025-09,77096,SageSure SafePort,1
2025-09,77316,ARI,2
2025-09,77336,ARI,1
2025-09,77336,SageSure Auros,1
2025-09,77338,Travelers,2
2025-09,77346,SageSure Auros,1
2025-09,77363,Mercury,1
2025-09,77364,Liberty Mutual / Safeco,1
2025-09,77373,Swyfft Benchmark,1
2025-09,77375,Orion180,1
2025-09,77384,ARI,1
2025-09,77384,SageSure Auros,1
2025-09,77385,Mercury,1
2025-09,77386,ARI,1
2025-09,77386,Orion180,1
2025-09,77389,ARI,1
2025-09,77406,ARI,1
2025-09,77406,SageSure Auros,1
2025-09,77407,ARI,1
2025-09,77407,Orion180,1
2025-09,77407,SageSure Auros,1
2025-09,77418,Foremost,1
2025-09,77423,SageSure Auros,1
2025-09,77429,SageSure Auros,1
2025-09,77429,SageSure Occidental,1
2025-09,77433,ARI,1
2025-09,77433,HOAIC,1
2025-09,77441,Orion180,1
2025-09,77445,SageSure Auros,1
2025-09,77449,Swyfft Benchmark,1
2025-09,77450,Orion180,2
2025-09,77459,National General,1
2025-09,77461,HOAIC,1
2025-09,77471,Allied Trust,1
2025-09,77471,HOAIC,1
2025-09,77477,SageSure Auros,1
2025-09,77479,SageSure Auros,1
2025-09,77485,Foremost,1
2025-09,77485,SageSure SURE,1
2025-09,77493,ARI,1
2025-09,77493,HOAIC,2
2025-09,77493,SageSure Auros,1
2025-09,77494,ARI,2
2025-09,77494,Allied Trust,2
2025-09,77494,Orion180,1
2025-09,77494,SageSure Auros,3
2025-09,77494,SageSure SURE,1
2025-09,77498,Orion180,1
2025-09,77519,TWICO,1
2025-09,77545,Swyfft Benchmark,1
2025-09,77554,SageSure Auros,1
2025-09,77573,Liberty Mutual / Safeco,1
2025-09,77575,HOAIC,1
2025-09,77575,Liberty Mutual / Safeco,1
2025-09,77833,Liberty Mutual / Safeco,1
2025-09,78023,SageSure Auros,1
2025-09,78043,SageSure Auros,1
2025-09,78133,HOAIC,1
2025-09,78210,ARI,1
2025-09,78624,Liberty Mutual / Safeco,1
2025-09,78633,Liberty Mutual / Safeco,1
2025-09,78681,SageSure Occidental,1
2025-09,78702,Travelers,1
2025-09,78717,SageSure Occidental,1
2025-09,78748,Liberty Mutual / Safeco,1
2025-09,78749,SageSure Auros,1
2025-09,78750,SageSure Occidental,1
2025-09,78945,SageSure Auros,1
2025-10,75087,Progressive / ASI,1
2025-10,76052,HOAIC,1
2025-10,76266,National General,1
2025-10,77007,Swyfft Benchmark,1
2025-10,77009,National General,1
2025-10,77009,SageSure Auros,1
2025-10,77018,HOAIC,1
2025-10,77024,Chubb,1
2025-10,77027,Liberty Mutual / Safeco,2
2025-10,77040,SageSure Auros,1
2025-10,77044,ARI,1
2025-10,77047,National General,1
2025-10,77054,Orion180,1
2025-10,77062,Orion180,2
2025-10,77065,SageSure Auros,2
2025-10,77069,Orion180,1
2025-10,77070,ARI,1
2025-10,77070,SageSure Auros,1
2025-10,77071,National General,1
2025-10,77077,Swyfft Benchmark,1
2025-10,77078,ARI,1
2025-10,77079,SageSure Auros,1
2025-10,77083,Swyfft Benchmark,1
2025-10,77084,Liberty Mutual / Safeco,1
2025-10,77084,Travelers,1
2025-10,77090,SageSure Auros,1
2025-10,77091,ARI,1
2025-10,77095,Orion180,1
2025-10,77096,Liberty Mutual / Safeco,1
2025-10,77302,ARI,1
2025-10,77302,HOAIC,1
2025-10,77304,Allied Trust,1
2025-10,77304,Progressive / ASI,1
2025-10,77318,Travelers,1
2025-10,77345,SageSure Auros,1
2025-10,77346,ARI,1
2025-10,77357,HOAIC,1
2025-10,77357,Orion180,1
2025-10,77357,SageSure SURE,1
2025-10,77365,SageSure Auros,1
2025-10,77365,Swyfft Benchmark,1
2025-10,77373,ARI,1
2025-10,77377,HOAIC,1
2025-10,77384,SageSure Auros,1
2025-10,77388,ARI,1
2025-10,77389,Travelers,1
2025-10,77401,National General,1
2025-10,77406,Allied Trust,1
2025-10,77406,HOAIC,3
2025-10,77406,Orion180,1
2025-10,77406,SageSure Auros,2
2025-10,77406,SageSure Occidental,1
2025-10,77406,Swyfft Benchmark,1
2025-10,77407,SageSure Occidental,1
2025-10,77420,HOAIC,1
2025-10,77433,HOAIC,2
2025-10,77433,Travelers,3
2025-10,77434,Swyfft Benchmark,1
2025-10,77441,Allied Trust,1
2025-10,77441,HOAIC,1
2025-10,77441,Liberty Mutual / Safeco,1
2025-10,77441,Orion180,1
2025-10,77441,SageSure Auros,4
2025-10,77441,SageSure Occidental,2
2025-10,77447,Allied Trust,1
2025-10,77449,ARI,2
2025-10,77450,SageSure Auros,3
2025-10,77459,SageSure Auros,1
2025-10,77459,SageSure Occidental,1
2025-10,77469,ARI,1
2025-10,77469,HOAIC,1
2025-10,77474,ARI,1
2025-10,77474,SageSure Auros,1
2025-10,77479,Allied Trust,1
2025-10,77479,SageSure Auros,1
2025-10,77484,HOAIC,3
2025-10,77493,ARI,1
2025-10,77493,National General,1
2025-10,77493,SageSure Auros,1
2025-10,77493,Travelers,3
2025-10,77494,ARI,1
2025-10,77494,HOAIC,1
2025-10,77494,National General,2
2025-10,77494,SageSure Auros,4
2025-10,77523,Allied Trust,1
2025-10,77523,Orion180,1
2025-10,77532,HOAIC,1
2025-10,77539,SageSure SURE,1
2025-10,77566,SageSure SURE,1
2025-10,77573,SageSure SURE,1
2025-10,77583,HOAIC,1
2025-10,77584,Mercury,1
2025-10,77584,Orion180,1
2025-10,77586,Swyfft Topa (Surplus),1
2025-10,77587,SageSure Auros,1
2025-10,78210,ARI,1
2025-10,78227,Liberty Mutual / Safeco,1
2025-10,78256,Orion180,1
2025-10,78382,SageSure Auros,1
2025-10,78628,SageSure Auros,1
2025-10,78641,HOAIC,1
2025-10,78664,SageSure Occidental,1
2025-10,78681,Liberty Mutual / Safeco,1
2025-10,78681,Travelers,2
2025-10,78934,SageSure Auros,1
2025-11,75033,Progressive / ASI,1
2025-11,76087,Mercury,1
2025-11,76132,Orion180,1
2025-11,76247,Orion180,1
2025-11,76549,HOAIC,1
2025-11,76901,HOAIC,1
2025-11,77007,Swyfft Benchmark,1
2025-11,77008,Mercury,1
2025-11,77008,Travelers,1
2025-11,77043,SageSure Auros,1
2025-11,77051,HOAIC,1
2025-11,77070,Orion180,1
2025-11,77077,Travelers,1
2025-11,77079,Orion180,1
2025-11,77080,SageSure Auros,1
2025-11,77084,ARI,1
2025-11,77084,Swyfft Benchmark,2
2025-11,77095,Orion180,1
2025-11,77304,Orion180,1
2025-11,77318,SageSure Auros,1
2025-11,77346,SageSure Auros,1
2025-11,77354,SageSure Auros,1
2025-11,77355,Swyfft Benchmark,1
2025-11,77356,Swyfft Benchmark,1
2025-11,77357,Orion180,1
2025-11,77365,Orion180,1
2025-11,77372,Mercury,1
2025-11,77373,Allied Trust,1
2025-11,77377,SageSure Auros,1
2025-11,77379,SageSure Auros,1
2025-11,77379,SageSure SURE,1
2025-11,77389,Orion180,1
2025-11,77396,Allied Trust,1
2025-11,77406,ARI,1
2025-11,77406,HOAIC,1
2025-11,77406,SageSure Auros,1
2025-11,77423,Allied Trust,1
2025-11,77429,Allied Trust,1
2025-11,77429,SageSure Auros,2
2025-11,77433,ARI,1
2025-11,77433,Travelers,4
2025-11,77441,HOAIC,1
2025-11,77441,SageSure Auros,1
2025-11,77447,HOAIC,1
2025-11,77449,Orion180,1
2025-11,77449,SageSure Trium,1
2025-11,77449,Travelers,1
2025-11,77450,Orion180,1
2025-11,77450,SageSure Auros,1
2025-11,77459,Orion180,1
2025-11,77469,Centauri,1
2025-11,77469,Swyfft Benchmark,1
2025-11,77471,ARI,1
2025-11,77471,SageSure Auros,1
2025-11,77476,SageSure SURE,2
2025-11,77478,Allied Trust,1
2025-11,77479,SageSure Trium,1
2025-11,77484,HOAIC,1
2025-11,77485,SageSure Auros,1
2025-11,77493,HOAIC,1
2025-11,77493,Travelers,1
2025-11,77494,HOAIC,1
2025-11,77494,Liberty Mutual / Safeco,1
2025-11,77494,Mercury,1
2025-11,77494,SageSure Auros,1
2025-11,77523,SageSure Auros,1
2025-11,77523,SageSure SURE,1
2025-11,77573,Allied Trust,1
2025-11,77578,HOAIC,1
2025-11,77580,SageSure SURE,1
2025-11,77581,Swyfft Benchmark,1
2025-11,77583,SageSure Auros,1
2025-11,77584,Orion180,1
2025-11,77584,SageSure Trium,1
2025-11,77833,Travelers,1
2025-11,78046,HOAIC,1
2025-11,78654,Liberty Mutual / Safeco,1
2025-11,78681,Liberty Mutual / Safeco,2
2025-11,78681,SageSure Occidental,1
2025-11,78738,SageSure Auros,1
2025-11,78852,Travelers,1
2025-12,75013,Swyfft Lloyds (Surplus),1
2025-12,75071,HOAIC,1
2025-12,75071,Progressive / ASI,1
2025-12,75078,Orion180,1
2025-12,76116,National General,1
2025-12,76126,HOAIC,1
2025-12,76247,Orion180,1
2025-12,76513,HOAIC,1
2025-12,77003,Swyfft Benchmark,1
2025-12,77007,Liberty Mutual / Safeco,1
2025-12,77014,Swyfft Benchmark,1
2025-12,77024,SageSure Auros,1
2025-12,77027,Allied Trust,2
2025-12,77040,Allied Trust,1
2025-12,77040,SageSure Auros,1
2025-12,77051,HOAIC,1
2025-12,77055,HOAIC,1
2025-12,77055,Swyfft Benchmark,1
2025-12,77059,Swyfft Benchmark,1
2025-12,77066,Swyfft Benchmark,1
2025-12,77070,SageSure Auros,2
2025-12,77077,SageSure Auros,1
2025-12,77079,National General,2
2025-12,77079,Orion180,2
2025-12,77084,SageSure Auros,1
2025-12,77085,SageSure SURE,1
2025-12,77094,SageSure Auros,1
2025-12,77099,Swyfft Benchmark,1
2025-12,77304,SageSure Auros,1
2025-12,77320,National General,1
2025-12,77336,Swyfft Benchmark,1
2025-12,77339,Orion180,1
2025-12,77345,Swyfft Benchmark,1
2025-12,77346,ARI,1
2025-12,77346,HOAIC,1
2025-12,77346,Travelers,1
2025-12,77354,ARI,1
2025-12,77354,Allied Trust,1
2025-12,77354,HOAIC,1
2025-12,77357,ARI,1
2025-12,77362,HOAIC,1
2025-12,77365,HOAIC,1
2025-12,77375,HOAIC,2
2025-12,77379,Allied Trust,1
2025-12,77381,SageSure Auros,1
2025-12,77385,Progressive / ASI,1
2025-12,77386,HOAIC,1
2025-12,77386,Progressive / ASI,1
2025-12,77389,SageSure Auros,1
2025-12,77389,SageSure Occidental,1
2025-12,77406,HOAIC,2
2025-12,77406,Swyfft Benchmark,1
2025-12,77423,Allied Trust,1
2025-12,77429,ARI,1
2025-12,77429,Travelers,1
2025-12,77433,HOAIC,2
2025-12,77433,Mercury,1
2025-12,77433,SageSure Auros,1
2025-12,77441,HOAIC,2
2025-12,77441,National General,1
2025-12,77442,Foremost,1
2025-12,77447,SageSure Auros,1
2025-12,77449,SageSure Auros,1
2025-12,77449,SageSure SURE,1
2025-12,77450,Allied Trust,1
2025-12,77450,Centauri,1
2025-12,77450,Orion180,1
2025-12,77450,SageSure Auros,1
2025-12,77469,Centauri,1
2025-12,77469,Orion180,1
2025-12,77474,TWICO,1
2025-12,77493,HOAIC,7
2025-12,77493,Orion180,1
2025-12,77494,ARI,1
2025-12,77494,National General,2
2025-12,77494,Orion180,2
2025-12,77494,SageSure Auros,1
2025-12,77494,SageSure SURE,2
2025-12,77498,Orion180,1
2025-12,77521,HOAIC,1
2025-12,77545,Allied Trust,1
2025-12,77554,SageSure Auros,1
2025-12,77578,HOAIC,1
2025-12,77706,Orion180,1
2025-12,77957,Liberty Mutual / Safeco,1
2025-12,78061,Mercury,1
2025-12,78263,HOAIC,1
2025-12,78676,Liberty Mutual / Safeco,1
2025-12,78681,Travelers,1
2025-12,78728,Travelers,1
2025-12,79902,Mercury,1
2026-01,75078,Progressive / ASI,1
2026-01,75904,Mercury,1
2026-01,76048,National General,1
2026-01,76177,HOAIC,1
2026-01,76513,HOAIC,1
2026-01,76522,Orion180,1
2026-01,77008,SageSure Trium,1
2026-01,77030,Travelers,1
2026-01,77034,Orion180,1
2026-01,77041,SageSure Auros,1
2026-01,77043,Liberty Mutual / Safeco,1
2026-01,77049,National General,1
2026-01,77064,Swyfft Benchmark,1
2026-01,77077,SageSure Auros,2
2026-01,77077,Travelers,1
2026-01,77079,Allied Trust,1
2026-01,77084,Mercury,1
2026-01,77084,Swyfft Benchmark,1
2026-01,77084,TWICO,1
2026-01,77086,Travelers,1
2026-01,77089,Allied Trust,1
2026-01,77093,ARI,1
2026-01,77094,Orion180,1
2026-01,77095,Allied Trust,1
2026-01,77095,SageSure Auros,1
2026-01,77302,HOAIC,1
2026-01,77345,SageSure Auros,1
2026-01,77346,SageSure Trium,1
2026-01,77354,HOAIC,1
2026-01,77355,National General,1
2026-01,77357,HOAIC,1
2026-01,77357,SageSure Trium,1
2026-01,77365,HOAIC,1
2026-01,77365,Travelers,1
2026-01,77375,HOAIC,1
2026-01,77375,Travelers,1
2026-01,77379,Allied Trust,1
2026-01,77379,SageSure Auros,3
2026-01,77379,Swyfft Benchmark,1
2026-01,77386,Swyfft Lloyds (Surplus),1
2026-01,77389,Swyfft Benchmark,1
2026-01,77406,HOAIC,1
2026-01,77406,Orion180,1
2026-01,77406,SageSure Trium,1
2026-01,77406,Swyfft Lloyds (Surplus),1
2026-01,77407,Orion180,1
2026-01,77423,Travelers,1
2026-01,77429,Allied Trust,1
2026-01,77429,HOAIC,1
2026-01,77433,Allied Trust,1
2026-01,77433,Orion180,2
2026-01,77441,Allied Trust,1
2026-01,77441,HOAIC,1
2026-01,77441,Orion180,1
2026-01,77441,SageSure Auros,2
2026-01,77445,HOAIC,1
2026-01,77447,HOAIC,1
2026-01,77449,Orion180,1
2026-01,77459,Orion180,1
2026-01,77459,SageSure Auros,2
2026-01,77469,Centauri,1
2026-01,77469,HOAIC,3
2026-01,77478,Orion180,1
2026-01,77479,Orion180,1
2026-01,77479,SageSure Occidental,1
2026-01,77484,Mercury,1
2026-01,77484,National General,1
2026-01,77493,SageSure Auros,1
2026-01,77493,Swyfft Lloyds (Surplus),1
2026-01,77493,Travelers,1
2026-01,77494,Allied Trust,2
2026-01,77494,SageSure Auros,3
2026-01,77494,SageSure Trium,1
2026-01,77494,Swyfft Benchmark,2
2026-01,77498,TWICO,1
2026-01,77530,Swyfft Benchmark,1
2026-01,77535,Mercury,1
2026-01,77545,National General,1
2026-01,77545,SageSure Auros,1
2026-01,77578,HOAIC,1
2026-01,77583,HOAIC,1
2026-01,77583,Swyfft Benchmark,1
2026-01,77845,National General,1
2026-01,77957,National General,1
2026-01,78665,SageSure Occidental,1
2026-01,78738,Mercury,1
2026-02,75076,Orion180,1
2026-02,75135,Mercury,1
2026-02,76008,Orion180,1
2026-02,76036,HOAIC,1
2026-02,76051,Orion180,1
2026-02,77008,HOAIC,1
2026-02,77019,Allied Trust,1
2026-02,77023,Liberty Mutual / Safeco,1
2026-02,77024,Chubb,1
2026-02,77025,HOAIC,1
2026-02,77039,Swyfft Benchmark,1
2026-02,77040,Travelers,1
2026-02,77041,Liberty Mutual / Safeco,1
2026-02,77041,Swyfft Benchmark,1
2026-02,77045,Swyfft Benchmark,1
2026-02,77057,Allied Trust,1
2026-02,77057,SageSure Auros,1
2026-02,77064,SageSure Trium,1
2026-02,77069,Liberty Mutual / Safeco,1
2026-02,77069,Travelers,1
2026-02,77077,National General,1
2026-02,77077,SageSure Auros,2
2026-02,77079,National General,1
2026-02,77079,Orion180,1
2026-02,77079,SageSure Auros,2
2026-02,77079,Swyfft Benchmark,1
2026-02,77079,Travelers,1
2026-02,77080,Allied Trust,1
2026-02,77082,Swyfft Benchmark,1
2026-02,77084,SageSure Auros,1
2026-02,77084,Swyfft Benchmark,1
2026-02,77089,Liberty Mutual / Safeco,1
2026-02,77090,SageSure Auros,1
2026-02,77092,National General,1
2026-02,77095,SageSure Trium,1
2026-02,77096,SageSure Auros,2
2026-02,77302,HOAIC,1
2026-02,77304,ARI,1
2026-02,77304,National General,1
2026-02,77304,SageSure SURE,1
2026-02,77316,Mercury,1
2026-02,77318,ARI,1
2026-02,77318,HOAIC,1
2026-02,77336,HOAIC,1
2026-02,77345,SageSure Trium,1
2026-02,77354,ARI,1
2026-02,77354,HOAIC,1
2026-02,77355,ARI,1
2026-02,77362,SageSure SURE,1
2026-02,77375,ARI,1
2026-02,77375,HOAIC,1
2026-02,77375,Swyfft Benchmark,1
2026-02,77384,Liberty Mutual / Safeco,1
2026-02,77384,Orion180,1
2026-02,77384,SageSure Auros,1
2026-02,77401,National General,1
2026-02,77401,Travelers,1
2026-02,77406,HOAIC,1
2026-02,77406,SageSure Auros,1
2026-02,77406,SageSure SURE,1
2026-02,77407,Orion180,1
2026-02,77407,Swyfft Benchmark,1
2026-02,77429,Orion180,1
2026-02,77433,Allied Trust,1
2026-02,77433,Orion180,1
2026-02,77433,SageSure Auros,1
2026-02,77433,SageSure Trium,1
2026-02,77433,Travelers,2
2026-02,77441,HOAIC,1
2026-02,77447,ARI,1
2026-02,77447,Swyfft Benchmark,1
2026-02,77449,Travelers,2
2026-02,77450,SageSure Trium,1
2026-02,77459,Allied Trust,1
2026-02,77469,SageSure Auros,2
2026-02,77469,SageSure SURE,1
2026-02,77469,Swyfft Benchmark,1
2026-02,77471,HOAIC,2
2026-02,77479,Allied Trust,1
2026-02,77479,Orion180,2
2026-02,77479,SageSure Trium,1
2026-02,77484,Travelers,3
2026-02,77485,SageSure SURE,1
2026-02,77493,HOAIC,2
2026-02,77494,Allied Trust,4
2026-02,77494,SageSure Auros,1
2026-02,77494,SageSure SURE,1
2026-02,77494,SageSure Trium,2
2026-02,77511,SageSure Auros,1
2026-02,77517,Allied Trust,1
2026-02,77523,Progressive / ASI,1
2026-02,77535,National General,1
2026-02,77545,Swyfft Benchmark,1
2026-02,77546,Swyfft Benchmark,1
2026-02,77571,Orion180,1
2026-02,77583,ARI,1
2026-02,77662,Orion180,1
2026-02,77901,National General,1
2026-02,77954,ARI,1
2026-02,77954,HOAIC,1
2026-02,78045,ARI,1
2026-02,78244,Mercury,1
2026-02,78572,National General,1
2026-02,78589,SageSure Auros,2
2026-02,78628,SageSure Auros,1
2026-02,78633,HOAIC,1
2026-02,78657,Liberty Mutual / Safeco,1
2026-02,78660,SageSure Auros,1
2026-02,78681,SageSure Auros,1
2026-02,78934,Progressive / ASI,1
2026-02,78945,SageSure Auros,1
2026-02,79762,Liberty Mutual / Safeco,1
2026-03,75801,Liberty Mutual / Safeco,1
2026-03,75975,Liberty Mutual / Safeco,1
2026-03,76078,Orion180,1
2026-03,76905,Foremost,1
2026-03,77007,Allied Trust,1
2026-03,77007,HOAIC,1
2026-03,77009,National General,1
2026-03,77018,Mercury,1
2026-03,77018,Orion180,1
2026-03,77018,SageSure Occidental,1
2026-03,77018,Travelers,1
2026-03,77024,National General,1
2026-03,77024,Orion180,1
2026-03,77024,SageSure Auros,1
2026-03,77024,Swyfft Benchmark,1
2026-03,77033,National General,1
2026-03,77035,Mercury,1
2026-03,77035,SageSure Auros,1
2026-03,77038,Travelers,1
2026-03,77041,Mercury,1
2026-03,77041,Travelers,1
2026-03,77043,Orion180,1
2026-03,77044,Allied Trust,1
2026-03,77055,Allied Trust,1
2026-03,77056,Chubb,1
2026-03,77063,SageSure SURE,1
2026-03,77064,Allied Trust,1
2026-03,77064,Travelers,1
2026-03,77070,SageSure Trium,1
2026-03,77077,Swyfft Benchmark,1
2026-03,77079,Allied Trust,1
2026-03,77079,Orion180,1
2026-03,77084,SageSure Auros,1
2026-03,77085,ARI,1
2026-03,77085,SageSure Auros,1
2026-03,77089,SageSure Trium,1
2026-03,77090,SageSure Trium,1
2026-03,77095,Liberty Mutual / Safeco,1
2026-03,77095,SageSure Auros,1
2026-03,77096,National General,1
2026-03,77096,Orion180,1
2026-03,77098,Travelers,1
2026-03,77301,National General,1
2026-03,77306,SageSure Auros,1
2026-03,77316,ARI,1
2026-03,77327,Orion180,1
2026-03,77336,SageSure Trium,1
2026-03,77339,Orion180,1
2026-03,77340,HOAIC,1
2026-03,77346,Liberty Mutual / Safeco,1
2026-03,77354,HOAIC,1
2026-03,77357,Swyfft Lloyds (Surplus),1
2026-03,77365,HOAIC,1
2026-03,77375,HOAIC,1
2026-03,77375,SageSure Auros,1
2026-03,77375,SageSure SURE,1
2026-03,77377,Allied Trust,1
2026-03,77379,Orion180,2
2026-03,77382,Orion180,1
2026-03,77382,SageSure Auros,1
2026-03,77384,HOAIC,1
2026-03,77384,Orion180,1
2026-03,77384,SageSure Auros,1
2026-03,77386,SageSure Trium,1
2026-03,77388,Allied Trust,1
2026-03,77396,Swyfft Benchmark,1
2026-03,77401,Swyfft Benchmark,1
2026-03,77406,HOAIC,1
2026-03,77406,Orion180,1
2026-03,77406,SageSure Trium,1
2026-03,77407,ARI,1
2026-03,77407,Orion180,1
2026-03,77407,Swyfft Benchmark,1
2026-03,77417,HOAIC,1
2026-03,77418,Swyfft Benchmark,1
2026-03,77423,HOAIC,1
2026-03,77429,Liberty Mutual / Safeco,1
2026-03,77429,National General,1
2026-03,77429,Orion180,1
2026-03,77441,HOAIC,5
2026-03,77441,SageSure Trium,1
2026-03,77447,SageSure Auros,1
2026-03,77449,SageSure Auros,1
2026-03,77450,Orion180,1
2026-03,77450,SageSure Auros,1
2026-03,77450,SageSure Trium,2
2026-03,77450,Travelers,1
2026-03,77459,Allied Trust,1
2026-03,77469,HOAIC,1
2026-03,77469,SageSure Trium,1
2026-03,77471,ARI,1
2026-03,77474,Swyfft Benchmark,1
2026-03,77477,HOAIC,1
2026-03,77477,Orion180,1
2026-03,77484,Travelers,1
2026-03,77493,HOAIC,2
2026-03,77494,Allied Trust,2
2026-03,77494,Mercury,1
2026-03,77494,SageSure Auros,1
2026-03,77494,Swyfft Lloyds (Surplus),1
2026-03,77520,SageSure Auros,1
2026-03,77521,Swyfft Benchmark,1
2026-03,77532,HOAIC,1
2026-03,77535,Mercury,1
2026-03,77545,Orion180,1
2026-03,77546,Orion180,1
2026-03,77571,Orion180,1
2026-03,77578,Progressive / ASI,1
2026-03,77583,HOAIC,1
2026-03,78132,Allied Trust,1
2026-03,78220,SageSure Auros,1
2026-03,78245,ARI,1
2026-03,78613,SageSure Occidental,1
2026-03,78657,SageSure SURE,1
2026-03,78738,Orion180,1
2026-04,75087,ARI,1
2026-04,75115,Orion180,1
2026-04,75134,Travelers,2
2026-04,76052,HOAIC,1
2026-04,76248,Travelers,1
2026-04,76424,Mercury,1
2026-04,76502,SageSure Auros,1
2026-04,77008,Mercury,1
2026-04,77009,Travelers,1
2026-04,77018,Mercury,2
2026-04,77021,Swyfft Lloyds (Surplus),1
2026-04,77041,Swyfft Benchmark,1
2026-04,77055,Liberty Mutual / Safeco,1
2026-04,77064,Travelers,1
2026-04,77065,Liberty Mutual / Safeco,1
2026-04,77070,SageSure Auros,2
2026-04,77075,Swyfft Benchmark,1
2026-04,77077,Travelers,1
2026-04,77079,Allied Trust,2
2026-04,77082,Orion180,1
2026-04,77084,SageSure SURE,1
2026-04,77089,Allied Trust,1
2026-04,77094,Allied Trust,1
2026-04,77095,Orion180,2
2026-04,77095,SageSure Auros,1
2026-04,77302,HOAIC,1
2026-04,77303,Swyfft Benchmark,1
2026-04,77304,Travelers,1
2026-04,77306,HOAIC,1
2026-04,77346,Allied Trust,1
2026-04,77346,SageSure Auros,1
2026-04,77351,SageSure Auros,1
2026-04,77354,SageSure Auros,1
2026-04,77355,ARI,1
2026-04,77356,National General,1
2026-04,77365,ARI,1
2026-04,77372,HOAIC,1
2026-04,77375,SageSure Auros,1
2026-04,77377,Swyfft Benchmark,1
2026-04,77378,National General,1
2026-04,77380,Swyfft Benchmark,1
2026-04,77384,ARI,1
2026-04,77384,Liberty Mutual / Safeco,1
2026-04,77386,Orion180,1
2026-04,77386,Swyfft Lloyds (Surplus),1
2026-04,77396,Swyfft Benchmark,1
2026-04,77406,Mercury,1
2026-04,77418,HOAIC,1
2026-04,77423,HOAIC,1
2026-04,77429,Allied Trust,1
2026-04,77433,Allied Trust,1
2026-04,77433,HOAIC,1
2026-04,77433,Travelers,5
2026-04,77441,Allied Trust,1
2026-04,77441,Orion180,1
2026-04,77441,SageSure Auros,1
2026-04,77450,Allied Trust,1
2026-04,77450,Orion180,1
2026-04,77450,SageSure Auros,3
2026-04,77459,Allied Trust,1
2026-04,77459,Mercury,2
2026-04,77459,Orion180,1
2026-04,77459,Swyfft Benchmark,1
2026-04,77469,HOAIC,2
2026-04,77469,Mercury,1
2026-04,77471,ARI,1
2026-04,77471,HOAIC,1
2026-04,77471,SageSure Trium,1
2026-04,77474,HOAIC,1
2026-04,77478,Orion180,1
2026-04,77484,Travelers,1
2026-04,77489,Mercury,1
2026-04,77489,Swyfft Benchmark,1
2026-04,77493,HOAIC,2
2026-04,77493,SageSure Trium,1
2026-04,77493,Travelers,1
2026-04,77494,Allied Trust,1
2026-04,77494,HOAIC,1
2026-04,77494,National General,1
2026-04,77494,SageSure Auros,1
2026-04,77494,SageSure SURE,1
2026-04,77498,Allied Trust,1
2026-04,77502,Liberty Mutual / Safeco,1
2026-04,77521,Liberty Mutual / Safeco,1
2026-04,77521,SageSure Auros,1
2026-04,77523,SageSure Trium,1
2026-04,77578,Allied Trust,2
2026-04,77578,HOAIC,1
2026-04,77581,SageSure Auros,1
2026-04,77583,SageSure Auros,1
2026-04,77583,Swyfft Benchmark,1
2026-04,77584,Swyfft Benchmark,1
2026-04,77586,Orion180,1
2026-04,78023,Orion180,1
2026-04,78045,SageSure Auros,1
2026-04,78101,Mercury,1
2026-04,78108,HOAIC,1
2026-04,78611,SageSure Auros,1
2026-04,78613,SageSure Auros,1
2026-04,78626,SageSure Auros,1
2026-04,78628,Mercury,1
2026-04,78628,SageSure Auros,1
2026-04,78640,Orion180,1
2026-04,78757,Travelers,1
2026-04,78945,SageSure Markel,1
2026-04,79765,Swyfft Lloyds (Surplus),1
2026-05,75028,Progressive / ASI,1
2026-05,75094,Travelers,2
2026-05,76116,National General,1
2026-05,77006,SageSure Auros,1
2026-05,77007,Liberty Mutual / Safeco,1
2026-05,77008,SageSure Auros,1
2026-05,77008,Swyfft Benchmark,1
2026-05,77009,Liberty Mutual / Safeco,1
2026-05,77015,SageSure Auros,1
2026-05,77018,Orion180,1
2026-05,77018,SageSure Trium,1
2026-05,77021,Travelers,1
2026-05,77023,National General,2
2026-05,77026,HOAIC,1
2026-05,77043,HOAIC,1
2026-05,77044,Swyfft Benchmark,1
2026-05,77045,SageSure Auros,1
2026-05,77051,Mercury,1
2026-05,77051,Orion180,1
2026-05,77053,SageSure Trium,1
2026-05,77055,Swyfft Benchmark,1
2026-05,77055,Travelers,1
2026-05,77056,Orion180,1
2026-05,77069,National General,1
2026-05,77073,National General,1
2026-05,77073,Travelers,1
2026-05,77077,SageSure Auros,1
2026-05,77077,Swyfft Benchmark,1
2026-05,77079,National General,1
2026-05,77079,SageSure Auros,2
2026-05,77080,National General,1
2026-05,77080,SageSure Auros,1
2026-05,77080,Swyfft Benchmark,1
2026-05,77084,SageSure SURE,1
2026-05,77084,Swyfft Benchmark,1
2026-05,77092,Orion180,1
2026-05,77095,SageSure Auros,1
2026-05,77096,National General,1
2026-05,77316,SageSure Auros,1
2026-05,77316,Travelers,1
2026-05,77318,National General,2
2026-05,77327,HOAIC,1
2026-05,77338,Allied Trust,1
2026-05,77338,SageSure Auros,1
2026-05,77339,SageSure Auros,2
2026-05,77346,Allied Trust,1
2026-05,77346,Orion180,1
2026-05,77355,SageSure Auros,1
2026-05,77373,Orion180,1
2026-05,77375,SageSure Auros,2
2026-05,77377,Swyfft Benchmark,1
2026-05,77379,National General,1
2026-05,77380,Liberty Mutual / Safeco,1
2026-05,77380,SageSure Auros,1
2026-05,77384,SageSure Auros,1
2026-05,77385,Swyfft Benchmark,1
2026-05,77388,Travelers,1
2026-05,77389,Allied Trust,1
2026-05,77396,Allied Trust,1
2026-05,77396,HOAIC,1
2026-05,77401,Allied Trust,1
2026-05,77406,Allied Trust,2
2026-05,77406,HOAIC,1
2026-05,77406,SageSure Auros,2
2026-05,77407,SageSure Auros,1
2026-05,77429,National General,1
2026-05,77433,SageSure Auros,1
2026-05,77433,Travelers,2
2026-05,77441,HOAIC,1
2026-05,77441,SageSure Auros,1
2026-05,77441,SageSure SURE,1
2026-05,77441,Swyfft Benchmark,1
2026-05,77447,HOAIC,2
2026-05,77449,SageSure Auros,1
2026-05,77449,Swyfft Benchmark,1
2026-05,77450,Liberty Mutual / Safeco,1
2026-05,77450,SageSure Auros,2
2026-05,77469,SageSure Auros,1
2026-05,77469,Swyfft Benchmark,1
2026-05,77474,HOAIC,1
2026-05,77479,Orion180,2
2026-05,77479,SageSure Auros,1
2026-05,77479,SageSure Trium,1
2026-05,77493,HOAIC,2
2026-05,77493,Travelers,1
2026-05,77494,ARI,1
2026-05,77494,HOAIC,2
2026-05,77494,National General,3
2026-05,77494,SageSure Trium,1
2026-05,77517,SageSure Auros,1
2026-05,77532,Allied Trust,1
2026-05,77532,HOAIC,1
2026-05,77532,SageSure Auros,1
2026-05,77532,Travelers,1
2026-05,77535,Travelers,1
2026-05,77546,HOAIC,1
2026-05,77573,Liberty Mutual / Safeco,1
2026-05,77581,Allied Trust,1
2026-05,77581,HOAIC,1
2026-05,77583,HOAIC,1
2026-05,77833,Mercury,1
2026-05,77836,SageSure Auros,1
2026-05,77964,National General,1
2026-05,78109,SageSure Auros,1
2026-05,78163,HOAIC,1
2026-05,78247,SageSure Auros,1
2026-05,78572,SageSure Auros,1
2026-05,78609,SageSure Occidental,1
2026-05,78626,HOAIC,1
2026-05,78628,National General,1
2026-05,78633,Liberty Mutual / Safeco,1
2026-05,78634,SageSure Auros,1
2026-05,78640,National General,1
2026-05,78664,National General,1
2026-05,78681,National General,2
2026-05,78734,SageSure Auros,1
2026-05,78957,Foremost,1
2026-06,75078,Progressive / ASI,1
2026-06,75093,Orion180,1
2026-06,75173,HOAIC,1
2026-06,75231,Orion180,1
2026-06,75691,Travelers,1
2026-06,76513,SageSure Auros,1
2026-06,77008,Swyfft Benchmark,1
2026-06,77014,National General,1
2026-06,77018,Swyfft Benchmark,1
2026-06,77023,Orion180,1
2026-06,77035,SageSure Auros,1
2026-06,77044,HOAIC,1
2026-06,77051,HOAIC,1
2026-06,77068,Orion180,1
2026-06,77068,Travelers,1
2026-06,77069,SageSure Trium,1
2026-06,77070,Allied Trust,1
2026-06,77070,National General,1
2026-06,77073,HOAIC,1
2026-06,77077,Orion180,1
2026-06,77077,SageSure Auros,1
2026-06,77077,SageSure Trium,1
2026-06,77079,Allied Trust,1
2026-06,77079,SageSure SURE,1
2026-06,77080,Travelers,2
2026-06,77082,Mercury,1
2026-06,77084,SageSure Auros,2
2026-06,77092,Mercury,1
2026-06,77303,ARI,1
2026-06,77304,Travelers,1
2026-06,77316,Mercury,1
2026-06,77318,HOAIC,1
2026-06,77318,Mercury,1
2026-06,77345,Orion180,1
2026-06,77346,Swyfft Benchmark,1
2026-06,77346,Travelers,1
2026-06,77351,Liberty Mutual / Safeco,1
2026-06,77354,HOAIC,1
2026-06,77355,National General,1
2026-06,77356,SageSure Auros,1
2026-06,77375,Swyfft Lloyds (Surplus),1
2026-06,77381,National General,1
2026-06,77385,National General,1
2026-06,77386,SageSure Auros,1
2026-06,77386,Swyfft Benchmark,1
2026-06,77388,Orion180,1
2026-06,77389,SageSure Auros,1
2026-06,77396,Travelers,1
2026-06,77406,Allied Trust,1
2026-06,77406,HOAIC,1
2026-06,77406,Orion180,1
2026-06,77406,SageSure Auros,2
2026-06,77407,SageSure Auros,2
2026-06,77417,HOAIC,1
2026-06,77423,ARI,1
2026-06,77423,Orion180,1
2026-06,77429,Orion180,1
2026-06,77429,SageSure Auros,2
2026-06,77429,SageSure Trium,1
2026-06,77433,Orion180,1
2026-06,77433,SageSure Auros,1
2026-06,77433,Travelers,3
2026-06,77434,SageSure Auros,1
2026-06,77437,National General,1
2026-06,77441,ARI,1
2026-06,77441,HOAIC,2
2026-06,77441,National General,1
2026-06,77441,Orion180,1
2026-06,77441,SageSure Auros,3
2026-06,77447,SageSure Auros,1
2026-06,77449,HOAIC,1
2026-06,77449,National General,2
2026-06,77449,Swyfft Benchmark,1
2026-06,77449,Travelers,1
2026-06,77450,SageSure Auros,1
2026-06,77459,Orion180,1
2026-06,77459,SageSure Auros,1
2026-06,77471,National General,1
2026-06,77471,SageSure Auros,1
2026-06,77474,SageSure Auros,1
2026-06,77477,National General,1
2026-06,77479,Orion180,3
2026-06,77479,SageSure Auros,1
2026-06,77493,HOAIC,1
2026-06,77493,National General,1
2026-06,77493,SageSure Auros,2
2026-06,77494,National General,3
2026-06,77494,SageSure SURE,1
2026-06,77494,Swyfft Lloyds (Surplus),1
2026-06,77505,HOAIC,1
2026-06,77523,SageSure Auros,2
2026-06,77545,HOAIC,1
2026-06,77546,HOAIC,1
2026-06,77573,HOAIC,1
2026-06,77578,HOAIC,1
2026-06,77583,HOAIC,1
2026-06,77584,Progressive / ASI,1
2026-06,77598,SageSure Auros,1
2026-06,77833,Travelers,3
2026-06,78006,HOAIC,1
2026-06,78070,Chubb,1
2026-06,78130,ARI,1
2026-06,78204,HOAIC,1
2026-06,78382,Progressive / ASI,1
2026-06,78418,Progressive / ASI,1
2026-06,78589,SageSure Auros,2
2026-06,78609,HOAIC,1
2026-06,78645,Allied Trust,1
2026-06,78660,SageSure Auros,1
2026-06,78748,HOAIC,1
2026-06,78756,National General,1
2026-06,78962,SageSure Occidental,1
2026-07,75068,Travelers,1
2026-07,75078,Progressive / ASI,1
2026-07,75154,Orion180,1
2026-07,75757,Travelers,1
2026-07,75850,National General,1
2026-07,76012,National General,1
2026-07,76054,National General,1
2026-07,77003,Travelers,1
2026-07,77004,HOAIC,1
2026-07,77007,SageSure Auros,1
2026-07,77007,SageSure Trium,1
2026-07,77008,Travelers,1
2026-07,77018,HOAIC,1
2026-07,77018,Mercury,1
2026-07,77019,National General,1
2026-07,77022,HOAIC,1
2026-07,77041,National General,1
2026-07,77042,Orion180,1
2026-07,77043,Swyfft Benchmark,1
2026-07,77055,SageSure Auros,1
2026-07,77056,SageSure Auros,1
2026-07,77063,SageSure Auros,1
2026-07,77065,National General,1
2026-07,77068,National General,1
2026-07,77069,National General,1
2026-07,77069,SageSure Auros,1
2026-07,77077,HOAIC,1
2026-07,77077,National General,1
2026-07,77077,SageSure Auros,1
2026-07,77079,Allied Trust,1
2026-07,77079,SageSure Auros,2
2026-07,77080,SageSure Auros,1
2026-07,77084,Swyfft Benchmark,1
2026-07,77084,Travelers,1
2026-07,77091,Mercury,1
2026-07,77092,Orion180,1
2026-07,77095,National General,1
2026-07,77095,SageSure Auros,1
2026-07,77306,HOAIC,1
2026-07,77316,SageSure Auros,1
2026-07,77338,HOAIC,1
2026-07,77346,Mercury,1
2026-07,77346,SageSure Auros,2
2026-07,77354,Orion180,1
2026-07,77356,National General,1
2026-07,77357,HOAIC,1
2026-07,77365,HOAIC,2
2026-07,77365,National General,1
2026-07,77365,SageSure Auros,1
2026-07,77375,SageSure Auros,1
2026-07,77377,Allied Trust,1
2026-07,77377,Progressive / ASI,1
2026-07,77381,SageSure Auros,1
2026-07,77385,National General,1
2026-07,77386,Travelers,1
2026-07,77388,National General,1
2026-07,77389,ARI,1
2026-07,77389,SageSure SURE,1
2026-07,77396,Swyfft Benchmark,1
2026-07,77401,Travelers,1
2026-07,77406,Orion180,1
2026-07,77406,SageSure Auros,1
2026-07,77406,SageSure SURE,1
2026-07,77407,Orion180,1
2026-07,77417,SageSure Auros,1
2026-07,77423,HOAIC,2
2026-07,77423,Orion180,1
2026-07,77429,Orion180,1
2026-07,77433,Swyfft Benchmark,1
2026-07,77433,Travelers,2
2026-07,77441,SageSure Trium,1
2026-07,77441,Travelers,2
2026-07,77447,HOAIC,1
2026-07,77447,Mercury,1
2026-07,77449,HOAIC,1
2026-07,77449,SageSure Occidental,1
2026-07,77450,SageSure Auros,1
2026-07,77459,SageSure Auros,2
2026-07,77469,ARI,1
2026-07,77469,HOAIC,1
2026-07,77469,National General,1
2026-07,77471,Travelers,1
2026-07,77474,Travelers,1
2026-07,77479,Allied Trust,1
2026-07,77479,Orion180,1
2026-07,77493,HOAIC,1
2026-07,77493,National General,1
2026-07,77494,Allied Trust,1
2026-07,77494,National General,4
2026-07,77494,SageSure Auros,2
2026-07,77498,HOAIC,1
2026-07,77521,HOAIC,1
2026-07,77535,HOAIC,1
2026-07,77545,HOAIC,1
2026-07,77546,Liberty Mutual / Safeco,1
2026-07,77581,HOAIC,1
2026-07,77584,Liberty Mutual / Safeco,1
2026-07,77833,HOAIC,1
2026-07,77836,HOAIC,1
2026-07,78046,HOAIC,1
2026-07,78108,TWICO,1
2026-07,78155,National General,1
2026-07,78233,SageSure Auros,1
2026-07,78418,Progressive / ASI,1
2026-07,78537,SageSure Auros,1
2026-07,78610,TWICO,1
2026-07,78633,HOAIC,1
2026-07,78640,National General,1
2026-07,78642,HOAIC,1
2026-07,78664,National General,1
2026-07,78681,National General,3
2026-07,78738,SageSure SURE,1
2026-07,79424,National General,1
2026-08,75033,Progressive / ASI,1
2026-08,75078,Orion180,1
2026-08,75173,HOAIC,1
2026-08,75173,Progressive / ASI,1
2026-08,75980,Foremost,1
2026-08,76247,HOAIC,1
2026-08,76502,SageSure Auros,1
2026-08,76571,HOAIC,1
2026-08,77006,Travelers,1
2026-08,77007,Travelers,1
2026-08,77008,National General,1
2026-08,77008,SageSure Occidental,1
2026-08,77008,Swyfft Benchmark,1
2026-08,77015,National General,1
2026-08,77019,Chubb,1
2026-08,77024,National General,1
2026-08,77025,Swyfft Benchmark,1
2026-08,77035,SageSure Auros,1
2026-08,77049,HOAIC,1
2026-08,77055,Allied Trust,1
2026-08,77056,HOAIC,1
2026-08,77063,HOAIC,1
2026-08,77065,National General,1
2026-08,77069,Allied Trust,1
2026-08,77070,Orion180,1
2026-08,77070,SageSure Auros,1
2026-08,77071,National General,1
2026-08,77075,Swyfft Benchmark,1
2026-08,77077,HOAIC,1
2026-08,77077,SageSure Auros,1
2026-08,77077,Travelers,1
2026-08,77079,Allied Trust,1
2026-08,77079,Mercury,1
2026-08,77079,National General,1
2026-08,77079,SageSure Auros,1
2026-08,77079,Swyfft Benchmark,1
2026-08,77079,Travelers,1
2026-08,77083,HOAIC,1
2026-08,77084,National General,2
2026-08,77084,SageSure Auros,1
2026-08,77095,National General,2
2026-08,77095,SageSure Trium,1
2026-08,77096,National General,1
2026-08,77302,Mercury,1
2026-08,77304,HOAIC,1
2026-08,77306,ARI,1
2026-08,77316,HOAIC,1
2026-08,77316,Travelers,1
2026-08,77318,Swyfft Benchmark,1
2026-08,77339,National General,2
2026-08,77345,SageSure Auros,1
2026-08,77354,National General,1
2026-08,77355,SageSure Auros,1
2026-08,77356,Travelers,1
2026-08,77365,HOAIC,1
2026-08,77384,Travelers,1
2026-08,77386,Travelers,1
2026-08,77388,National General,1
2026-08,77388,SageSure Trium,1
2026-08,77396,SageSure Auros,1
2026-08,77406,HOAIC,2
2026-08,77407,Swyfft Benchmark,1
2026-08,77407,Travelers,1
2026-08,77418,SageSure Auros,1
2026-08,77429,SageSure Auros,1
2026-08,77429,SageSure Trium,1
2026-08,77433,Allied Trust,1
2026-08,77433,National General,2
2026-08,77433,Orion180,1
2026-08,77433,SageSure Auros,1
2026-08,77433,SageSure Trium,1
2026-08,77433,Travelers,1
2026-08,77441,HOAIC,1
2026-08,77441,National General,1
2026-08,77441,SageSure Auros,3
2026-08,77441,SageSure SafePort,1
2026-08,77447,HOAIC,2
2026-08,77449,Swyfft Benchmark,1
2026-08,77450,Liberty Mutual / Safeco,1
2026-08,77450,National General,1
2026-08,77450,SageSure Auros,2
2026-08,77459,HOAIC,1
2026-08,77459,National General,1
2026-08,77459,Orion180,1
2026-08,77469,Swyfft Benchmark,1
2026-08,77471,HOAIC,1
2026-08,77479,SageSure Auros,2
2026-08,77484,HOAIC,1
2026-08,77485,SageSure Auros,1
2026-08,77493,SageSure Trium,1
2026-08,77494,Allied Trust,1
2026-08,77494,HOAIC,1
2026-08,77494,National General,1
2026-08,77494,SageSure Auros,1
2026-08,77494,SageSure Trium,3
2026-08,77494,Travelers,2
2026-08,77505,National General,1
2026-08,77511,SageSure Auros,1
2026-08,77520,SageSure Auros,1
2026-08,77523,Liberty Mutual / Safeco,1
2026-08,77532,SageSure Auros,1
2026-08,77535,Allied Trust,1
2026-08,77546,Progressive / ASI,1
2026-08,77546,SageSure Auros,1
2026-08,77554,Swyfft Lloyds (Surplus),1
2026-08,77565,Progressive / ASI,2
2026-08,77578,HOAIC,2
2026-08,77581,Mercury,1
2026-08,77583,HOAIC,1
2026-08,77873,Foremost,1
2026-08,78045,SageSure Auros,1
2026-08,78046,SageSure Auros,1
2026-08,78063,Foremost,1
2026-08,78214,SageSure Auros,1
2026-08,78254,Liberty Mutual / Safeco,1
2026-08,78260,National General,1
2026-08,78572,SageSure Auros,1
2026-08,78577,SageSure Auros,1
2026-08,78589,Travelers,1
2026-08,78610,HOAIC,1
2026-08,78620,Liberty Mutual / Safeco,1
2026-08,78628,SageSure SURE,1
2026-08,78634,National General,1
2026-08,78640,ARI,1
2026-08,78641,National General,1
2026-08,78681,National General,1
2026-08,78717,National General,1
2026-08,79119,National General,1
2026-09,75691,HOAIC,1
2026-09,76209,Swyfft Lloyds (Surplus),1
2026-09,76226,Progressive / ASI,1
2026-09,76537,TWICO,1
2026-09,77007,Mercury,1
2026-09,77008,HOAIC,1
2026-09,77008,SageSure Auros,1
2026-09,77018,Mercury,1
2026-09,77019,SageSure SURE,1
2026-09,77036,Swyfft Benchmark,1
2026-09,77041,Swyfft Benchmark,1
2026-09,77042,National General,1
2026-09,77043,HOAIC,1
2026-09,77043,Travelers,1
2026-09,77044,HOAIC,3
2026-09,77053,Mercury,1
2026-09,77055,SageSure Auros,1
2026-09,77056,Orion180,1
2026-09,77059,Orion180,1
2026-09,77062,HOAIC,1
2026-09,77066,HOAIC,1
2026-09,77070,Swyfft Benchmark,1
2026-09,77079,HOAIC,1
2026-09,77079,SageSure Auros,1
2026-09,77079,Travelers,1
2026-09,77080,SageSure Auros,1
2026-09,77084,SageSure Auros,1
2026-09,77086,Orion180,2
2026-09,77091,HOAIC,1
2026-09,77094,National General,1
2026-09,77095,Liberty Mutual / Safeco,1
2026-09,77095,Mercury,1
2026-09,77096,Mercury,1
2026-09,77304,Progressive / ASI,1
2026-09,77304,SageSure Auros,1
2026-09,77318,Mercury,1
2026-09,77318,Swyfft Benchmark,1
2026-09,77327,HOAIC,1
2026-09,77345,National General,1
2026-09,77345,SageSure SafePort,1
2026-09,77346,HOAIC,1
2026-09,77346,SageSure Auros,1
2026-09,77355,Orion180,1
2026-09,77356,SageSure Auros,1
2026-09,77375,Orion180,1
2026-09,77377,National General,1
2026-09,77379,HOAIC,1
2026-09,77381,Progressive / ASI,1
2026-09,77384,Travelers,1
2026-09,77388,HOAIC,1
2026-09,77389,HOAIC,1
2026-09,77401,SageSure Auros,1
2026-09,77406,HOAIC,1
2026-09,77406,SageSure SafePort,1
2026-09,77407,Travelers,2
2026-09,77429,Orion180,1
2026-09,77429,SageSure Auros,1
2026-09,77429,TWICO,1
2026-09,77429,Travelers,1
2026-09,77433,Allied Trust,1
2026-09,77433,HOAIC,1
2026-09,77441,HOAIC,2
2026-09,77441,Mercury,1
2026-09,77441,SageSure SURE,1
2026-09,77447,SageSure Auros,1
2026-09,77449,Orion180,1
2026-09,77450,Allied Trust,1
2026-09,77450,HOAIC,1
2026-09,77450,Mercury,1
2026-09,77450,National General,2
2026-09,77450,SageSure Auros,1
2026-09,77469,HOAIC,1
2026-09,77469,SageSure Auros,1
2026-09,77479,Allied Trust,1
2026-09,77479,Orion180,1
2026-09,77484,HOAIC,1
2026-09,77484,Progressive / ASI,1
2026-09,77493,HOAIC,3
2026-09,77494,HOAIC,1
2026-09,77494,Mercury,1
2026-09,77494,SageSure Auros,2
2026-09,77494,Swyfft Benchmark,1
2026-09,77494,Travelers,1
2026-09,77532,HOAIC,1
2026-09,77545,SageSure Auros,1
2026-09,77583,SageSure Auros,1
2026-09,77632,Travelers,1
2026-09,78003,SageSure Auros,1
2026-09,78006,HOAIC,1
2026-09,78046,SageSure Auros,4
2026-09,78109,ARI,1
2026-09,78133,SageSure Auros,1
2026-09,78155,ARI,1
2026-09,78602,HOAIC,1
2026-09,78656,Progressive / ASI,1
2026-09,78660,Liberty Mutual / Safeco,1
2026-09,78681,National General,2
2026-09,78717,National General,1
2026-09,78744,HOAIC,1
2026-09,78962,HOAIC,1
2026-09,79029,Mercury,1
2026-10,75032,Mercury,1
2026-10,75035,HOAIC,1
2026-10,76085,Travelers,1
2026-10,77008,HOAIC,1
2026-10,77066,HOAIC,1
2026-10,77077,HOAIC,3
2026-10,77079,Mercury,1
2026-10,77304,ARI,1
2026-10,77346,SageSure Auros,1
2026-10,77354,Progressive / ASI,1
2026-10,77373,SageSure Auros,2
2026-10,77386,SageSure Auros,1
2026-10,77389,Swyfft Benchmark,1
2026-10,77423,National General,1
2026-10,77429,Travelers,1
2026-10,77441,Allied Trust,1
2026-10,77450,SageSure Auros,1
2026-10,77494,Allied Trust,1
2026-10,77545,SageSure Auros,1
2026-10,77566,SageSure Trium,1
2026-10,77581,Orion180,1
2026-10,78640,SageSure Auros,1
